order_id,review_score,review_comment_title,review_comment_body,review_creation_date,review_answer_timestamp
ORD_000001,4,,,2024-05-20 11:52:00,2024-05-22 11:52:00
ORD_000002,5,,,2024-08-25 16:25:00,2024-08-27 16:25:00
ORD_000003,4,,,2024-11-21 03:43:00,2024-11-22 03:43:00
ORD_000004,4,,,2024-01-16 07:23:00,2024-01-19 07:23:00
ORD_000005,4,,,2024-09-07 19:28:00,2024-09-08 19:28:00
ORD_000006,5,,,2024-03-31 15:37:00,2024-04-01 15:37:00
ORD_000007,4,,,2024-10-09 11:22:00,2024-10-10 11:22:00
ORD_000008,4,,,2024-03-24 08:47:00,2024-03-29 08:47:00
ORD_000009,5,,,2024-12-18 02:18:00,2024-12-19 02:18:00
ORD_000010,4,,,2024-01-15 12:03:00,2024-01-19 12:03:00
ORD_000011,4,,,2024-03-24 18:49:00,2024-03-29 18:49:00
ORD_000012,4,,,2024-04-19 07:41:00,2024-04-21 07:41:00
ORD_000013,5,,,2024-04-25 21:13:00,2024-04-26 21:13:00
ORD_000014,4,,,2024-05-17 20:26:00,2024-05-19 20:26:00
ORD_000015,3,,,2024-09-19 00:55:00,2024-09-22 00:55:00
ORD_000016,4,,,2024-12-15 00:30:00,2024-12-19 00:30:00
ORD_000017,5,,,2024-03-08 20:11:00,2024-03-09 20:11:00
ORD_000018,2,,,2024-11-03 00:14:00,2024-11-08 00:14:00
ORD_000019,5,,,2024-05-09 19:51:00,2024-05-10 19:51:00
ORD_000020,4,,,2024-06-05 22:45:00,2024-06-10 22:45:00
ORD_000021,5,,,2024-11-25 08:27:00,2024-11-27 08:27:00
ORD_000022,5,,,2024-07-11 11:29:00,2024-07-15 11:29:00
ORD_000023,4,,,2024-05-09 06:29:00,2024-05-13 06:29:00
ORD_000024,3,,,2024-06-03 21:33:00,2024-06-04 21:33:00
ORD_000025,3,,,2024-11-15 12:37:00,2024-11-19 12:37:00
ORD_000026,3,,,2024-02-22 00:32:00,2024-02-26 00:32:00
ORD_000027,5,,,2024-12-05 11:35:00,2024-12-08 11:35:00
ORD_000028,4,,,2024-11-27 19:38:00,2024-12-02 19:38:00
ORD_000029,4,,,2024-05-24 09:43:00,2024-05-29 09:43:00
ORD_000030,4,,,2024-02-25 15:04:00,2024-02-26 15:04:00
ORD_000031,5,,,2024-06-21 08:40:00,2024-06-26 08:40:00
ORD_000032,3,,,2024-06-15 08:16:00,2024-06-20 08:16:00
ORD_000033,1,,,2024-12-01 22:57:00,2024-12-03 22:57:00
ORD_000034,2,,,2024-11-29 09:12:00,2024-12-03 09:12:00
ORD_000035,5,,,2024-03-17 16:48:00,2024-03-21 16:48:00
ORD_000036,5,,,2024-05-03 01:51:00,2024-05-04 01:51:00
ORD_000037,4,,,2024-11-03 12:42:00,2024-11-07 12:42:00
ORD_000038,3,,,2024-06-12 21:08:00,2024-06-13 21:08:00
ORD_000039,4,,,2024-01-14 20:31:00,2024-01-18 20:31:00
ORD_000040,3,,,2024-05-31 08:58:00,2024-06-01 08:58:00
ORD_000041,5,,,2024-08-02 12:24:00,2024-08-04 12:24:00
ORD_000042,5,,,2024-01-19 18:45:00,2024-01-22 18:45:00
ORD_000043,4,,,2024-10-19 06:21:00,2024-10-22 06:21:00
ORD_000044,5,,,2024-04-23 21:34:00,2024-04-24 21:34:00
ORD_000045,3,,,2024-11-22 15:58:00,2024-11-26 15:58:00
ORD_000046,5,,,2024-12-09 11:32:00,2024-12-12 11:32:00
ORD_000047,5,,,2024-06-02 05:53:00,2024-06-07 05:53:00
ORD_000048,4,,,2024-12-02 17:11:00,2024-12-05 17:11:00
ORD_000049,5,,,2024-05-30 03:30:00,2024-06-04 03:30:00
ORD_000050,4,,,2024-03-06 23:16:00,2024-03-08 23:16:00
ORD_000051,4,,,2024-10-13 05:43:00,2024-10-18 05:43:00
ORD_000052,3,,,2024-06-20 20:05:00,2024-06-21 20:05:00
ORD_000053,4,,,2024-04-23 11:14:00,2024-04-27 11:14:00
ORD_000054,5,,,2024-06-06 13:50:00,2024-06-11 13:50:00
ORD_000055,5,,,2024-06-18 11:16:00,2024-06-20 11:16:00
ORD_000056,5,,,2024-10-26 09:29:00,2024-10-30 09:29:00
ORD_000057,5,,,2024-03-01 15:03:00,2024-03-04 15:03:00
ORD_000058,5,,,2024-11-20 18:37:00,2024-11-21 18:37:00
ORD_000059,3,,,2024-11-13 02:30:00,2024-11-18 02:30:00
ORD_000060,4,,,2024-04-09 16:07:00,2024-04-11 16:07:00
ORD_000061,3,,,2024-12-14 12:33:00,2024-12-17 12:33:00
ORD_000062,5,,,2024-06-01 13:03:00,2024-06-04 13:03:00
ORD_000063,5,,,2024-03-18 04:12:00,2024-03-21 04:12:00
ORD_000064,3,,,2024-06-24 13:36:00,2024-06-26 13:36:00
ORD_000065,5,,,2024-08-22 04:20:00,2024-08-25 04:20:00
ORD_000066,5,,,2024-04-02 02:31:00,2024-04-03 02:31:00
ORD_000067,4,,,2024-06-19 20:11:00,2024-06-21 20:11:00
ORD_000068,4,,,2024-06-09 20:03:00,2024-06-14 20:03:00
ORD_000069,4,,,2024-01-03 14:17:00,2024-01-08 14:17:00
ORD_000070,1,,,2024-04-17 05:36:00,2024-04-20 05:36:00
ORD_000071,3,,,2024-03-22 15:50:00,2024-03-25 15:50:00
ORD_000072,1,,,2024-02-15 04:39:00,2024-02-20 04:39:00
ORD_000073,4,,,2024-08-10 20:27:00,2024-08-15 20:27:00
ORD_000074,3,,,2024-07-25 13:30:00,2024-07-26 13:30:00
ORD_000075,5,,,2024-07-15 00:02:00,2024-07-16 00:02:00
ORD_000076,4,,,2024-09-30 06:46:00,2024-10-05 06:46:00
ORD_000077,5,,,2024-07-10 00:57:00,2024-07-14 00:57:00
ORD_000078,4,,,2024-06-13 16:12:00,2024-06-17 16:12:00
ORD_000079,4,,,2024-01-10 21:00:00,2024-01-11 21:00:00
ORD_000080,5,,,2024-11-16 23:15:00,2024-11-20 23:15:00
ORD_000081,2,,,2024-04-25 22:56:00,2024-04-28 22:56:00
ORD_000082,4,,,2024-06-25 09:08:00,2024-06-29 09:08:00
ORD_000083,5,,,2024-02-22 12:32:00,2024-02-26 12:32:00
ORD_000084,2,,,2024-10-28 09:10:00,2024-10-30 09:10:00
ORD_000085,2,,,2024-02-03 01:19:00,2024-02-06 01:19:00
ORD_000086,4,,,2024-05-28 14:46:00,2024-06-01 14:46:00
ORD_000087,2,,,2024-09-23 19:33:00,2024-09-28 19:33:00
ORD_000088,4,,,2024-06-21 13:56:00,2024-06-22 13:56:00
ORD_000089,3,,,2024-12-17 04:21:00,2024-12-19 04:21:00
ORD_000090,5,,,2024-09-07 11:48:00,2024-09-12 11:48:00
ORD_000091,5,,,2024-04-06 05:58:00,2024-04-07 05:58:00
ORD_000092,5,,,2024-07-25 00:14:00,2024-07-30 00:14:00
ORD_000093,5,,,2024-04-24 23:08:00,2024-04-28 23:08:00
ORD_000094,5,,,2024-04-18 23:01:00,2024-04-23 23:01:00
ORD_000095,3,,,2024-10-28 16:10:00,2024-10-30 16:10:00
ORD_000096,5,,,2024-03-04 11:45:00,2024-03-06 11:45:00
ORD_000097,5,,,2024-11-29 01:24:00,2024-11-30 01:24:00
ORD_000098,5,,,2024-11-23 08:49:00,2024-11-24 08:49:00
ORD_000099,4,,,2024-09-30 19:03:00,2024-10-04 19:03:00
ORD_000100,3,,,2024-10-31 01:42:00,2024-11-02 01:42:00
ORD_000101,4,,,2024-02-25 20:53:00,2024-03-01 20:53:00
ORD_000102,5,,,2024-01-11 01:44:00,2024-01-15 01:44:00
ORD_000103,1,,,2024-02-29 13:28:00,2024-03-03 13:28:00
ORD_000104,5,,,2024-07-13 03:35:00,2024-07-16 03:35:00
ORD_000105,3,,,2024-05-09 15:44:00,2024-05-11 15:44:00
ORD_000106,3,,,2024-03-19 06:44:00,2024-03-23 06:44:00
ORD_000107,3,,,2024-12-17 20:00:00,2024-12-18 20:00:00
ORD_000108,1,,,2024-06-03 13:42:00,2024-06-04 13:42:00
ORD_000109,4,,,2024-02-21 21:33:00,2024-02-22 21:33:00
ORD_000110,3,,,2024-05-18 19:38:00,2024-05-20 19:38:00
ORD_000111,5,,,2024-12-24 04:26:00,2024-12-28 04:26:00
ORD_000112,4,,,2024-02-23 16:46:00,2024-02-28 16:46:00
ORD_000113,3,,,2024-11-12 03:18:00,2024-11-17 03:18:00
ORD_000114,5,,,2024-02-28 03:31:00,2024-03-01 03:31:00
ORD_000115,5,,,2024-04-11 19:12:00,2024-04-16 19:12:00
ORD_000116,5,,,2024-05-14 16:12:00,2024-05-19 16:12:00
ORD_000117,2,,,2024-07-02 22:26:00,2024-07-06 22:26:00
ORD_000118,5,,,2024-05-31 05:02:00,2024-06-02 05:02:00
ORD_000119,5,,,2024-10-07 15:58:00,2024-10-09 15:58:00
ORD_000120,3,,,2024-04-16 22:59:00,2024-04-19 22:59:00
ORD_000121,2,,,2024-09-03 10:15:00,2024-09-08 10:15:00
ORD_000122,4,,,2024-01-02 00:42:00,2024-01-06 00:42:00
ORD_000123,3,,,2024-02-15 03:53:00,2024-02-19 03:53:00
ORD_000124,5,,,2024-10-20 21:31:00,2024-10-21 21:31:00
ORD_000125,4,,,2024-03-17 02:49:00,2024-03-22 02:49:00
ORD_000126,5,,,2024-09-18 02:46:00,2024-09-20 02:46:00
ORD_000127,4,,,2024-02-21 08:41:00,2024-02-24 08:41:00
ORD_000128,3,,,2024-04-28 14:18:00,2024-05-03 14:18:00
ORD_000129,3,,,2024-05-15 14:03:00,2024-05-19 14:03:00
ORD_000130,4,,,2024-02-21 05:55:00,2024-02-25 05:55:00
ORD_000131,5,,,2024-01-21 09:23:00,2024-01-25 09:23:00
ORD_000132,5,,,2024-12-12 10:27:00,2024-12-13 10:27:00
ORD_000133,4,,,2024-02-29 03:54:00,2024-03-01 03:54:00
ORD_000134,3,,,2024-01-24 00:54:00,2024-01-26 00:54:00
ORD_000135,1,,,2024-03-11 21:41:00,2024-03-12 21:41:00
ORD_000136,5,,,2024-03-28 10:22:00,2024-03-29 10:22:00
ORD_000137,2,,,2024-08-12 19:17:00,2024-08-17 19:17:00
ORD_000138,4,,,2024-02-17 11:52:00,2024-02-22 11:52:00
ORD_000139,5,,,2024-06-24 05:07:00,2024-06-28 05:07:00
ORD_000140,5,,,2024-07-24 12:29:00,2024-07-26 12:29:00
ORD_000141,4,,,2024-05-19 12:44:00,2024-05-22 12:44:00
ORD_000142,3,,,2024-09-01 13:41:00,2024-09-04 13:41:00
ORD_000143,5,,,2024-03-26 03:08:00,2024-03-28 03:08:00
ORD_000144,5,,,2024-12-22 23:03:00,2024-12-23 23:03:00
ORD_000145,4,,,2024-03-22 03:26:00,2024-03-23 03:26:00
ORD_000146,5,,,2024-10-29 15:51:00,2024-11-01 15:51:00
ORD_000147,5,,,2024-10-18 21:28:00,2024-10-22 21:28:00
ORD_000148,3,,,2024-04-02 19:24:00,2024-04-03 19:24:00
ORD_000149,3,,,2024-07-02 19:01:00,2024-07-07 19:01:00
ORD_000150,4,,,2024-12-16 23:57:00,2024-12-18 23:57:00
ORD_000151,5,,,2024-03-07 15:58:00,2024-03-11 15:58:00
ORD_000152,1,,,2024-09-06 03:56:00,2024-09-09 03:56:00
ORD_000153,5,,,2024-07-29 14:02:00,2024-07-31 14:02:00
ORD_000154,5,,,2024-02-02 08:41:00,2024-02-04 08:41:00
ORD_000155,3,,,2024-06-09 00:45:00,2024-06-13 00:45:00
ORD_000156,5,,,2024-12-13 16:49:00,2024-12-14 16:49:00
ORD_000157,5,,,2024-10-22 23:36:00,2024-10-23 23:36:00
ORD_000158,1,,,2024-04-24 21:55:00,2024-04-28 21:55:00
ORD_000159,4,,,2024-06-22 16:33:00,2024-06-27 16:33:00
ORD_000160,4,,,2024-12-18 22:39:00,2024-12-21 22:39:00
ORD_000161,5,,,2024-02-18 13:42:00,2024-02-22 13:42:00
ORD_000162,5,,,2024-05-07 15:22:00,2024-05-11 15:22:00
ORD_000163,4,,,2024-12-05 21:41:00,2024-12-09 21:41:00
ORD_000164,5,,,2024-07-16 04:53:00,2024-07-19 04:53:00
ORD_000165,4,,,2024-10-12 19:03:00,2024-10-16 19:03:00
ORD_000166,4,,,2024-01-06 20:59:00,2024-01-09 20:59:00
ORD_000167,4,,,2024-03-21 16:54:00,2024-03-26 16:54:00
ORD_000168,3,,,2024-08-28 15:55:00,2024-08-31 15:55:00
ORD_000169,4,,,2024-03-25 02:48:00,2024-03-26 02:48:00
ORD_000170,4,,,2024-09-08 10:15:00,2024-09-11 10:15:00
ORD_000171,1,,,2024-06-18 08:03:00,2024-06-20 08:03:00
ORD_000172,5,,,2024-09-16 07:35:00,2024-09-21 07:35:00
ORD_000173,3,,,2024-11-25 12:25:00,2024-11-26 12:25:00
ORD_000174,3,,,2024-04-30 02:29:00,2024-05-01 02:29:00
ORD_000175,4,,,2024-08-15 18:28:00,2024-08-17 18:28:00
ORD_000176,5,,,2024-02-15 15:28:00,2024-02-19 15:28:00
ORD_000177,2,,,2024-06-10 03:31:00,2024-06-13 03:31:00
ORD_000178,4,,,2024-11-30 00:06:00,2024-12-05 00:06:00
ORD_000179,5,,,2024-07-25 13:02:00,2024-07-29 13:02:00
ORD_000180,4,,,2024-10-12 17:00:00,2024-10-14 17:00:00
ORD_000181,4,,,2024-02-16 19:39:00,2024-02-20 19:39:00
ORD_000182,5,,,2024-11-22 09:56:00,2024-11-25 09:56:00
ORD_000183,2,,,2024-09-17 17:13:00,2024-09-20 17:13:00
ORD_000184,4,,,2024-12-01 21:29:00,2024-12-05 21:29:00
ORD_000185,4,,,2024-06-23 11:52:00,2024-06-27 11:52:00
ORD_000186,4,,,2024-01-28 07:54:00,2024-01-29 07:54:00
ORD_000187,4,,,2024-08-20 10:35:00,2024-08-22 10:35:00
ORD_000188,2,,,2024-11-13 19:30:00,2024-11-14 19:30:00
ORD_000189,4,,,2024-12-02 11:45:00,2024-12-04 11:45:00
ORD_000190,1,,,2024-08-19 03:06:00,2024-08-22 03:06:00
ORD_000191,5,,,2024-12-03 07:00:00,2024-12-08 07:00:00
ORD_000192,4,,,2024-06-23 11:53:00,2024-06-28 11:53:00
ORD_000193,4,,,2024-11-20 09:35:00,2024-11-24 09:35:00
ORD_000194,5,,,2024-09-24 11:44:00,2024-09-28 11:44:00
ORD_000195,5,,,2024-02-24 01:57:00,2024-02-27 01:57:00
ORD_000196,1,,,2024-03-25 15:08:00,2024-03-26 15:08:00
ORD_000197,5,,,2024-07-28 03:16:00,2024-07-31 03:16:00
ORD_000198,3,,,2024-11-08 06:12:00,2024-11-11 06:12:00
ORD_000199,3,,,2024-03-02 12:13:00,2024-03-06 12:13:00
ORD_000200,5,,,2024-08-22 06:45:00,2024-08-24 06:45:00
ORD_000201,4,,,2024-06-22 03:48:00,2024-06-23 03:48:00
ORD_000202,4,,,2024-07-31 01:59:00,2024-08-02 01:59:00
ORD_000203,3,,,2024-11-20 21:37:00,2024-11-21 21:37:00
ORD_000204,4,,,2024-03-04 14:29:00,2024-03-09 14:29:00
ORD_000205,4,,,2024-12-03 18:32:00,2024-12-04 18:32:00
ORD_000206,5,,,2024-03-09 15:00:00,2024-03-11 15:00:00
ORD_000207,3,,,2024-09-28 23:03:00,2024-10-03 23:03:00
ORD_000208,5,,,2024-10-10 13:53:00,2024-10-14 13:53:00
ORD_000209,4,,,2024-10-26 15:59:00,2024-10-31 15:59:00
ORD_000210,5,,,2024-09-17 05:44:00,2024-09-19 05:44:00
ORD_000211,5,,,2024-10-23 05:46:00,2024-10-28 05:46:00
ORD_000212,5,,,2024-03-06 03:24:00,2024-03-07 03:24:00
ORD_000213,4,,,2024-12-02 19:38:00,2024-12-04 19:38:00
ORD_000214,3,,,2024-06-13 16:56:00,2024-06-18 16:56:00
ORD_000215,3,,,2024-07-15 13:38:00,2024-07-17 13:38:00
ORD_000216,5,,,2024-12-20 07:17:00,2024-12-25 07:17:00
ORD_000217,5,,,2024-07-22 10:18:00,2024-07-26 10:18:00
ORD_000218,4,,,2024-08-19 04:08:00,2024-08-23 04:08:00
ORD_000219,3,,,2024-07-30 19:44:00,2024-08-03 19:44:00
ORD_000220,4,,,2024-09-19 09:53:00,2024-09-21 09:53:00
ORD_000221,5,,,2024-12-25 17:55:00,2024-12-27 17:55:00
ORD_000222,4,,,2024-06-09 22:47:00,2024-06-10 22:47:00
ORD_000223,5,,,2024-10-10 20:13:00,2024-10-14 20:13:00
ORD_000224,5,,,2024-04-12 06:39:00,2024-04-13 06:39:00
ORD_000225,3,,,2024-05-28 21:22:00,2024-05-29 21:22:00
ORD_000226,4,,,2024-12-10 04:45:00,2024-12-12 04:45:00
ORD_000227,4,,,2024-11-28 05:32:00,2024-12-01 05:32:00
ORD_000228,4,,,2024-10-04 22:40:00,2024-10-05 22:40:00
ORD_000229,3,,,2024-06-14 22:07:00,2024-06-16 22:07:00
ORD_000230,2,,,2024-06-29 17:30:00,2024-07-01 17:30:00
ORD_000231,5,,,2024-10-25 18:42:00,2024-10-29 18:42:00
ORD_000232,4,,,2024-12-29 13:43:00,2025-01-02 13:43:00
ORD_000233,4,,,2024-09-30 09:56:00,2024-10-05 09:56:00
ORD_000234,5,,,2024-08-04 00:33:00,2024-08-09 00:33:00
ORD_000235,5,,,2024-02-24 00:24:00,2024-02-27 00:24:00
ORD_000236,3,,,2024-03-15 01:42:00,2024-03-20 01:42:00
ORD_000237,4,,,2024-01-29 06:17:00,2024-02-01 06:17:00
ORD_000238,4,,,2024-03-23 09:43:00,2024-03-28 09:43:00
ORD_000239,5,,,2024-05-08 04:53:00,2024-05-10 04:53:00
ORD_000240,5,,,2024-02-01 22:50:00,2024-02-05 22:50:00
ORD_000241,5,,,2024-05-31 06:48:00,2024-06-05 06:48:00
ORD_000242,4,,,2024-10-04 01:22:00,2024-10-06 01:22:00
ORD_000243,5,,,2024-08-19 03:39:00,2024-08-23 03:39:00
ORD_000244,2,,,2024-12-11 23:35:00,2024-12-15 23:35:00
ORD_000245,3,,,2024-04-24 23:41:00,2024-04-28 23:41:00
ORD_000246,4,,,2024-10-14 12:15:00,2024-10-17 12:15:00
ORD_000247,2,,,2024-09-18 22:18:00,2024-09-21 22:18:00
ORD_000248,3,,,2024-12-20 21:03:00,2024-12-24 21:03:00
ORD_000249,5,,,2024-07-14 12:26:00,2024-07-16 12:26:00
ORD_000250,5,,,2024-12-16 10:35:00,2024-12-18 10:35:00
ORD_000251,4,,,2024-01-28 00:47:00,2024-01-31 00:47:00
ORD_000252,4,,,2024-05-08 06:39:00,2024-05-11 06:39:00
ORD_000253,4,,,2024-08-14 07:58:00,2024-08-18 07:58:00
ORD_000254,4,,,2024-11-20 22:45:00,2024-11-21 22:45:00
ORD_000255,1,,,2024-11-27 11:48:00,2024-12-02 11:48:00
ORD_000256,5,,,2024-10-28 17:47:00,2024-10-31 17:47:00
ORD_000257,3,,,2024-11-04 06:49:00,2024-11-07 06:49:00
ORD_000258,4,,,2024-04-09 09:28:00,2024-04-12 09:28:00
ORD_000259,1,,,2024-03-31 21:04:00,2024-04-05 21:04:00
ORD_000260,5,,,2024-04-05 05:47:00,2024-04-09 05:47:00
ORD_000261,5,,,2024-09-20 03:24:00,2024-09-25 03:24:00
ORD_000262,5,,,2024-01-21 13:17:00,2024-01-24 13:17:00
ORD_000263,5,,,2024-10-11 08:08:00,2024-10-15 08:08:00
ORD_000264,4,,,2024-03-23 18:54:00,2024-03-25 18:54:00
ORD_000265,3,,,2024-05-10 00:21:00,2024-05-14 00:21:00
ORD_000266,5,,,2024-08-26 22:59:00,2024-08-30 22:59:00
ORD_000267,4,,,2024-03-20 01:09:00,2024-03-21 01:09:00
ORD_000268,4,,,2024-06-14 19:03:00,2024-06-17 19:03:00
ORD_000269,1,,,2024-11-16 19:53:00,2024-11-17 19:53:00
ORD_000270,2,,,2024-12-04 09:31:00,2024-12-06 09:31:00
ORD_000271,4,,,2024-10-20 17:22:00,2024-10-25 17:22:00
ORD_000272,4,,,2024-02-07 22:20:00,2024-02-08 22:20:00
ORD_000273,5,,,2024-09-26 07:11:00,2024-09-30 07:11:00
ORD_000274,3,,,2024-09-23 02:50:00,2024-09-27 02:50:00
ORD_000275,4,,,2024-09-15 05:26:00,2024-09-16 05:26:00
ORD_000276,3,,,2024-10-05 17:25:00,2024-10-09 17:25:00
ORD_000277,2,,,2024-02-17 11:14:00,2024-02-18 11:14:00
ORD_000278,4,,,2024-04-19 21:21:00,2024-04-23 21:21:00
ORD_000279,3,,,2024-06-18 11:18:00,2024-06-23 11:18:00
ORD_000280,3,,,2024-04-21 19:33:00,2024-04-26 19:33:00
ORD_000281,4,,,2024-08-31 17:52:00,2024-09-03 17:52:00
ORD_000282,4,,,2024-11-28 00:07:00,2024-12-01 00:07:00
ORD_000283,2,,,2024-12-08 11:28:00,2024-12-11 11:28:00
ORD_000284,2,,,2024-05-03 20:39:00,2024-05-05 20:39:00
ORD_000285,3,,,2024-11-14 07:02:00,2024-11-19 07:02:00
ORD_000286,2,,,2024-12-15 10:24:00,2024-12-17 10:24:00
ORD_000287,5,,,2024-02-28 12:16:00,2024-03-04 12:16:00
ORD_000288,4,,,2024-10-03 23:18:00,2024-10-07 23:18:00
ORD_000289,4,,,2024-01-13 16:52:00,2024-01-15 16:52:00
ORD_000290,4,,,2024-07-10 16:51:00,2024-07-12 16:51:00
ORD_000291,5,,,2024-09-17 14:31:00,2024-09-20 14:31:00
ORD_000292,5,,,2024-01-23 09:57:00,2024-01-27 09:57:00
ORD_000293,5,,,2024-11-29 06:20:00,2024-11-30 06:20:00
ORD_000294,5,,,2024-09-20 02:06:00,2024-09-21 02:06:00
ORD_000295,4,,,2024-03-26 17:34:00,2024-03-29 17:34:00
ORD_000296,5,,,2024-01-04 20:04:00,2024-01-06 20:04:00
ORD_000297,4,,,2024-04-17 21:40:00,2024-04-22 21:40:00
ORD_000298,3,,,2024-04-19 21:27:00,2024-04-22 21:27:00
ORD_000299,3,,,2024-02-23 06:34:00,2024-02-26 06:34:00
ORD_000300,4,,,2024-12-25 23:49:00,2024-12-28 23:49:00
ORD_000301,5,,,2024-08-10 20:52:00,2024-08-14 20:52:00
ORD_000302,4,,,2024-02-06 23:43:00,2024-02-07 23:43:00
ORD_000303,5,,,2024-03-19 00:29:00,2024-03-21 00:29:00
ORD_000304,4,,,2024-06-18 01:05:00,2024-06-19 01:05:00
ORD_000305,4,,,2024-02-07 01:11:00,2024-02-08 01:11:00
ORD_000306,3,,,2024-05-08 17:04:00,2024-05-12 17:04:00
ORD_000307,3,,,2024-10-21 07:58:00,2024-10-23 07:58:00
ORD_000308,5,,,2024-05-12 13:24:00,2024-05-13 13:24:00
ORD_000309,4,,,2024-08-18 20:25:00,2024-08-22 20:25:00
ORD_000310,4,,,2024-08-09 10:01:00,2024-08-14 10:01:00
ORD_000311,5,,,2024-07-18 21:07:00,2024-07-19 21:07:00
ORD_000312,3,,,2024-09-30 00:41:00,2024-10-05 00:41:00
ORD_000313,5,,,2024-11-12 02:48:00,2024-11-13 02:48:00
ORD_000314,4,,,2024-10-26 01:44:00,2024-10-30 01:44:00
ORD_000315,4,,,2024-02-07 11:59:00,2024-02-12 11:59:00
ORD_000316,4,,,2024-09-14 03:18:00,2024-09-16 03:18:00
ORD_000317,3,,,2024-12-17 09:38:00,2024-12-20 09:38:00
ORD_000318,3,,,2024-02-14 09:48:00,2024-02-16 09:48:00
ORD_000319,5,,,2024-08-12 12:25:00,2024-08-14 12:25:00
ORD_000320,5,,,2024-12-04 00:30:00,2024-12-09 00:30:00
ORD_000321,5,,,2024-03-21 17:14:00,2024-03-26 17:14:00
ORD_000322,3,,,2024-03-10 23:25:00,2024-03-14 23:25:00
ORD_000323,4,,,2024-10-06 09:40:00,2024-10-10 09:40:00
ORD_000324,3,,,2024-03-14 09:43:00,2024-03-18 09:43:00
ORD_000325,1,,,2024-11-27 11:00:00,2024-12-01 11:00:00
ORD_000326,5,,,2024-10-10 17:09:00,2024-10-13 17:09:00
ORD_000327,4,,,2024-03-04 01:00:00,2024-03-06 01:00:00
ORD_000328,2,,,2024-10-20 19:25:00,2024-10-22 19:25:00
ORD_000329,1,,,2024-10-02 17:05:00,2024-10-07 17:05:00
ORD_000330,5,,,2024-06-05 06:47:00,2024-06-10 06:47:00
ORD_000331,1,,,2024-06-25 06:26:00,2024-06-30 06:26:00
ORD_000332,4,,,2024-11-26 16:09:00,2024-12-01 16:09:00
ORD_000333,4,,,2024-03-23 05:14:00,2024-03-25 05:14:00
ORD_000334,3,,,2024-11-11 08:12:00,2024-11-16 08:12:00
ORD_000335,3,,,2024-02-28 05:42:00,2024-02-29 05:42:00
ORD_000336,4,,,2024-10-17 01:54:00,2024-10-22 01:54:00
ORD_000337,5,,,2024-10-08 14:41:00,2024-10-12 14:41:00
ORD_000338,4,,,2024-10-08 02:18:00,2024-10-11 02:18:00
ORD_000339,5,,,2024-12-09 02:16:00,2024-12-14 02:16:00
ORD_000340,5,,,2024-02-20 06:46:00,2024-02-25 06:46:00
ORD_000341,5,,,2024-10-24 15:21:00,2024-10-25 15:21:00
ORD_000342,4,,,2024-07-01 04:42:00,2024-07-04 04:42:00
ORD_000343,4,,,2024-12-01 07:06:00,2024-12-06 07:06:00
ORD_000344,5,,,2024-05-25 19:04:00,2024-05-30 19:04:00
ORD_000345,5,,,2024-04-09 10:31:00,2024-04-12 10:31:00
ORD_000346,4,,,2024-08-18 10:39:00,2024-08-19 10:39:00
ORD_000347,5,,,2024-12-03 09:44:00,2024-12-08 09:44:00
ORD_000348,1,,,2024-10-26 04:36:00,2024-10-29 04:36:00
ORD_000349,4,,,2024-10-17 11:51:00,2024-10-22 11:51:00
ORD_000350,4,,,2024-06-10 13:10:00,2024-06-12 13:10:00
ORD_000351,3,,,2024-01-03 10:15:00,2024-01-06 10:15:00
ORD_000352,2,,,2024-04-23 22:47:00,2024-04-27 22:47:00
ORD_000353,5,,,2024-11-24 13:17:00,2024-11-27 13:17:00
ORD_000354,4,,,2024-07-03 04:43:00,2024-07-04 04:43:00
ORD_000355,4,,,2024-06-18 15:29:00,2024-06-19 15:29:00
ORD_000356,4,,,2024-08-16 11:49:00,2024-08-21 11:49:00
ORD_000357,4,,,2024-06-05 15:35:00,2024-06-10 15:35:00
ORD_000358,3,,,2024-02-25 05:41:00,2024-02-26 05:41:00
ORD_000359,5,,,2024-11-06 02:53:00,2024-11-08 02:53:00
ORD_000360,5,,,2024-05-23 04:57:00,2024-05-26 04:57:00
ORD_000361,5,,,2024-10-02 06:16:00,2024-10-06 06:16:00
ORD_000362,5,,,2024-11-16 02:46:00,2024-11-20 02:46:00
ORD_000363,4,,,2024-02-08 00:54:00,2024-02-09 00:54:00
ORD_000364,2,,,2024-09-16 20:01:00,2024-09-17 20:01:00
ORD_000365,4,,,2024-10-24 18:25:00,2024-10-28 18:25:00
ORD_000366,2,,,2024-10-29 06:58:00,2024-10-30 06:58:00
ORD_000367,5,,,2024-01-19 17:16:00,2024-01-23 17:16:00
ORD_000368,3,,,2024-10-05 17:30:00,2024-10-10 17:30:00
ORD_000369,3,,,2024-11-30 04:23:00,2024-12-02 04:23:00
ORD_000370,5,,,2024-07-19 07:57:00,2024-07-24 07:57:00
ORD_000371,5,,,2024-10-28 23:54:00,2024-10-31 23:54:00
ORD_000372,5,,,2024-05-28 04:29:00,2024-06-01 04:29:00
ORD_000373,1,,,2024-09-13 16:05:00,2024-09-15 16:05:00
ORD_000374,1,,,2024-07-22 11:32:00,2024-07-27 11:32:00
ORD_000375,4,,,2024-01-06 21:15:00,2024-01-07 21:15:00
ORD_000376,3,,,2024-11-10 21:10:00,2024-11-11 21:10:00
ORD_000377,1,,,2024-09-20 04:28:00,2024-09-24 04:28:00
ORD_000378,4,,,2024-03-22 05:36:00,2024-03-24 05:36:00
ORD_000379,5,,,2024-10-16 21:55:00,2024-10-20 21:55:00
ORD_000380,4,,,2024-03-15 23:46:00,2024-03-16 23:46:00
ORD_000381,5,,,2024-09-04 11:02:00,2024-09-08 11:02:00
ORD_000382,5,,,2024-04-22 15:14:00,2024-04-24 15:14:00
ORD_000383,4,,,2024-02-02 08:23:00,2024-02-03 08:23:00
ORD_000384,5,,,2024-04-29 01:42:00,2024-05-04 01:42:00
ORD_000385,3,,,2024-04-15 16:58:00,2024-04-18 16:58:00
ORD_000386,3,,,2024-07-03 12:30:00,2024-07-04 12:30:00
ORD_000387,5,,,2024-08-20 01:02:00,2024-08-25 01:02:00
ORD_000388,3,,,2024-11-28 10:06:00,2024-11-30 10:06:00
ORD_000389,5,,,2024-12-26 16:40:00,2024-12-28 16:40:00
ORD_000390,3,,,2024-05-20 23:16:00,2024-05-24 23:16:00
ORD_000391,4,,,2024-10-23 17:36:00,2024-10-24 17:36:00
ORD_000392,4,,,2024-03-30 12:41:00,2024-04-03 12:41:00
ORD_000393,3,,,2024-07-12 11:37:00,2024-07-14 11:37:00
ORD_000394,1,,,2024-11-30 02:33:00,2024-12-03 02:33:00
ORD_000395,5,,,2024-05-08 12:58:00,2024-05-09 12:58:00
ORD_000396,5,,,2024-04-24 16:25:00,2024-04-27 16:25:00
ORD_000397,5,,,2024-06-29 11:31:00,2024-07-02 11:31:00
ORD_000398,4,,,2024-09-03 19:00:00,2024-09-07 19:00:00
ORD_000399,5,,,2024-09-13 04:28:00,2024-09-16 04:28:00
ORD_000400,5,,,2024-03-25 07:04:00,2024-03-30 07:04:00
ORD_000401,5,,,2024-09-20 20:17:00,2024-09-25 20:17:00
ORD_000402,4,,,2024-04-18 04:11:00,2024-04-21 04:11:00
ORD_000403,5,,,2024-03-21 11:38:00,2024-03-26 11:38:00
ORD_000404,5,,,2024-03-01 21:14:00,2024-03-02 21:14:00
ORD_000405,4,,,2024-07-31 10:46:00,2024-08-01 10:46:00
ORD_000406,5,,,2024-02-28 15:43:00,2024-03-03 15:43:00
ORD_000407,4,,,2024-09-02 15:13:00,2024-09-05 15:13:00
ORD_000408,3,,,2024-10-29 05:41:00,2024-10-31 05:41:00
ORD_000409,1,,,2024-07-29 00:15:00,2024-08-01 00:15:00
ORD_000410,4,,,2024-01-23 04:36:00,2024-01-24 04:36:00
ORD_000411,4,,,2024-10-30 05:08:00,2024-10-31 05:08:00
ORD_000412,5,,,2024-11-18 16:02:00,2024-11-19 16:02:00
ORD_000413,3,,,2024-10-20 04:03:00,2024-10-24 04:03:00
ORD_000414,5,,,2024-03-26 08:59:00,2024-03-29 08:59:00
ORD_000415,5,,,2024-04-02 16:25:00,2024-04-05 16:25:00
ORD_000416,3,,,2024-11-02 18:40:00,2024-11-03 18:40:00
ORD_000417,5,,,2024-01-10 23:46:00,2024-01-13 23:46:00
ORD_000418,5,,,2024-12-04 09:05:00,2024-12-09 09:05:00
ORD_000419,5,,,2024-04-20 14:38:00,2024-04-22 14:38:00
ORD_000420,5,,,2024-08-29 15:10:00,2024-09-01 15:10:00
ORD_000421,5,,,2024-04-22 13:38:00,2024-04-26 13:38:00
ORD_000422,5,,,2024-03-14 18:52:00,2024-03-19 18:52:00
ORD_000423,4,,,2024-04-03 19:42:00,2024-04-04 19:42:00
ORD_000424,5,,,2024-09-18 08:10:00,2024-09-21 08:10:00
ORD_000425,5,,,2024-12-17 10:59:00,2024-12-18 10:59:00
ORD_000426,4,,,2024-08-20 19:37:00,2024-08-22 19:37:00
ORD_000427,4,,,2024-02-05 07:24:00,2024-02-09 07:24:00
ORD_000428,5,,,2024-07-16 04:06:00,2024-07-20 04:06:00
ORD_000429,2,,,2024-01-09 06:33:00,2024-01-10 06:33:00
ORD_000430,5,,,2024-09-15 21:26:00,2024-09-16 21:26:00
ORD_000431,4,,,2024-03-17 19:06:00,2024-03-20 19:06:00
ORD_000432,3,,,2024-03-31 15:57:00,2024-04-02 15:57:00
ORD_000433,4,,,2024-11-10 19:02:00,2024-11-12 19:02:00
ORD_000434,1,,,2024-09-29 16:48:00,2024-10-04 16:48:00
ORD_000435,5,,,2024-03-01 02:30:00,2024-03-05 02:30:00
ORD_000436,5,,,2024-12-03 04:57:00,2024-12-08 04:57:00
ORD_000437,5,,,2024-11-04 17:52:00,2024-11-06 17:52:00
ORD_000438,3,,,2024-01-01 21:41:00,2024-01-06 21:41:00
ORD_000439,3,,,2024-08-08 16:26:00,2024-08-10 16:26:00
ORD_000440,5,,,2024-07-08 01:44:00,2024-07-13 01:44:00
ORD_000441,5,,,2024-09-28 13:14:00,2024-09-30 13:14:00
ORD_000442,4,,,2024-09-03 12:22:00,2024-09-08 12:22:00
ORD_000443,4,,,2024-10-28 23:58:00,2024-10-29 23:58:00
ORD_000444,4,,,2024-12-22 18:06:00,2024-12-24 18:06:00
ORD_000445,5,,,2024-08-05 04:16:00,2024-08-07 04:16:00
ORD_000446,5,,,2024-09-01 07:58:00,2024-09-06 07:58:00
ORD_000447,4,,,2024-02-12 09:38:00,2024-02-13 09:38:00
ORD_000448,4,,,2024-10-05 13:16:00,2024-10-06 13:16:00
ORD_000449,5,,,2024-04-06 00:45:00,2024-04-11 00:45:00
ORD_000450,1,,,2024-01-04 18:33:00,2024-01-08 18:33:00
ORD_000451,4,,,2024-03-01 16:00:00,2024-03-04 16:00:00
ORD_000452,4,,,2024-07-11 20:13:00,2024-07-12 20:13:00
ORD_000453,3,,,2024-12-18 10:26:00,2024-12-19 10:26:00
ORD_000454,2,,,2024-07-04 03:09:00,2024-07-08 03:09:00
ORD_000455,5,,,2024-08-06 20:37:00,2024-08-09 20:37:00
ORD_000456,5,,,2024-05-09 08:54:00,2024-05-11 08:54:00
ORD_000457,5,,,2024-10-01 13:36:00,2024-10-03 13:36:00
ORD_000458,5,,,2024-07-06 19:17:00,2024-07-10 19:17:00
ORD_000459,4,,,2024-12-14 12:48:00,2024-12-16 12:48:00
ORD_000460,5,,,2024-04-14 13:35:00,2024-04-19 13:35:00
ORD_000461,4,,,2024-10-12 15:11:00,2024-10-15 15:11:00
ORD_000462,5,,,2024-07-08 17:35:00,2024-07-10 17:35:00
ORD_000463,5,,,2024-09-04 08:19:00,2024-09-06 08:19:00
ORD_000464,3,,,2024-10-22 11:49:00,2024-10-24 11:49:00
ORD_000465,4,,,2024-12-27 12:47:00,2024-12-31 12:47:00
ORD_000466,4,,,2024-03-11 21:07:00,2024-03-15 21:07:00
ORD_000467,3,,,2024-04-27 14:50:00,2024-04-28 14:50:00
ORD_000468,2,,,2024-12-24 05:06:00,2024-12-26 05:06:00
ORD_000469,5,,,2024-04-19 16:25:00,2024-04-22 16:25:00
ORD_000470,5,,,2024-06-22 17:39:00,2024-06-26 17:39:00
ORD_000471,4,,,2024-12-22 21:45:00,2024-12-26 21:45:00
ORD_000472,2,,,2024-01-27 05:24:00,2024-01-29 05:24:00
ORD_000473,2,,,2024-11-21 00:51:00,2024-11-26 00:51:00
ORD_000474,5,,,2024-02-16 04:30:00,2024-02-19 04:30:00
ORD_000475,4,,,2024-11-03 13:05:00,2024-11-06 13:05:00
ORD_000476,4,,,2024-02-02 08:14:00,2024-02-04 08:14:00
ORD_000477,4,,,2024-07-08 02:38:00,2024-07-11 02:38:00
ORD_000478,4,,,2024-01-20 23:24:00,2024-01-24 23:24:00
ORD_000479,4,,,2024-07-24 19:41:00,2024-07-26 19:41:00
ORD_000480,5,,,2024-09-23 09:45:00,2024-09-25 09:45:00
ORD_000481,4,,,2024-11-01 01:49:00,2024-11-03 01:49:00
ORD_000482,5,,,2024-03-30 20:31:00,2024-04-03 20:31:00
ORD_000483,4,,,2024-08-12 00:12:00,2024-08-15 00:12:00
ORD_000484,5,,,2024-12-02 16:18:00,2024-12-06 16:18:00
ORD_000485,5,,,2024-04-09 01:50:00,2024-04-11 01:50:00
ORD_000486,3,,,2024-11-02 16:33:00,2024-11-07 16:33:00
ORD_000487,4,,,2024-12-23 07:39:00,2024-12-25 07:39:00
ORD_000488,4,,,2024-03-27 21:02:00,2024-03-29 21:02:00
ORD_000489,5,,,2024-07-03 07:41:00,2024-07-05 07:41:00
ORD_000490,4,,,2024-01-01 05:05:00,2024-01-04 05:05:00
ORD_000491,5,,,2024-05-21 12:22:00,2024-05-23 12:22:00
ORD_000492,2,,,2024-12-08 12:25:00,2024-12-10 12:25:00
ORD_000493,5,,,2024-10-27 06:33:00,2024-10-31 06:33:00
ORD_000494,5,,,2024-01-08 23:45:00,2024-01-09 23:45:00
ORD_000495,5,,,2024-02-05 02:35:00,2024-02-07 02:35:00
ORD_000496,4,,,2024-05-25 23:53:00,2024-05-27 23:53:00
ORD_000497,4,,,2024-10-13 18:22:00,2024-10-15 18:22:00
ORD_000498,5,,,2024-06-26 08:14:00,2024-06-28 08:14:00
ORD_000499,3,,,2024-11-06 06:29:00,2024-11-10 06:29:00
ORD_000500,3,,,2024-07-25 18:00:00,2024-07-28 18:00:00
ORD_000501,4,,,2024-05-13 05:26:00,2024-05-17 05:26:00
ORD_000502,4,,,2024-09-16 03:35:00,2024-09-17 03:35:00
ORD_000503,4,,,2024-02-07 16:18:00,2024-02-11 16:18:00
ORD_000504,4,,,2024-06-23 03:51:00,2024-06-26 03:51:00
ORD_000505,4,,,2024-09-19 08:56:00,2024-09-24 08:56:00
ORD_000506,5,,,2024-10-02 18:16:00,2024-10-04 18:16:00
ORD_000507,5,,,2024-12-21 14:24:00,2024-12-24 14:24:00
ORD_000508,5,,,2024-10-15 15:49:00,2024-10-18 15:49:00
ORD_000509,5,,,2024-05-04 10:49:00,2024-05-05 10:49:00
ORD_000510,4,,,2024-08-22 21:29:00,2024-08-26 21:29:00
ORD_000511,2,,,2024-10-27 00:30:00,2024-10-29 00:30:00
ORD_000512,1,,,2024-02-29 08:04:00,2024-03-01 08:04:00
ORD_000513,4,,,2024-07-14 20:50:00,2024-07-19 20:50:00
ORD_000514,5,,,2024-04-22 21:44:00,2024-04-27 21:44:00
ORD_000515,4,,,2024-04-27 10:26:00,2024-04-28 10:26:00
ORD_000516,4,,,2024-06-29 16:34:00,2024-07-04 16:34:00
ORD_000517,4,,,2024-01-05 22:53:00,2024-01-06 22:53:00
ORD_000518,4,,,2024-05-14 07:18:00,2024-05-19 07:18:00
ORD_000519,5,,,2024-02-17 12:43:00,2024-02-19 12:43:00
ORD_000520,3,,,2024-06-24 02:35:00,2024-06-27 02:35:00
ORD_000521,5,,,2024-04-01 15:20:00,2024-04-03 15:20:00
ORD_000522,4,,,2024-06-30 06:57:00,2024-07-03 06:57:00
ORD_000523,3,,,2024-10-20 08:11:00,2024-10-21 08:11:00
ORD_000524,5,,,2024-12-15 06:31:00,2024-12-17 06:31:00
ORD_000525,2,,,2024-04-12 07:47:00,2024-04-17 07:47:00
ORD_000526,5,,,2024-05-03 08:13:00,2024-05-07 08:13:00
ORD_000527,5,,,2024-04-27 06:53:00,2024-04-29 06:53:00
ORD_000528,5,,,2024-05-07 19:22:00,2024-05-10 19:22:00
ORD_000529,5,,,2024-03-20 03:07:00,2024-03-25 03:07:00
ORD_000530,4,,,2024-02-10 21:42:00,2024-02-14 21:42:00
ORD_000531,5,,,2024-09-09 19:00:00,2024-09-12 19:00:00
ORD_000532,4,,,2024-10-04 01:54:00,2024-10-06 01:54:00
ORD_000533,5,,,2024-09-03 11:39:00,2024-09-05 11:39:00
ORD_000534,5,,,2024-06-10 15:57:00,2024-06-15 15:57:00
ORD_000535,5,,,2024-10-21 08:31:00,2024-10-26 08:31:00
ORD_000536,5,,,2024-04-03 16:17:00,2024-04-05 16:17:00
ORD_000537,4,,,2024-07-22 07:48:00,2024-07-24 07:48:00
ORD_000538,5,,,2024-10-22 04:03:00,2024-10-23 04:03:00
ORD_000539,5,,,2024-09-26 13:30:00,2024-10-01 13:30:00
ORD_000540,5,,,2024-10-03 01:32:00,2024-10-05 01:32:00
ORD_000541,5,,,2024-06-26 12:55:00,2024-07-01 12:55:00
ORD_000542,4,,,2024-12-17 05:29:00,2024-12-21 05:29:00
ORD_000543,4,,,2024-03-02 22:33:00,2024-03-05 22:33:00
ORD_000544,4,,,2024-08-23 10:44:00,2024-08-28 10:44:00
ORD_000545,5,,,2024-01-05 00:43:00,2024-01-10 00:43:00
ORD_000546,4,,,2024-04-17 12:37:00,2024-04-18 12:37:00
ORD_000547,4,,,2024-02-21 10:23:00,2024-02-22 10:23:00
ORD_000548,4,,,2024-11-09 08:11:00,2024-11-14 08:11:00
ORD_000549,5,,,2024-10-07 08:15:00,2024-10-09 08:15:00
ORD_000550,4,,,2024-05-17 15:39:00,2024-05-22 15:39:00
ORD_000551,2,,,2024-06-24 11:11:00,2024-06-26 11:11:00
ORD_000552,3,,,2024-09-12 13:13:00,2024-09-16 13:13:00
ORD_000553,2,,,2024-08-02 22:48:00,2024-08-06 22:48:00
ORD_000554,4,,,2024-07-09 11:54:00,2024-07-13 11:54:00
ORD_000555,3,,,2024-07-24 08:28:00,2024-07-29 08:28:00
ORD_000556,3,,,2024-04-02 18:08:00,2024-04-05 18:08:00
ORD_000557,5,,,2024-10-21 21:14:00,2024-10-22 21:14:00
ORD_000558,5,,,2024-02-21 23:17:00,2024-02-24 23:17:00
ORD_000559,4,,,2024-04-30 17:27:00,2024-05-03 17:27:00
ORD_000560,5,,,2024-07-14 06:09:00,2024-07-17 06:09:00
ORD_000561,1,,,2024-03-17 15:51:00,2024-03-20 15:51:00
ORD_000562,5,,,2024-01-05 05:26:00,2024-01-10 05:26:00
ORD_000563,5,,,2024-09-12 04:57:00,2024-09-15 04:57:00
ORD_000564,4,,,2024-11-18 16:34:00,2024-11-21 16:34:00
ORD_000565,4,,,2024-06-10 15:19:00,2024-06-13 15:19:00
ORD_000566,4,,,2024-05-08 17:54:00,2024-05-11 17:54:00
ORD_000567,4,,,2024-10-17 01:25:00,2024-10-19 01:25:00
ORD_000568,5,,,2024-02-20 22:10:00,2024-02-25 22:10:00
ORD_000569,3,,,2024-01-31 06:52:00,2024-02-04 06:52:00
ORD_000570,3,,,2024-05-10 15:53:00,2024-05-12 15:53:00
ORD_000571,3,,,2024-11-18 03:28:00,2024-11-22 03:28:00
ORD_000572,4,,,2024-06-20 08:23:00,2024-06-22 08:23:00
ORD_000573,4,,,2024-07-03 17:35:00,2024-07-07 17:35:00
ORD_000574,3,,,2024-05-11 11:01:00,2024-05-16 11:01:00
ORD_000575,5,,,2024-07-29 03:22:00,2024-07-31 03:22:00
ORD_000576,4,,,2024-12-13 19:12:00,2024-12-15 19:12:00
ORD_000577,3,,,2024-10-22 18:41:00,2024-10-24 18:41:00
ORD_000578,5,,,2024-11-28 17:11:00,2024-11-30 17:11:00
ORD_000579,1,,,2024-05-25 11:20:00,2024-05-28 11:20:00
ORD_000580,5,,,2024-12-10 16:31:00,2024-12-15 16:31:00
ORD_000581,5,,,2024-08-16 02:24:00,2024-08-18 02:24:00
ORD_000582,3,,,2024-11-10 09:29:00,2024-11-12 09:29:00
ORD_000583,1,,,2024-11-19 04:55:00,2024-11-23 04:55:00
ORD_000584,4,,,2024-03-26 20:51:00,2024-03-29 20:51:00
ORD_000585,2,,,2024-06-21 13:40:00,2024-06-24 13:40:00
ORD_000586,3,,,2024-11-09 18:25:00,2024-11-13 18:25:00
ORD_000587,4,,,2024-02-06 02:10:00,2024-02-08 02:10:00
ORD_000588,4,,,2024-06-24 07:20:00,2024-06-28 07:20:00
ORD_000589,4,,,2024-06-11 20:18:00,2024-06-16 20:18:00
ORD_000590,5,,,2024-12-29 08:38:00,2025-01-01 08:38:00
ORD_000591,4,,,2024-11-26 12:17:00,2024-11-27 12:17:00
ORD_000592,3,,,2024-08-15 11:47:00,2024-08-17 11:47:00
ORD_000593,3,,,2024-10-27 16:28:00,2024-11-01 16:28:00
ORD_000594,5,,,2024-07-30 05:11:00,2024-08-01 05:11:00
ORD_000595,4,,,2024-01-12 04:46:00,2024-01-13 04:46:00
ORD_000596,5,,,2024-04-30 21:16:00,2024-05-01 21:16:00
ORD_000597,4,,,2024-12-24 23:05:00,2024-12-28 23:05:00
ORD_000598,5,,,2024-04-17 05:25:00,2024-04-20 05:25:00
ORD_000599,4,,,2024-02-22 03:04:00,2024-02-24 03:04:00
ORD_000600,4,,,2024-08-30 17:03:00,2024-08-31 17:03:00
ORD_000601,4,,,2024-01-14 12:33:00,2024-01-16 12:33:00
ORD_000602,4,,,2024-02-12 03:16:00,2024-02-16 03:16:00
ORD_000603,3,,,2024-11-12 04:05:00,2024-11-15 04:05:00
ORD_000604,4,,,2024-12-01 12:19:00,2024-12-04 12:19:00
ORD_000605,5,,,2024-04-27 07:47:00,2024-05-01 07:47:00
ORD_000606,5,,,2024-05-25 14:40:00,2024-05-30 14:40:00
ORD_000607,4,,,2024-03-05 04:33:00,2024-03-09 04:33:00
ORD_000608,4,,,2024-03-28 00:02:00,2024-04-01 00:02:00
ORD_000609,3,,,2024-12-05 11:55:00,2024-12-08 11:55:00
ORD_000610,5,,,2024-06-15 15:29:00,2024-06-19 15:29:00
ORD_000611,4,,,2024-10-03 08:35:00,2024-10-04 08:35:00
ORD_000612,5,,,2024-08-15 04:44:00,2024-08-18 04:44:00
ORD_000613,4,,,2024-10-03 05:37:00,2024-10-07 05:37:00
ORD_000614,4,,,2024-11-01 14:40:00,2024-11-02 14:40:00
ORD_000615,5,,,2024-11-21 18:27:00,2024-11-25 18:27:00
ORD_000616,5,,,2024-09-25 20:40:00,2024-09-26 20:40:00
ORD_000617,4,,,2024-09-30 09:58:00,2024-10-03 09:58:00
ORD_000618,4,,,2024-06-26 15:34:00,2024-07-01 15:34:00
ORD_000619,5,,,2024-04-26 02:28:00,2024-04-27 02:28:00
ORD_000620,1,,,2024-06-06 11:26:00,2024-06-11 11:26:00
ORD_000621,5,,,2024-05-13 04:19:00,2024-05-15 04:19:00
ORD_000622,3,,,2024-01-06 00:33:00,2024-01-08 00:33:00
ORD_000623,5,,,2024-03-10 11:18:00,2024-03-12 11:18:00
ORD_000624,5,,,2024-08-28 17:00:00,2024-08-30 17:00:00
ORD_000625,4,,,2024-12-18 15:48:00,2024-12-21 15:48:00
ORD_000626,5,,,2024-09-01 09:00:00,2024-09-05 09:00:00
ORD_000627,1,,,2024-08-08 09:38:00,2024-08-10 09:38:00
ORD_000628,3,,,2024-04-28 00:35:00,2024-05-01 00:35:00
ORD_000629,4,,,2024-07-10 06:26:00,2024-07-13 06:26:00
ORD_000630,4,,,2024-10-14 13:25:00,2024-10-15 13:25:00
ORD_000631,5,,,2024-05-07 05:45:00,2024-05-08 05:45:00
ORD_000632,1,,,2024-11-26 12:53:00,2024-11-28 12:53:00
ORD_000633,3,,,2024-07-12 07:16:00,2024-07-15 07:16:00
ORD_000634,3,,,2024-02-10 13:40:00,2024-02-15 13:40:00
ORD_000635,3,,,2024-05-02 16:48:00,2024-05-05 16:48:00
ORD_000636,4,,,2024-11-09 22:43:00,2024-11-10 22:43:00
ORD_000637,5,,,2024-05-19 09:41:00,2024-05-20 09:41:00
ORD_000638,5,,,2024-09-29 08:26:00,2024-10-01 08:26:00
ORD_000639,5,,,2024-04-06 02:11:00,2024-04-09 02:11:00
ORD_000640,3,,,2024-03-10 09:07:00,2024-03-11 09:07:00
ORD_000641,4,,,2024-11-22 14:39:00,2024-11-23 14:39:00
ORD_000642,3,,,2024-08-19 08:44:00,2024-08-21 08:44:00
ORD_000643,4,,,2024-11-14 15:12:00,2024-11-18 15:12:00
ORD_000644,4,,,2024-06-13 00:09:00,2024-06-15 00:09:00
ORD_000645,2,,,2024-01-26 17:01:00,2024-01-28 17:01:00
ORD_000646,3,,,2024-04-05 03:18:00,2024-04-06 03:18:00
ORD_000647,5,,,2024-05-17 04:45:00,2024-05-19 04:45:00
ORD_000648,4,,,2024-08-12 23:00:00,2024-08-14 23:00:00
ORD_000649,4,,,2024-04-29 02:09:00,2024-04-30 02:09:00
ORD_000650,1,,,2024-01-08 15:13:00,2024-01-09 15:13:00
ORD_000651,3,,,2024-06-24 13:19:00,2024-06-28 13:19:00
ORD_000652,5,,,2024-09-12 11:29:00,2024-09-14 11:29:00
ORD_000653,3,,,2024-12-22 01:21:00,2024-12-27 01:21:00
ORD_000654,4,,,2024-02-11 04:03:00,2024-02-13 04:03:00
ORD_000655,1,,,2024-05-16 12:04:00,2024-05-18 12:04:00
ORD_000656,4,,,2024-10-05 15:11:00,2024-10-09 15:11:00
ORD_000657,1,,,2024-04-08 08:52:00,2024-04-09 08:52:00
ORD_000658,5,,,2024-07-14 00:07:00,2024-07-18 00:07:00
ORD_000659,5,,,2024-05-07 12:49:00,2024-05-12 12:49:00
ORD_000660,5,,,2024-08-14 07:47:00,2024-08-18 07:47:00
ORD_000661,4,,,2024-01-18 06:29:00,2024-01-23 06:29:00
ORD_000662,5,,,2024-02-18 16:42:00,2024-02-22 16:42:00
ORD_000663,4,,,2024-04-16 15:24:00,2024-04-20 15:24:00
ORD_000664,4,,,2024-12-14 09:59:00,2024-12-16 09:59:00
ORD_000665,5,,,2024-06-14 05:40:00,2024-06-15 05:40:00
ORD_000666,1,,,2024-01-22 23:59:00,2024-01-26 23:59:00
ORD_000667,3,,,2024-10-08 16:07:00,2024-10-09 16:07:00
ORD_000668,5,,,2024-05-09 15:40:00,2024-05-14 15:40:00
ORD_000669,3,,,2024-06-01 06:23:00,2024-06-06 06:23:00
ORD_000670,4,,,2024-01-27 21:13:00,2024-01-31 21:13:00
ORD_000671,4,,,2024-02-27 07:40:00,2024-03-01 07:40:00
ORD_000672,5,,,2024-08-10 10:00:00,2024-08-15 10:00:00
ORD_000673,5,,,2024-03-26 08:37:00,2024-03-31 08:37:00
ORD_000674,5,,,2024-03-02 12:50:00,2024-03-06 12:50:00
ORD_000675,4,,,2024-05-04 00:02:00,2024-05-06 00:02:00
ORD_000676,3,,,2024-10-24 22:30:00,2024-10-29 22:30:00
ORD_000677,4,,,2024-12-18 19:09:00,2024-12-23 19:09:00
ORD_000678,1,,,2024-07-09 02:15:00,2024-07-14 02:15:00
ORD_000679,1,,,2024-03-21 15:05:00,2024-03-25 15:05:00
ORD_000680,4,,,2024-12-17 19:21:00,2024-12-20 19:21:00
ORD_000681,4,,,2024-11-16 01:03:00,2024-11-20 01:03:00
ORD_000682,5,,,2024-07-01 20:09:00,2024-07-06 20:09:00
ORD_000683,3,,,2024-12-25 17:50:00,2024-12-26 17:50:00
ORD_000684,4,,,2024-02-24 04:31:00,2024-02-29 04:31:00
ORD_000685,3,,,2024-04-29 10:35:00,2024-05-01 10:35:00
ORD_000686,5,,,2024-11-26 11:51:00,2024-12-01 11:51:00
ORD_000687,5,,,2024-08-12 23:12:00,2024-08-17 23:12:00
ORD_000688,5,,,2024-01-11 22:24:00,2024-01-14 22:24:00
ORD_000689,5,,,2024-07-02 23:08:00,2024-07-07 23:08:00
ORD_000690,4,,,2024-05-08 01:31:00,2024-05-09 01:31:00
ORD_000691,4,,,2024-12-27 14:35:00,2024-12-28 14:35:00
ORD_000692,4,,,2024-05-30 17:44:00,2024-05-31 17:44:00
ORD_000693,4,,,2024-09-07 06:36:00,2024-09-09 06:36:00
ORD_000694,4,,,2024-04-05 17:22:00,2024-04-10 17:22:00
ORD_000695,4,,,2024-06-14 23:29:00,2024-06-19 23:29:00
ORD_000696,5,,,2024-05-20 19:58:00,2024-05-23 19:58:00
ORD_000697,5,,,2024-10-10 05:04:00,2024-10-15 05:04:00
ORD_000698,5,,,2024-09-28 04:28:00,2024-09-30 04:28:00
ORD_000699,5,,,2024-05-31 08:34:00,2024-06-05 08:34:00
ORD_000700,5,,,2024-07-06 14:00:00,2024-07-08 14:00:00
ORD_000701,3,,,2024-11-22 16:24:00,2024-11-25 16:24:00
ORD_000702,2,,,2024-04-04 00:39:00,2024-04-05 00:39:00
ORD_000703,5,,,2024-07-05 19:15:00,2024-07-10 19:15:00
ORD_000704,5,,,2024-06-13 23:04:00,2024-06-15 23:04:00
ORD_000705,1,,,2024-12-03 17:52:00,2024-12-05 17:52:00
ORD_000706,5,,,2024-07-17 06:33:00,2024-07-21 06:33:00
ORD_000707,2,,,2024-12-15 15:49:00,2024-12-18 15:49:00
ORD_000708,4,,,2024-10-09 04:39:00,2024-10-11 04:39:00
ORD_000709,5,,,2024-05-24 10:26:00,2024-05-26 10:26:00
ORD_000710,3,,,2024-11-24 10:07:00,2024-11-29 10:07:00
ORD_000711,2,,,2024-02-19 16:42:00,2024-02-23 16:42:00
ORD_000712,4,,,2024-02-04 01:53:00,2024-02-09 01:53:00
ORD_000713,5,,,2024-03-07 05:55:00,2024-03-10 05:55:00
ORD_000714,4,,,2024-01-17 06:06:00,2024-01-22 06:06:00
ORD_000715,5,,,2024-09-05 06:06:00,2024-09-09 06:06:00
ORD_000716,4,,,2024-01-17 18:41:00,2024-01-19 18:41:00
ORD_000717,1,,,2024-07-17 21:31:00,2024-07-19 21:31:00
ORD_000718,5,,,2024-09-26 19:44:00,2024-09-27 19:44:00
ORD_000719,1,,,2024-10-29 08:03:00,2024-10-30 08:03:00
ORD_000720,5,,,2024-07-06 07:38:00,2024-07-08 07:38:00
ORD_000721,4,,,2024-02-06 00:59:00,2024-02-07 00:59:00
ORD_000722,5,,,2024-04-16 20:31:00,2024-04-20 20:31:00
ORD_000723,3,,,2024-02-10 14:51:00,2024-02-13 14:51:00
ORD_000724,4,,,2024-11-23 01:23:00,2024-11-25 01:23:00
ORD_000725,3,,,2024-10-12 23:56:00,2024-10-14 23:56:00
ORD_000726,2,,,2024-07-31 11:50:00,2024-08-02 11:50:00
ORD_000727,5,,,2024-12-28 01:52:00,2024-12-30 01:52:00
ORD_000728,3,,,2024-11-11 08:33:00,2024-11-16 08:33:00
ORD_000729,4,,,2024-01-21 23:04:00,2024-01-25 23:04:00
ORD_000730,3,,,2024-06-04 02:13:00,2024-06-09 02:13:00
ORD_000731,4,,,2024-09-22 03:06:00,2024-09-23 03:06:00
ORD_000732,5,,,2024-04-28 17:24:00,2024-04-29 17:24:00
ORD_000733,4,,,2024-04-07 06:33:00,2024-04-12 06:33:00
ORD_000734,5,,,2024-12-02 07:36:00,2024-12-06 07:36:00
ORD_000735,5,,,2024-11-16 05:35:00,2024-11-20 05:35:00
ORD_000736,5,,,2024-10-12 13:47:00,2024-10-15 13:47:00
ORD_000737,4,,,2024-02-24 20:36:00,2024-02-25 20:36:00
ORD_000738,5,,,2024-07-02 21:29:00,2024-07-03 21:29:00
ORD_000739,5,,,2024-12-25 21:27:00,2024-12-28 21:27:00
ORD_000740,5,,,2024-02-23 05:50:00,2024-02-24 05:50:00
ORD_000741,4,,,2024-04-02 17:25:00,2024-04-06 17:25:00
ORD_000742,5,,,2024-09-15 10:42:00,2024-09-18 10:42:00
ORD_000743,5,,,2024-03-21 17:38:00,2024-03-24 17:38:00
ORD_000744,5,,,2024-08-14 11:57:00,2024-08-18 11:57:00
ORD_000745,1,,,2024-06-10 17:20:00,2024-06-13 17:20:00
ORD_000746,3,,,2024-07-09 13:48:00,2024-07-14 13:48:00
ORD_000747,5,,,2024-11-20 13:52:00,2024-11-22 13:52:00
ORD_000748,4,,,2024-06-14 19:15:00,2024-06-16 19:15:00
ORD_000749,5,,,2024-10-15 17:13:00,2024-10-20 17:13:00
ORD_000750,4,,,2024-07-11 17:59:00,2024-07-15 17:59:00
ORD_000751,4,,,2024-05-10 11:28:00,2024-05-13 11:28:00
ORD_000752,2,,,2024-08-17 12:00:00,2024-08-22 12:00:00
ORD_000753,3,,,2024-01-18 09:38:00,2024-01-22 09:38:00
ORD_000754,5,,,2024-01-09 16:08:00,2024-01-14 16:08:00
ORD_000755,5,,,2024-06-03 00:19:00,2024-06-05 00:19:00
ORD_000756,5,,,2024-04-23 06:54:00,2024-04-27 06:54:00
ORD_000757,4,,,2024-06-10 00:49:00,2024-06-15 00:49:00
ORD_000758,5,,,2024-12-19 08:58:00,2024-12-20 08:58:00
ORD_000759,5,,,2024-10-10 16:35:00,2024-10-11 16:35:00
ORD_000760,4,,,2024-10-19 18:09:00,2024-10-24 18:09:00
ORD_000761,2,,,2024-02-18 01:29:00,2024-02-19 01:29:00
ORD_000762,5,,,2024-07-01 04:08:00,2024-07-02 04:08:00
ORD_000763,5,,,2024-05-15 11:56:00,2024-05-18 11:56:00
ORD_000764,5,,,2024-10-25 07:14:00,2024-10-29 07:14:00
ORD_000765,1,,,2024-05-11 09:05:00,2024-05-12 09:05:00
ORD_000766,5,,,2024-10-19 12:36:00,2024-10-21 12:36:00
ORD_000767,4,,,2024-04-21 23:04:00,2024-04-23 23:04:00
ORD_000768,4,,,2024-06-15 15:11:00,2024-06-17 15:11:00
ORD_000769,3,,,2024-09-06 22:44:00,2024-09-10 22:44:00
ORD_000770,4,,,2024-10-22 03:38:00,2024-10-23 03:38:00
ORD_000771,4,,,2024-11-24 09:02:00,2024-11-25 09:02:00
ORD_000772,4,,,2024-10-22 12:05:00,2024-10-27 12:05:00
ORD_000773,5,,,2024-01-29 10:22:00,2024-02-03 10:22:00
ORD_000774,5,,,2024-08-10 13:59:00,2024-08-15 13:59:00
ORD_000775,4,,,2024-03-02 07:47:00,2024-03-05 07:47:00
ORD_000776,5,,,2024-11-30 19:59:00,2024-12-02 19:59:00
ORD_000777,4,,,2024-01-06 20:49:00,2024-01-11 20:49:00
ORD_000778,3,,,2024-11-19 12:03:00,2024-11-20 12:03:00
ORD_000779,5,,,2024-06-05 16:02:00,2024-06-07 16:02:00
ORD_000780,3,,,2024-06-12 17:36:00,2024-06-15 17:36:00
ORD_000781,4,,,2024-03-17 10:32:00,2024-03-22 10:32:00
ORD_000782,3,,,2024-12-23 07:09:00,2024-12-27 07:09:00
ORD_000783,2,,,2024-01-26 21:46:00,2024-01-28 21:46:00
ORD_000784,5,,,2024-07-20 14:48:00,2024-07-21 14:48:00
ORD_000785,4,,,2024-10-31 18:32:00,2024-11-01 18:32:00
ORD_000786,4,,,2024-02-16 07:27:00,2024-02-19 07:27:00
ORD_000787,1,,,2024-05-28 12:09:00,2024-05-30 12:09:00
ORD_000788,5,,,2024-03-08 10:05:00,2024-03-13 10:05:00
ORD_000789,4,,,2024-08-31 18:47:00,2024-09-05 18:47:00
ORD_000790,5,,,2024-01-26 17:25:00,2024-01-31 17:25:00
ORD_000791,4,,,2024-05-14 02:25:00,2024-05-19 02:25:00
ORD_000792,3,,,2024-09-13 13:49:00,2024-09-15 13:49:00
ORD_000793,4,,,2024-12-23 04:48:00,2024-12-24 04:48:00
ORD_000794,3,,,2024-03-10 15:35:00,2024-03-12 15:35:00
ORD_000795,4,,,2024-04-11 15:25:00,2024-04-16 15:25:00
ORD_000796,4,,,2024-11-29 18:12:00,2024-11-30 18:12:00
ORD_000797,5,,,2024-10-14 19:47:00,2024-10-17 19:47:00
ORD_000798,2,,,2024-09-25 07:15:00,2024-09-28 07:15:00
ORD_000799,5,,,2024-02-06 08:49:00,2024-02-08 08:49:00
ORD_000800,3,,,2024-08-08 10:43:00,2024-08-13 10:43:00
ORD_000801,4,,,2024-10-21 02:07:00,2024-10-23 02:07:00
ORD_000802,4,,,2024-12-09 13:27:00,2024-12-11 13:27:00
ORD_000803,5,,,2024-07-06 11:12:00,2024-07-10 11:12:00
ORD_000804,3,,,2024-06-13 11:38:00,2024-06-14 11:38:00
ORD_000805,2,,,2024-12-01 00:49:00,2024-12-05 00:49:00
ORD_000806,4,,,2024-06-05 05:22:00,2024-06-06 05:22:00
ORD_000807,3,,,2024-11-11 14:39:00,2024-11-12 14:39:00
ORD_000808,3,,,2024-03-15 14:02:00,2024-03-16 14:02:00
ORD_000809,4,,,2024-04-29 06:43:00,2024-05-04 06:43:00
ORD_000810,2,,,2024-07-10 04:48:00,2024-07-14 04:48:00
ORD_000811,1,,,2024-02-13 03:47:00,2024-02-15 03:47:00
ORD_000812,5,,,2024-01-28 07:39:00,2024-02-02 07:39:00
ORD_000813,4,,,2024-03-16 09:00:00,2024-03-21 09:00:00
ORD_000814,3,,,2024-06-24 22:51:00,2024-06-26 22:51:00
ORD_000815,4,,,2024-02-26 09:28:00,2024-03-02 09:28:00
ORD_000816,5,,,2024-08-29 00:21:00,2024-08-31 00:21:00
ORD_000817,4,,,2024-04-17 23:34:00,2024-04-18 23:34:00
ORD_000818,4,,,2024-04-18 06:34:00,2024-04-20 06:34:00
ORD_000819,3,,,2024-09-24 08:35:00,2024-09-25 08:35:00
ORD_000820,4,,,2024-09-04 19:46:00,2024-09-05 19:46:00
ORD_000821,4,,,2024-03-13 22:44:00,2024-03-14 22:44:00
ORD_000822,5,,,2024-12-08 00:24:00,2024-12-11 00:24:00
ORD_000823,5,,,2024-10-25 21:33:00,2024-10-26 21:33:00
ORD_000824,5,,,2024-01-23 08:10:00,2024-01-24 08:10:00
ORD_000825,4,,,2024-01-31 09:12:00,2024-02-04 09:12:00
ORD_000826,4,,,2024-12-22 19:17:00,2024-12-23 19:17:00
ORD_000827,4,,,2024-01-28 14:41:00,2024-02-02 14:41:00
ORD_000828,3,,,2024-01-05 02:24:00,2024-01-09 02:24:00
ORD_000829,3,,,2024-12-04 08:42:00,2024-12-09 08:42:00
ORD_000830,5,,,2024-12-03 11:55:00,2024-12-06 11:55:00
ORD_000831,4,,,2024-02-25 00:18:00,2024-03-01 00:18:00
ORD_000832,4,,,2024-11-28 12:14:00,2024-12-02 12:14:00
ORD_000833,4,,,2024-07-13 16:45:00,2024-07-14 16:45:00
ORD_000834,4,,,2024-02-20 10:31:00,2024-02-23 10:31:00
ORD_000835,2,,,2024-11-01 17:05:00,2024-11-03 17:05:00
ORD_000836,5,,,2024-04-05 06:32:00,2024-04-06 06:32:00
ORD_000837,3,,,2024-08-22 17:59:00,2024-08-27 17:59:00
ORD_000838,5,,,2024-12-30 00:02:00,2025-01-03 00:02:00
ORD_000839,5,,,2024-05-06 16:19:00,2024-05-10 16:19:00
ORD_000840,5,,,2024-06-19 15:25:00,2024-06-23 15:25:00
ORD_000841,4,,,2024-03-21 00:22:00,2024-03-25 00:22:00
ORD_000842,1,,,2024-12-16 11:22:00,2024-12-18 11:22:00
ORD_000843,4,,,2024-11-16 09:15:00,2024-11-17 09:15:00
ORD_000844,5,,,2024-09-13 08:51:00,2024-09-14 08:51:00
ORD_000845,4,,,2024-02-01 20:16:00,2024-02-02 20:16:00
ORD_000846,5,,,2024-07-17 00:35:00,2024-07-22 00:35:00
ORD_000847,4,,,2024-05-23 07:09:00,2024-05-26 07:09:00
ORD_000848,4,,,2024-06-23 12:42:00,2024-06-26 12:42:00
ORD_000849,4,,,2024-03-11 02:46:00,2024-03-13 02:46:00
ORD_000850,4,,,2024-07-14 16:43:00,2024-07-15 16:43:00
ORD_000851,4,,,2024-11-09 20:43:00,2024-11-14 20:43:00
ORD_000852,5,,,2024-04-26 13:15:00,2024-04-29 13:15:00
ORD_000853,5,,,2024-10-20 04:27:00,2024-10-22 04:27:00
ORD_000854,5,,,2024-06-08 19:21:00,2024-06-10 19:21:00
ORD_000855,5,,,2024-08-17 17:08:00,2024-08-19 17:08:00
ORD_000856,5,,,2024-04-15 20:08:00,2024-04-19 20:08:00
ORD_000857,1,,,2024-10-24 17:43:00,2024-10-27 17:43:00
ORD_000858,5,,,2024-04-13 04:19:00,2024-04-15 04:19:00
ORD_000859,3,,,2024-12-18 22:57:00,2024-12-20 22:57:00
ORD_000860,3,,,2024-09-25 04:27:00,2024-09-29 04:27:00
ORD_000861,5,,,2024-03-15 20:59:00,2024-03-16 20:59:00
ORD_000862,4,,,2024-10-16 05:20:00,2024-10-19 05:20:00
ORD_000863,2,,,2024-02-04 17:34:00,2024-02-08 17:34:00
ORD_000864,3,,,2024-03-01 05:20:00,2024-03-03 05:20:00
ORD_000865,1,,,2024-03-15 23:01:00,2024-03-18 23:01:00
ORD_000866,5,,,2024-06-12 13:26:00,2024-06-13 13:26:00
ORD_000867,1,,,2024-06-04 14:47:00,2024-06-08 14:47:00
ORD_000868,3,,,2024-11-22 23:17:00,2024-11-26 23:17:00
ORD_000869,4,,,2024-03-18 06:06:00,2024-03-20 06:06:00
ORD_000870,4,,,2024-03-08 05:01:00,2024-03-10 05:01:00
ORD_000871,5,,,2024-11-09 19:17:00,2024-11-11 19:17:00
ORD_000872,1,,,2024-11-06 18:39:00,2024-11-08 18:39:00
ORD_000873,4,,,2024-04-28 19:14:00,2024-05-02 19:14:00
ORD_000874,5,,,2024-04-28 21:01:00,2024-05-01 21:01:00
ORD_000875,5,,,2024-07-02 02:44:00,2024-07-03 02:44:00
ORD_000876,5,,,2024-09-01 04:32:00,2024-09-06 04:32:00
ORD_000877,5,,,2024-11-05 15:45:00,2024-11-08 15:45:00
ORD_000878,2,,,2024-11-28 11:11:00,2024-12-01 11:11:00
ORD_000879,4,,,2024-07-17 15:30:00,2024-07-20 15:30:00
ORD_000880,4,,,2024-03-11 05:12:00,2024-03-16 05:12:00
ORD_000881,5,,,2024-04-25 01:26:00,2024-04-27 01:26:00
ORD_000882,3,,,2024-01-08 08:26:00,2024-01-09 08:26:00
ORD_000883,3,,,2024-04-23 23:42:00,2024-04-27 23:42:00
ORD_000884,4,,,2024-04-13 06:04:00,2024-04-16 06:04:00
ORD_000885,2,,,2024-03-31 14:55:00,2024-04-05 14:55:00
ORD_000886,3,,,2024-11-11 15:44:00,2024-11-13 15:44:00
ORD_000887,5,,,2024-06-15 14:56:00,2024-06-19 14:56:00
ORD_000888,4,,,2024-05-06 13:25:00,2024-05-07 13:25:00
ORD_000889,5,,,2024-01-22 19:47:00,2024-01-23 19:47:00
ORD_000890,5,,,2024-07-13 23:20:00,2024-07-17 23:20:00
ORD_000891,4,,,2024-07-20 19:47:00,2024-07-21 19:47:00
ORD_000892,3,,,2024-10-19 19:34:00,2024-10-23 19:34:00
ORD_000893,3,,,2024-09-25 20:56:00,2024-09-30 20:56:00
ORD_000894,4,,,2024-12-26 01:33:00,2024-12-30 01:33:00
ORD_000895,5,,,2024-02-25 14:29:00,2024-02-29 14:29:00
ORD_000896,4,,,2024-01-22 07:33:00,2024-01-24 07:33:00
ORD_000897,1,,,2024-10-02 12:47:00,2024-10-03 12:47:00
ORD_000898,4,,,2024-01-21 17:24:00,2024-01-25 17:24:00
ORD_000899,5,,,2024-09-21 20:03:00,2024-09-23 20:03:00
ORD_000900,5,,,2024-04-07 09:28:00,2024-04-11 09:28:00
ORD_000901,5,,,2024-07-22 09:49:00,2024-07-24 09:49:00
ORD_000902,5,,,2024-05-26 14:10:00,2024-05-28 14:10:00
ORD_000903,4,,,2024-08-04 09:39:00,2024-08-07 09:39:00
ORD_000904,5,,,2024-01-28 22:33:00,2024-02-01 22:33:00
ORD_000905,3,,,2024-03-13 14:53:00,2024-03-16 14:53:00
ORD_000906,5,,,2024-11-26 14:05:00,2024-12-01 14:05:00
ORD_000907,5,,,2024-09-13 03:11:00,2024-09-16 03:11:00
ORD_000908,1,,,2024-10-26 22:34:00,2024-10-31 22:34:00
ORD_000909,5,,,2024-03-10 12:26:00,2024-03-12 12:26:00
ORD_000910,5,,,2024-06-14 14:01:00,2024-06-18 14:01:00
ORD_000911,4,,,2024-04-01 14:37:00,2024-04-03 14:37:00
ORD_000912,5,,,2024-12-30 06:56:00,2025-01-04 06:56:00
ORD_000913,2,,,2024-08-20 02:16:00,2024-08-21 02:16:00
ORD_000914,4,,,2024-06-14 22:41:00,2024-06-18 22:41:00
ORD_000915,4,,,2024-12-30 05:45:00,2024-12-31 05:45:00
ORD_000916,4,,,2024-03-04 02:07:00,2024-03-05 02:07:00
ORD_000917,5,,,2024-12-27 14:40:00,2024-12-29 14:40:00
ORD_000918,5,,,2024-07-04 02:33:00,2024-07-09 02:33:00
ORD_000919,5,,,2024-12-28 12:46:00,2025-01-02 12:46:00
ORD_000920,4,,,2024-09-18 19:10:00,2024-09-23 19:10:00
ORD_000921,5,,,2024-07-12 17:24:00,2024-07-17 17:24:00
ORD_000922,2,,,2024-01-23 05:58:00,2024-01-24 05:58:00
ORD_000923,5,,,2024-06-20 18:55:00,2024-06-21 18:55:00
ORD_000924,4,,,2024-12-03 04:10:00,2024-12-05 04:10:00
ORD_000925,2,,,2024-03-15 05:49:00,2024-03-20 05:49:00
ORD_000926,5,,,2024-12-30 01:26:00,2025-01-02 01:26:00
ORD_000927,3,,,2024-06-06 09:46:00,2024-06-10 09:46:00
ORD_000928,3,,,2024-08-16 09:40:00,2024-08-21 09:40:00
ORD_000929,4,,,2024-04-02 03:57:00,2024-04-07 03:57:00
ORD_000930,2,,,2024-03-08 06:00:00,2024-03-10 06:00:00
ORD_000931,3,,,2024-11-14 08:00:00,2024-11-16 08:00:00
ORD_000932,1,,,2024-08-22 15:54:00,2024-08-24 15:54:00
ORD_000933,4,,,2024-09-12 17:51:00,2024-09-14 17:51:00
ORD_000934,2,,,2024-01-03 19:56:00,2024-01-06 19:56:00
ORD_000935,5,,,2024-09-09 07:13:00,2024-09-14 07:13:00
ORD_000936,3,,,2024-10-28 21:30:00,2024-11-01 21:30:00
ORD_000937,5,,,2024-08-20 13:28:00,2024-08-22 13:28:00
ORD_000938,5,,,2024-02-10 19:38:00,2024-02-12 19:38:00
ORD_000939,4,,,2024-01-04 07:56:00,2024-01-07 07:56:00
ORD_000940,5,,,2024-10-07 08:39:00,2024-10-09 08:39:00
ORD_000941,5,,,2024-11-17 17:52:00,2024-11-19 17:52:00
ORD_000942,5,,,2024-04-16 01:11:00,2024-04-18 01:11:00
ORD_000943,4,,,2024-03-16 01:41:00,2024-03-19 01:41:00
ORD_000944,2,,,2024-06-27 01:09:00,2024-06-29 01:09:00
ORD_000945,5,,,2024-01-17 21:36:00,2024-01-19 21:36:00
ORD_000946,5,,,2024-11-04 09:21:00,2024-11-08 09:21:00
ORD_000947,5,,,2024-02-14 01:06:00,2024-02-17 01:06:00
ORD_000948,4,,,2024-08-01 05:10:00,2024-08-02 05:10:00
ORD_000949,5,,,2024-12-10 09:39:00,2024-12-11 09:39:00
ORD_000950,5,,,2024-12-04 22:44:00,2024-12-05 22:44:00
ORD_000951,3,,,2024-10-31 18:50:00,2024-11-03 18:50:00
ORD_000952,2,,,2024-10-14 05:29:00,2024-10-17 05:29:00
ORD_000953,3,,,2024-10-23 11:59:00,2024-10-25 11:59:00
ORD_000954,5,,,2024-01-19 02:49:00,2024-01-21 02:49:00
ORD_000955,5,,,2024-06-02 10:23:00,2024-06-03 10:23:00
ORD_000956,5,,,2024-07-13 02:48:00,2024-07-16 02:48:00
ORD_000957,4,,,2024-08-06 17:04:00,2024-08-10 17:04:00
ORD_000958,4,,,2024-05-29 15:08:00,2024-06-02 15:08:00
ORD_000959,4,,,2024-03-03 22:55:00,2024-03-06 22:55:00
ORD_000960,4,,,2024-05-20 10:33:00,2024-05-24 10:33:00
ORD_000961,5,,,2024-07-30 16:13:00,2024-08-03 16:13:00
ORD_000962,5,,,2024-12-22 06:39:00,2024-12-26 06:39:00
ORD_000963,5,,,2024-01-30 03:36:00,2024-01-31 03:36:00
ORD_000964,5,,,2024-11-18 16:05:00,2024-11-22 16:05:00
ORD_000965,4,,,2024-09-04 23:44:00,2024-09-05 23:44:00
ORD_000966,4,,,2024-11-05 22:18:00,2024-11-07 22:18:00
ORD_000967,5,,,2024-08-06 19:54:00,2024-08-09 19:54:00
ORD_000968,5,,,2024-06-11 08:33:00,2024-06-12 08:33:00
ORD_000969,3,,,2024-10-21 19:22:00,2024-10-25 19:22:00
ORD_000970,4,,,2024-03-07 19:36:00,2024-03-10 19:36:00
ORD_000971,3,,,2024-09-11 16:46:00,2024-09-13 16:46:00
ORD_000972,5,,,2024-11-19 15:31:00,2024-11-22 15:31:00
ORD_000973,4,,,2024-04-02 19:14:00,2024-04-04 19:14:00
ORD_000974,4,,,2024-12-28 09:12:00,2024-12-29 09:12:00
ORD_000975,2,,,2024-01-01 03:01:00,2024-01-02 03:01:00
ORD_000976,4,,,2024-08-26 20:50:00,2024-08-31 20:50:00
ORD_000977,5,,,2024-03-01 23:54:00,2024-03-04 23:54:00
ORD_000978,3,,,2024-04-16 19:26:00,2024-04-18 19:26:00
ORD_000979,5,,,2024-07-30 01:21:00,2024-08-04 01:21:00
ORD_000980,5,,,2024-06-28 17:51:00,2024-07-03 17:51:00
ORD_000981,5,,,2024-11-22 06:00:00,2024-11-27 06:00:00
ORD_000982,3,,,2024-11-23 06:44:00,2024-11-28 06:44:00
ORD_000983,5,,,2024-05-24 08:50:00,2024-05-26 08:50:00
ORD_000984,4,,,2024-02-04 09:19:00,2024-02-09 09:19:00
ORD_000985,5,,,2024-09-16 17:20:00,2024-09-17 17:20:00
ORD_000986,5,,,2024-01-04 03:43:00,2024-01-06 03:43:00
ORD_000987,3,,,2024-06-19 10:25:00,2024-06-20 10:25:00
ORD_000988,2,,,2024-10-18 19:01:00,2024-10-22 19:01:00
ORD_000989,4,,,2024-03-30 06:21:00,2024-04-04 06:21:00
ORD_000990,4,,,2024-06-22 21:30:00,2024-06-26 21:30:00
ORD_000991,3,,,2024-08-30 01:41:00,2024-09-02 01:41:00
ORD_000992,3,,,2024-03-10 15:09:00,2024-03-14 15:09:00
ORD_000993,4,,,2024-11-17 14:57:00,2024-11-21 14:57:00
ORD_000994,1,,,2024-10-01 10:29:00,2024-10-06 10:29:00
ORD_000995,3,,,2024-07-30 23:03:00,2024-07-31 23:03:00
ORD_000996,4,,,2024-09-23 09:36:00,2024-09-25 09:36:00
ORD_000997,2,,,2024-12-13 10:35:00,2024-12-17 10:35:00
ORD_000998,4,,,2024-10-01 00:13:00,2024-10-06 00:13:00
ORD_000999,4,,,2024-10-22 21:21:00,2024-10-26 21:21:00
ORD_001000,4,,,2024-06-30 02:09:00,2024-07-03 02:09:00
ORD_001001,5,,,2024-05-23 00:21:00,2024-05-28 00:21:00
ORD_001002,4,,,2024-07-11 20:34:00,2024-07-14 20:34:00
ORD_001003,4,,,2024-03-25 18:38:00,2024-03-26 18:38:00
ORD_001004,4,,,2024-07-18 05:38:00,2024-07-19 05:38:00
ORD_001005,5,,,2024-02-29 09:45:00,2024-03-04 09:45:00
ORD_001006,5,,,2024-06-10 22:02:00,2024-06-14 22:02:00
ORD_001007,5,,,2024-05-19 13:05:00,2024-05-23 13:05:00
ORD_001008,5,,,2024-09-11 07:23:00,2024-09-12 07:23:00
ORD_001009,3,,,2024-08-19 09:13:00,2024-08-21 09:13:00
ORD_001010,4,,,2024-09-25 09:11:00,2024-09-28 09:11:00
ORD_001011,1,,,2024-02-27 11:50:00,2024-03-02 11:50:00
ORD_001012,5,,,2024-01-20 06:58:00,2024-01-24 06:58:00
ORD_001013,5,,,2024-02-17 14:32:00,2024-02-22 14:32:00
ORD_001014,5,,,2024-01-13 15:57:00,2024-01-16 15:57:00
ORD_001015,4,,,2024-09-13 04:12:00,2024-09-18 04:12:00
ORD_001016,5,,,2024-06-23 15:46:00,2024-06-27 15:46:00
ORD_001017,4,,,2024-09-25 09:49:00,2024-09-29 09:49:00
ORD_001018,1,,,2024-06-16 04:49:00,2024-06-20 04:49:00
ORD_001019,4,,,2024-02-20 16:43:00,2024-02-23 16:43:00
ORD_001020,4,,,2024-03-08 06:46:00,2024-03-12 06:46:00
ORD_001021,4,,,2024-01-19 14:24:00,2024-01-24 14:24:00
ORD_001022,5,,,2024-09-24 03:00:00,2024-09-26 03:00:00
ORD_001023,3,,,2024-06-08 01:43:00,2024-06-12 01:43:00
ORD_001024,4,,,2024-10-31 02:21:00,2024-11-03 02:21:00
ORD_001025,4,,,2024-08-27 01:06:00,2024-09-01 01:06:00
ORD_001026,4,,,2024-09-23 21:47:00,2024-09-24 21:47:00
ORD_001027,5,,,2024-06-08 00:36:00,2024-06-10 00:36:00
ORD_001028,5,,,2024-06-08 20:57:00,2024-06-13 20:57:00
ORD_001029,5,,,2024-04-17 10:12:00,2024-04-19 10:12:00
ORD_001030,5,,,2024-04-08 09:17:00,2024-04-12 09:17:00
ORD_001031,5,,,2024-09-29 10:49:00,2024-10-03 10:49:00
ORD_001032,3,,,2024-08-13 21:07:00,2024-08-16 21:07:00
ORD_001033,5,,,2024-05-19 04:10:00,2024-05-23 04:10:00
ORD_001034,4,,,2024-05-20 03:00:00,2024-05-25 03:00:00
ORD_001035,3,,,2024-11-14 17:32:00,2024-11-17 17:32:00
ORD_001036,2,,,2024-02-22 06:34:00,2024-02-27 06:34:00
ORD_001037,5,,,2024-06-28 17:20:00,2024-06-30 17:20:00
ORD_001038,5,,,2024-05-18 04:45:00,2024-05-21 04:45:00
ORD_001039,3,,,2024-05-25 18:15:00,2024-05-28 18:15:00
ORD_001040,5,,,2024-03-28 02:19:00,2024-03-31 02:19:00
ORD_001041,5,,,2024-11-09 10:34:00,2024-11-13 10:34:00
ORD_001042,3,,,2024-08-15 01:08:00,2024-08-19 01:08:00
ORD_001043,3,,,2024-01-15 15:57:00,2024-01-17 15:57:00
ORD_001044,5,,,2024-12-11 01:06:00,2024-12-14 01:06:00
ORD_001045,4,,,2024-07-15 01:05:00,2024-07-18 01:05:00
ORD_001046,5,,,2024-08-06 12:11:00,2024-08-10 12:11:00
ORD_001047,2,,,2024-12-26 19:57:00,2024-12-31 19:57:00
ORD_001048,4,,,2024-10-30 20:53:00,2024-11-01 20:53:00
ORD_001049,5,,,2024-12-19 22:28:00,2024-12-20 22:28:00
ORD_001050,5,,,2024-11-11 11:19:00,2024-11-12 11:19:00
ORD_001051,5,,,2024-06-19 06:45:00,2024-06-20 06:45:00
ORD_001052,5,,,2024-12-09 17:05:00,2024-12-11 17:05:00
ORD_001053,5,,,2024-08-26 18:08:00,2024-08-30 18:08:00
ORD_001054,5,,,2024-02-17 22:29:00,2024-02-21 22:29:00
ORD_001055,1,,,2024-02-19 14:19:00,2024-02-24 14:19:00
ORD_001056,4,,,2024-12-16 20:45:00,2024-12-18 20:45:00
ORD_001057,1,,,2024-08-26 15:14:00,2024-08-29 15:14:00
ORD_001058,5,,,2024-04-24 04:55:00,2024-04-26 04:55:00
ORD_001059,4,,,2024-11-11 08:58:00,2024-11-16 08:58:00
ORD_001060,4,,,2024-07-05 12:11:00,2024-07-06 12:11:00
ORD_001061,4,,,2024-12-24 21:21:00,2024-12-26 21:21:00
ORD_001062,5,,,2024-06-15 14:31:00,2024-06-19 14:31:00
ORD_001063,5,,,2024-01-16 02:30:00,2024-01-18 02:30:00
ORD_001064,4,,,2024-02-27 11:30:00,2024-03-01 11:30:00
ORD_001065,5,,,2024-08-24 05:18:00,2024-08-26 05:18:00
ORD_001066,4,,,2024-06-27 19:36:00,2024-06-28 19:36:00
ORD_001067,4,,,2024-03-06 16:06:00,2024-03-09 16:06:00
ORD_001068,5,,,2024-07-26 22:50:00,2024-07-30 22:50:00
ORD_001069,4,,,2024-02-24 10:35:00,2024-02-27 10:35:00
ORD_001070,5,,,2024-11-28 02:50:00,2024-11-30 02:50:00
ORD_001071,3,,,2024-06-03 17:29:00,2024-06-06 17:29:00
ORD_001072,1,,,2024-07-24 18:26:00,2024-07-26 18:26:00
ORD_001073,5,,,2024-05-02 19:15:00,2024-05-03 19:15:00
ORD_001074,2,,,2024-10-07 05:30:00,2024-10-11 05:30:00
ORD_001075,5,,,2024-07-15 02:21:00,2024-07-16 02:21:00
ORD_001076,5,,,2024-04-16 22:37:00,2024-04-19 22:37:00
ORD_001077,3,,,2024-08-08 13:36:00,2024-08-12 13:36:00
ORD_001078,4,,,2024-06-24 17:44:00,2024-06-26 17:44:00
ORD_001079,3,,,2024-04-30 05:42:00,2024-05-04 05:42:00
ORD_001080,4,,,2024-12-08 02:47:00,2024-12-12 02:47:00
ORD_001081,2,,,2024-12-30 18:53:00,2025-01-03 18:53:00
ORD_001082,3,,,2024-09-06 03:37:00,2024-09-11 03:37:00
ORD_001083,4,,,2024-11-01 14:20:00,2024-11-06 14:20:00
ORD_001084,4,,,2024-10-11 03:52:00,2024-10-13 03:52:00
ORD_001085,5,,,2024-08-15 05:19:00,2024-08-16 05:19:00
ORD_001086,5,,,2024-07-26 02:38:00,2024-07-27 02:38:00
ORD_001087,5,,,2024-02-25 21:52:00,2024-02-27 21:52:00
ORD_001088,4,,,2024-11-01 12:20:00,2024-11-02 12:20:00
ORD_001089,5,,,2024-09-10 20:42:00,2024-09-12 20:42:00
ORD_001090,4,,,2024-02-01 02:13:00,2024-02-02 02:13:00
ORD_001091,5,,,2024-03-12 18:57:00,2024-03-15 18:57:00
ORD_001092,5,,,2024-11-21 00:48:00,2024-11-23 00:48:00
ORD_001093,4,,,2024-03-16 21:09:00,2024-03-18 21:09:00
ORD_001094,5,,,2024-08-19 17:18:00,2024-08-20 17:18:00
ORD_001095,5,,,2024-07-18 19:36:00,2024-07-22 19:36:00
ORD_001096,5,,,2024-08-16 06:13:00,2024-08-20 06:13:00
ORD_001097,5,,,2024-12-14 10:19:00,2024-12-19 10:19:00
ORD_001098,4,,,2024-10-18 21:19:00,2024-10-19 21:19:00
ORD_001099,4,,,2024-08-10 22:58:00,2024-08-11 22:58:00
ORD_001100,1,,,2024-06-25 02:37:00,2024-06-26 02:37:00
ORD_001101,5,,,2024-01-05 19:32:00,2024-01-07 19:32:00
ORD_001102,1,,,2024-07-25 04:54:00,2024-07-26 04:54:00
ORD_001103,5,,,2024-05-30 01:23:00,2024-06-02 01:23:00
ORD_001104,3,,,2024-10-08 01:00:00,2024-10-10 01:00:00
ORD_001105,3,,,2024-12-26 17:52:00,2024-12-28 17:52:00
ORD_001106,4,,,2024-07-02 03:55:00,2024-07-04 03:55:00
ORD_001107,5,,,2024-05-24 00:15:00,2024-05-29 00:15:00
ORD_001108,3,,,2024-08-09 22:37:00,2024-08-14 22:37:00
ORD_001109,4,,,2024-07-20 20:20:00,2024-07-23 20:20:00
ORD_001110,4,,,2024-12-30 12:25:00,2024-12-31 12:25:00
ORD_001111,3,,,2024-07-14 13:34:00,2024-07-19 13:34:00
ORD_001112,3,,,2024-04-18 21:11:00,2024-04-23 21:11:00
ORD_001113,5,,,2024-08-31 04:12:00,2024-09-03 04:12:00
ORD_001114,4,,,2024-10-11 12:53:00,2024-10-14 12:53:00
ORD_001115,1,,,2024-07-03 13:09:00,2024-07-06 13:09:00
ORD_001116,5,,,2024-05-27 21:08:00,2024-05-28 21:08:00
ORD_001117,5,,,2024-03-09 00:04:00,2024-03-13 00:04:00
ORD_001118,5,,,2024-11-27 00:09:00,2024-11-29 00:09:00
ORD_001119,4,,,2024-09-06 21:27:00,2024-09-10 21:27:00
ORD_001120,5,,,2024-03-10 02:08:00,2024-03-11 02:08:00
ORD_001121,5,,,2024-11-24 13:55:00,2024-11-29 13:55:00
ORD_001122,5,,,2024-08-21 22:38:00,2024-08-22 22:38:00
ORD_001123,4,,,2024-08-05 19:11:00,2024-08-06 19:11:00
ORD_001124,4,,,2024-08-20 16:27:00,2024-08-24 16:27:00
ORD_001125,5,,,2024-10-09 14:24:00,2024-10-11 14:24:00
ORD_001126,3,,,2024-06-30 07:11:00,2024-07-01 07:11:00
ORD_001127,4,,,2024-08-05 19:00:00,2024-08-10 19:00:00
ORD_001128,5,,,2024-10-22 15:54:00,2024-10-27 15:54:00
ORD_001129,5,,,2024-05-01 22:32:00,2024-05-04 22:32:00
ORD_001130,4,,,2024-05-17 13:59:00,2024-05-20 13:59:00
ORD_001131,5,,,2024-10-06 18:23:00,2024-10-09 18:23:00
ORD_001132,3,,,2024-01-18 01:36:00,2024-01-23 01:36:00
ORD_001133,4,,,2024-09-04 22:23:00,2024-09-05 22:23:00
ORD_001134,5,,,2024-02-27 18:30:00,2024-03-02 18:30:00
ORD_001135,3,,,2024-12-19 02:09:00,2024-12-23 02:09:00
ORD_001136,3,,,2024-09-26 08:29:00,2024-09-30 08:29:00
ORD_001137,5,,,2024-09-21 02:33:00,2024-09-25 02:33:00
ORD_001138,3,,,2024-11-08 02:15:00,2024-11-11 02:15:00
ORD_001139,4,,,2024-08-29 20:47:00,2024-09-02 20:47:00
ORD_001140,5,,,2024-12-05 21:04:00,2024-12-07 21:04:00
ORD_001141,5,,,2024-12-16 20:34:00,2024-12-21 20:34:00
ORD_001142,5,,,2024-10-23 09:39:00,2024-10-24 09:39:00
ORD_001143,5,,,2024-01-28 10:34:00,2024-02-01 10:34:00
ORD_001144,3,,,2024-01-06 15:29:00,2024-01-09 15:29:00
ORD_001145,5,,,2024-09-19 15:36:00,2024-09-20 15:36:00
ORD_001146,4,,,2024-06-18 13:22:00,2024-06-22 13:22:00
ORD_001147,5,,,2024-05-30 09:10:00,2024-06-02 09:10:00
ORD_001148,4,,,2024-01-19 22:59:00,2024-01-20 22:59:00
ORD_001149,5,,,2024-11-01 23:19:00,2024-11-03 23:19:00
ORD_001150,4,,,2024-10-15 08:03:00,2024-10-19 08:03:00
ORD_001151,4,,,2024-11-18 15:37:00,2024-11-21 15:37:00
ORD_001152,5,,,2024-03-27 18:03:00,2024-03-30 18:03:00
ORD_001153,5,,,2024-12-02 09:51:00,2024-12-06 09:51:00
ORD_001154,5,,,2024-11-15 00:18:00,2024-11-17 00:18:00
ORD_001155,4,,,2024-09-05 02:08:00,2024-09-09 02:08:00
ORD_001156,4,,,2024-09-15 02:54:00,2024-09-16 02:54:00
ORD_001157,5,,,2024-05-22 08:08:00,2024-05-25 08:08:00
ORD_001158,5,,,2024-11-11 08:17:00,2024-11-13 08:17:00
ORD_001159,5,,,2024-05-11 00:47:00,2024-05-12 00:47:00
ORD_001160,5,,,2024-02-27 19:11:00,2024-03-01 19:11:00
ORD_001161,5,,,2024-10-29 23:09:00,2024-10-30 23:09:00
ORD_001162,4,,,2024-12-03 14:23:00,2024-12-06 14:23:00
ORD_001163,5,,,2024-03-30 08:50:00,2024-04-01 08:50:00
ORD_001164,5,,,2024-12-24 07:31:00,2024-12-26 07:31:00
ORD_001165,5,,,2024-04-02 16:55:00,2024-04-07 16:55:00
ORD_001166,5,,,2024-01-17 10:05:00,2024-01-21 10:05:00
ORD_001167,5,,,2024-03-15 19:59:00,2024-03-19 19:59:00
ORD_001168,4,,,2024-03-19 15:48:00,2024-03-24 15:48:00
ORD_001169,3,,,2024-07-30 12:15:00,2024-08-03 12:15:00
ORD_001170,4,,,2024-12-04 14:46:00,2024-12-05 14:46:00
ORD_001171,5,,,2024-11-22 05:13:00,2024-11-23 05:13:00
ORD_001172,5,,,2024-10-22 23:53:00,2024-10-23 23:53:00
ORD_001173,4,,,2024-06-25 01:41:00,2024-06-30 01:41:00
ORD_001174,5,,,2024-05-15 03:03:00,2024-05-20 03:03:00
ORD_001175,4,,,2024-03-26 14:25:00,2024-03-29 14:25:00
ORD_001176,4,,,2024-08-31 09:30:00,2024-09-03 09:30:00
ORD_001177,5,,,2024-09-29 07:24:00,2024-10-02 07:24:00
ORD_001178,5,,,2024-12-15 22:24:00,2024-12-16 22:24:00
ORD_001179,3,,,2024-08-30 08:09:00,2024-09-03 08:09:00
ORD_001180,4,,,2024-09-28 13:00:00,2024-10-03 13:00:00
ORD_001181,4,,,2024-05-27 14:24:00,2024-05-29 14:24:00
ORD_001182,4,,,2024-12-13 10:33:00,2024-12-16 10:33:00
ORD_001183,4,,,2024-12-15 01:06:00,2024-12-19 01:06:00
ORD_001184,4,,,2024-09-29 20:22:00,2024-10-03 20:22:00
ORD_001185,3,,,2024-08-09 19:58:00,2024-08-11 19:58:00
ORD_001186,4,,,2024-11-29 08:21:00,2024-12-01 08:21:00
ORD_001187,2,,,2024-05-18 08:51:00,2024-05-23 08:51:00
ORD_001188,4,,,2024-02-20 08:41:00,2024-02-21 08:41:00
ORD_001189,5,,,2024-10-26 12:29:00,2024-10-28 12:29:00
ORD_001190,5,,,2024-12-11 23:15:00,2024-12-13 23:15:00
ORD_001191,4,,,2024-12-10 18:49:00,2024-12-13 18:49:00
ORD_001192,2,,,2024-04-09 16:21:00,2024-04-12 16:21:00
ORD_001193,3,,,2024-12-12 22:11:00,2024-12-14 22:11:00
ORD_001194,4,,,2024-06-09 17:00:00,2024-06-11 17:00:00
ORD_001195,3,,,2024-12-10 00:53:00,2024-12-14 00:53:00
ORD_001196,4,,,2024-02-04 00:26:00,2024-02-05 00:26:00
ORD_001197,3,,,2024-02-20 16:06:00,2024-02-24 16:06:00
ORD_001198,5,,,2024-12-16 14:22:00,2024-12-18 14:22:00
ORD_001199,4,,,2024-04-22 23:18:00,2024-04-23 23:18:00
ORD_001200,3,,,2024-05-08 06:02:00,2024-05-10 06:02:00
ORD_001201,5,,,2024-01-13 19:05:00,2024-01-17 19:05:00
ORD_001202,4,,,2024-01-30 19:42:00,2024-02-03 19:42:00
ORD_001203,3,,,2024-04-21 19:40:00,2024-04-22 19:40:00
ORD_001204,4,,,2024-03-03 22:07:00,2024-03-05 22:07:00
ORD_001205,4,,,2024-02-14 19:08:00,2024-02-15 19:08:00
ORD_001206,5,,,2024-07-11 21:48:00,2024-07-15 21:48:00
ORD_001207,3,,,2024-11-27 18:51:00,2024-11-28 18:51:00
ORD_001208,4,,,2024-04-04 03:44:00,2024-04-08 03:44:00
ORD_001209,4,,,2024-04-04 08:18:00,2024-04-06 08:18:00
ORD_001210,2,,,2024-08-27 21:59:00,2024-08-31 21:59:00
ORD_001211,5,,,2024-02-08 20:29:00,2024-02-10 20:29:00
ORD_001212,5,,,2024-05-21 13:44:00,2024-05-25 13:44:00
ORD_001213,4,,,2024-12-07 10:16:00,2024-12-11 10:16:00
ORD_001214,4,,,2024-03-23 02:17:00,2024-03-28 02:17:00
ORD_001215,3,,,2024-02-01 12:24:00,2024-02-02 12:24:00
ORD_001216,5,,,2024-06-19 01:16:00,2024-06-21 01:16:00
ORD_001217,3,,,2024-05-15 05:28:00,2024-05-16 05:28:00
ORD_001218,1,,,2024-02-05 15:59:00,2024-02-09 15:59:00
ORD_001219,4,,,2024-04-12 19:25:00,2024-04-17 19:25:00
ORD_001220,4,,,2024-04-01 20:31:00,2024-04-05 20:31:00
ORD_001221,4,,,2024-02-25 04:34:00,2024-02-29 04:34:00
ORD_001222,2,,,2024-08-08 06:39:00,2024-08-09 06:39:00
ORD_001223,4,,,2024-11-25 03:58:00,2024-11-29 03:58:00
ORD_001224,4,,,2024-08-14 22:16:00,2024-08-19 22:16:00
ORD_001225,3,,,2024-02-22 01:04:00,2024-02-23 01:04:00
ORD_001226,5,,,2024-02-06 18:46:00,2024-02-09 18:46:00
ORD_001227,2,,,2024-05-08 14:01:00,2024-05-12 14:01:00
ORD_001228,4,,,2024-09-11 04:41:00,2024-09-15 04:41:00
ORD_001229,5,,,2024-11-23 00:59:00,2024-11-24 00:59:00
ORD_001230,4,,,2024-01-20 21:24:00,2024-01-21 21:24:00
ORD_001231,5,,,2024-05-16 04:44:00,2024-05-19 04:44:00
ORD_001232,5,,,2024-06-17 12:36:00,2024-06-20 12:36:00
ORD_001233,3,,,2024-01-02 16:45:00,2024-01-07 16:45:00
ORD_001234,5,,,2024-09-08 15:27:00,2024-09-10 15:27:00
ORD_001235,4,,,2024-07-25 23:49:00,2024-07-26 23:49:00
ORD_001236,4,,,2024-02-05 17:14:00,2024-02-10 17:14:00
ORD_001237,4,,,2024-01-02 12:44:00,2024-01-07 12:44:00
ORD_001238,4,,,2024-09-03 03:36:00,2024-09-06 03:36:00
ORD_001239,5,,,2024-10-01 11:21:00,2024-10-06 11:21:00
ORD_001240,5,,,2024-12-15 09:25:00,2024-12-17 09:25:00
ORD_001241,5,,,2024-01-29 20:41:00,2024-02-01 20:41:00
ORD_001242,5,,,2024-02-16 11:34:00,2024-02-19 11:34:00
ORD_001243,5,,,2024-06-23 02:53:00,2024-06-28 02:53:00
ORD_001244,5,,,2024-08-23 09:41:00,2024-08-28 09:41:00
ORD_001245,4,,,2024-04-13 05:35:00,2024-04-14 05:35:00
ORD_001246,4,,,2024-01-21 12:42:00,2024-01-25 12:42:00
ORD_001247,1,,,2024-04-07 09:44:00,2024-04-08 09:44:00
ORD_001248,5,,,2024-07-18 03:40:00,2024-07-21 03:40:00
ORD_001249,4,,,2024-12-18 11:31:00,2024-12-23 11:31:00
ORD_001250,1,,,2024-02-13 20:28:00,2024-02-14 20:28:00
ORD_001251,2,,,2024-04-07 04:02:00,2024-04-09 04:02:00
ORD_001252,4,,,2024-04-08 00:46:00,2024-04-13 00:46:00
ORD_001253,4,,,2024-10-30 07:31:00,2024-11-03 07:31:00
ORD_001254,4,,,2024-07-18 02:50:00,2024-07-23 02:50:00
ORD_001255,5,,,2024-10-03 20:19:00,2024-10-08 20:19:00
ORD_001256,4,,,2024-09-12 17:53:00,2024-09-14 17:53:00
ORD_001257,5,,,2024-08-18 00:02:00,2024-08-22 00:02:00
ORD_001258,3,,,2024-06-22 01:21:00,2024-06-24 01:21:00
ORD_001259,3,,,2024-01-22 12:07:00,2024-01-24 12:07:00
ORD_001260,4,,,2024-04-18 20:42:00,2024-04-21 20:42:00
ORD_001261,4,,,2024-09-24 14:43:00,2024-09-27 14:43:00
ORD_001262,1,,,2024-10-01 04:47:00,2024-10-04 04:47:00
ORD_001263,4,,,2024-10-23 07:59:00,2024-10-27 07:59:00
ORD_001264,3,,,2024-02-06 01:47:00,2024-02-09 01:47:00
ORD_001265,4,,,2024-03-13 15:41:00,2024-03-14 15:41:00
ORD_001266,4,,,2024-01-10 15:58:00,2024-01-15 15:58:00
ORD_001267,5,,,2024-11-12 01:15:00,2024-11-15 01:15:00
ORD_001268,5,,,2024-12-25 20:08:00,2024-12-28 20:08:00
ORD_001269,4,,,2024-01-08 05:40:00,2024-01-09 05:40:00
ORD_001270,5,,,2024-01-26 09:52:00,2024-01-31 09:52:00
ORD_001271,4,,,2024-02-19 14:39:00,2024-02-24 14:39:00
ORD_001272,5,,,2024-03-28 18:04:00,2024-03-29 18:04:00
ORD_001273,5,,,2024-02-24 03:31:00,2024-02-28 03:31:00
ORD_001274,5,,,2024-10-31 19:14:00,2024-11-04 19:14:00
ORD_001275,4,,,2024-02-02 06:27:00,2024-02-03 06:27:00
ORD_001276,4,,,2024-06-21 23:43:00,2024-06-23 23:43:00
ORD_001277,2,,,2024-07-24 10:07:00,2024-07-28 10:07:00
ORD_001278,1,,,2024-12-16 18:34:00,2024-12-18 18:34:00
ORD_001279,4,,,2024-03-11 10:53:00,2024-03-14 10:53:00
ORD_001280,4,,,2024-04-19 01:37:00,2024-04-20 01:37:00
ORD_001281,4,,,2024-03-29 10:04:00,2024-04-03 10:04:00
ORD_001282,3,,,2024-03-02 08:09:00,2024-03-03 08:09:00
ORD_001283,5,,,2024-07-31 05:44:00,2024-08-04 05:44:00
ORD_001284,5,,,2024-07-08 17:10:00,2024-07-09 17:10:00
ORD_001285,5,,,2024-08-12 07:59:00,2024-08-16 07:59:00
ORD_001286,4,,,2024-10-24 01:08:00,2024-10-29 01:08:00
ORD_001287,5,,,2024-02-21 20:39:00,2024-02-23 20:39:00
ORD_001288,5,,,2024-07-11 05:01:00,2024-07-12 05:01:00
ORD_001289,4,,,2024-09-06 02:00:00,2024-09-08 02:00:00
ORD_001290,4,,,2024-01-04 05:59:00,2024-01-06 05:59:00
ORD_001291,5,,,2024-02-15 22:41:00,2024-02-17 22:41:00
ORD_001292,4,,,2024-10-30 09:26:00,2024-11-03 09:26:00
ORD_001293,4,,,2024-12-21 15:44:00,2024-12-23 15:44:00
ORD_001294,3,,,2024-03-05 06:09:00,2024-03-08 06:09:00
ORD_001295,3,,,2024-11-23 08:33:00,2024-11-26 08:33:00
ORD_001296,5,,,2024-08-18 13:15:00,2024-08-20 13:15:00
ORD_001297,5,,,2024-03-30 19:44:00,2024-04-04 19:44:00
ORD_001298,4,,,2024-01-20 19:11:00,2024-01-21 19:11:00
ORD_001299,3,,,2024-09-12 19:05:00,2024-09-15 19:05:00
ORD_001300,4,,,2024-11-17 09:22:00,2024-11-19 09:22:00
ORD_001301,4,,,2024-08-02 00:35:00,2024-08-04 00:35:00
ORD_001302,3,,,2024-04-30 06:07:00,2024-05-02 06:07:00
ORD_001303,5,,,2024-09-28 03:39:00,2024-10-02 03:39:00
ORD_001304,2,,,2024-07-04 17:32:00,2024-07-07 17:32:00
ORD_001305,4,,,2024-04-22 14:49:00,2024-04-25 14:49:00
ORD_001306,5,,,2024-11-16 21:13:00,2024-11-19 21:13:00
ORD_001307,4,,,2024-05-21 01:12:00,2024-05-24 01:12:00
ORD_001308,5,,,2024-02-27 04:43:00,2024-03-03 04:43:00
ORD_001309,5,,,2024-08-30 15:11:00,2024-08-31 15:11:00
ORD_001310,5,,,2024-03-22 21:59:00,2024-03-26 21:59:00
ORD_001311,3,,,2024-01-23 01:41:00,2024-01-26 01:41:00
ORD_001312,3,,,2024-07-05 09:13:00,2024-07-10 09:13:00
ORD_001313,4,,,2024-08-10 08:21:00,2024-08-13 08:21:00
ORD_001314,4,,,2024-11-11 14:02:00,2024-11-15 14:02:00
ORD_001315,5,,,2024-02-23 23:03:00,2024-02-24 23:03:00
ORD_001316,5,,,2024-10-02 05:10:00,2024-10-05 05:10:00
ORD_001317,5,,,2024-01-15 15:32:00,2024-01-17 15:32:00
ORD_001318,5,,,2024-02-29 02:57:00,2024-03-05 02:57:00
ORD_001319,5,,,2024-04-30 23:28:00,2024-05-04 23:28:00
ORD_001320,4,,,2024-10-30 18:20:00,2024-11-04 18:20:00
ORD_001321,4,,,2024-08-02 06:47:00,2024-08-03 06:47:00
ORD_001322,5,,,2024-12-12 10:14:00,2024-12-15 10:14:00
ORD_001323,3,,,2024-02-26 10:14:00,2024-03-02 10:14:00
ORD_001324,2,,,2024-02-20 07:47:00,2024-02-21 07:47:00
ORD_001325,4,,,2024-07-30 06:24:00,2024-08-02 06:24:00
ORD_001326,5,,,2024-04-22 02:30:00,2024-04-26 02:30:00
ORD_001327,3,,,2024-10-26 15:03:00,2024-10-30 15:03:00
ORD_001328,5,,,2024-08-11 04:13:00,2024-08-14 04:13:00
ORD_001329,5,,,2024-11-08 14:11:00,2024-11-09 14:11:00
ORD_001330,4,,,2024-07-17 11:08:00,2024-07-21 11:08:00
ORD_001331,2,,,2024-08-22 23:12:00,2024-08-27 23:12:00
ORD_001332,3,,,2024-11-19 11:17:00,2024-11-22 11:17:00
ORD_001333,5,,,2024-04-13 10:08:00,2024-04-18 10:08:00
ORD_001334,5,,,2024-01-17 22:36:00,2024-01-18 22:36:00
ORD_001335,5,,,2024-01-31 08:08:00,2024-02-04 08:08:00
ORD_001336,4,,,2024-02-26 14:29:00,2024-03-02 14:29:00
ORD_001337,3,,,2024-08-02 05:48:00,2024-08-03 05:48:00
ORD_001338,3,,,2024-06-24 07:56:00,2024-06-28 07:56:00
ORD_001339,5,,,2024-05-31 19:10:00,2024-06-01 19:10:00
ORD_001340,3,,,2024-11-22 19:57:00,2024-11-27 19:57:00
ORD_001341,4,,,2024-03-28 18:35:00,2024-03-29 18:35:00
ORD_001342,4,,,2024-04-27 02:26:00,2024-04-29 02:26:00
ORD_001343,1,,,2024-09-24 15:55:00,2024-09-27 15:55:00
ORD_001344,3,,,2024-04-20 18:30:00,2024-04-24 18:30:00
ORD_001345,4,,,2024-08-24 08:00:00,2024-08-25 08:00:00
ORD_001346,4,,,2024-08-07 23:55:00,2024-08-11 23:55:00
ORD_001347,3,,,2024-05-06 07:20:00,2024-05-07 07:20:00
ORD_001348,5,,,2024-08-10 18:14:00,2024-08-12 18:14:00
ORD_001349,5,,,2024-10-29 04:58:00,2024-11-03 04:58:00
ORD_001350,4,,,2024-10-20 00:26:00,2024-10-25 00:26:00
ORD_001351,5,,,2024-01-23 01:30:00,2024-01-25 01:30:00
ORD_001352,4,,,2024-09-15 01:27:00,2024-09-17 01:27:00
ORD_001353,4,,,2024-09-28 12:30:00,2024-10-01 12:30:00
ORD_001354,5,,,2024-12-22 03:28:00,2024-12-27 03:28:00
ORD_001355,5,,,2024-09-10 07:05:00,2024-09-15 07:05:00
ORD_001356,5,,,2024-10-12 00:44:00,2024-10-16 00:44:00
ORD_001357,3,,,2024-07-27 06:08:00,2024-07-28 06:08:00
ORD_001358,2,,,2024-07-02 09:15:00,2024-07-05 09:15:00
ORD_001359,5,,,2024-11-27 02:01:00,2024-12-01 02:01:00
ORD_001360,4,,,2024-09-02 21:19:00,2024-09-03 21:19:00
ORD_001361,4,,,2024-03-23 22:29:00,2024-03-27 22:29:00
ORD_001362,5,,,2024-10-19 23:37:00,2024-10-23 23:37:00
ORD_001363,5,,,2024-01-13 14:29:00,2024-01-16 14:29:00
ORD_001364,5,,,2024-03-11 22:25:00,2024-03-16 22:25:00
ORD_001365,4,,,2024-04-04 11:40:00,2024-04-08 11:40:00
ORD_001366,5,,,2024-08-25 22:40:00,2024-08-28 22:40:00
ORD_001367,1,,,2024-01-01 20:04:00,2024-01-02 20:04:00
ORD_001368,1,,,2024-07-16 22:21:00,2024-07-17 22:21:00
ORD_001369,5,,,2024-09-28 01:18:00,2024-09-29 01:18:00
ORD_001370,2,,,2024-08-06 08:44:00,2024-08-08 08:44:00
ORD_001371,4,,,2024-11-09 17:36:00,2024-11-10 17:36:00
ORD_001372,5,,,2024-04-16 21:05:00,2024-04-21 21:05:00
ORD_001373,4,,,2024-11-13 10:47:00,2024-11-17 10:47:00
ORD_001374,3,,,2024-01-29 16:58:00,2024-02-03 16:58:00
ORD_001375,4,,,2024-12-11 11:56:00,2024-12-15 11:56:00
ORD_001376,4,,,2024-01-27 03:24:00,2024-01-31 03:24:00
ORD_001377,4,,,2024-07-06 14:39:00,2024-07-09 14:39:00
ORD_001378,5,,,2024-01-21 11:23:00,2024-01-25 11:23:00
ORD_001379,5,,,2024-03-30 20:35:00,2024-03-31 20:35:00
ORD_001380,4,,,2024-12-26 02:35:00,2024-12-29 02:35:00
ORD_001381,5,,,2024-12-29 06:08:00,2025-01-03 06:08:00
ORD_001382,3,,,2024-06-20 07:34:00,2024-06-24 07:34:00
ORD_001383,4,,,2024-02-28 20:30:00,2024-02-29 20:30:00
ORD_001384,5,,,2024-10-24 22:13:00,2024-10-25 22:13:00
ORD_001385,4,,,2024-04-25 10:22:00,2024-04-29 10:22:00
ORD_001386,5,,,2024-05-16 16:43:00,2024-05-19 16:43:00
ORD_001387,4,,,2024-08-04 08:03:00,2024-08-08 08:03:00
ORD_001388,5,,,2024-02-02 11:22:00,2024-02-03 11:22:00
ORD_001389,4,,,2024-08-19 15:32:00,2024-08-21 15:32:00
ORD_001390,4,,,2024-09-26 03:30:00,2024-09-29 03:30:00
ORD_001391,4,,,2024-12-29 17:43:00,2025-01-02 17:43:00
ORD_001392,5,,,2024-09-29 09:28:00,2024-10-03 09:28:00
ORD_001393,4,,,2024-11-13 11:51:00,2024-11-15 11:51:00
ORD_001394,5,,,2024-12-10 22:51:00,2024-12-13 22:51:00
ORD_001395,4,,,2024-02-03 06:57:00,2024-02-07 06:57:00
ORD_001396,3,,,2024-08-22 02:05:00,2024-08-27 02:05:00
ORD_001397,4,,,2024-07-19 05:18:00,2024-07-22 05:18:00
ORD_001398,5,,,2024-02-09 03:10:00,2024-02-10 03:10:00
ORD_001399,5,,,2024-05-21 03:44:00,2024-05-23 03:44:00
ORD_001400,4,,,2024-03-16 15:09:00,2024-03-19 15:09:00
ORD_001401,5,,,2024-04-14 16:40:00,2024-04-15 16:40:00
ORD_001402,4,,,2024-01-12 09:26:00,2024-01-16 09:26:00
ORD_001403,5,,,2024-12-15 17:59:00,2024-12-17 17:59:00
ORD_001404,5,,,2024-03-08 15:22:00,2024-03-13 15:22:00
ORD_001405,3,,,2024-08-03 14:47:00,2024-08-04 14:47:00
ORD_001406,4,,,2024-11-26 00:18:00,2024-11-28 00:18:00
ORD_001407,5,,,2024-04-06 02:01:00,2024-04-10 02:01:00
ORD_001408,5,,,2024-04-28 16:41:00,2024-04-29 16:41:00
ORD_001409,4,,,2024-06-20 13:37:00,2024-06-23 13:37:00
ORD_001410,4,,,2024-06-24 20:41:00,2024-06-26 20:41:00
ORD_001411,4,,,2024-06-16 15:37:00,2024-06-18 15:37:00
ORD_001412,4,,,2024-12-06 22:33:00,2024-12-11 22:33:00
ORD_001413,5,,,2024-10-07 14:29:00,2024-10-10 14:29:00
ORD_001414,5,,,2024-06-04 18:08:00,2024-06-08 18:08:00
ORD_001415,4,,,2024-06-05 05:50:00,2024-06-08 05:50:00
ORD_001416,3,,,2024-05-13 07:30:00,2024-05-17 07:30:00
ORD_001417,4,,,2024-07-09 09:49:00,2024-07-14 09:49:00
ORD_001418,3,,,2024-01-25 04:22:00,2024-01-29 04:22:00
ORD_001419,2,,,2024-05-25 14:10:00,2024-05-30 14:10:00
ORD_001420,4,,,2024-11-12 05:45:00,2024-11-15 05:45:00
ORD_001421,3,,,2024-10-01 09:11:00,2024-10-02 09:11:00
ORD_001422,3,,,2024-03-30 22:44:00,2024-04-01 22:44:00
ORD_001423,4,,,2024-12-07 04:10:00,2024-12-11 04:10:00
ORD_001424,3,,,2024-05-01 03:02:00,2024-05-06 03:02:00
ORD_001425,2,,,2024-06-11 18:08:00,2024-06-12 18:08:00
ORD_001426,4,,,2024-08-13 08:23:00,2024-08-18 08:23:00
ORD_001427,3,,,2024-04-04 06:35:00,2024-04-07 06:35:00
ORD_001428,4,,,2024-12-28 01:42:00,2025-01-02 01:42:00
ORD_001429,3,,,2024-06-11 11:09:00,2024-06-12 11:09:00
ORD_001430,5,,,2024-07-09 14:34:00,2024-07-12 14:34:00
ORD_001431,5,,,2024-03-24 17:19:00,2024-03-27 17:19:00
ORD_001432,5,,,2024-03-03 00:25:00,2024-03-07 00:25:00
ORD_001433,4,,,2024-09-12 04:29:00,2024-09-14 04:29:00
ORD_001434,5,,,2024-06-12 04:00:00,2024-06-15 04:00:00
ORD_001435,5,,,2024-10-06 16:21:00,2024-10-11 16:21:00
ORD_001436,1,,,2024-11-27 22:18:00,2024-11-28 22:18:00
ORD_001437,4,,,2024-08-30 09:48:00,2024-08-31 09:48:00
ORD_001438,5,,,2024-10-20 21:09:00,2024-10-22 21:09:00
ORD_001439,4,,,2024-10-16 23:58:00,2024-10-20 23:58:00
ORD_001440,1,,,2024-08-14 10:44:00,2024-08-16 10:44:00
ORD_001441,5,,,2024-02-27 23:30:00,2024-03-03 23:30:00
ORD_001442,5,,,2024-01-21 04:43:00,2024-01-22 04:43:00
ORD_001443,3,,,2024-10-09 03:19:00,2024-10-13 03:19:00
ORD_001444,4,,,2024-01-13 12:39:00,2024-01-14 12:39:00
ORD_001445,3,,,2024-04-22 14:22:00,2024-04-25 14:22:00
ORD_001446,5,,,2024-02-17 10:03:00,2024-02-18 10:03:00
ORD_001447,4,,,2024-11-07 20:12:00,2024-11-08 20:12:00
ORD_001448,4,,,2024-10-25 16:14:00,2024-10-27 16:14:00
ORD_001449,5,,,2024-05-22 06:01:00,2024-05-23 06:01:00
ORD_001450,4,,,2024-02-12 17:54:00,2024-02-14 17:54:00
ORD_001451,5,,,2024-08-16 21:42:00,2024-08-21 21:42:00
ORD_001452,4,,,2024-02-14 16:25:00,2024-02-15 16:25:00
ORD_001453,4,,,2024-04-09 15:20:00,2024-04-12 15:20:00
ORD_001454,5,,,2024-11-04 19:32:00,2024-11-09 19:32:00
ORD_001455,3,,,2024-01-29 21:23:00,2024-02-03 21:23:00
ORD_001456,4,,,2024-07-22 04:45:00,2024-07-27 04:45:00
ORD_001457,3,,,2024-08-06 11:24:00,2024-08-09 11:24:00
ORD_001458,5,,,2024-07-09 00:18:00,2024-07-10 00:18:00
ORD_001459,5,,,2024-06-25 11:19:00,2024-06-30 11:19:00
ORD_001460,5,,,2024-08-16 17:05:00,2024-08-18 17:05:00
ORD_001461,4,,,2024-04-20 23:56:00,2024-04-24 23:56:00
ORD_001462,4,,,2024-08-15 23:26:00,2024-08-17 23:26:00
ORD_001463,4,,,2024-08-14 09:10:00,2024-08-18 09:10:00
ORD_001464,5,,,2024-08-05 23:57:00,2024-08-07 23:57:00
ORD_001465,3,,,2024-07-31 04:53:00,2024-08-01 04:53:00
ORD_001466,5,,,2024-10-27 19:05:00,2024-10-29 19:05:00
ORD_001467,4,,,2024-03-14 06:19:00,2024-03-17 06:19:00
ORD_001468,5,,,2024-08-31 16:21:00,2024-09-05 16:21:00
ORD_001469,5,,,2024-02-03 18:48:00,2024-02-06 18:48:00
ORD_001470,5,,,2024-07-11 02:00:00,2024-07-15 02:00:00
ORD_001471,4,,,2024-07-28 20:58:00,2024-07-29 20:58:00
ORD_001472,1,,,2024-05-19 13:11:00,2024-05-23 13:11:00
ORD_001473,4,,,2024-10-11 14:45:00,2024-10-16 14:45:00
ORD_001474,4,,,2024-10-17 04:12:00,2024-10-18 04:12:00
ORD_001475,1,,,2024-04-05 12:18:00,2024-04-10 12:18:00
ORD_001476,4,,,2024-10-10 15:02:00,2024-10-12 15:02:00
ORD_001477,4,,,2024-06-03 18:19:00,2024-06-08 18:19:00
ORD_001478,5,,,2024-09-09 17:47:00,2024-09-12 17:47:00
ORD_001479,5,,,2024-08-25 07:01:00,2024-08-27 07:01:00
ORD_001480,3,,,2024-01-02 04:16:00,2024-01-03 04:16:00
ORD_001481,5,,,2024-06-02 20:53:00,2024-06-07 20:53:00
ORD_001482,3,,,2024-11-21 15:07:00,2024-11-23 15:07:00
ORD_001483,4,,,2024-11-30 21:57:00,2024-12-05 21:57:00
ORD_001484,4,,,2024-05-27 13:11:00,2024-05-30 13:11:00
ORD_001485,5,,,2024-09-08 22:41:00,2024-09-10 22:41:00
ORD_001486,2,,,2024-05-05 00:07:00,2024-05-07 00:07:00
ORD_001487,4,,,2024-05-21 15:04:00,2024-05-23 15:04:00
ORD_001488,5,,,2024-11-02 23:23:00,2024-11-07 23:23:00
ORD_001489,3,,,2024-10-24 15:36:00,2024-10-26 15:36:00
ORD_001490,5,,,2024-08-11 08:40:00,2024-08-12 08:40:00
ORD_001491,5,,,2024-12-17 15:44:00,2024-12-18 15:44:00
ORD_001492,5,,,2024-03-02 11:32:00,2024-03-05 11:32:00
ORD_001493,1,,,2024-10-21 00:54:00,2024-10-23 00:54:00
ORD_001494,3,,,2024-05-12 05:37:00,2024-05-14 05:37:00
ORD_001495,4,,,2024-01-30 04:20:00,2024-01-31 04:20:00
ORD_001496,4,,,2024-08-24 22:08:00,2024-08-25 22:08:00
ORD_001497,3,,,2024-07-01 05:03:00,2024-07-04 05:03:00
ORD_001498,3,,,2024-05-19 11:26:00,2024-05-22 11:26:00
ORD_001499,5,,,2024-11-21 11:03:00,2024-11-25 11:03:00
ORD_001500,5,,,2024-05-28 09:33:00,2024-06-02 09:33:00
ORD_001501,1,,,2024-11-23 02:32:00,2024-11-27 02:32:00
ORD_001502,4,,,2024-04-09 20:11:00,2024-04-10 20:11:00
ORD_001503,4,,,2024-02-18 19:48:00,2024-02-21 19:48:00
ORD_001504,3,,,2024-03-26 17:20:00,2024-03-31 17:20:00
ORD_001505,5,,,2024-06-10 21:51:00,2024-06-15 21:51:00
ORD_001506,5,,,2024-06-03 08:43:00,2024-06-08 08:43:00
ORD_001507,5,,,2024-12-23 22:23:00,2024-12-28 22:23:00
ORD_001508,5,,,2024-02-19 17:37:00,2024-02-21 17:37:00
ORD_001509,4,,,2024-06-29 04:00:00,2024-06-30 04:00:00
ORD_001510,5,,,2024-03-11 16:18:00,2024-03-13 16:18:00
ORD_001511,4,,,2024-07-09 15:26:00,2024-07-10 15:26:00
ORD_001512,4,,,2024-06-23 05:06:00,2024-06-27 05:06:00
ORD_001513,4,,,2024-04-21 04:32:00,2024-04-22 04:32:00
ORD_001514,3,,,2024-04-23 06:50:00,2024-04-26 06:50:00
ORD_001515,3,,,2024-10-13 19:44:00,2024-10-15 19:44:00
ORD_001516,4,,,2024-09-26 17:45:00,2024-10-01 17:45:00
ORD_001517,5,,,2024-10-09 22:48:00,2024-10-12 22:48:00
ORD_001518,3,,,2024-02-28 13:29:00,2024-03-02 13:29:00
ORD_001519,4,,,2024-02-09 03:52:00,2024-02-11 03:52:00
ORD_001520,4,,,2024-03-08 00:30:00,2024-03-10 00:30:00
ORD_001521,5,,,2024-06-27 09:44:00,2024-07-02 09:44:00
ORD_001522,3,,,2024-07-04 04:52:00,2024-07-07 04:52:00
ORD_001523,5,,,2024-08-14 19:33:00,2024-08-17 19:33:00
ORD_001524,5,,,2024-06-24 05:45:00,2024-06-25 05:45:00
ORD_001525,4,,,2024-06-04 00:47:00,2024-06-06 00:47:00
ORD_001526,5,,,2024-03-01 07:08:00,2024-03-06 07:08:00
ORD_001527,1,,,2024-12-21 04:44:00,2024-12-26 04:44:00
ORD_001528,4,,,2024-04-26 09:08:00,2024-04-28 09:08:00
ORD_001529,5,,,2024-04-17 04:05:00,2024-04-22 04:05:00
ORD_001530,2,,,2024-08-05 22:48:00,2024-08-09 22:48:00
ORD_001531,4,,,2024-02-27 02:01:00,2024-03-03 02:01:00
ORD_001532,4,,,2024-09-04 13:02:00,2024-09-09 13:02:00
ORD_001533,4,,,2024-04-10 03:02:00,2024-04-13 03:02:00
ORD_001534,5,,,2024-12-03 16:37:00,2024-12-05 16:37:00
ORD_001535,3,,,2024-01-31 15:07:00,2024-02-01 15:07:00
ORD_001536,5,,,2024-05-09 01:04:00,2024-05-10 01:04:00
ORD_001537,4,,,2024-06-03 21:00:00,2024-06-07 21:00:00
ORD_001538,5,,,2024-02-19 03:58:00,2024-02-22 03:58:00
ORD_001539,4,,,2024-11-04 06:37:00,2024-11-09 06:37:00
ORD_001540,4,,,2024-04-12 05:42:00,2024-04-13 05:42:00
ORD_001541,5,,,2024-06-28 00:05:00,2024-07-01 00:05:00
ORD_001542,4,,,2024-03-15 23:17:00,2024-03-20 23:17:00
ORD_001543,4,,,2024-10-23 11:22:00,2024-10-27 11:22:00
ORD_001544,4,,,2024-03-23 16:49:00,2024-03-27 16:49:00
ORD_001545,5,,,2024-11-09 07:32:00,2024-11-12 07:32:00
ORD_001546,4,,,2024-10-18 02:06:00,2024-10-20 02:06:00
ORD_001547,5,,,2024-10-23 00:33:00,2024-10-27 00:33:00
ORD_001548,4,,,2024-04-21 22:12:00,2024-04-23 22:12:00
ORD_001549,4,,,2024-05-24 05:57:00,2024-05-25 05:57:00
ORD_001550,5,,,2024-10-02 00:46:00,2024-10-03 00:46:00
ORD_001551,5,,,2024-02-20 06:58:00,2024-02-25 06:58:00
ORD_001552,5,,,2024-09-15 22:30:00,2024-09-17 22:30:00
ORD_001553,5,,,2024-07-06 22:37:00,2024-07-07 22:37:00
ORD_001554,4,,,2024-04-04 14:43:00,2024-04-05 14:43:00
ORD_001555,3,,,2024-02-24 05:53:00,2024-02-29 05:53:00
ORD_001556,1,,,2024-06-30 12:27:00,2024-07-05 12:27:00
ORD_001557,5,,,2024-04-19 16:14:00,2024-04-23 16:14:00
ORD_001558,5,,,2024-07-27 03:48:00,2024-07-28 03:48:00
ORD_001559,3,,,2024-06-09 03:29:00,2024-06-13 03:29:00
ORD_001560,3,,,2024-02-26 16:08:00,2024-03-02 16:08:00
ORD_001561,2,,,2024-09-10 11:45:00,2024-09-15 11:45:00
ORD_001562,5,,,2024-05-27 17:46:00,2024-05-29 17:46:00
ORD_001563,4,,,2024-01-21 02:20:00,2024-01-23 02:20:00
ORD_001564,4,,,2024-09-09 03:24:00,2024-09-14 03:24:00
ORD_001565,4,,,2024-05-25 14:38:00,2024-05-27 14:38:00
ORD_001566,5,,,2024-06-08 21:53:00,2024-06-11 21:53:00
ORD_001567,5,,,2024-08-15 07:35:00,2024-08-16 07:35:00
ORD_001568,5,,,2024-07-27 09:54:00,2024-07-28 09:54:00
ORD_001569,3,,,2024-08-07 06:54:00,2024-08-08 06:54:00
ORD_001570,4,,,2024-02-05 15:43:00,2024-02-09 15:43:00
ORD_001571,5,,,2024-07-07 05:00:00,2024-07-09 05:00:00
ORD_001572,5,,,2024-12-11 15:43:00,2024-12-16 15:43:00
ORD_001573,3,,,2024-02-23 12:28:00,2024-02-24 12:28:00
ORD_001574,1,,,2024-09-24 21:43:00,2024-09-25 21:43:00
ORD_001575,2,,,2024-02-13 03:09:00,2024-02-17 03:09:00
ORD_001576,4,,,2024-07-21 12:44:00,2024-07-26 12:44:00
ORD_001577,5,,,2024-10-29 03:47:00,2024-10-30 03:47:00
ORD_001578,1,,,2024-03-27 02:23:00,2024-03-31 02:23:00
ORD_001579,4,,,2024-04-11 10:12:00,2024-04-13 10:12:00
ORD_001580,4,,,2024-10-31 12:07:00,2024-11-02 12:07:00
ORD_001581,2,,,2024-04-29 13:46:00,2024-05-04 13:46:00
ORD_001582,4,,,2024-09-12 08:48:00,2024-09-13 08:48:00
ORD_001583,4,,,2024-10-24 18:17:00,2024-10-29 18:17:00
ORD_001584,4,,,2024-11-25 12:22:00,2024-11-29 12:22:00
ORD_001585,5,,,2024-08-31 21:38:00,2024-09-03 21:38:00
ORD_001586,4,,,2024-07-26 15:32:00,2024-07-27 15:32:00
ORD_001587,3,,,2024-05-22 04:49:00,2024-05-26 04:49:00
ORD_001588,5,,,2024-08-20 03:07:00,2024-08-24 03:07:00
ORD_001589,5,,,2024-05-08 15:31:00,2024-05-10 15:31:00
ORD_001590,5,,,2024-04-28 20:08:00,2024-04-29 20:08:00
ORD_001591,2,,,2024-01-16 03:47:00,2024-01-21 03:47:00
ORD_001592,1,,,2024-01-28 02:31:00,2024-02-02 02:31:00
ORD_001593,1,,,2024-12-13 00:11:00,2024-12-18 00:11:00
ORD_001594,3,,,2024-07-14 19:43:00,2024-07-15 19:43:00
ORD_001595,4,,,2024-06-16 04:19:00,2024-06-20 04:19:00
ORD_001596,5,,,2024-11-14 19:06:00,2024-11-18 19:06:00
ORD_001597,4,,,2024-02-09 21:48:00,2024-02-12 21:48:00
ORD_001598,4,,,2024-09-23 15:50:00,2024-09-24 15:50:00
ORD_001599,4,,,2024-08-26 06:18:00,2024-08-29 06:18:00
ORD_001600,3,,,2024-12-04 15:31:00,2024-12-08 15:31:00
ORD_001601,5,,,2024-09-15 08:34:00,2024-09-18 08:34:00
ORD_001602,4,,,2024-06-24 17:34:00,2024-06-27 17:34:00
ORD_001603,5,,,2024-01-10 01:27:00,2024-01-12 01:27:00
ORD_001604,5,,,2024-03-01 12:28:00,2024-03-04 12:28:00
ORD_001605,4,,,2024-06-10 12:28:00,2024-06-11 12:28:00
ORD_001606,4,,,2024-08-23 01:02:00,2024-08-24 01:02:00
ORD_001607,5,,,2024-03-31 17:42:00,2024-04-02 17:42:00
ORD_001608,5,,,2024-06-04 22:10:00,2024-06-08 22:10:00
ORD_001609,4,,,2024-09-08 13:08:00,2024-09-12 13:08:00
ORD_001610,5,,,2024-06-08 22:24:00,2024-06-09 22:24:00
ORD_001611,2,,,2024-09-06 03:36:00,2024-09-10 03:36:00
ORD_001612,5,,,2024-12-11 15:42:00,2024-12-12 15:42:00
ORD_001613,2,,,2024-10-10 21:34:00,2024-10-14 21:34:00
ORD_001614,4,,,2024-10-19 15:30:00,2024-10-21 15:30:00
ORD_001615,5,,,2024-10-14 05:32:00,2024-10-18 05:32:00
ORD_001616,4,,,2024-01-29 12:16:00,2024-02-02 12:16:00
ORD_001617,4,,,2024-09-10 18:24:00,2024-09-13 18:24:00
ORD_001618,4,,,2024-11-11 21:22:00,2024-11-13 21:22:00
ORD_001619,5,,,2024-05-25 10:03:00,2024-05-30 10:03:00
ORD_001620,5,,,2024-01-15 18:02:00,2024-01-20 18:02:00
ORD_001621,5,,,2024-03-06 11:22:00,2024-03-09 11:22:00
ORD_001622,4,,,2024-10-25 00:48:00,2024-10-28 00:48:00
ORD_001623,5,,,2024-11-16 10:24:00,2024-11-18 10:24:00
ORD_001624,4,,,2024-02-19 13:22:00,2024-02-20 13:22:00
ORD_001625,4,,,2024-07-01 13:22:00,2024-07-05 13:22:00
ORD_001626,5,,,2024-01-29 21:15:00,2024-01-30 21:15:00
ORD_001627,4,,,2024-05-06 07:41:00,2024-05-07 07:41:00
ORD_001628,2,,,2024-06-08 18:05:00,2024-06-13 18:05:00
ORD_001629,2,,,2024-12-18 02:55:00,2024-12-22 02:55:00
ORD_001630,3,,,2024-06-05 03:21:00,2024-06-10 03:21:00
ORD_001631,5,,,2024-03-27 00:34:00,2024-04-01 00:34:00
ORD_001632,4,,,2024-06-15 01:29:00,2024-06-16 01:29:00
ORD_001633,5,,,2024-12-02 13:36:00,2024-12-05 13:36:00
ORD_001634,4,,,2024-09-20 13:17:00,2024-09-22 13:17:00
ORD_001635,4,,,2024-01-11 22:30:00,2024-01-12 22:30:00
ORD_001636,4,,,2024-10-28 00:20:00,2024-11-02 00:20:00
ORD_001637,5,,,2024-07-12 18:24:00,2024-07-15 18:24:00
ORD_001638,5,,,2024-06-14 18:06:00,2024-06-19 18:06:00
ORD_001639,5,,,2024-09-07 03:44:00,2024-09-09 03:44:00
ORD_001640,5,,,2024-12-11 06:21:00,2024-12-16 06:21:00
ORD_001641,4,,,2024-09-11 16:51:00,2024-09-13 16:51:00
ORD_001642,5,,,2024-12-07 10:10:00,2024-12-08 10:10:00
ORD_001643,5,,,2024-11-10 09:23:00,2024-11-11 09:23:00
ORD_001644,5,,,2024-08-11 06:31:00,2024-08-14 06:31:00
ORD_001645,1,,,2024-11-21 02:53:00,2024-11-24 02:53:00
ORD_001646,4,,,2024-10-01 06:18:00,2024-10-06 06:18:00
ORD_001647,5,,,2024-05-15 01:19:00,2024-05-17 01:19:00
ORD_001648,5,,,2024-10-20 12:51:00,2024-10-22 12:51:00
ORD_001649,3,,,2024-04-25 19:47:00,2024-04-30 19:47:00
ORD_001650,5,,,2024-02-17 22:54:00,2024-02-20 22:54:00
ORD_001651,5,,,2024-10-23 03:37:00,2024-10-27 03:37:00
ORD_001652,3,,,2024-06-21 08:04:00,2024-06-26 08:04:00
ORD_001653,5,,,2024-10-17 16:30:00,2024-10-22 16:30:00
ORD_001654,2,,,2024-08-06 06:22:00,2024-08-10 06:22:00
ORD_001655,2,,,2024-02-09 20:52:00,2024-02-13 20:52:00
ORD_001656,3,,,2024-06-03 16:51:00,2024-06-04 16:51:00
ORD_001657,2,,,2024-06-02 13:42:00,2024-06-06 13:42:00
ORD_001658,5,,,2024-10-03 10:12:00,2024-10-07 10:12:00
ORD_001659,2,,,2024-07-31 12:16:00,2024-08-01 12:16:00
ORD_001660,4,,,2024-11-15 16:29:00,2024-11-16 16:29:00
ORD_001661,3,,,2024-12-09 17:11:00,2024-12-14 17:11:00
ORD_001662,4,,,2024-01-10 20:45:00,2024-01-13 20:45:00
ORD_001663,2,,,2024-09-21 05:36:00,2024-09-25 05:36:00
ORD_001664,5,,,2024-09-12 06:42:00,2024-09-13 06:42:00
ORD_001665,3,,,2024-08-27 08:59:00,2024-08-28 08:59:00
ORD_001666,5,,,2024-11-22 17:51:00,2024-11-23 17:51:00
ORD_001667,5,,,2024-11-10 13:59:00,2024-11-11 13:59:00
ORD_001668,1,,,2024-10-16 23:40:00,2024-10-21 23:40:00
ORD_001669,5,,,2024-01-31 16:12:00,2024-02-02 16:12:00
ORD_001670,1,,,2024-07-05 14:09:00,2024-07-06 14:09:00
ORD_001671,3,,,2024-05-03 04:47:00,2024-05-07 04:47:00
ORD_001672,1,,,2024-12-16 09:54:00,2024-12-18 09:54:00
ORD_001673,4,,,2024-08-10 13:20:00,2024-08-14 13:20:00
ORD_001674,4,,,2024-02-02 20:13:00,2024-02-07 20:13:00
ORD_001675,5,,,2024-07-30 08:52:00,2024-08-03 08:52:00
ORD_001676,4,,,2024-05-26 20:10:00,2024-05-30 20:10:00
ORD_001677,5,,,2024-05-11 21:38:00,2024-05-14 21:38:00
ORD_001678,3,,,2024-04-30 12:15:00,2024-05-03 12:15:00
ORD_001679,5,,,2024-02-28 04:12:00,2024-03-03 04:12:00
ORD_001680,3,,,2024-01-15 07:51:00,2024-01-16 07:51:00
ORD_001681,3,,,2024-06-07 14:31:00,2024-06-12 14:31:00
ORD_001682,3,,,2024-10-13 13:27:00,2024-10-16 13:27:00
ORD_001683,3,,,2024-11-27 01:12:00,2024-11-30 01:12:00
ORD_001684,4,,,2024-03-22 08:08:00,2024-03-26 08:08:00
ORD_001685,5,,,2024-01-15 08:50:00,2024-01-17 08:50:00
ORD_001686,2,,,2024-05-22 21:35:00,2024-05-27 21:35:00
ORD_001687,5,,,2024-03-31 20:54:00,2024-04-01 20:54:00
ORD_001688,5,,,2024-01-22 23:31:00,2024-01-24 23:31:00
ORD_001689,5,,,2024-01-11 01:55:00,2024-01-14 01:55:00
ORD_001690,3,,,2024-02-12 10:38:00,2024-02-13 10:38:00
ORD_001691,4,,,2024-06-01 02:57:00,2024-06-03 02:57:00
ORD_001692,5,,,2024-07-27 11:42:00,2024-08-01 11:42:00
ORD_001693,5,,,2024-12-02 02:25:00,2024-12-06 02:25:00
ORD_001694,4,,,2024-03-12 07:07:00,2024-03-15 07:07:00
ORD_001695,3,,,2024-10-19 23:32:00,2024-10-20 23:32:00
ORD_001696,4,,,2024-03-02 16:42:00,2024-03-06 16:42:00
ORD_001697,4,,,2024-10-24 16:16:00,2024-10-28 16:16:00
ORD_001698,5,,,2024-09-11 02:15:00,2024-09-15 02:15:00
ORD_001699,3,,,2024-11-03 03:49:00,2024-11-05 03:49:00
ORD_001700,4,,,2024-06-09 10:53:00,2024-06-13 10:53:00
ORD_001701,4,,,2024-10-26 23:24:00,2024-10-28 23:24:00
ORD_001702,4,,,2024-04-30 13:13:00,2024-05-04 13:13:00
ORD_001703,5,,,2024-03-14 03:11:00,2024-03-16 03:11:00
ORD_001704,5,,,2024-04-19 08:28:00,2024-04-22 08:28:00
ORD_001705,4,,,2024-07-28 08:55:00,2024-08-02 08:55:00
ORD_001706,5,,,2024-10-28 01:31:00,2024-10-29 01:31:00
ORD_001707,3,,,2024-09-30 11:44:00,2024-10-04 11:44:00
ORD_001708,3,,,2024-02-27 10:34:00,2024-02-29 10:34:00
ORD_001709,4,,,2024-08-04 15:43:00,2024-08-07 15:43:00
ORD_001710,3,,,2024-05-06 08:56:00,2024-05-11 08:56:00
ORD_001711,3,,,2024-03-15 11:30:00,2024-03-17 11:30:00
ORD_001712,3,,,2024-07-07 09:01:00,2024-07-08 09:01:00
ORD_001713,5,,,2024-11-26 19:02:00,2024-11-28 19:02:00
ORD_001714,3,,,2024-12-05 01:44:00,2024-12-06 01:44:00
ORD_001715,5,,,2024-12-09 07:16:00,2024-12-12 07:16:00
ORD_001716,1,,,2024-10-09 12:19:00,2024-10-10 12:19:00
ORD_001717,5,,,2024-11-23 22:23:00,2024-11-24 22:23:00
ORD_001718,5,,,2024-12-16 03:34:00,2024-12-17 03:34:00
ORD_001719,1,,,2024-05-01 14:24:00,2024-05-06 14:24:00
ORD_001720,5,,,2024-01-05 12:59:00,2024-01-10 12:59:00
ORD_001721,4,,,2024-05-10 09:05:00,2024-05-15 09:05:00
ORD_001722,5,,,2024-04-30 09:13:00,2024-05-01 09:13:00
ORD_001723,4,,,2024-03-23 14:40:00,2024-03-25 14:40:00
ORD_001724,5,,,2024-06-11 20:26:00,2024-06-16 20:26:00
ORD_001725,5,,,2024-01-18 08:55:00,2024-01-23 08:55:00
ORD_001726,4,,,2024-02-11 15:30:00,2024-02-16 15:30:00
ORD_001727,1,,,2024-07-30 10:45:00,2024-08-01 10:45:00
ORD_001728,5,,,2024-08-04 03:52:00,2024-08-07 03:52:00
ORD_001729,4,,,2024-03-23 22:16:00,2024-03-28 22:16:00
ORD_001730,4,,,2024-09-16 02:22:00,2024-09-20 02:22:00
ORD_001731,1,,,2024-08-03 19:46:00,2024-08-04 19:46:00
ORD_001732,4,,,2024-10-07 23:20:00,2024-10-09 23:20:00
ORD_001733,5,,,2024-08-20 22:01:00,2024-08-21 22:01:00
ORD_001734,4,,,2024-01-27 20:41:00,2024-01-28 20:41:00
ORD_001735,4,,,2024-04-04 20:28:00,2024-04-05 20:28:00
ORD_001736,5,,,2024-11-24 04:00:00,2024-11-26 04:00:00
ORD_001737,5,,,2024-07-24 06:40:00,2024-07-27 06:40:00
ORD_001738,4,,,2024-06-05 10:36:00,2024-06-10 10:36:00
ORD_001739,4,,,2024-02-12 03:10:00,2024-02-13 03:10:00
ORD_001740,5,,,2024-05-07 16:45:00,2024-05-11 16:45:00
ORD_001741,5,,,2024-11-28 04:54:00,2024-12-02 04:54:00
ORD_001742,3,,,2024-10-31 21:26:00,2024-11-01 21:26:00
ORD_001743,2,,,2024-06-12 14:30:00,2024-06-13 14:30:00
ORD_001744,4,,,2024-03-09 08:11:00,2024-03-14 08:11:00
ORD_001745,3,,,2024-12-17 18:52:00,2024-12-18 18:52:00
ORD_001746,4,,,2024-06-16 09:12:00,2024-06-18 09:12:00
ORD_001747,5,,,2024-02-13 13:23:00,2024-02-14 13:23:00
ORD_001748,2,,,2024-04-03 12:56:00,2024-04-06 12:56:00
ORD_001749,5,,,2024-07-12 18:14:00,2024-07-15 18:14:00
ORD_001750,4,,,2024-01-11 00:59:00,2024-01-16 00:59:00
ORD_001751,5,,,2024-10-12 20:39:00,2024-10-14 20:39:00
ORD_001752,5,,,2024-11-16 07:58:00,2024-11-21 07:58:00
ORD_001753,1,,,2024-02-15 14:12:00,2024-02-19 14:12:00
ORD_001754,4,,,2024-05-14 22:54:00,2024-05-19 22:54:00
ORD_001755,3,,,2024-03-27 01:25:00,2024-03-30 01:25:00
ORD_001756,5,,,2024-11-12 13:38:00,2024-11-17 13:38:00
ORD_001757,5,,,2024-05-13 04:05:00,2024-05-17 04:05:00
ORD_001758,4,,,2024-07-07 05:36:00,2024-07-09 05:36:00
ORD_001759,4,,,2024-03-01 00:45:00,2024-03-06 00:45:00
ORD_001760,4,,,2024-09-26 13:49:00,2024-09-29 13:49:00
ORD_001761,5,,,2024-08-20 21:31:00,2024-08-23 21:31:00
ORD_001762,4,,,2024-03-01 07:45:00,2024-03-03 07:45:00
ORD_001763,4,,,2024-04-14 06:55:00,2024-04-17 06:55:00
ORD_001764,4,,,2024-05-16 09:47:00,2024-05-19 09:47:00
ORD_001765,2,,,2024-09-10 12:08:00,2024-09-14 12:08:00
ORD_001766,5,,,2024-08-08 06:38:00,2024-08-13 06:38:00
ORD_001767,1,,,2024-04-20 09:46:00,2024-04-21 09:46:00
ORD_001768,5,,,2024-12-12 06:26:00,2024-12-17 06:26:00
ORD_001769,3,,,2024-04-02 13:50:00,2024-04-06 13:50:00
ORD_001770,3,,,2024-03-15 00:18:00,2024-03-19 00:18:00
ORD_001771,5,,,2024-05-14 07:39:00,2024-05-16 07:39:00
ORD_001772,5,,,2024-08-18 07:23:00,2024-08-20 07:23:00
ORD_001773,5,,,2024-10-25 21:41:00,2024-10-26 21:41:00
ORD_001774,3,,,2024-08-22 02:00:00,2024-08-23 02:00:00
ORD_001775,3,,,2024-08-28 04:55:00,2024-08-30 04:55:00
ORD_001776,5,,,2024-06-14 22:25:00,2024-06-18 22:25:00
ORD_001777,4,,,2024-12-17 06:45:00,2024-12-19 06:45:00
ORD_001778,3,,,2024-07-15 22:27:00,2024-07-19 22:27:00
ORD_001779,5,,,2024-11-01 08:04:00,2024-11-03 08:04:00
ORD_001780,5,,,2024-02-18 17:03:00,2024-02-22 17:03:00
ORD_001781,5,,,2024-01-27 10:59:00,2024-01-30 10:59:00
ORD_001782,5,,,2024-04-30 15:58:00,2024-05-04 15:58:00
ORD_001783,5,,,2024-06-30 19:42:00,2024-07-01 19:42:00
ORD_001784,2,,,2024-11-02 22:47:00,2024-11-07 22:47:00
ORD_001785,3,,,2024-01-24 00:16:00,2024-01-25 00:16:00
ORD_001786,4,,,2024-09-15 19:24:00,2024-09-18 19:24:00
ORD_001787,4,,,2024-06-03 12:42:00,2024-06-04 12:42:00
ORD_001788,4,,,2024-07-08 04:57:00,2024-07-13 04:57:00
ORD_001789,4,,,2024-10-13 01:37:00,2024-10-14 01:37:00
ORD_001790,4,,,2024-04-01 08:10:00,2024-04-05 08:10:00
ORD_001791,4,,,2024-09-14 15:59:00,2024-09-18 15:59:00
ORD_001792,1,,,2024-06-22 14:08:00,2024-06-27 14:08:00
ORD_001793,4,,,2024-02-15 10:45:00,2024-02-17 10:45:00
ORD_001794,4,,,2024-09-28 13:09:00,2024-09-30 13:09:00
ORD_001795,5,,,2024-05-13 03:20:00,2024-05-17 03:20:00
ORD_001796,3,,,2024-01-23 04:31:00,2024-01-28 04:31:00
ORD_001797,4,,,2024-05-23 23:23:00,2024-05-25 23:23:00
ORD_001798,5,,,2024-08-08 09:57:00,2024-08-12 09:57:00
ORD_001799,4,,,2024-05-14 19:53:00,2024-05-15 19:53:00
ORD_001800,1,,,2024-05-15 16:20:00,2024-05-18 16:20:00
ORD_001801,4,,,2024-08-11 05:20:00,2024-08-14 05:20:00
ORD_001802,4,,,2024-09-08 04:35:00,2024-09-12 04:35:00
ORD_001803,5,,,2024-12-02 20:51:00,2024-12-05 20:51:00
ORD_001804,3,,,2024-08-13 01:12:00,2024-08-16 01:12:00
ORD_001805,5,,,2024-03-17 01:14:00,2024-03-20 01:14:00
ORD_001806,2,,,2024-04-03 01:30:00,2024-04-07 01:30:00
ORD_001807,4,,,2024-05-13 05:45:00,2024-05-16 05:45:00
ORD_001808,4,,,2024-08-27 13:07:00,2024-08-29 13:07:00
ORD_001809,4,,,2024-09-10 01:28:00,2024-09-11 01:28:00
ORD_001810,4,,,2024-07-01 22:35:00,2024-07-02 22:35:00
ORD_001811,3,,,2024-09-05 14:31:00,2024-09-06 14:31:00
ORD_001812,4,,,2024-02-27 23:55:00,2024-02-29 23:55:00
ORD_001813,5,,,2024-03-16 03:22:00,2024-03-20 03:22:00
ORD_001814,4,,,2024-02-17 06:55:00,2024-02-21 06:55:00
ORD_001815,5,,,2024-05-25 05:53:00,2024-05-30 05:53:00
ORD_001816,5,,,2024-03-27 23:32:00,2024-04-01 23:32:00
ORD_001817,4,,,2024-05-19 18:57:00,2024-05-23 18:57:00
ORD_001818,1,,,2024-12-05 18:13:00,2024-12-08 18:13:00
ORD_001819,4,,,2024-10-25 00:33:00,2024-10-27 00:33:00
ORD_001820,5,,,2024-10-19 05:26:00,2024-10-23 05:26:00
ORD_001821,4,,,2024-02-09 07:49:00,2024-02-12 07:49:00
ORD_001822,5,,,2024-09-12 21:06:00,2024-09-16 21:06:00
ORD_001823,4,,,2024-06-17 00:18:00,2024-06-18 00:18:00
ORD_001824,5,,,2024-12-14 21:07:00,2024-12-17 21:07:00
ORD_001825,2,,,2024-07-20 11:37:00,2024-07-25 11:37:00
ORD_001826,5,,,2024-02-24 10:09:00,2024-02-29 10:09:00
ORD_001827,4,,,2024-01-15 02:29:00,2024-01-16 02:29:00
ORD_001828,4,,,2024-12-28 21:30:00,2024-12-30 21:30:00
ORD_001829,4,,,2024-08-20 20:17:00,2024-08-23 20:17:00
ORD_001830,4,,,2024-10-31 21:00:00,2024-11-03 21:00:00
ORD_001831,5,,,2024-06-17 01:41:00,2024-06-19 01:41:00
ORD_001832,3,,,2024-11-14 14:20:00,2024-11-19 14:20:00
ORD_001833,3,,,2024-10-18 04:13:00,2024-10-19 04:13:00
ORD_001834,4,,,2024-01-25 20:18:00,2024-01-29 20:18:00
ORD_001835,4,,,2024-06-14 01:47:00,2024-06-17 01:47:00
ORD_001836,4,,,2024-02-06 17:38:00,2024-02-08 17:38:00
ORD_001837,5,,,2024-07-14 02:25:00,2024-07-19 02:25:00
ORD_001838,4,,,2024-05-10 05:15:00,2024-05-14 05:15:00
ORD_001839,5,,,2024-07-23 02:01:00,2024-07-28 02:01:00
ORD_001840,4,,,2024-04-16 05:24:00,2024-04-19 05:24:00
ORD_001841,3,,,2024-07-25 09:41:00,2024-07-28 09:41:00
ORD_001842,5,,,2024-11-30 04:07:00,2024-12-04 04:07:00
ORD_001843,5,,,2024-06-01 15:51:00,2024-06-04 15:51:00
ORD_001844,4,,,2024-08-09 23:51:00,2024-08-10 23:51:00
ORD_001845,5,,,2024-06-07 21:38:00,2024-06-08 21:38:00
ORD_001846,3,,,2024-03-08 11:42:00,2024-03-11 11:42:00
ORD_001847,4,,,2024-02-19 11:32:00,2024-02-24 11:32:00
ORD_001848,5,,,2024-04-12 15:28:00,2024-04-16 15:28:00
ORD_001849,3,,,2024-07-17 15:17:00,2024-07-21 15:17:00
ORD_001850,4,,,2024-10-15 19:27:00,2024-10-20 19:27:00
ORD_001851,5,,,2024-02-16 13:51:00,2024-02-19 13:51:00
ORD_001852,5,,,2024-07-07 19:11:00,2024-07-12 19:11:00
ORD_001853,4,,,2024-08-10 20:27:00,2024-08-12 20:27:00
ORD_001854,4,,,2024-02-17 01:32:00,2024-02-21 01:32:00
ORD_001855,4,,,2024-06-23 14:43:00,2024-06-25 14:43:00
ORD_001856,5,,,2024-04-24 20:43:00,2024-04-27 20:43:00
ORD_001857,5,,,2024-03-20 15:33:00,2024-03-23 15:33:00
ORD_001858,3,,,2024-11-18 20:33:00,2024-11-21 20:33:00
ORD_001859,4,,,2024-02-12 09:29:00,2024-02-14 09:29:00
ORD_001860,4,,,2024-08-11 02:58:00,2024-08-16 02:58:00
ORD_001861,5,,,2024-09-01 09:09:00,2024-09-03 09:09:00
ORD_001862,5,,,2024-03-06 21:57:00,2024-03-08 21:57:00
ORD_001863,5,,,2024-06-02 07:33:00,2024-06-05 07:33:00
ORD_001864,5,,,2024-08-06 09:36:00,2024-08-07 09:36:00
ORD_001865,2,,,2024-01-25 17:04:00,2024-01-27 17:04:00
ORD_001866,3,,,2024-01-24 16:06:00,2024-01-26 16:06:00
ORD_001867,4,,,2024-09-18 13:26:00,2024-09-19 13:26:00
ORD_001868,4,,,2024-02-18 14:42:00,2024-02-23 14:42:00
ORD_001869,1,,,2024-10-18 08:22:00,2024-10-23 08:22:00
ORD_001870,2,,,2024-05-10 18:05:00,2024-05-11 18:05:00
ORD_001871,5,,,2024-09-14 00:07:00,2024-09-16 00:07:00
ORD_001872,5,,,2024-12-04 14:11:00,2024-12-06 14:11:00
ORD_001873,4,,,2024-04-03 12:02:00,2024-04-08 12:02:00
ORD_001874,4,,,2024-02-12 13:56:00,2024-02-15 13:56:00
ORD_001875,4,,,2024-12-26 09:20:00,2024-12-28 09:20:00
ORD_001876,5,,,2024-10-27 23:29:00,2024-11-01 23:29:00
ORD_001877,5,,,2024-12-09 14:39:00,2024-12-13 14:39:00
ORD_001878,4,,,2024-05-15 10:58:00,2024-05-16 10:58:00
ORD_001879,3,,,2024-04-05 06:11:00,2024-04-08 06:11:00
ORD_001880,2,,,2024-02-10 23:38:00,2024-02-11 23:38:00
ORD_001881,2,,,2024-05-12 21:06:00,2024-05-13 21:06:00
ORD_001882,4,,,2024-08-10 17:01:00,2024-08-11 17:01:00
ORD_001883,5,,,2024-01-03 12:07:00,2024-01-05 12:07:00
ORD_001884,5,,,2024-01-07 05:41:00,2024-01-09 05:41:00
ORD_001885,4,,,2024-09-01 14:44:00,2024-09-06 14:44:00
ORD_001886,5,,,2024-07-26 21:47:00,2024-07-29 21:47:00
ORD_001887,5,,,2024-11-04 23:31:00,2024-11-05 23:31:00
ORD_001888,4,,,2024-06-04 19:52:00,2024-06-07 19:52:00
ORD_001889,4,,,2024-11-11 11:44:00,2024-11-13 11:44:00
ORD_001890,5,,,2024-12-10 22:43:00,2024-12-15 22:43:00
ORD_001891,4,,,2024-07-21 09:05:00,2024-07-22 09:05:00
ORD_001892,5,,,2024-03-05 04:00:00,2024-03-06 04:00:00
ORD_001893,5,,,2024-04-07 03:52:00,2024-04-12 03:52:00
ORD_001894,5,,,2024-01-09 22:12:00,2024-01-12 22:12:00
ORD_001895,5,,,2024-01-14 06:30:00,2024-01-15 06:30:00
ORD_001896,5,,,2024-11-28 04:41:00,2024-11-29 04:41:00
ORD_001897,5,,,2024-05-03 13:53:00,2024-05-07 13:53:00
ORD_001898,4,,,2024-11-16 17:12:00,2024-11-20 17:12:00
ORD_001899,2,,,2024-02-14 09:49:00,2024-02-17 09:49:00
ORD_001900,4,,,2024-08-25 04:30:00,2024-08-30 04:30:00
ORD_001901,5,,,2024-08-04 00:07:00,2024-08-05 00:07:00
ORD_001902,3,,,2024-03-26 04:47:00,2024-03-31 04:47:00
ORD_001903,1,,,2024-12-25 14:31:00,2024-12-27 14:31:00
ORD_001904,3,,,2024-08-29 00:55:00,2024-09-03 00:55:00
ORD_001905,5,,,2024-08-18 18:15:00,2024-08-20 18:15:00
ORD_001906,5,,,2024-04-13 09:36:00,2024-04-15 09:36:00
ORD_001907,5,,,2024-07-19 01:21:00,2024-07-22 01:21:00
ORD_001908,4,,,2024-01-05 03:40:00,2024-01-10 03:40:00
ORD_001909,5,,,2024-08-09 13:54:00,2024-08-12 13:54:00
ORD_001910,5,,,2024-09-10 23:37:00,2024-09-11 23:37:00
ORD_001911,4,,,2024-11-01 23:35:00,2024-11-02 23:35:00
ORD_001912,4,,,2024-05-28 01:31:00,2024-05-29 01:31:00
ORD_001913,3,,,2024-07-23 15:32:00,2024-07-28 15:32:00
ORD_001914,5,,,2024-10-29 23:39:00,2024-11-02 23:39:00
ORD_001915,4,,,2024-12-13 15:14:00,2024-12-17 15:14:00
ORD_001916,4,,,2024-02-01 16:01:00,2024-02-02 16:01:00
ORD_001917,5,,,2024-08-04 18:20:00,2024-08-06 18:20:00
ORD_001918,4,,,2024-10-10 02:17:00,2024-10-13 02:17:00
ORD_001919,4,,,2024-11-27 13:56:00,2024-12-02 13:56:00
ORD_001920,5,,,2024-08-30 03:31:00,2024-08-31 03:31:00
ORD_001921,1,,,2024-11-14 20:22:00,2024-11-15 20:22:00
ORD_001922,5,,,2024-08-17 22:27:00,2024-08-21 22:27:00
ORD_001923,4,,,2024-01-11 05:18:00,2024-01-16 05:18:00
ORD_001924,5,,,2024-04-08 15:22:00,2024-04-13 15:22:00
ORD_001925,5,,,2024-08-12 07:32:00,2024-08-14 07:32:00
ORD_001926,4,,,2024-04-22 18:58:00,2024-04-25 18:58:00
ORD_001927,4,,,2024-12-16 10:58:00,2024-12-20 10:58:00
ORD_001928,5,,,2024-11-04 22:42:00,2024-11-09 22:42:00
ORD_001929,5,,,2024-08-27 04:56:00,2024-08-31 04:56:00
ORD_001930,5,,,2024-05-30 23:45:00,2024-06-03 23:45:00
ORD_001931,5,,,2024-07-18 13:53:00,2024-07-22 13:53:00
ORD_001932,3,,,2024-12-10 20:47:00,2024-12-12 20:47:00
ORD_001933,4,,,2024-07-03 15:51:00,2024-07-08 15:51:00
ORD_001934,5,,,2024-03-23 19:13:00,2024-03-27 19:13:00
ORD_001935,4,,,2024-05-24 22:47:00,2024-05-27 22:47:00
ORD_001936,3,,,2024-02-14 21:30:00,2024-02-18 21:30:00
ORD_001937,4,,,2024-03-07 05:12:00,2024-03-11 05:12:00
ORD_001938,3,,,2024-03-21 19:31:00,2024-03-26 19:31:00
ORD_001939,3,,,2024-02-21 13:31:00,2024-02-23 13:31:00
ORD_001940,5,,,2024-06-04 07:13:00,2024-06-05 07:13:00
ORD_001941,4,,,2024-10-12 01:01:00,2024-10-16 01:01:00
ORD_001942,4,,,2024-07-02 08:22:00,2024-07-04 08:22:00
ORD_001943,5,,,2024-12-12 05:11:00,2024-12-13 05:11:00
ORD_001944,5,,,2024-09-14 01:51:00,2024-09-18 01:51:00
ORD_001945,4,,,2024-02-02 10:27:00,2024-02-07 10:27:00
ORD_001946,4,,,2024-02-28 19:14:00,2024-03-01 19:14:00
ORD_001947,5,,,2024-03-02 17:14:00,2024-03-03 17:14:00
ORD_001948,5,,,2024-09-06 08:21:00,2024-09-11 08:21:00
ORD_001949,5,,,2024-06-30 01:49:00,2024-07-02 01:49:00
ORD_001950,5,,,2024-10-12 08:57:00,2024-10-16 08:57:00
ORD_001951,5,,,2024-03-18 22:55:00,2024-03-23 22:55:00
ORD_001952,4,,,2024-09-20 19:42:00,2024-09-21 19:42:00
ORD_001953,5,,,2024-02-23 22:03:00,2024-02-24 22:03:00
ORD_001954,4,,,2024-08-12 14:53:00,2024-08-16 14:53:00
ORD_001955,5,,,2024-02-26 03:50:00,2024-03-02 03:50:00
ORD_001956,5,,,2024-11-08 19:50:00,2024-11-11 19:50:00
ORD_001957,2,,,2024-02-22 17:02:00,2024-02-26 17:02:00
ORD_001958,4,,,2024-09-16 03:10:00,2024-09-19 03:10:00
ORD_001959,4,,,2024-11-18 03:55:00,2024-11-20 03:55:00
ORD_001960,4,,,2024-04-15 11:10:00,2024-04-20 11:10:00
ORD_001961,5,,,2024-05-29 22:28:00,2024-06-02 22:28:00
ORD_001962,4,,,2024-09-16 15:46:00,2024-09-18 15:46:00
ORD_001963,5,,,2024-02-20 04:41:00,2024-02-23 04:41:00
ORD_001964,2,,,2024-07-05 10:52:00,2024-07-08 10:52:00
ORD_001965,5,,,2024-03-11 03:54:00,2024-03-15 03:54:00
ORD_001966,5,,,2024-04-13 14:26:00,2024-04-17 14:26:00
ORD_001967,5,,,2024-01-04 07:53:00,2024-01-06 07:53:00
ORD_001968,4,,,2024-08-30 10:18:00,2024-09-02 10:18:00
ORD_001969,5,,,2024-09-15 05:05:00,2024-09-20 05:05:00
ORD_001970,4,,,2024-05-16 11:45:00,2024-05-20 11:45:00
ORD_001971,1,,,2024-07-31 11:40:00,2024-08-02 11:40:00
ORD_001972,4,,,2024-12-06 07:09:00,2024-12-07 07:09:00
ORD_001973,1,,,2024-09-28 13:50:00,2024-09-29 13:50:00
ORD_001974,5,,,2024-04-26 04:51:00,2024-04-27 04:51:00
ORD_001975,3,,,2024-08-07 13:58:00,2024-08-09 13:58:00
ORD_001976,5,,,2024-07-28 14:54:00,2024-07-31 14:54:00
ORD_001977,5,,,2024-09-21 21:23:00,2024-09-24 21:23:00
ORD_001978,3,,,2024-01-16 14:09:00,2024-01-21 14:09:00
ORD_001979,5,,,2024-01-06 22:51:00,2024-01-08 22:51:00
ORD_001980,1,,,2024-09-21 02:05:00,2024-09-24 02:05:00
ORD_001981,4,,,2024-06-22 10:25:00,2024-06-27 10:25:00
ORD_001982,1,,,2024-03-25 13:03:00,2024-03-29 13:03:00
ORD_001983,5,,,2024-07-20 01:42:00,2024-07-24 01:42:00
ORD_001984,5,,,2024-11-24 04:57:00,2024-11-27 04:57:00
ORD_001985,3,,,2024-10-21 01:40:00,2024-10-24 01:40:00
ORD_001986,3,,,2024-12-04 16:18:00,2024-12-08 16:18:00
ORD_001987,5,,,2024-08-02 12:56:00,2024-08-05 12:56:00
ORD_001988,4,,,2024-12-14 22:35:00,2024-12-17 22:35:00
ORD_001989,5,,,2024-06-04 23:47:00,2024-06-06 23:47:00
ORD_001990,4,,,2024-06-09 11:00:00,2024-06-10 11:00:00
ORD_001991,4,,,2024-05-23 16:39:00,2024-05-25 16:39:00
ORD_001992,5,,,2024-03-16 22:25:00,2024-03-18 22:25:00
ORD_001993,4,,,2024-08-16 20:13:00,2024-08-21 20:13:00
ORD_001994,5,,,2024-10-05 19:50:00,2024-10-06 19:50:00
ORD_001995,5,,,2024-11-12 20:28:00,2024-11-15 20:28:00
ORD_001996,3,,,2024-12-23 11:56:00,2024-12-27 11:56:00
ORD_001997,1,,,2024-11-28 12:49:00,2024-11-29 12:49:00
ORD_001998,5,,,2024-04-11 09:05:00,2024-04-13 09:05:00
ORD_001999,5,,,2024-01-19 17:21:00,2024-01-23 17:21:00
ORD_002000,2,,,2024-07-18 23:46:00,2024-07-23 23:46:00
ORD_002001,5,,,2024-03-05 16:34:00,2024-03-07 16:34:00
ORD_002002,4,,,2024-05-25 06:05:00,2024-05-27 06:05:00
ORD_002003,4,,,2024-09-18 17:19:00,2024-09-20 17:19:00
ORD_002004,5,,,2024-09-23 10:48:00,2024-09-25 10:48:00
ORD_002005,3,,,2024-11-21 05:01:00,2024-11-26 05:01:00
ORD_002006,5,,,2024-01-15 17:37:00,2024-01-16 17:37:00
ORD_002007,3,,,2024-05-12 07:53:00,2024-05-15 07:53:00
ORD_002008,5,,,2024-06-04 23:27:00,2024-06-08 23:27:00
ORD_002009,3,,,2024-09-15 03:46:00,2024-09-16 03:46:00
ORD_002010,4,,,2024-01-31 11:16:00,2024-02-05 11:16:00
ORD_002011,5,,,2024-11-17 16:22:00,2024-11-20 16:22:00
ORD_002012,3,,,2024-03-04 01:48:00,2024-03-08 01:48:00
ORD_002013,4,,,2024-11-29 03:28:00,2024-12-03 03:28:00
ORD_002014,4,,,2024-06-01 18:47:00,2024-06-04 18:47:00
ORD_002015,2,,,2024-01-03 14:21:00,2024-01-04 14:21:00
ORD_002016,5,,,2024-04-30 23:37:00,2024-05-04 23:37:00
ORD_002017,4,,,2024-10-16 22:57:00,2024-10-18 22:57:00
ORD_002018,4,,,2024-11-17 21:34:00,2024-11-20 21:34:00
ORD_002019,4,,,2024-10-31 07:22:00,2024-11-05 07:22:00
ORD_002020,4,,,2024-06-02 09:42:00,2024-06-03 09:42:00
ORD_002021,3,,,2024-10-20 21:08:00,2024-10-21 21:08:00
ORD_002022,4,,,2024-07-12 16:47:00,2024-07-17 16:47:00
ORD_002023,4,,,2024-05-06 03:20:00,2024-05-10 03:20:00
ORD_002024,5,,,2024-09-21 18:12:00,2024-09-26 18:12:00
ORD_002025,5,,,2024-07-03 14:06:00,2024-07-08 14:06:00
ORD_002026,4,,,2024-03-16 22:27:00,2024-03-21 22:27:00
ORD_002027,2,,,2024-07-29 02:05:00,2024-08-02 02:05:00
ORD_002028,3,,,2024-02-01 13:56:00,2024-02-02 13:56:00
ORD_002029,3,,,2024-03-07 15:13:00,2024-03-11 15:13:00
ORD_002030,3,,,2024-08-16 02:23:00,2024-08-21 02:23:00
ORD_002031,4,,,2024-12-12 16:25:00,2024-12-13 16:25:00
ORD_002032,3,,,2024-10-28 17:33:00,2024-11-02 17:33:00
ORD_002033,3,,,2024-07-21 08:37:00,2024-07-24 08:37:00
ORD_002034,2,,,2024-09-12 20:27:00,2024-09-17 20:27:00
ORD_002035,1,,,2024-08-13 22:59:00,2024-08-14 22:59:00
ORD_002036,3,,,2024-09-07 23:26:00,2024-09-10 23:26:00
ORD_002037,3,,,2024-03-24 04:32:00,2024-03-26 04:32:00
ORD_002038,4,,,2024-03-06 15:45:00,2024-03-10 15:45:00
ORD_002039,4,,,2024-08-22 04:45:00,2024-08-26 04:45:00
ORD_002040,3,,,2024-09-19 16:07:00,2024-09-20 16:07:00
ORD_002041,4,,,2024-12-21 06:29:00,2024-12-22 06:29:00
ORD_002042,4,,,2024-08-30 01:47:00,2024-09-02 01:47:00
ORD_002043,3,,,2024-03-21 17:23:00,2024-03-23 17:23:00
ORD_002044,1,,,2024-03-01 19:54:00,2024-03-05 19:54:00
ORD_002045,4,,,2024-07-28 03:07:00,2024-07-31 03:07:00
ORD_002046,5,,,2024-07-08 18:18:00,2024-07-09 18:18:00
ORD_002047,3,,,2024-01-21 16:09:00,2024-01-25 16:09:00
ORD_002048,3,,,2024-03-01 11:19:00,2024-03-03 11:19:00
ORD_002049,5,,,2024-07-10 09:18:00,2024-07-14 09:18:00
ORD_002050,4,,,2024-09-05 00:50:00,2024-09-06 00:50:00
ORD_002051,3,,,2024-03-14 04:50:00,2024-03-16 04:50:00
ORD_002052,5,,,2024-10-28 13:03:00,2024-10-30 13:03:00
ORD_002053,5,,,2024-06-05 09:13:00,2024-06-06 09:13:00
ORD_002054,4,,,2024-04-03 23:31:00,2024-04-06 23:31:00
ORD_002055,4,,,2024-01-02 03:35:00,2024-01-03 03:35:00
ORD_002056,3,,,2024-06-27 02:55:00,2024-07-01 02:55:00
ORD_002057,2,,,2024-01-23 13:30:00,2024-01-25 13:30:00
ORD_002058,4,,,2024-10-20 09:36:00,2024-10-22 09:36:00
ORD_002059,2,,,2024-08-19 10:50:00,2024-08-21 10:50:00
ORD_002060,4,,,2024-07-12 15:53:00,2024-07-14 15:53:00
ORD_002061,5,,,2024-11-06 04:48:00,2024-11-10 04:48:00
ORD_002062,5,,,2024-03-11 16:40:00,2024-03-13 16:40:00
ORD_002063,3,,,2024-08-23 14:42:00,2024-08-28 14:42:00
ORD_002064,5,,,2024-08-17 04:55:00,2024-08-18 04:55:00
ORD_002065,4,,,2024-06-15 02:51:00,2024-06-20 02:51:00
ORD_002066,5,,,2024-11-15 21:39:00,2024-11-19 21:39:00
ORD_002067,4,,,2024-07-28 12:14:00,2024-08-02 12:14:00
ORD_002068,1,,,2024-07-21 10:34:00,2024-07-26 10:34:00
ORD_002069,3,,,2024-01-24 21:56:00,2024-01-25 21:56:00
ORD_002070,4,,,2024-08-14 23:17:00,2024-08-15 23:17:00
ORD_002071,4,,,2024-11-26 02:55:00,2024-11-27 02:55:00
ORD_002072,5,,,2024-03-25 22:01:00,2024-03-27 22:01:00
ORD_002073,5,,,2024-10-19 20:50:00,2024-10-20 20:50:00
ORD_002074,4,,,2024-12-28 09:35:00,2025-01-01 09:35:00
ORD_002075,4,,,2024-11-26 03:41:00,2024-11-28 03:41:00
ORD_002076,2,,,2024-10-13 02:12:00,2024-10-17 02:12:00
ORD_002077,5,,,2024-11-12 17:36:00,2024-11-16 17:36:00
ORD_002078,5,,,2024-01-28 18:33:00,2024-01-29 18:33:00
ORD_002079,5,,,2024-04-06 15:32:00,2024-04-11 15:32:00
ORD_002080,5,,,2024-01-10 03:42:00,2024-01-14 03:42:00
ORD_002081,3,,,2024-09-29 05:01:00,2024-10-03 05:01:00
ORD_002082,1,,,2024-05-20 06:15:00,2024-05-21 06:15:00
ORD_002083,4,,,2024-12-27 18:28:00,2025-01-01 18:28:00
ORD_002084,5,,,2024-02-13 17:38:00,2024-02-17 17:38:00
ORD_002085,3,,,2024-06-13 12:37:00,2024-06-18 12:37:00
ORD_002086,1,,,2024-01-24 15:55:00,2024-01-28 15:55:00
ORD_002087,5,,,2024-01-12 10:27:00,2024-01-17 10:27:00
ORD_002088,2,,,2024-04-02 13:01:00,2024-04-06 13:01:00
ORD_002089,4,,,2024-09-27 10:24:00,2024-10-02 10:24:00
ORD_002090,5,,,2024-05-11 02:07:00,2024-05-12 02:07:00
ORD_002091,3,,,2024-02-20 17:10:00,2024-02-24 17:10:00
ORD_002092,2,,,2024-05-26 04:11:00,2024-05-28 04:11:00
ORD_002093,5,,,2024-05-10 02:09:00,2024-05-14 02:09:00
ORD_002094,5,,,2024-06-06 13:43:00,2024-06-10 13:43:00
ORD_002095,5,,,2024-03-27 01:39:00,2024-03-31 01:39:00
ORD_002096,4,,,2024-06-15 05:01:00,2024-06-16 05:01:00
ORD_002097,2,,,2024-01-30 09:24:00,2024-02-02 09:24:00
ORD_002098,5,,,2024-02-20 10:09:00,2024-02-21 10:09:00
ORD_002099,4,,,2024-07-30 10:16:00,2024-08-03 10:16:00
ORD_002100,3,,,2024-07-11 03:03:00,2024-07-16 03:03:00
ORD_002101,5,,,2024-04-13 07:48:00,2024-04-15 07:48:00
ORD_002102,3,,,2024-11-01 18:15:00,2024-11-05 18:15:00
ORD_002103,4,,,2024-09-09 16:48:00,2024-09-12 16:48:00
ORD_002104,2,,,2024-09-15 12:07:00,2024-09-20 12:07:00
ORD_002105,4,,,2024-05-17 01:20:00,2024-05-21 01:20:00
ORD_002106,4,,,2024-08-25 17:26:00,2024-08-26 17:26:00
ORD_002107,4,,,2024-02-03 15:01:00,2024-02-04 15:01:00
ORD_002108,5,,,2024-07-27 20:14:00,2024-07-31 20:14:00
ORD_002109,5,,,2024-01-10 08:35:00,2024-01-12 08:35:00
ORD_002110,3,,,2024-10-27 21:06:00,2024-10-29 21:06:00
ORD_002111,2,,,2024-05-06 17:41:00,2024-05-07 17:41:00
ORD_002112,1,,,2024-03-05 09:36:00,2024-03-07 09:36:00
ORD_002113,3,,,2024-07-27 14:05:00,2024-07-31 14:05:00
ORD_002114,5,,,2024-11-21 16:13:00,2024-11-22 16:13:00
ORD_002115,5,,,2024-03-13 11:34:00,2024-03-15 11:34:00
ORD_002116,5,,,2024-03-27 07:34:00,2024-03-28 07:34:00
ORD_002117,3,,,2024-08-04 17:28:00,2024-08-07 17:28:00
ORD_002118,4,,,2024-01-22 00:52:00,2024-01-23 00:52:00
ORD_002119,4,,,2024-08-25 19:18:00,2024-08-30 19:18:00
ORD_002120,2,,,2024-11-30 05:00:00,2024-12-04 05:00:00
ORD_002121,5,,,2024-01-31 15:17:00,2024-02-01 15:17:00
ORD_002122,5,,,2024-11-02 08:53:00,2024-11-07 08:53:00
ORD_002123,4,,,2024-12-14 12:22:00,2024-12-18 12:22:00
ORD_002124,5,,,2024-11-19 06:37:00,2024-11-21 06:37:00
ORD_002125,4,,,2024-09-18 09:02:00,2024-09-22 09:02:00
ORD_002126,3,,,2024-03-23 23:34:00,2024-03-25 23:34:00
ORD_002127,4,,,2024-10-15 02:19:00,2024-10-16 02:19:00
ORD_002128,4,,,2024-02-15 12:44:00,2024-02-19 12:44:00
ORD_002129,1,,,2024-03-03 04:46:00,2024-03-07 04:46:00
ORD_002130,5,,,2024-10-11 08:56:00,2024-10-13 08:56:00
ORD_002131,5,,,2024-08-09 06:39:00,2024-08-12 06:39:00
ORD_002132,4,,,2024-09-15 10:56:00,2024-09-20 10:56:00
ORD_002133,4,,,2024-12-15 10:40:00,2024-12-20 10:40:00
ORD_002134,5,,,2024-05-13 22:28:00,2024-05-15 22:28:00
ORD_002135,5,,,2024-05-19 07:42:00,2024-05-24 07:42:00
ORD_002136,5,,,2024-06-13 10:13:00,2024-06-16 10:13:00
ORD_002137,3,,,2024-08-23 19:21:00,2024-08-25 19:21:00
ORD_002138,5,,,2024-01-09 22:08:00,2024-01-13 22:08:00
ORD_002139,3,,,2024-11-26 00:38:00,2024-11-30 00:38:00
ORD_002140,5,,,2024-08-31 00:57:00,2024-09-05 00:57:00
ORD_002141,1,,,2024-01-05 21:11:00,2024-01-09 21:11:00
ORD_002142,5,,,2024-07-30 17:57:00,2024-07-31 17:57:00
ORD_002143,4,,,2024-12-22 22:31:00,2024-12-26 22:31:00
ORD_002144,4,,,2024-07-20 17:05:00,2024-07-25 17:05:00
ORD_002145,4,,,2024-11-28 20:04:00,2024-12-01 20:04:00
ORD_002146,3,,,2024-10-02 00:57:00,2024-10-03 00:57:00
ORD_002147,5,,,2024-12-09 14:43:00,2024-12-12 14:43:00
ORD_002148,5,,,2024-03-04 11:52:00,2024-03-07 11:52:00
ORD_002149,5,,,2024-07-11 19:22:00,2024-07-16 19:22:00
ORD_002150,3,,,2024-07-17 05:53:00,2024-07-20 05:53:00
ORD_002151,5,,,2024-12-22 00:07:00,2024-12-23 00:07:00
ORD_002152,5,,,2024-08-24 11:59:00,2024-08-26 11:59:00
ORD_002153,4,,,2024-04-08 14:00:00,2024-04-09 14:00:00
ORD_002154,1,,,2024-04-23 23:01:00,2024-04-27 23:01:00
ORD_002155,5,,,2024-05-23 21:58:00,2024-05-24 21:58:00
ORD_002156,5,,,2024-12-29 11:12:00,2024-12-31 11:12:00
ORD_002157,5,,,2024-02-16 19:40:00,2024-02-20 19:40:00
ORD_002158,4,,,2024-06-04 22:14:00,2024-06-09 22:14:00
ORD_002159,4,,,2024-04-29 15:23:00,2024-05-03 15:23:00
ORD_002160,3,,,2024-01-19 08:31:00,2024-01-21 08:31:00
ORD_002161,5,,,2024-12-26 22:38:00,2024-12-30 22:38:00
ORD_002162,5,,,2024-04-17 00:12:00,2024-04-18 00:12:00
ORD_002163,3,,,2024-11-22 12:07:00,2024-11-23 12:07:00
ORD_002164,5,,,2024-05-22 18:32:00,2024-05-25 18:32:00
ORD_002165,4,,,2024-09-09 05:35:00,2024-09-12 05:35:00
ORD_002166,5,,,2024-04-09 21:47:00,2024-04-14 21:47:00
ORD_002167,4,,,2024-10-16 21:43:00,2024-10-21 21:43:00
ORD_002168,3,,,2024-11-04 18:11:00,2024-11-08 18:11:00
ORD_002169,4,,,2024-02-03 18:08:00,2024-02-07 18:08:00
ORD_002170,4,,,2024-02-03 04:16:00,2024-02-04 04:16:00
ORD_002171,2,,,2024-10-18 07:56:00,2024-10-21 07:56:00
ORD_002172,4,,,2024-09-24 23:50:00,2024-09-29 23:50:00
ORD_002173,4,,,2024-05-20 06:54:00,2024-05-25 06:54:00
ORD_002174,5,,,2024-12-13 00:44:00,2024-12-15 00:44:00
ORD_002175,1,,,2024-12-13 17:39:00,2024-12-17 17:39:00
ORD_002176,4,,,2024-05-09 21:35:00,2024-05-14 21:35:00
ORD_002177,2,,,2024-08-20 00:27:00,2024-08-21 00:27:00
ORD_002178,5,,,2024-11-24 21:41:00,2024-11-26 21:41:00
ORD_002179,2,,,2024-01-27 10:27:00,2024-01-30 10:27:00
ORD_002180,5,,,2024-07-27 08:07:00,2024-08-01 08:07:00
ORD_002181,5,,,2024-12-14 16:29:00,2024-12-19 16:29:00
ORD_002182,4,,,2024-09-10 11:33:00,2024-09-12 11:33:00
ORD_002183,4,,,2024-01-23 23:14:00,2024-01-25 23:14:00
ORD_002184,3,,,2024-01-25 08:58:00,2024-01-30 08:58:00
ORD_002185,4,,,2024-08-03 17:28:00,2024-08-08 17:28:00
ORD_002186,5,,,2024-06-10 00:25:00,2024-06-11 00:25:00
ORD_002187,5,,,2024-04-09 10:05:00,2024-04-14 10:05:00
ORD_002188,1,,,2024-10-19 00:47:00,2024-10-23 00:47:00
ORD_002189,4,,,2024-04-25 22:27:00,2024-04-30 22:27:00
ORD_002190,5,,,2024-02-08 07:12:00,2024-02-10 07:12:00
ORD_002191,5,,,2024-03-25 10:19:00,2024-03-29 10:19:00
ORD_002192,2,,,2024-02-02 20:40:00,2024-02-07 20:40:00
ORD_002193,3,,,2024-02-19 00:30:00,2024-02-23 00:30:00
ORD_002194,4,,,2024-08-09 00:37:00,2024-08-12 00:37:00
ORD_002195,5,,,2024-11-16 10:53:00,2024-11-18 10:53:00
ORD_002196,4,,,2024-05-08 07:06:00,2024-05-09 07:06:00
ORD_002197,4,,,2024-08-30 07:21:00,2024-09-02 07:21:00
ORD_002198,5,,,2024-01-28 10:33:00,2024-01-29 10:33:00
ORD_002199,5,,,2024-05-01 02:49:00,2024-05-02 02:49:00
ORD_002200,5,,,2024-11-03 19:28:00,2024-11-05 19:28:00
ORD_002201,4,,,2024-02-18 20:28:00,2024-02-22 20:28:00
ORD_002202,3,,,2024-10-23 03:05:00,2024-10-24 03:05:00
ORD_002203,5,,,2024-02-01 01:24:00,2024-02-02 01:24:00
ORD_002204,4,,,2024-06-09 22:04:00,2024-06-14 22:04:00
ORD_002205,3,,,2024-03-06 01:58:00,2024-03-07 01:58:00
ORD_002206,4,,,2024-08-14 01:19:00,2024-08-16 01:19:00
ORD_002207,2,,,2024-11-08 20:27:00,2024-11-13 20:27:00
ORD_002208,4,,,2024-02-03 03:43:00,2024-02-05 03:43:00
ORD_002209,5,,,2024-01-29 17:03:00,2024-02-02 17:03:00
ORD_002210,5,,,2024-05-30 12:25:00,2024-06-03 12:25:00
ORD_002211,5,,,2024-02-19 19:48:00,2024-02-22 19:48:00
ORD_002212,3,,,2024-07-29 07:55:00,2024-08-02 07:55:00
ORD_002213,4,,,2024-11-02 21:39:00,2024-11-05 21:39:00
ORD_002214,1,,,2024-01-06 14:24:00,2024-01-08 14:24:00
ORD_002215,5,,,2024-08-25 13:56:00,2024-08-30 13:56:00
ORD_002216,4,,,2024-11-13 19:06:00,2024-11-18 19:06:00
ORD_002217,5,,,2024-06-22 20:43:00,2024-06-27 20:43:00
ORD_002218,5,,,2024-01-14 14:33:00,2024-01-16 14:33:00
ORD_002219,4,,,2024-06-17 18:12:00,2024-06-21 18:12:00
ORD_002220,4,,,2024-02-25 03:00:00,2024-02-29 03:00:00
ORD_002221,5,,,2024-10-31 22:04:00,2024-11-04 22:04:00
ORD_002222,5,,,2024-10-30 06:57:00,2024-11-01 06:57:00
ORD_002223,4,,,2024-10-20 04:40:00,2024-10-22 04:40:00
ORD_002224,4,,,2024-09-17 08:22:00,2024-09-21 08:22:00
ORD_002225,5,,,2024-08-03 15:46:00,2024-08-06 15:46:00
ORD_002226,1,,,2024-11-13 14:11:00,2024-11-15 14:11:00
ORD_002227,4,,,2024-05-04 04:51:00,2024-05-08 04:51:00
ORD_002228,3,,,2024-01-23 01:08:00,2024-01-27 01:08:00
ORD_002229,4,,,2024-06-08 18:27:00,2024-06-12 18:27:00
ORD_002230,1,,,2024-09-19 20:48:00,2024-09-23 20:48:00
ORD_002231,4,,,2024-07-02 09:37:00,2024-07-04 09:37:00
ORD_002232,3,,,2024-10-04 04:09:00,2024-10-05 04:09:00
ORD_002233,4,,,2024-08-28 09:38:00,2024-08-29 09:38:00
ORD_002234,5,,,2024-06-24 09:23:00,2024-06-27 09:23:00
ORD_002235,5,,,2024-01-05 16:37:00,2024-01-07 16:37:00
ORD_002236,5,,,2024-12-02 21:09:00,2024-12-04 21:09:00
ORD_002237,5,,,2024-01-30 07:32:00,2024-02-02 07:32:00
ORD_002238,1,,,2024-10-13 01:27:00,2024-10-15 01:27:00
ORD_002239,3,,,2024-06-25 06:12:00,2024-06-29 06:12:00
ORD_002240,5,,,2024-11-23 06:50:00,2024-11-28 06:50:00
ORD_002241,4,,,2024-02-05 10:12:00,2024-02-08 10:12:00
ORD_002242,3,,,2024-12-07 15:44:00,2024-12-09 15:44:00
ORD_002243,5,,,2024-12-20 14:38:00,2024-12-23 14:38:00
ORD_002244,4,,,2024-12-20 10:54:00,2024-12-21 10:54:00
ORD_002245,4,,,2024-10-23 18:21:00,2024-10-27 18:21:00
ORD_002246,5,,,2024-11-11 09:26:00,2024-11-12 09:26:00
ORD_002247,5,,,2024-06-17 05:06:00,2024-06-21 05:06:00
ORD_002248,4,,,2024-08-20 01:31:00,2024-08-22 01:31:00
ORD_002249,5,,,2024-04-22 00:40:00,2024-04-26 00:40:00
ORD_002250,5,,,2024-04-24 22:14:00,2024-04-28 22:14:00
ORD_002251,5,,,2024-08-26 19:13:00,2024-08-30 19:13:00
ORD_002252,1,,,2024-05-02 15:47:00,2024-05-05 15:47:00
ORD_002253,3,,,2024-06-18 23:24:00,2024-06-22 23:24:00
ORD_002254,5,,,2024-04-15 12:11:00,2024-04-20 12:11:00
ORD_002255,5,,,2024-01-04 11:00:00,2024-01-07 11:00:00
ORD_002256,5,,,2024-02-07 11:01:00,2024-02-12 11:01:00
ORD_002257,3,,,2024-10-11 03:09:00,2024-10-15 03:09:00
ORD_002258,3,,,2024-05-28 14:12:00,2024-05-29 14:12:00
ORD_002259,5,,,2024-11-19 18:58:00,2024-11-22 18:58:00
ORD_002260,3,,,2024-07-03 01:01:00,2024-07-07 01:01:00
ORD_002261,4,,,2024-04-11 06:18:00,2024-04-14 06:18:00
ORD_002262,1,,,2024-03-30 07:56:00,2024-03-31 07:56:00
ORD_002263,2,,,2024-05-14 23:11:00,2024-05-16 23:11:00
ORD_002264,5,,,2024-06-22 17:15:00,2024-06-23 17:15:00
ORD_002265,5,,,2024-04-01 06:01:00,2024-04-02 06:01:00
ORD_002266,4,,,2024-03-31 08:58:00,2024-04-04 08:58:00
ORD_002267,3,,,2024-02-21 00:53:00,2024-02-25 00:53:00
ORD_002268,5,,,2024-12-12 04:24:00,2024-12-16 04:24:00
ORD_002269,3,,,2024-12-01 03:21:00,2024-12-02 03:21:00
ORD_002270,4,,,2024-04-17 09:29:00,2024-04-19 09:29:00
ORD_002271,5,,,2024-05-02 11:51:00,2024-05-07 11:51:00
ORD_002272,3,,,2024-07-09 21:10:00,2024-07-13 21:10:00
ORD_002273,5,,,2024-09-26 19:56:00,2024-09-28 19:56:00
ORD_002274,3,,,2024-08-10 22:04:00,2024-08-15 22:04:00
ORD_002275,4,,,2024-03-01 04:56:00,2024-03-04 04:56:00
ORD_002276,4,,,2024-03-07 06:12:00,2024-03-10 06:12:00
ORD_002277,5,,,2024-09-29 12:44:00,2024-09-30 12:44:00
ORD_002278,4,,,2024-07-10 10:38:00,2024-07-12 10:38:00
ORD_002279,4,,,2024-08-07 20:15:00,2024-08-10 20:15:00
ORD_002280,5,,,2024-01-24 19:37:00,2024-01-28 19:37:00
ORD_002281,4,,,2024-04-06 17:18:00,2024-04-07 17:18:00
ORD_002282,4,,,2024-03-17 10:15:00,2024-03-22 10:15:00
ORD_002283,4,,,2024-01-28 20:50:00,2024-02-02 20:50:00
ORD_002284,5,,,2024-05-23 04:54:00,2024-05-24 04:54:00
ORD_002285,1,,,2024-09-17 18:56:00,2024-09-18 18:56:00
ORD_002286,1,,,2024-09-07 06:46:00,2024-09-10 06:46:00
ORD_002287,4,,,2024-02-11 15:50:00,2024-02-16 15:50:00
ORD_002288,4,,,2024-12-05 19:04:00,2024-12-06 19:04:00
ORD_002289,5,,,2024-03-26 16:24:00,2024-03-30 16:24:00
ORD_002290,5,,,2024-11-26 16:23:00,2024-12-01 16:23:00
ORD_002291,5,,,2024-09-12 16:29:00,2024-09-13 16:29:00
ORD_002292,5,,,2024-04-01 10:45:00,2024-04-02 10:45:00
ORD_002293,5,,,2024-07-10 16:44:00,2024-07-14 16:44:00
ORD_002294,3,,,2024-09-04 22:31:00,2024-09-07 22:31:00
ORD_002295,5,,,2024-08-30 08:37:00,2024-09-04 08:37:00
ORD_002296,3,,,2024-07-24 20:58:00,2024-07-27 20:58:00
ORD_002297,4,,,2024-10-25 20:02:00,2024-10-26 20:02:00
ORD_002298,5,,,2024-04-16 07:57:00,2024-04-18 07:57:00
ORD_002299,4,,,2024-04-13 14:55:00,2024-04-17 14:55:00
ORD_002300,5,,,2024-04-30 12:13:00,2024-05-02 12:13:00
ORD_002301,3,,,2024-06-05 13:56:00,2024-06-07 13:56:00
ORD_002302,5,,,2024-07-12 18:10:00,2024-07-16 18:10:00
ORD_002303,2,,,2024-07-10 08:35:00,2024-07-12 08:35:00
ORD_002304,5,,,2024-02-13 04:48:00,2024-02-15 04:48:00
ORD_002305,5,,,2024-02-13 09:28:00,2024-02-17 09:28:00
ORD_002306,4,,,2024-09-22 11:14:00,2024-09-25 11:14:00
ORD_002307,4,,,2024-10-25 01:29:00,2024-10-26 01:29:00
ORD_002308,1,,,2024-09-19 19:21:00,2024-09-22 19:21:00
ORD_002309,3,,,2024-08-06 14:29:00,2024-08-09 14:29:00
ORD_002310,5,,,2024-08-09 13:23:00,2024-08-11 13:23:00
ORD_002311,5,,,2024-09-11 10:17:00,2024-09-13 10:17:00
ORD_002312,3,,,2024-07-14 00:11:00,2024-07-16 00:11:00
ORD_002313,5,,,2024-08-14 07:16:00,2024-08-18 07:16:00
ORD_002314,5,,,2024-11-26 02:22:00,2024-11-27 02:22:00
ORD_002315,4,,,2024-02-12 09:53:00,2024-02-14 09:53:00
ORD_002316,5,,,2024-09-13 16:34:00,2024-09-17 16:34:00
ORD_002317,5,,,2024-11-25 02:50:00,2024-11-30 02:50:00
ORD_002318,4,,,2024-05-21 07:06:00,2024-05-24 07:06:00
ORD_002319,4,,,2024-03-01 02:23:00,2024-03-05 02:23:00
ORD_002320,1,,,2024-01-20 17:12:00,2024-01-22 17:12:00
ORD_002321,5,,,2024-06-19 06:43:00,2024-06-22 06:43:00
ORD_002322,5,,,2024-06-17 08:19:00,2024-06-18 08:19:00
ORD_002323,5,,,2024-12-15 08:12:00,2024-12-19 08:12:00
ORD_002324,2,,,2024-12-27 19:08:00,2025-01-01 19:08:00
ORD_002325,4,,,2024-10-05 08:00:00,2024-10-07 08:00:00
ORD_002326,3,,,2024-06-02 09:52:00,2024-06-06 09:52:00
ORD_002327,1,,,2024-06-26 12:25:00,2024-06-29 12:25:00
ORD_002328,5,,,2024-10-23 20:00:00,2024-10-28 20:00:00
ORD_002329,5,,,2024-08-29 20:32:00,2024-09-01 20:32:00
ORD_002330,5,,,2024-03-17 12:14:00,2024-03-20 12:14:00
ORD_002331,5,,,2024-04-26 23:47:00,2024-05-01 23:47:00
ORD_002332,2,,,2024-04-17 15:14:00,2024-04-21 15:14:00
ORD_002333,4,,,2024-09-21 18:50:00,2024-09-22 18:50:00
ORD_002334,4,,,2024-10-09 14:46:00,2024-10-11 14:46:00
ORD_002335,5,,,2024-08-24 10:50:00,2024-08-26 10:50:00
ORD_002336,5,,,2024-02-13 10:54:00,2024-02-14 10:54:00
ORD_002337,4,,,2024-04-06 13:49:00,2024-04-10 13:49:00
ORD_002338,4,,,2024-12-23 13:13:00,2024-12-24 13:13:00
ORD_002339,1,,,2024-08-12 14:54:00,2024-08-13 14:54:00
ORD_002340,4,,,2024-10-12 00:23:00,2024-10-15 00:23:00
ORD_002341,4,,,2024-03-12 18:55:00,2024-03-16 18:55:00
ORD_002342,3,,,2024-03-06 09:47:00,2024-03-09 09:47:00
ORD_002343,4,,,2024-01-05 15:51:00,2024-01-06 15:51:00
ORD_002344,5,,,2024-12-03 11:21:00,2024-12-04 11:21:00
ORD_002345,4,,,2024-04-25 13:27:00,2024-04-29 13:27:00
ORD_002346,2,,,2024-12-17 12:48:00,2024-12-21 12:48:00
ORD_002347,3,,,2024-12-19 17:19:00,2024-12-22 17:19:00
ORD_002348,4,,,2024-06-15 18:01:00,2024-06-16 18:01:00
ORD_002349,4,,,2024-10-17 01:59:00,2024-10-20 01:59:00
ORD_002350,4,,,2024-03-12 04:21:00,2024-03-17 04:21:00
ORD_002351,4,,,2024-10-17 20:51:00,2024-10-21 20:51:00
ORD_002352,4,,,2024-11-04 19:36:00,2024-11-08 19:36:00
ORD_002353,5,,,2024-07-19 12:13:00,2024-07-24 12:13:00
ORD_002354,4,,,2024-07-19 02:34:00,2024-07-22 02:34:00
ORD_002355,5,,,2024-07-16 06:30:00,2024-07-18 06:30:00
ORD_002356,4,,,2024-02-25 10:36:00,2024-02-28 10:36:00
ORD_002357,2,,,2024-08-19 20:57:00,2024-08-20 20:57:00
ORD_002358,4,,,2024-06-04 02:10:00,2024-06-09 02:10:00
ORD_002359,4,,,2024-02-23 21:35:00,2024-02-27 21:35:00
ORD_002360,5,,,2024-03-31 01:52:00,2024-04-03 01:52:00
ORD_002361,5,,,2024-12-18 19:31:00,2024-12-19 19:31:00
ORD_002362,5,,,2024-01-14 05:12:00,2024-01-17 05:12:00
ORD_002363,5,,,2024-02-05 12:18:00,2024-02-08 12:18:00
ORD_002364,5,,,2024-04-15 07:18:00,2024-04-16 07:18:00
ORD_002365,4,,,2024-12-03 16:04:00,2024-12-07 16:04:00
ORD_002366,4,,,2024-08-20 01:23:00,2024-08-23 01:23:00
ORD_002367,5,,,2024-09-22 00:10:00,2024-09-26 00:10:00
ORD_002368,5,,,2024-06-16 13:25:00,2024-06-20 13:25:00
ORD_002369,3,,,2024-03-21 03:08:00,2024-03-24 03:08:00
ORD_002370,5,,,2024-10-01 13:30:00,2024-10-04 13:30:00
ORD_002371,3,,,2024-02-05 12:57:00,2024-02-10 12:57:00
ORD_002372,4,,,2024-04-15 04:55:00,2024-04-19 04:55:00
ORD_002373,3,,,2024-04-15 09:27:00,2024-04-17 09:27:00
ORD_002374,5,,,2024-12-29 21:30:00,2025-01-03 21:30:00
ORD_002375,5,,,2024-03-22 19:36:00,2024-03-24 19:36:00
ORD_002376,4,,,2024-06-07 18:12:00,2024-06-08 18:12:00
ORD_002377,2,,,2024-09-14 22:43:00,2024-09-17 22:43:00
ORD_002378,4,,,2024-08-22 08:12:00,2024-08-27 08:12:00
ORD_002379,5,,,2024-01-04 04:28:00,2024-01-05 04:28:00
ORD_002380,4,,,2024-02-02 12:38:00,2024-02-07 12:38:00
ORD_002381,4,,,2024-05-06 16:21:00,2024-05-10 16:21:00
ORD_002382,3,,,2024-10-18 15:29:00,2024-10-21 15:29:00
ORD_002383,4,,,2024-08-24 18:02:00,2024-08-26 18:02:00
ORD_002384,4,,,2024-02-16 09:41:00,2024-02-19 09:41:00
ORD_002385,5,,,2024-08-21 11:44:00,2024-08-22 11:44:00
ORD_002386,2,,,2024-12-30 09:25:00,2025-01-02 09:25:00
ORD_002387,5,,,2024-11-09 05:26:00,2024-11-11 05:26:00
ORD_002388,3,,,2024-05-07 05:57:00,2024-05-11 05:57:00
ORD_002389,4,,,2024-11-12 23:27:00,2024-11-15 23:27:00
ORD_002390,4,,,2024-08-22 12:58:00,2024-08-25 12:58:00
ORD_002391,5,,,2024-12-03 05:44:00,2024-12-06 05:44:00
ORD_002392,5,,,2024-10-18 03:25:00,2024-10-19 03:25:00
ORD_002393,5,,,2024-12-23 01:15:00,2024-12-28 01:15:00
ORD_002394,4,,,2024-03-21 08:56:00,2024-03-22 08:56:00
ORD_002395,4,,,2024-11-17 17:18:00,2024-11-21 17:18:00
ORD_002396,5,,,2024-12-07 02:44:00,2024-12-08 02:44:00
ORD_002397,5,,,2024-04-21 15:26:00,2024-04-22 15:26:00
ORD_002398,3,,,2024-10-10 03:23:00,2024-10-12 03:23:00
ORD_002399,5,,,2024-02-09 03:32:00,2024-02-11 03:32:00
ORD_002400,4,,,2024-06-15 13:28:00,2024-06-17 13:28:00
ORD_002401,3,,,2024-03-25 08:13:00,2024-03-29 08:13:00
ORD_002402,4,,,2024-09-16 01:29:00,2024-09-19 01:29:00
ORD_002403,4,,,2024-01-14 02:40:00,2024-01-18 02:40:00
ORD_002404,4,,,2024-12-21 21:47:00,2024-12-25 21:47:00
ORD_002405,3,,,2024-08-24 12:21:00,2024-08-29 12:21:00
ORD_002406,3,,,2024-07-23 06:25:00,2024-07-28 06:25:00
ORD_002407,3,,,2024-01-20 00:16:00,2024-01-22 00:16:00
ORD_002408,4,,,2024-02-28 22:58:00,2024-03-03 22:58:00
ORD_002409,5,,,2024-03-10 10:42:00,2024-03-14 10:42:00
ORD_002410,4,,,2024-08-25 15:29:00,2024-08-27 15:29:00
ORD_002411,1,,,2024-02-04 02:35:00,2024-02-07 02:35:00
ORD_002412,3,,,2024-12-02 07:45:00,2024-12-04 07:45:00
ORD_002413,5,,,2024-08-12 04:30:00,2024-08-15 04:30:00
ORD_002414,4,,,2024-05-22 05:10:00,2024-05-23 05:10:00
ORD_002415,4,,,2024-01-10 19:06:00,2024-01-14 19:06:00
ORD_002416,1,,,2024-03-31 09:07:00,2024-04-05 09:07:00
ORD_002417,5,,,2024-09-30 23:25:00,2024-10-01 23:25:00
ORD_002418,4,,,2024-03-27 02:42:00,2024-03-30 02:42:00
ORD_002419,3,,,2024-01-06 21:17:00,2024-01-11 21:17:00
ORD_002420,3,,,2024-03-19 14:22:00,2024-03-20 14:22:00
ORD_002421,4,,,2024-04-01 06:45:00,2024-04-06 06:45:00
ORD_002422,5,,,2024-01-18 21:34:00,2024-01-23 21:34:00
ORD_002423,5,,,2024-04-20 14:44:00,2024-04-24 14:44:00
ORD_002424,5,,,2024-01-25 20:51:00,2024-01-28 20:51:00
ORD_002425,5,,,2024-09-24 20:42:00,2024-09-29 20:42:00
ORD_002426,3,,,2024-12-03 03:24:00,2024-12-07 03:24:00
ORD_002427,4,,,2024-12-19 09:28:00,2024-12-20 09:28:00
ORD_002428,5,,,2024-01-27 19:00:00,2024-01-30 19:00:00
ORD_002429,3,,,2024-01-25 12:49:00,2024-01-29 12:49:00
ORD_002430,5,,,2024-04-13 07:23:00,2024-04-18 07:23:00
ORD_002431,3,,,2024-05-02 06:05:00,2024-05-04 06:05:00
ORD_002432,4,,,2024-01-09 13:01:00,2024-01-10 13:01:00
ORD_002433,5,,,2024-01-08 10:52:00,2024-01-09 10:52:00
ORD_002434,5,,,2024-04-08 21:42:00,2024-04-13 21:42:00
ORD_002435,5,,,2024-02-02 07:56:00,2024-02-04 07:56:00
ORD_002436,3,,,2024-02-19 21:10:00,2024-02-23 21:10:00
ORD_002437,5,,,2024-03-26 01:26:00,2024-03-31 01:26:00
ORD_002438,4,,,2024-09-19 03:52:00,2024-09-23 03:52:00
ORD_002439,4,,,2024-06-16 10:35:00,2024-06-19 10:35:00
ORD_002440,5,,,2024-11-16 06:39:00,2024-11-20 06:39:00
ORD_002441,5,,,2024-04-16 17:25:00,2024-04-19 17:25:00
ORD_002442,3,,,2024-08-07 03:14:00,2024-08-08 03:14:00
ORD_002443,5,,,2024-04-19 03:22:00,2024-04-21 03:22:00
ORD_002444,2,,,2024-06-14 05:00:00,2024-06-16 05:00:00
ORD_002445,1,,,2024-07-24 20:20:00,2024-07-29 20:20:00
ORD_002446,4,,,2024-01-07 12:13:00,2024-01-11 12:13:00
ORD_002447,5,,,2024-08-22 07:04:00,2024-08-26 07:04:00
ORD_002448,3,,,2024-12-02 08:41:00,2024-12-06 08:41:00
ORD_002449,5,,,2024-11-15 11:02:00,2024-11-16 11:02:00
ORD_002450,3,,,2024-02-04 06:26:00,2024-02-07 06:26:00
ORD_002451,5,,,2024-06-03 19:31:00,2024-06-06 19:31:00
ORD_002452,4,,,2024-02-22 22:34:00,2024-02-25 22:34:00
ORD_002453,5,,,2024-10-18 05:16:00,2024-10-22 05:16:00
ORD_002454,3,,,2024-02-18 19:20:00,2024-02-19 19:20:00
ORD_002455,5,,,2024-11-19 22:24:00,2024-11-24 22:24:00
ORD_002456,5,,,2024-12-13 22:08:00,2024-12-17 22:08:00
ORD_002457,5,,,2024-06-19 05:40:00,2024-06-24 05:40:00
ORD_002458,4,,,2024-12-18 10:54:00,2024-12-21 10:54:00
ORD_002459,5,,,2024-12-07 15:04:00,2024-12-08 15:04:00
ORD_002460,1,,,2024-06-20 00:38:00,2024-06-22 00:38:00
ORD_002461,5,,,2024-10-26 14:24:00,2024-10-31 14:24:00
ORD_002462,5,,,2024-09-18 20:47:00,2024-09-19 20:47:00
ORD_002463,2,,,2024-04-29 16:37:00,2024-05-02 16:37:00
ORD_002464,4,,,2024-12-26 00:14:00,2024-12-27 00:14:00
ORD_002465,3,,,2024-01-11 19:48:00,2024-01-16 19:48:00
ORD_002466,4,,,2024-03-04 09:15:00,2024-03-05 09:15:00
ORD_002467,5,,,2024-08-07 07:39:00,2024-08-12 07:39:00
ORD_002468,4,,,2024-02-10 01:08:00,2024-02-14 01:08:00
ORD_002469,4,,,2024-07-10 15:18:00,2024-07-12 15:18:00
ORD_002470,4,,,2024-04-13 04:24:00,2024-04-18 04:24:00
ORD_002471,4,,,2024-04-14 20:02:00,2024-04-16 20:02:00
ORD_002472,3,,,2024-05-01 23:38:00,2024-05-04 23:38:00
ORD_002473,5,,,2024-08-15 23:56:00,2024-08-18 23:56:00
ORD_002474,1,,,2024-06-17 04:17:00,2024-06-21 04:17:00
ORD_002475,5,,,2024-06-11 20:50:00,2024-06-12 20:50:00
ORD_002476,4,,,2024-01-21 16:50:00,2024-01-24 16:50:00
ORD_002477,4,,,2024-07-31 20:52:00,2024-08-02 20:52:00
ORD_002478,5,,,2024-05-27 00:14:00,2024-05-31 00:14:00
ORD_002479,4,,,2024-06-18 10:15:00,2024-06-19 10:15:00
ORD_002480,4,,,2024-04-15 17:03:00,2024-04-20 17:03:00
ORD_002481,3,,,2024-12-06 07:51:00,2024-12-08 07:51:00
ORD_002482,4,,,2024-12-17 22:46:00,2024-12-18 22:46:00
ORD_002483,3,,,2024-04-23 19:55:00,2024-04-28 19:55:00
ORD_002484,1,,,2024-07-14 16:20:00,2024-07-15 16:20:00
ORD_002485,4,,,2024-04-03 14:40:00,2024-04-05 14:40:00
ORD_002486,2,,,2024-01-04 02:55:00,2024-01-05 02:55:00
ORD_002487,4,,,2024-09-08 02:12:00,2024-09-10 02:12:00
ORD_002488,2,,,2024-01-27 20:09:00,2024-01-30 20:09:00
ORD_002489,3,,,2024-04-14 04:05:00,2024-04-19 04:05:00
ORD_002490,3,,,2024-03-29 18:35:00,2024-04-01 18:35:00
ORD_002491,5,,,2024-04-14 07:32:00,2024-04-16 07:32:00
ORD_002492,1,,,2024-02-10 13:46:00,2024-02-13 13:46:00
ORD_002493,5,,,2024-08-27 09:10:00,2024-08-29 09:10:00
ORD_002494,3,,,2024-04-11 07:27:00,2024-04-13 07:27:00
ORD_002495,5,,,2024-03-31 19:15:00,2024-04-03 19:15:00
ORD_002496,2,,,2024-06-04 09:36:00,2024-06-05 09:36:00
ORD_002497,5,,,2024-08-17 20:12:00,2024-08-19 20:12:00
ORD_002498,5,,,2024-05-19 15:05:00,2024-05-23 15:05:00
ORD_002499,1,,,2024-07-03 12:24:00,2024-07-07 12:24:00
ORD_002500,5,,,2024-03-26 15:28:00,2024-03-30 15:28:00
ORD_002501,4,,,2024-08-04 16:39:00,2024-08-06 16:39:00
ORD_002502,4,,,2024-08-09 04:52:00,2024-08-10 04:52:00
ORD_002503,5,,,2024-09-03 00:48:00,2024-09-07 00:48:00
ORD_002504,5,,,2024-07-14 13:54:00,2024-07-19 13:54:00
ORD_002505,4,,,2024-02-12 09:38:00,2024-02-15 09:38:00
ORD_002506,4,,,2024-10-02 04:35:00,2024-10-06 04:35:00
ORD_002507,5,,,2024-03-30 08:24:00,2024-04-03 08:24:00
ORD_002508,5,,,2024-08-25 09:29:00,2024-08-26 09:29:00
ORD_002509,5,,,2024-05-25 12:35:00,2024-05-30 12:35:00
ORD_002510,5,,,2024-11-06 15:04:00,2024-11-07 15:04:00
ORD_002511,3,,,2024-06-19 04:45:00,2024-06-21 04:45:00
ORD_002512,5,,,2024-08-28 06:09:00,2024-09-02 06:09:00
ORD_002513,3,,,2024-04-07 00:00:00,2024-04-12 00:00:00
ORD_002514,4,,,2024-09-13 23:46:00,2024-09-16 23:46:00
ORD_002515,4,,,2024-07-10 15:25:00,2024-07-13 15:25:00
ORD_002516,4,,,2024-07-31 12:47:00,2024-08-01 12:47:00
ORD_002517,1,,,2024-07-10 12:31:00,2024-07-11 12:31:00
ORD_002518,5,,,2024-06-06 20:37:00,2024-06-07 20:37:00
ORD_002519,4,,,2024-02-06 13:56:00,2024-02-07 13:56:00
ORD_002520,4,,,2024-01-20 03:24:00,2024-01-22 03:24:00
ORD_002521,5,,,2024-10-16 05:12:00,2024-10-17 05:12:00
ORD_002522,4,,,2024-08-11 08:49:00,2024-08-12 08:49:00
ORD_002523,1,,,2024-06-27 16:45:00,2024-06-30 16:45:00
ORD_002524,3,,,2024-09-07 20:44:00,2024-09-08 20:44:00
ORD_002525,5,,,2024-07-07 22:03:00,2024-07-09 22:03:00
ORD_002526,2,,,2024-11-29 12:59:00,2024-12-03 12:59:00
ORD_002527,4,,,2024-08-05 23:15:00,2024-08-06 23:15:00
ORD_002528,4,,,2024-05-04 15:02:00,2024-05-07 15:02:00
ORD_002529,4,,,2024-07-04 20:45:00,2024-07-07 20:45:00
ORD_002530,1,,,2024-12-12 00:44:00,2024-12-15 00:44:00
ORD_002531,4,,,2024-12-06 20:09:00,2024-12-08 20:09:00
ORD_002532,4,,,2024-05-13 19:29:00,2024-05-17 19:29:00
ORD_002533,5,,,2024-12-14 04:16:00,2024-12-18 04:16:00
ORD_002534,3,,,2024-05-06 19:37:00,2024-05-07 19:37:00
ORD_002535,4,,,2024-12-05 05:00:00,2024-12-08 05:00:00
ORD_002536,4,,,2024-02-29 02:41:00,2024-03-01 02:41:00
ORD_002537,4,,,2024-12-30 12:25:00,2024-12-31 12:25:00
ORD_002538,5,,,2024-12-27 18:57:00,2024-12-30 18:57:00
ORD_002539,3,,,2024-02-11 16:58:00,2024-02-14 16:58:00
ORD_002540,3,,,2024-04-06 13:10:00,2024-04-08 13:10:00
ORD_002541,5,,,2024-08-06 08:44:00,2024-08-11 08:44:00
ORD_002542,4,,,2024-06-03 16:34:00,2024-06-08 16:34:00
ORD_002543,4,,,2024-12-03 12:37:00,2024-12-07 12:37:00
ORD_002544,3,,,2024-06-06 23:26:00,2024-06-10 23:26:00
ORD_002545,3,,,2024-02-15 03:40:00,2024-02-18 03:40:00
ORD_002546,1,,,2024-10-20 11:52:00,2024-10-24 11:52:00
ORD_002547,2,,,2024-03-14 08:47:00,2024-03-19 08:47:00
ORD_002548,4,,,2024-04-17 23:25:00,2024-04-22 23:25:00
ORD_002549,5,,,2024-12-23 09:00:00,2024-12-24 09:00:00
ORD_002550,4,,,2024-03-27 15:00:00,2024-04-01 15:00:00
ORD_002551,4,,,2024-02-19 02:49:00,2024-02-20 02:49:00
ORD_002552,3,,,2024-12-22 13:33:00,2024-12-25 13:33:00
ORD_002553,4,,,2024-08-01 20:18:00,2024-08-06 20:18:00
ORD_002554,1,,,2024-08-08 05:11:00,2024-08-11 05:11:00
ORD_002555,5,,,2024-07-10 05:45:00,2024-07-12 05:45:00
ORD_002556,5,,,2024-03-09 06:31:00,2024-03-13 06:31:00
ORD_002557,5,,,2024-04-03 16:07:00,2024-04-04 16:07:00
ORD_002558,5,,,2024-08-18 18:52:00,2024-08-21 18:52:00
ORD_002559,4,,,2024-04-18 05:12:00,2024-04-19 05:12:00
ORD_002560,4,,,2024-01-31 23:11:00,2024-02-05 23:11:00
ORD_002561,3,,,2024-04-08 08:57:00,2024-04-11 08:57:00
ORD_002562,4,,,2024-07-28 14:40:00,2024-07-31 14:40:00
ORD_002563,5,,,2024-11-15 03:55:00,2024-11-19 03:55:00
ORD_002564,2,,,2024-11-21 05:05:00,2024-11-24 05:05:00
ORD_002565,5,,,2024-05-30 02:24:00,2024-05-31 02:24:00
ORD_002566,4,,,2024-03-04 08:04:00,2024-03-06 08:04:00
ORD_002567,5,,,2024-06-24 00:37:00,2024-06-28 00:37:00
ORD_002568,5,,,2024-04-30 15:31:00,2024-05-02 15:31:00
ORD_002569,5,,,2024-12-10 03:00:00,2024-12-15 03:00:00
ORD_002570,5,,,2024-02-01 08:48:00,2024-02-02 08:48:00
ORD_002571,4,,,2024-01-04 21:37:00,2024-01-05 21:37:00
ORD_002572,5,,,2024-01-22 03:13:00,2024-01-24 03:13:00
ORD_002573,5,,,2024-09-24 00:24:00,2024-09-26 00:24:00
ORD_002574,5,,,2024-11-04 16:48:00,2024-11-06 16:48:00
ORD_002575,5,,,2024-05-16 15:30:00,2024-05-17 15:30:00
ORD_002576,5,,,2024-06-21 19:27:00,2024-06-24 19:27:00
ORD_002577,5,,,2024-06-21 11:43:00,2024-06-24 11:43:00
ORD_002578,4,,,2024-06-24 10:52:00,2024-06-29 10:52:00
ORD_002579,5,,,2024-05-02 11:42:00,2024-05-07 11:42:00
ORD_002580,4,,,2024-07-23 12:39:00,2024-07-27 12:39:00
ORD_002581,2,,,2024-01-30 11:55:00,2024-02-01 11:55:00
ORD_002582,4,,,2024-06-18 03:00:00,2024-06-22 03:00:00
ORD_002583,4,,,2024-08-21 22:25:00,2024-08-25 22:25:00
ORD_002584,3,,,2024-03-12 00:38:00,2024-03-17 00:38:00
ORD_002585,3,,,2024-03-03 16:17:00,2024-03-04 16:17:00
ORD_002586,4,,,2024-12-24 07:23:00,2024-12-26 07:23:00
ORD_002587,2,,,2024-08-19 19:43:00,2024-08-24 19:43:00
ORD_002588,4,,,2024-12-03 15:32:00,2024-12-06 15:32:00
ORD_002589,5,,,2024-07-30 21:12:00,2024-08-02 21:12:00
ORD_002590,5,,,2024-01-02 20:52:00,2024-01-05 20:52:00
ORD_002591,5,,,2024-06-13 00:40:00,2024-06-18 00:40:00
ORD_002592,5,,,2024-07-03 01:51:00,2024-07-06 01:51:00
ORD_002593,5,,,2024-06-15 21:28:00,2024-06-20 21:28:00
ORD_002594,4,,,2024-04-29 19:31:00,2024-05-04 19:31:00
ORD_002595,5,,,2024-07-23 23:39:00,2024-07-27 23:39:00
ORD_002596,5,,,2024-02-11 11:27:00,2024-02-14 11:27:00
ORD_002597,4,,,2024-08-31 21:54:00,2024-09-02 21:54:00
ORD_002598,1,,,2024-12-24 03:46:00,2024-12-28 03:46:00
ORD_002599,5,,,2024-07-16 09:38:00,2024-07-19 09:38:00
ORD_002600,1,,,2024-04-09 22:09:00,2024-04-13 22:09:00
ORD_002601,5,,,2024-09-23 18:50:00,2024-09-24 18:50:00
ORD_002602,3,,,2024-09-15 01:08:00,2024-09-16 01:08:00
ORD_002603,4,,,2024-09-11 02:19:00,2024-09-14 02:19:00
ORD_002604,4,,,2024-12-10 17:55:00,2024-12-14 17:55:00
ORD_002605,1,,,2024-08-27 05:57:00,2024-08-29 05:57:00
ORD_002606,4,,,2024-08-16 03:30:00,2024-08-21 03:30:00
ORD_002607,5,,,2024-12-05 17:15:00,2024-12-08 17:15:00
ORD_002608,5,,,2024-05-04 06:10:00,2024-05-07 06:10:00
ORD_002609,5,,,2024-12-03 22:05:00,2024-12-05 22:05:00
ORD_002610,4,,,2024-02-24 13:45:00,2024-02-26 13:45:00
ORD_002611,5,,,2024-01-15 05:59:00,2024-01-20 05:59:00
ORD_002612,4,,,2024-06-16 12:49:00,2024-06-17 12:49:00
ORD_002613,4,,,2024-05-23 07:46:00,2024-05-28 07:46:00
ORD_002614,3,,,2024-05-11 21:30:00,2024-05-12 21:30:00
ORD_002615,4,,,2024-12-09 03:42:00,2024-12-10 03:42:00
ORD_002616,4,,,2024-03-10 17:40:00,2024-03-14 17:40:00
ORD_002617,2,,,2024-09-08 02:50:00,2024-09-09 02:50:00
ORD_002618,5,,,2024-12-20 10:55:00,2024-12-25 10:55:00
ORD_002619,5,,,2024-04-24 18:49:00,2024-04-28 18:49:00
ORD_002620,4,,,2024-11-03 02:41:00,2024-11-05 02:41:00
ORD_002621,2,,,2024-06-24 12:58:00,2024-06-29 12:58:00
ORD_002622,4,,,2024-07-14 20:41:00,2024-07-16 20:41:00
ORD_002623,4,,,2024-10-14 13:51:00,2024-10-19 13:51:00
ORD_002624,5,,,2024-04-29 07:16:00,2024-05-02 07:16:00
ORD_002625,4,,,2024-02-29 09:05:00,2024-03-04 09:05:00
ORD_002626,5,,,2024-02-27 02:21:00,2024-02-28 02:21:00
ORD_002627,5,,,2024-10-30 06:47:00,2024-11-01 06:47:00
ORD_002628,3,,,2024-02-29 18:23:00,2024-03-04 18:23:00
ORD_002629,5,,,2024-03-06 10:24:00,2024-03-07 10:24:00
ORD_002630,4,,,2024-10-22 23:00:00,2024-10-25 23:00:00
ORD_002631,4,,,2024-06-08 01:37:00,2024-06-09 01:37:00
ORD_002632,4,,,2024-10-01 06:54:00,2024-10-02 06:54:00
ORD_002633,2,,,2024-07-17 13:20:00,2024-07-18 13:20:00
ORD_002634,3,,,2024-07-05 21:59:00,2024-07-07 21:59:00
ORD_002635,4,,,2024-03-05 16:42:00,2024-03-09 16:42:00
ORD_002636,5,,,2024-11-04 18:14:00,2024-11-07 18:14:00
ORD_002637,5,,,2024-02-24 12:00:00,2024-02-29 12:00:00
ORD_002638,5,,,2024-10-02 14:20:00,2024-10-04 14:20:00
ORD_002639,3,,,2024-03-15 09:53:00,2024-03-16 09:53:00
ORD_002640,5,,,2024-04-22 15:43:00,2024-04-24 15:43:00
ORD_002641,5,,,2024-08-21 04:38:00,2024-08-22 04:38:00
ORD_002642,5,,,2024-05-25 04:47:00,2024-05-30 04:47:00
ORD_002643,5,,,2024-12-06 22:02:00,2024-12-10 22:02:00
ORD_002644,5,,,2024-11-02 10:19:00,2024-11-07 10:19:00
ORD_002645,4,,,2024-09-14 22:07:00,2024-09-19 22:07:00
ORD_002646,5,,,2024-05-20 22:36:00,2024-05-24 22:36:00
ORD_002647,4,,,2024-09-01 20:53:00,2024-09-02 20:53:00
ORD_002648,5,,,2024-04-20 15:18:00,2024-04-21 15:18:00
ORD_002649,3,,,2024-12-26 12:03:00,2024-12-30 12:03:00
ORD_002650,1,,,2024-06-19 04:52:00,2024-06-23 04:52:00
ORD_002651,3,,,2024-04-17 23:59:00,2024-04-20 23:59:00
ORD_002652,5,,,2024-04-25 22:47:00,2024-04-29 22:47:00
ORD_002653,4,,,2024-01-27 05:54:00,2024-01-28 05:54:00
ORD_002654,4,,,2024-09-06 23:25:00,2024-09-09 23:25:00
ORD_002655,5,,,2024-06-02 21:58:00,2024-06-05 21:58:00
ORD_002656,5,,,2024-03-22 00:35:00,2024-03-25 00:35:00
ORD_002657,4,,,2024-07-19 10:27:00,2024-07-23 10:27:00
ORD_002658,3,,,2024-12-13 15:22:00,2024-12-15 15:22:00
ORD_002659,5,,,2024-07-19 12:04:00,2024-07-21 12:04:00
ORD_002660,5,,,2024-09-27 23:18:00,2024-10-02 23:18:00
ORD_002661,4,,,2024-05-24 22:59:00,2024-05-27 22:59:00
ORD_002662,5,,,2024-04-09 22:54:00,2024-04-13 22:54:00
ORD_002663,4,,,2024-10-07 12:06:00,2024-10-11 12:06:00
ORD_002664,5,,,2024-03-08 10:48:00,2024-03-11 10:48:00
ORD_002665,5,,,2024-10-24 01:54:00,2024-10-28 01:54:00
ORD_002666,4,,,2024-12-29 09:29:00,2025-01-03 09:29:00
ORD_002667,2,,,2024-12-01 05:36:00,2024-12-02 05:36:00
ORD_002668,5,,,2024-03-11 14:44:00,2024-03-14 14:44:00
ORD_002669,5,,,2024-09-04 09:57:00,2024-09-07 09:57:00
ORD_002670,3,,,2024-03-15 06:13:00,2024-03-19 06:13:00
ORD_002671,5,,,2024-04-10 23:41:00,2024-04-15 23:41:00
ORD_002672,5,,,2024-01-05 11:46:00,2024-01-08 11:46:00
ORD_002673,4,,,2024-10-21 03:43:00,2024-10-26 03:43:00
ORD_002674,5,,,2024-03-16 12:27:00,2024-03-17 12:27:00
ORD_002675,4,,,2024-12-13 05:59:00,2024-12-18 05:59:00
ORD_002676,5,,,2024-01-29 03:22:00,2024-02-01 03:22:00
ORD_002677,2,,,2024-08-30 05:03:00,2024-08-31 05:03:00
ORD_002678,3,,,2024-03-01 16:41:00,2024-03-06 16:41:00
ORD_002679,3,,,2024-06-22 18:27:00,2024-06-27 18:27:00
ORD_002680,5,,,2024-03-17 20:46:00,2024-03-18 20:46:00
ORD_002681,5,,,2024-07-25 07:02:00,2024-07-30 07:02:00
ORD_002682,5,,,2024-03-01 07:25:00,2024-03-04 07:25:00
ORD_002683,5,,,2024-09-07 09:44:00,2024-09-12 09:44:00
ORD_002684,4,,,2024-11-01 05:41:00,2024-11-06 05:41:00
ORD_002685,5,,,2024-07-11 22:50:00,2024-07-12 22:50:00
ORD_002686,4,,,2024-12-09 21:05:00,2024-12-12 21:05:00
ORD_002687,5,,,2024-08-25 20:24:00,2024-08-29 20:24:00
ORD_002688,4,,,2024-05-20 20:41:00,2024-05-21 20:41:00
ORD_002689,5,,,2024-08-15 11:00:00,2024-08-17 11:00:00
ORD_002690,5,,,2024-03-02 03:05:00,2024-03-04 03:05:00
ORD_002691,5,,,2024-03-03 15:41:00,2024-03-07 15:41:00
ORD_002692,3,,,2024-12-08 16:14:00,2024-12-12 16:14:00
ORD_002693,4,,,2024-01-12 18:36:00,2024-01-14 18:36:00
ORD_002694,4,,,2024-10-20 15:17:00,2024-10-23 15:17:00
ORD_002695,5,,,2024-12-21 23:06:00,2024-12-22 23:06:00
ORD_002696,4,,,2024-10-30 05:24:00,2024-10-31 05:24:00
ORD_002697,5,,,2024-09-04 20:44:00,2024-09-06 20:44:00
ORD_002698,4,,,2024-08-10 09:36:00,2024-08-11 09:36:00
ORD_002699,4,,,2024-03-05 03:20:00,2024-03-08 03:20:00
ORD_002700,5,,,2024-02-02 22:58:00,2024-02-04 22:58:00
ORD_002701,4,,,2024-10-02 05:25:00,2024-10-03 05:25:00
ORD_002702,5,,,2024-12-24 00:25:00,2024-12-29 00:25:00
ORD_002703,5,,,2024-10-11 17:50:00,2024-10-15 17:50:00
ORD_002704,4,,,2024-09-28 15:04:00,2024-09-29 15:04:00
ORD_002705,1,,,2024-09-22 18:34:00,2024-09-24 18:34:00
ORD_002706,4,,,2024-11-29 03:48:00,2024-12-01 03:48:00
ORD_002707,4,,,2024-04-16 21:57:00,2024-04-17 21:57:00
ORD_002708,5,,,2024-03-01 05:55:00,2024-03-03 05:55:00
ORD_002709,3,,,2024-11-02 22:11:00,2024-11-05 22:11:00
ORD_002710,3,,,2024-01-03 17:28:00,2024-01-07 17:28:00
ORD_002711,3,,,2024-06-09 03:02:00,2024-06-13 03:02:00
ORD_002712,3,,,2024-03-06 18:13:00,2024-03-10 18:13:00
ORD_002713,4,,,2024-11-30 05:05:00,2024-12-04 05:05:00
ORD_002714,5,,,2024-10-14 08:54:00,2024-10-19 08:54:00
ORD_002715,5,,,2024-01-18 02:07:00,2024-01-22 02:07:00
ORD_002716,5,,,2024-09-16 09:23:00,2024-09-21 09:23:00
ORD_002717,5,,,2024-10-05 05:27:00,2024-10-10 05:27:00
ORD_002718,4,,,2024-12-02 00:15:00,2024-12-06 00:15:00
ORD_002719,5,,,2024-06-02 01:33:00,2024-06-03 01:33:00
ORD_002720,3,,,2024-05-30 21:34:00,2024-06-03 21:34:00
ORD_002721,4,,,2024-08-15 04:36:00,2024-08-18 04:36:00
ORD_002722,4,,,2024-09-08 22:20:00,2024-09-09 22:20:00
ORD_002723,3,,,2024-09-24 11:38:00,2024-09-25 11:38:00
ORD_002724,5,,,2024-10-02 16:13:00,2024-10-07 16:13:00
ORD_002725,4,,,2024-12-18 03:42:00,2024-12-19 03:42:00
ORD_002726,5,,,2024-01-23 07:02:00,2024-01-28 07:02:00
ORD_002727,4,,,2024-04-06 04:19:00,2024-04-07 04:19:00
ORD_002728,3,,,2024-04-20 04:38:00,2024-04-21 04:38:00
ORD_002729,5,,,2024-10-09 06:37:00,2024-10-13 06:37:00
ORD_002730,4,,,2024-07-02 08:08:00,2024-07-04 08:08:00
ORD_002731,4,,,2024-11-14 13:04:00,2024-11-19 13:04:00
ORD_002732,2,,,2024-10-08 08:16:00,2024-10-13 08:16:00
ORD_002733,5,,,2024-07-14 20:57:00,2024-07-18 20:57:00
ORD_002734,5,,,2024-03-24 12:29:00,2024-03-28 12:29:00
ORD_002735,4,,,2024-02-12 08:43:00,2024-02-14 08:43:00
ORD_002736,5,,,2024-08-05 22:09:00,2024-08-07 22:09:00
ORD_002737,5,,,2024-10-01 06:04:00,2024-10-04 06:04:00
ORD_002738,5,,,2024-11-18 23:17:00,2024-11-23 23:17:00
ORD_002739,5,,,2024-11-20 22:41:00,2024-11-23 22:41:00
ORD_002740,4,,,2024-04-08 22:23:00,2024-04-11 22:23:00
ORD_002741,5,,,2024-10-15 21:41:00,2024-10-16 21:41:00
ORD_002742,3,,,2024-09-18 19:10:00,2024-09-21 19:10:00
ORD_002743,3,,,2024-08-02 04:20:00,2024-08-06 04:20:00
ORD_002744,5,,,2024-08-10 12:01:00,2024-08-11 12:01:00
ORD_002745,5,,,2024-11-05 07:04:00,2024-11-07 07:04:00
ORD_002746,4,,,2024-05-18 03:34:00,2024-05-21 03:34:00
ORD_002747,4,,,2024-02-26 21:35:00,2024-02-28 21:35:00
ORD_002748,5,,,2024-07-27 02:21:00,2024-07-30 02:21:00
ORD_002749,1,,,2024-11-23 02:23:00,2024-11-28 02:23:00
ORD_002750,2,,,2024-06-19 08:09:00,2024-06-20 08:09:00
ORD_002751,1,,,2024-04-25 08:00:00,2024-04-29 08:00:00
ORD_002752,4,,,2024-02-20 12:14:00,2024-02-21 12:14:00
ORD_002753,5,,,2024-07-12 03:50:00,2024-07-13 03:50:00
ORD_002754,2,,,2024-03-04 05:33:00,2024-03-05 05:33:00
ORD_002755,5,,,2024-06-05 18:52:00,2024-06-07 18:52:00
ORD_002756,3,,,2024-09-07 03:33:00,2024-09-10 03:33:00
ORD_002757,5,,,2024-06-27 22:36:00,2024-07-01 22:36:00
ORD_002758,5,,,2024-05-24 17:17:00,2024-05-25 17:17:00
ORD_002759,5,,,2024-11-07 03:57:00,2024-11-10 03:57:00
ORD_002760,5,,,2024-01-25 05:20:00,2024-01-30 05:20:00
ORD_002761,5,,,2024-07-18 05:22:00,2024-07-20 05:22:00
ORD_002762,4,,,2024-12-13 17:35:00,2024-12-15 17:35:00
ORD_002763,5,,,2024-10-31 12:30:00,2024-11-03 12:30:00
ORD_002764,5,,,2024-10-30 04:16:00,2024-11-04 04:16:00
ORD_002765,4,,,2024-01-05 21:32:00,2024-01-08 21:32:00
ORD_002766,4,,,2024-03-20 21:08:00,2024-03-22 21:08:00
ORD_002767,5,,,2024-03-14 12:36:00,2024-03-18 12:36:00
ORD_002768,5,,,2024-05-16 01:58:00,2024-05-19 01:58:00
ORD_002769,3,,,2024-11-23 11:45:00,2024-11-27 11:45:00
ORD_002770,4,,,2024-05-07 21:38:00,2024-05-10 21:38:00
ORD_002771,5,,,2024-08-02 22:29:00,2024-08-03 22:29:00
ORD_002772,4,,,2024-04-03 14:22:00,2024-04-07 14:22:00
ORD_002773,5,,,2024-08-27 16:18:00,2024-08-29 16:18:00
ORD_002774,5,,,2024-05-21 13:33:00,2024-05-25 13:33:00
ORD_002775,5,,,2024-04-27 09:40:00,2024-05-02 09:40:00
ORD_002776,4,,,2024-02-14 09:26:00,2024-02-17 09:26:00
ORD_002777,5,,,2024-06-09 02:40:00,2024-06-11 02:40:00
ORD_002778,5,,,2024-02-10 02:46:00,2024-02-15 02:46:00
ORD_002779,5,,,2024-05-02 02:10:00,2024-05-07 02:10:00
ORD_002780,4,,,2024-10-21 01:05:00,2024-10-23 01:05:00
ORD_002781,4,,,2024-05-26 17:59:00,2024-05-31 17:59:00
ORD_002782,5,,,2024-09-09 00:27:00,2024-09-13 00:27:00
ORD_002783,3,,,2024-12-12 16:59:00,2024-12-14 16:59:00
ORD_002784,4,,,2024-03-10 15:31:00,2024-03-14 15:31:00
ORD_002785,4,,,2024-09-20 21:43:00,2024-09-25 21:43:00
ORD_002786,5,,,2024-09-29 22:07:00,2024-10-01 22:07:00
ORD_002787,3,,,2024-07-26 00:39:00,2024-07-29 00:39:00
ORD_002788,4,,,2024-04-07 23:00:00,2024-04-08 23:00:00
ORD_002789,2,,,2024-08-05 22:34:00,2024-08-06 22:34:00
ORD_002790,5,,,2024-06-25 07:47:00,2024-06-28 07:47:00
ORD_002791,3,,,2024-12-04 16:43:00,2024-12-06 16:43:00
ORD_002792,4,,,2024-11-07 01:38:00,2024-11-10 01:38:00
ORD_002793,4,,,2024-08-17 05:43:00,2024-08-21 05:43:00
ORD_002794,5,,,2024-09-25 07:11:00,2024-09-28 07:11:00
ORD_002795,4,,,2024-02-08 11:53:00,2024-02-09 11:53:00
ORD_002796,3,,,2024-03-09 16:22:00,2024-03-13 16:22:00
ORD_002797,4,,,2024-01-27 13:31:00,2024-01-30 13:31:00
ORD_002798,5,,,2024-07-13 05:23:00,2024-07-14 05:23:00
ORD_002799,5,,,2024-02-27 10:58:00,2024-03-02 10:58:00
ORD_002800,5,,,2024-12-13 07:53:00,2024-12-16 07:53:00
ORD_002801,5,,,2024-10-03 03:18:00,2024-10-05 03:18:00
ORD_002802,1,,,2024-06-02 15:18:00,2024-06-04 15:18:00
ORD_002803,5,,,2024-05-15 06:00:00,2024-05-16 06:00:00
ORD_002804,4,,,2024-11-19 18:25:00,2024-11-22 18:25:00
ORD_002805,4,,,2024-04-21 09:59:00,2024-04-24 09:59:00
ORD_002806,4,,,2024-11-25 16:52:00,2024-11-26 16:52:00
ORD_002807,4,,,2024-01-19 14:57:00,2024-01-23 14:57:00
ORD_002808,5,,,2024-11-12 15:03:00,2024-11-17 15:03:00
ORD_002809,3,,,2024-07-01 00:39:00,2024-07-05 00:39:00
ORD_002810,5,,,2024-08-23 10:19:00,2024-08-26 10:19:00
ORD_002811,1,,,2024-06-30 03:00:00,2024-07-01 03:00:00
ORD_002812,2,,,2024-06-28 23:11:00,2024-07-01 23:11:00
ORD_002813,5,,,2024-07-24 11:00:00,2024-07-29 11:00:00
ORD_002814,5,,,2024-02-21 13:31:00,2024-02-23 13:31:00
ORD_002815,5,,,2024-04-11 02:33:00,2024-04-15 02:33:00
ORD_002816,3,,,2024-09-20 04:26:00,2024-09-25 04:26:00
ORD_002817,4,,,2024-03-04 15:00:00,2024-03-06 15:00:00
ORD_002818,5,,,2024-03-20 21:16:00,2024-03-24 21:16:00
ORD_002819,5,,,2024-04-25 15:25:00,2024-04-27 15:25:00
ORD_002820,4,,,2024-07-10 09:23:00,2024-07-13 09:23:00
ORD_002821,5,,,2024-08-07 05:34:00,2024-08-11 05:34:00
ORD_002822,5,,,2024-05-17 03:28:00,2024-05-19 03:28:00
ORD_002823,5,,,2024-12-02 14:10:00,2024-12-07 14:10:00
ORD_002824,5,,,2024-03-12 11:47:00,2024-03-14 11:47:00
ORD_002825,5,,,2024-08-10 00:22:00,2024-08-11 00:22:00
ORD_002826,2,,,2024-12-29 06:07:00,2024-12-30 06:07:00
ORD_002827,4,,,2024-04-07 09:02:00,2024-04-12 09:02:00
ORD_002828,5,,,2024-03-09 12:26:00,2024-03-11 12:26:00
ORD_002829,3,,,2024-06-18 01:10:00,2024-06-20 01:10:00
ORD_002830,3,,,2024-12-07 06:30:00,2024-12-10 06:30:00
ORD_002831,4,,,2024-12-06 08:07:00,2024-12-07 08:07:00
ORD_002832,3,,,2024-08-03 15:35:00,2024-08-04 15:35:00
ORD_002833,5,,,2024-09-10 21:45:00,2024-09-14 21:45:00
ORD_002834,5,,,2024-03-06 10:48:00,2024-03-10 10:48:00
ORD_002835,4,,,2024-07-23 16:46:00,2024-07-24 16:46:00
ORD_002836,2,,,2024-07-18 04:07:00,2024-07-21 04:07:00
ORD_002837,5,,,2024-02-25 00:08:00,2024-02-28 00:08:00
ORD_002838,5,,,2024-03-20 11:32:00,2024-03-22 11:32:00
ORD_002839,5,,,2024-01-07 21:15:00,2024-01-11 21:15:00
ORD_002840,4,,,2024-01-27 21:53:00,2024-01-31 21:53:00
ORD_002841,4,,,2024-06-24 13:38:00,2024-06-26 13:38:00
ORD_002842,4,,,2024-01-05 13:30:00,2024-01-06 13:30:00
ORD_002843,5,,,2024-05-28 09:31:00,2024-06-01 09:31:00
ORD_002844,5,,,2024-02-12 13:15:00,2024-02-15 13:15:00
ORD_002845,5,,,2024-11-12 04:46:00,2024-11-14 04:46:00
ORD_002846,3,,,2024-09-18 05:15:00,2024-09-19 05:15:00
ORD_002847,5,,,2024-05-23 03:55:00,2024-05-24 03:55:00
ORD_002848,5,,,2024-05-14 22:15:00,2024-05-17 22:15:00
ORD_002849,4,,,2024-12-07 13:12:00,2024-12-09 13:12:00
ORD_002850,4,,,2024-08-30 22:50:00,2024-08-31 22:50:00
ORD_002851,4,,,2024-02-22 22:46:00,2024-02-27 22:46:00
ORD_002852,4,,,2024-09-14 19:11:00,2024-09-16 19:11:00
ORD_002853,1,,,2024-04-06 18:40:00,2024-04-10 18:40:00
ORD_002854,4,,,2024-11-20 04:14:00,2024-11-25 04:14:00
ORD_002855,4,,,2024-03-02 04:25:00,2024-03-04 04:25:00
ORD_002856,1,,,2024-01-20 08:12:00,2024-01-24 08:12:00
ORD_002857,4,,,2024-03-15 13:01:00,2024-03-16 13:01:00
ORD_002858,5,,,2024-11-11 06:05:00,2024-11-16 06:05:00
ORD_002859,4,,,2024-01-27 12:26:00,2024-02-01 12:26:00
ORD_002860,5,,,2024-09-25 09:44:00,2024-09-29 09:44:00
ORD_002861,4,,,2024-11-20 07:14:00,2024-11-21 07:14:00
ORD_002862,5,,,2024-06-21 13:30:00,2024-06-25 13:30:00
ORD_002863,3,,,2024-02-01 16:27:00,2024-02-03 16:27:00
ORD_002864,5,,,2024-11-25 01:19:00,2024-11-30 01:19:00
ORD_002865,3,,,2024-02-26 08:23:00,2024-03-02 08:23:00
ORD_002866,5,,,2024-05-23 11:45:00,2024-05-26 11:45:00
ORD_002867,4,,,2024-08-02 07:20:00,2024-08-05 07:20:00
ORD_002868,5,,,2024-01-25 05:02:00,2024-01-26 05:02:00
ORD_002869,4,,,2024-01-01 01:42:00,2024-01-03 01:42:00
ORD_002870,4,,,2024-06-13 06:18:00,2024-06-14 06:18:00
ORD_002871,3,,,2024-08-29 08:58:00,2024-08-30 08:58:00
ORD_002872,5,,,2024-11-06 03:27:00,2024-11-08 03:27:00
ORD_002873,5,,,2024-04-04 08:31:00,2024-04-09 08:31:00
ORD_002874,5,,,2024-07-05 10:19:00,2024-07-10 10:19:00
ORD_002875,2,,,2024-02-27 03:42:00,2024-03-02 03:42:00
ORD_002876,4,,,2024-01-07 21:35:00,2024-01-12 21:35:00
ORD_002877,5,,,2024-03-07 10:23:00,2024-03-12 10:23:00
ORD_002878,4,,,2024-07-04 23:49:00,2024-07-08 23:49:00
ORD_002879,5,,,2024-10-28 16:38:00,2024-10-30 16:38:00
ORD_002880,5,,,2024-07-09 07:41:00,2024-07-12 07:41:00
ORD_002881,5,,,2024-05-21 06:37:00,2024-05-26 06:37:00
ORD_002882,4,,,2024-07-15 02:56:00,2024-07-18 02:56:00
ORD_002883,4,,,2024-02-24 04:40:00,2024-02-25 04:40:00
ORD_002884,4,,,2024-11-04 03:02:00,2024-11-06 03:02:00
ORD_002885,5,,,2024-10-27 20:52:00,2024-10-29 20:52:00
ORD_002886,4,,,2024-04-07 06:45:00,2024-04-08 06:45:00
ORD_002887,3,,,2024-08-16 03:04:00,2024-08-20 03:04:00
ORD_002888,4,,,2024-10-06 19:21:00,2024-10-09 19:21:00
ORD_002889,3,,,2024-06-03 23:30:00,2024-06-07 23:30:00
ORD_002890,5,,,2024-04-13 17:46:00,2024-04-17 17:46:00
ORD_002891,5,,,2024-03-19 01:08:00,2024-03-22 01:08:00
ORD_002892,4,,,2024-04-08 13:35:00,2024-04-11 13:35:00
ORD_002893,4,,,2024-12-30 08:57:00,2025-01-01 08:57:00
ORD_002894,5,,,2024-10-13 11:57:00,2024-10-17 11:57:00
ORD_002895,1,,,2024-07-06 14:40:00,2024-07-10 14:40:00
ORD_002896,5,,,2024-03-01 13:04:00,2024-03-02 13:04:00
ORD_002897,5,,,2024-09-04 13:33:00,2024-09-09 13:33:00
ORD_002898,4,,,2024-09-14 00:10:00,2024-09-18 00:10:00
ORD_002899,4,,,2024-11-02 08:44:00,2024-11-05 08:44:00
ORD_002900,5,,,2024-03-07 09:02:00,2024-03-09 09:02:00
ORD_002901,3,,,2024-10-16 01:50:00,2024-10-18 01:50:00
ORD_002902,4,,,2024-12-21 06:47:00,2024-12-24 06:47:00
ORD_002903,4,,,2024-07-22 15:43:00,2024-07-26 15:43:00
ORD_002904,4,,,2024-09-29 16:04:00,2024-10-01 16:04:00
ORD_002905,5,,,2024-03-25 14:48:00,2024-03-30 14:48:00
ORD_002906,5,,,2024-09-17 12:35:00,2024-09-20 12:35:00
ORD_002907,5,,,2024-07-18 12:38:00,2024-07-19 12:38:00
ORD_002908,3,,,2024-05-19 06:11:00,2024-05-23 06:11:00
ORD_002909,2,,,2024-01-02 05:36:00,2024-01-03 05:36:00
ORD_002910,5,,,2024-04-21 18:44:00,2024-04-23 18:44:00
ORD_002911,2,,,2024-01-05 16:29:00,2024-01-06 16:29:00
ORD_002912,5,,,2024-09-14 22:46:00,2024-09-16 22:46:00
ORD_002913,4,,,2024-09-25 08:19:00,2024-09-26 08:19:00
ORD_002914,5,,,2024-04-22 09:45:00,2024-04-27 09:45:00
ORD_002915,4,,,2024-05-17 17:07:00,2024-05-18 17:07:00
ORD_002916,4,,,2024-03-28 07:02:00,2024-03-31 07:02:00
ORD_002917,3,,,2024-09-30 07:18:00,2024-10-03 07:18:00
ORD_002918,4,,,2024-01-21 20:09:00,2024-01-23 20:09:00
ORD_002919,4,,,2024-05-22 04:17:00,2024-05-24 04:17:00
ORD_002920,5,,,2024-01-27 20:15:00,2024-02-01 20:15:00
ORD_002921,5,,,2024-04-17 17:07:00,2024-04-18 17:07:00
ORD_002922,5,,,2024-01-01 20:22:00,2024-01-04 20:22:00
ORD_002923,5,,,2024-11-19 19:23:00,2024-11-22 19:23:00
ORD_002924,4,,,2024-06-15 02:45:00,2024-06-18 02:45:00
ORD_002925,2,,,2024-10-08 08:46:00,2024-10-09 08:46:00
ORD_002926,4,,,2024-03-09 13:57:00,2024-03-11 13:57:00
ORD_002927,5,,,2024-11-09 09:20:00,2024-11-11 09:20:00
ORD_002928,4,,,2024-01-30 20:52:00,2024-02-03 20:52:00
ORD_002929,5,,,2024-01-06 11:14:00,2024-01-09 11:14:00
ORD_002930,4,,,2024-05-23 05:16:00,2024-05-24 05:16:00
ORD_002931,5,,,2024-01-09 17:42:00,2024-01-12 17:42:00
ORD_002932,5,,,2024-10-25 03:46:00,2024-10-28 03:46:00
ORD_002933,2,,,2024-12-18 12:41:00,2024-12-22 12:41:00
ORD_002934,4,,,2024-05-11 20:40:00,2024-05-14 20:40:00
ORD_002935,5,,,2024-11-05 17:13:00,2024-11-07 17:13:00
ORD_002936,4,,,2024-08-14 07:20:00,2024-08-16 07:20:00
ORD_002937,4,,,2024-05-17 06:37:00,2024-05-20 06:37:00
ORD_002938,5,,,2024-11-18 12:09:00,2024-11-21 12:09:00
ORD_002939,3,,,2024-08-16 07:46:00,2024-08-21 07:46:00
ORD_002940,5,,,2024-08-10 11:09:00,2024-08-12 11:09:00
ORD_002941,5,,,2024-09-02 02:31:00,2024-09-04 02:31:00
ORD_002942,2,,,2024-04-02 14:11:00,2024-04-06 14:11:00
ORD_002943,4,,,2024-03-31 06:36:00,2024-04-01 06:36:00
ORD_002944,4,,,2024-09-08 23:11:00,2024-09-13 23:11:00
ORD_002945,5,,,2024-11-27 09:01:00,2024-11-29 09:01:00
ORD_002946,3,,,2024-06-07 05:56:00,2024-06-08 05:56:00
ORD_002947,5,,,2024-03-31 12:43:00,2024-04-04 12:43:00
ORD_002948,4,,,2024-11-07 06:04:00,2024-11-10 06:04:00
ORD_002949,3,,,2024-03-14 02:27:00,2024-03-17 02:27:00
ORD_002950,4,,,2024-05-05 14:58:00,2024-05-06 14:58:00
ORD_002951,4,,,2024-11-26 12:06:00,2024-11-27 12:06:00
ORD_002952,4,,,2024-09-26 04:46:00,2024-09-29 04:46:00
ORD_002953,4,,,2024-01-07 19:06:00,2024-01-12 19:06:00
ORD_002954,4,,,2024-07-12 12:01:00,2024-07-16 12:01:00
ORD_002955,3,,,2024-02-26 00:48:00,2024-02-28 00:48:00
ORD_002956,2,,,2024-11-25 01:08:00,2024-11-30 01:08:00
ORD_002957,5,,,2024-05-07 02:17:00,2024-05-11 02:17:00
ORD_002958,4,,,2024-03-14 20:38:00,2024-03-19 20:38:00
ORD_002959,4,,,2024-01-07 00:50:00,2024-01-09 00:50:00
ORD_002960,5,,,2024-02-24 17:47:00,2024-02-26 17:47:00
ORD_002961,4,,,2024-06-22 22:05:00,2024-06-27 22:05:00
ORD_002962,5,,,2024-04-13 04:30:00,2024-04-16 04:30:00
ORD_002963,4,,,2024-10-15 14:52:00,2024-10-18 14:52:00
ORD_002964,2,,,2024-03-24 09:21:00,2024-03-26 09:21:00
ORD_002965,5,,,2024-09-02 04:15:00,2024-09-07 04:15:00
ORD_002966,4,,,2024-01-29 17:44:00,2024-01-30 17:44:00
ORD_002967,5,,,2024-05-16 20:34:00,2024-05-18 20:34:00
ORD_002968,4,,,2024-03-04 00:52:00,2024-03-09 00:52:00
ORD_002969,5,,,2024-01-23 03:34:00,2024-01-24 03:34:00
ORD_002970,5,,,2024-05-31 03:32:00,2024-06-04 03:32:00
ORD_002971,1,,,2024-07-31 04:00:00,2024-08-04 04:00:00
ORD_002972,5,,,2024-04-24 00:14:00,2024-04-25 00:14:00
ORD_002973,4,,,2024-08-06 12:09:00,2024-08-09 12:09:00
ORD_002974,5,,,2024-06-29 20:18:00,2024-06-30 20:18:00
ORD_002975,4,,,2024-04-25 21:24:00,2024-04-26 21:24:00
ORD_002976,5,,,2024-12-17 22:52:00,2024-12-22 22:52:00
ORD_002977,1,,,2024-02-27 15:10:00,2024-03-03 15:10:00
ORD_002978,4,,,2024-02-26 07:06:00,2024-03-02 07:06:00
ORD_002979,5,,,2024-05-24 11:04:00,2024-05-26 11:04:00
ORD_002980,5,,,2024-11-11 10:07:00,2024-11-15 10:07:00
ORD_002981,1,,,2024-07-03 02:57:00,2024-07-08 02:57:00
ORD_002982,4,,,2024-01-23 19:09:00,2024-01-27 19:09:00
ORD_002983,4,,,2024-04-01 13:33:00,2024-04-02 13:33:00
ORD_002984,4,,,2024-06-20 19:11:00,2024-06-21 19:11:00
ORD_002985,4,,,2024-12-13 13:09:00,2024-12-17 13:09:00
ORD_002986,5,,,2024-12-07 21:19:00,2024-12-09 21:19:00
ORD_002987,3,,,2024-11-15 09:22:00,2024-11-16 09:22:00
ORD_002988,5,,,2024-02-23 08:58:00,2024-02-26 08:58:00
ORD_002989,5,,,2024-09-12 21:23:00,2024-09-13 21:23:00
ORD_002990,4,,,2024-05-15 22:51:00,2024-05-20 22:51:00
ORD_002991,4,,,2024-02-09 00:55:00,2024-02-12 00:55:00
ORD_002992,4,,,2024-03-17 20:09:00,2024-03-21 20:09:00
ORD_002993,4,,,2024-06-12 04:24:00,2024-06-15 04:24:00
ORD_002994,5,,,2024-08-16 23:50:00,2024-08-19 23:50:00
ORD_002995,4,,,2024-09-01 02:07:00,2024-09-02 02:07:00
ORD_002996,5,,,2024-10-22 13:46:00,2024-10-23 13:46:00
ORD_002997,4,,,2024-05-22 04:05:00,2024-05-23 04:05:00
ORD_002998,4,,,2024-06-14 04:11:00,2024-06-17 04:11:00
ORD_002999,1,,,2024-07-16 11:20:00,2024-07-19 11:20:00
ORD_003000,1,,,2024-09-10 13:30:00,2024-09-12 13:30:00
