order_id,customer_id,order_status,order_purchase_timestamp,order_approved_at,order_delivered_carrier_date,order_delivered_customer_date,order_estimated_delivery_date
ORD_000001,CUST_000711,cancelled,2024-05-20 11:52:00,2024-05-21 03:52:00,2024-05-21 11:52:00,2024-06-12 11:52:00,2024-06-07 11:52:00
ORD_000002,CUST_000997,delivered,2024-08-25 16:25:00,2024-08-25 17:25:00,2024-08-26 16:25:00,2024-09-02 16:25:00,2024-09-06 16:25:00
ORD_000003,CUST_000424,shipped,2024-11-21 03:43:00,2024-11-21 15:43:00,2024-11-24 03:43:00,2024-12-03 03:43:00,2024-12-07 03:43:00
ORD_000004,CUST_000617,cancelled,2024-01-16 07:23:00,2024-01-16 14:23:00,2024-01-17 07:23:00,2024-01-30 07:23:00,2024-02-03 07:23:00
ORD_000005,CUST_000813,delivered,2024-09-07 19:28:00,2024-09-08 05:28:00,2024-09-08 19:28:00,2024-09-20 19:28:00,2024-09-26 19:28:00
ORD_000006,CUST_000652,shipped,2024-03-31 15:37:00,2024-04-01 10:37:00,2024-04-01 15:37:00,2024-04-12 15:37:00,2024-04-19 15:37:00
ORD_000007,CUST_000342,shipped,2024-10-09 11:22:00,2024-10-10 01:22:00,2024-10-11 11:22:00,2024-10-31 11:22:00,2024-10-28 11:22:00
ORD_000008,CUST_000142,cancelled,2024-03-24 08:47:00,2024-03-25 08:47:00,2024-03-25 08:47:00,2024-04-17 08:47:00,2024-04-09 08:47:00
ORD_000009,CUST_000822,delivered,2024-12-18 02:18:00,2024-12-18 17:18:00,2024-12-19 02:18:00,2025-01-10 02:18:00,2024-12-30 02:18:00
ORD_000010,CUST_000967,delivered,2024-01-15 12:03:00,2024-01-16 05:03:00,2024-01-18 12:03:00,2024-02-05 12:03:00,2024-01-31 12:03:00
ORD_000011,CUST_000670,cancelled,2024-03-24 18:49:00,2024-03-24 23:49:00,2024-03-26 18:49:00,2024-04-03 18:49:00,2024-04-12 18:49:00
ORD_000012,CUST_000944,delivered,2024-04-19 07:41:00,2024-04-19 22:41:00,2024-04-20 07:41:00,2024-05-14 07:41:00,2024-05-06 07:41:00
ORD_000013,CUST_000252,delivered,2024-04-25 21:13:00,2024-04-26 07:13:00,2024-04-28 21:13:00,2024-05-15 21:13:00,2024-05-05 21:13:00
ORD_000014,CUST_000393,shipped,2024-05-17 20:26:00,2024-05-18 00:26:00,2024-05-19 20:26:00,2024-06-07 20:26:00,2024-06-04 20:26:00
ORD_000015,CUST_000429,delivered,2024-09-19 00:55:00,2024-09-19 23:55:00,2024-09-22 00:55:00,2024-09-24 00:55:00,2024-10-02 00:55:00
ORD_000016,CUST_000563,delivered,2024-12-15 00:30:00,2024-12-15 23:30:00,2024-12-18 00:30:00,2024-12-24 00:30:00,2025-01-02 00:30:00
ORD_000017,CUST_000510,processing,2024-03-08 20:11:00,2024-03-09 00:11:00,2024-03-11 20:11:00,2024-03-13 20:11:00,2024-03-24 20:11:00
ORD_000018,CUST_000552,shipped,2024-11-03 00:14:00,2024-11-03 15:14:00,2024-11-05 00:14:00,2024-11-18 00:14:00,2024-11-21 00:14:00
ORD_000019,CUST_000547,delivered,2024-05-09 19:51:00,2024-05-10 09:51:00,2024-05-11 19:51:00,2024-05-31 19:51:00,2024-05-27 19:51:00
ORD_000020,CUST_000505,delivered,2024-06-05 22:45:00,2024-06-06 14:45:00,2024-06-08 22:45:00,2024-06-23 22:45:00,2024-06-23 22:45:00
ORD_000021,CUST_000546,processing,2024-11-25 08:27:00,2024-11-25 17:27:00,2024-11-27 08:27:00,2024-12-18 08:27:00,2024-12-15 08:27:00
ORD_000022,CUST_000550,processing,2024-07-11 11:29:00,2024-07-11 14:29:00,2024-07-13 11:29:00,2024-07-26 11:29:00,2024-07-30 11:29:00
ORD_000023,CUST_000842,delivered,2024-05-09 06:29:00,2024-05-09 11:29:00,2024-05-12 06:29:00,2024-05-14 06:29:00,2024-05-20 06:29:00
ORD_000024,CUST_000236,delivered,2024-06-03 21:33:00,2024-06-04 06:33:00,2024-06-05 21:33:00,2024-06-23 21:33:00,2024-06-20 21:33:00
ORD_000025,CUST_000394,shipped,2024-11-15 12:37:00,2024-11-16 12:37:00,2024-11-16 12:37:00,2024-11-26 12:37:00,2024-12-03 12:37:00
ORD_000026,CUST_000086,delivered,2024-02-22 00:32:00,2024-02-22 22:32:00,2024-02-23 00:32:00,2024-03-03 00:32:00,2024-03-13 00:32:00
ORD_000027,CUST_000595,delivered,2024-12-05 11:35:00,2024-12-05 15:35:00,2024-12-07 11:35:00,2024-12-13 11:35:00,2024-12-25 11:35:00
ORD_000028,CUST_000733,delivered,2024-11-27 19:38:00,2024-11-28 07:38:00,2024-11-28 19:38:00,2024-12-11 19:38:00,2024-12-17 19:38:00
ORD_000029,CUST_000432,processing,2024-05-24 09:43:00,2024-05-24 12:43:00,2024-05-25 09:43:00,2024-06-11 09:43:00,2024-06-10 09:43:00
ORD_000030,CUST_000540,shipped,2024-02-25 15:04:00,2024-02-26 15:04:00,2024-02-28 15:04:00,2024-03-09 15:04:00,2024-03-15 15:04:00
ORD_000031,CUST_000592,delivered,2024-06-21 08:40:00,2024-06-21 16:40:00,2024-06-23 08:40:00,2024-07-04 08:40:00,2024-07-02 08:40:00
ORD_000032,CUST_000796,delivered,2024-06-15 08:16:00,2024-06-16 08:16:00,2024-06-16 08:16:00,2024-07-08 08:16:00,2024-06-30 08:16:00
ORD_000033,CUST_000711,delivered,2024-12-01 22:57:00,2024-12-02 01:57:00,2024-12-02 22:57:00,2024-12-12 22:57:00,2024-12-11 22:57:00
ORD_000034,CUST_000831,delivered,2024-11-29 09:12:00,2024-11-29 20:12:00,2024-12-02 09:12:00,2024-12-24 09:12:00,2024-12-14 09:12:00
ORD_000035,CUST_000767,delivered,2024-03-17 16:48:00,2024-03-17 22:48:00,2024-03-18 16:48:00,2024-04-03 16:48:00,2024-04-05 16:48:00
ORD_000036,CUST_000225,cancelled,2024-05-03 01:51:00,2024-05-03 18:51:00,2024-05-05 01:51:00,2024-05-27 01:51:00,2024-05-19 01:51:00
ORD_000037,CUST_000720,delivered,2024-11-03 12:42:00,2024-11-03 23:42:00,2024-11-05 12:42:00,2024-11-26 12:42:00,2024-11-15 12:42:00
ORD_000038,CUST_000090,delivered,2024-06-12 21:08:00,2024-06-13 06:08:00,2024-06-13 21:08:00,2024-07-05 21:08:00,2024-06-27 21:08:00
ORD_000039,CUST_000241,delivered,2024-01-14 20:31:00,2024-01-15 11:31:00,2024-01-15 20:31:00,2024-01-30 20:31:00,2024-01-31 20:31:00
ORD_000040,CUST_000371,cancelled,2024-05-31 08:58:00,2024-06-01 05:58:00,2024-06-01 08:58:00,2024-06-08 08:58:00,2024-06-11 08:58:00
ORD_000041,CUST_000003,processing,2024-08-02 12:24:00,2024-08-03 12:24:00,2024-08-03 12:24:00,2024-08-19 12:24:00,2024-08-21 12:24:00
ORD_000042,CUST_000209,processing,2024-01-19 18:45:00,2024-01-20 11:45:00,2024-01-21 18:45:00,2024-02-08 18:45:00,2024-02-05 18:45:00
ORD_000043,CUST_000872,cancelled,2024-10-19 06:21:00,2024-10-20 04:21:00,2024-10-20 06:21:00,2024-11-12 06:21:00,2024-11-04 06:21:00
ORD_000044,CUST_000018,processing,2024-04-23 21:34:00,2024-04-24 00:34:00,2024-04-24 21:34:00,2024-05-04 21:34:00,2024-05-03 21:34:00
ORD_000045,CUST_000372,delivered,2024-11-22 15:58:00,2024-11-23 14:58:00,2024-11-25 15:58:00,2024-12-04 15:58:00,2024-12-11 15:58:00
ORD_000046,CUST_000572,delivered,2024-12-09 11:32:00,2024-12-10 10:32:00,2024-12-10 11:32:00,2024-12-24 11:32:00,2024-12-22 11:32:00
ORD_000047,CUST_000486,cancelled,2024-06-02 05:53:00,2024-06-02 16:53:00,2024-06-03 05:53:00,2024-06-08 05:53:00,2024-06-14 05:53:00
ORD_000048,CUST_000981,delivered,2024-12-02 17:11:00,2024-12-02 19:11:00,2024-12-04 17:11:00,2024-12-17 17:11:00,2024-12-12 17:11:00
ORD_000049,CUST_000137,delivered,2024-05-30 03:30:00,2024-05-30 17:30:00,2024-06-02 03:30:00,2024-06-15 03:30:00,2024-06-10 03:30:00
ORD_000050,CUST_000944,delivered,2024-03-06 23:16:00,2024-03-07 03:16:00,2024-03-08 23:16:00,2024-03-26 23:16:00,2024-03-18 23:16:00
ORD_000051,CUST_000113,shipped,2024-10-13 05:43:00,2024-10-14 04:43:00,2024-10-15 05:43:00,2024-10-25 05:43:00,2024-10-29 05:43:00
ORD_000052,CUST_000062,delivered,2024-06-20 20:05:00,2024-06-21 13:05:00,2024-06-23 20:05:00,2024-07-12 20:05:00,2024-07-05 20:05:00
ORD_000053,CUST_000934,cancelled,2024-04-23 11:14:00,2024-04-23 22:14:00,2024-04-24 11:14:00,2024-05-08 11:14:00,2024-05-10 11:14:00
ORD_000054,CUST_000358,shipped,2024-06-06 13:50:00,2024-06-06 20:50:00,2024-06-08 13:50:00,2024-06-26 13:50:00,2024-06-26 13:50:00
ORD_000055,CUST_000370,delivered,2024-06-18 11:16:00,2024-06-19 05:16:00,2024-06-21 11:16:00,2024-06-30 11:16:00,2024-07-06 11:16:00
ORD_000056,CUST_000870,cancelled,2024-10-26 09:29:00,2024-10-27 07:29:00,2024-10-27 09:29:00,2024-11-13 09:29:00,2024-11-14 09:29:00
ORD_000057,CUST_000870,delivered,2024-03-01 15:03:00,2024-03-02 12:03:00,2024-03-04 15:03:00,2024-03-23 15:03:00,2024-03-19 15:03:00
ORD_000058,CUST_000888,delivered,2024-11-20 18:37:00,2024-11-20 20:37:00,2024-11-23 18:37:00,2024-11-25 18:37:00,2024-12-02 18:37:00
ORD_000059,CUST_000798,delivered,2024-11-13 02:30:00,2024-11-13 23:30:00,2024-11-14 02:30:00,2024-11-20 02:30:00,2024-11-29 02:30:00
ORD_000060,CUST_000839,delivered,2024-04-09 16:07:00,2024-04-10 13:07:00,2024-04-10 16:07:00,2024-04-17 16:07:00,2024-04-19 16:07:00
ORD_000061,CUST_000143,processing,2024-12-14 12:33:00,2024-12-14 13:33:00,2024-12-17 12:33:00,2025-01-06 12:33:00,2024-12-28 12:33:00
ORD_000062,CUST_000302,delivered,2024-06-01 13:03:00,2024-06-01 21:03:00,2024-06-03 13:03:00,2024-06-10 13:03:00,2024-06-12 13:03:00
ORD_000063,CUST_000472,delivered,2024-03-18 04:12:00,2024-03-18 09:12:00,2024-03-19 04:12:00,2024-03-30 04:12:00,2024-04-05 04:12:00
ORD_000064,CUST_000148,delivered,2024-06-24 13:36:00,2024-06-25 08:36:00,2024-06-27 13:36:00,2024-07-12 13:36:00,2024-07-04 13:36:00
ORD_000065,CUST_000856,delivered,2024-08-22 04:20:00,2024-08-22 17:20:00,2024-08-23 04:20:00,2024-08-28 04:20:00,2024-09-10 04:20:00
ORD_000066,CUST_000874,shipped,2024-04-02 02:31:00,2024-04-02 10:31:00,2024-04-03 02:31:00,2024-04-13 02:31:00,2024-04-17 02:31:00
ORD_000067,CUST_000565,delivered,2024-06-19 20:11:00,2024-06-20 18:11:00,2024-06-21 20:11:00,2024-07-08 20:11:00,2024-07-01 20:11:00
ORD_000068,CUST_000996,delivered,2024-06-09 20:03:00,2024-06-10 03:03:00,2024-06-11 20:03:00,2024-06-27 20:03:00,2024-06-20 20:03:00
ORD_000069,CUST_000954,delivered,2024-01-03 14:17:00,2024-01-03 23:17:00,2024-01-04 14:17:00,2024-01-25 14:17:00,2024-01-20 14:17:00
ORD_000070,CUST_000935,cancelled,2024-04-17 05:36:00,2024-04-17 21:36:00,2024-04-19 05:36:00,2024-04-24 05:36:00,2024-05-02 05:36:00
ORD_000071,CUST_000432,delivered,2024-03-22 15:50:00,2024-03-22 20:50:00,2024-03-24 15:50:00,2024-03-30 15:50:00,2024-04-06 15:50:00
ORD_000072,CUST_000249,cancelled,2024-02-15 04:39:00,2024-02-15 20:39:00,2024-02-16 04:39:00,2024-03-08 04:39:00,2024-03-04 04:39:00
ORD_000073,CUST_000216,delivered,2024-08-10 20:27:00,2024-08-11 02:27:00,2024-08-13 20:27:00,2024-08-29 20:27:00,2024-08-25 20:27:00
ORD_000074,CUST_000848,shipped,2024-07-25 13:30:00,2024-07-26 13:30:00,2024-07-26 13:30:00,2024-08-03 13:30:00,2024-08-05 13:30:00
ORD_000075,CUST_000230,cancelled,2024-07-15 00:02:00,2024-07-15 16:02:00,2024-07-17 00:02:00,2024-07-27 00:02:00,2024-08-01 00:02:00
ORD_000076,CUST_000058,delivered,2024-09-30 06:46:00,2024-09-30 16:46:00,2024-10-02 06:46:00,2024-10-11 06:46:00,2024-10-17 06:46:00
ORD_000077,CUST_000765,processing,2024-07-10 00:57:00,2024-07-10 05:57:00,2024-07-11 00:57:00,2024-07-21 00:57:00,2024-07-27 00:57:00
ORD_000078,CUST_000142,delivered,2024-06-13 16:12:00,2024-06-13 23:12:00,2024-06-15 16:12:00,2024-06-29 16:12:00,2024-06-27 16:12:00
ORD_000079,CUST_000121,delivered,2024-01-10 21:00:00,2024-01-11 18:00:00,2024-01-13 21:00:00,2024-01-18 21:00:00,2024-01-21 21:00:00
ORD_000080,CUST_000986,delivered,2024-11-16 23:15:00,2024-11-17 02:15:00,2024-11-17 23:15:00,2024-11-22 23:15:00,2024-12-06 23:15:00
ORD_000081,CUST_000713,delivered,2024-04-25 22:56:00,2024-04-26 15:56:00,2024-04-26 22:56:00,2024-05-08 22:56:00,2024-05-07 22:56:00
ORD_000082,CUST_000721,delivered,2024-06-25 09:08:00,2024-06-26 09:08:00,2024-06-26 09:08:00,2024-06-30 09:08:00,2024-07-12 09:08:00
ORD_000083,CUST_000147,processing,2024-02-22 12:32:00,2024-02-23 12:32:00,2024-02-25 12:32:00,2024-03-16 12:32:00,2024-03-07 12:32:00
ORD_000084,CUST_000387,processing,2024-10-28 09:10:00,2024-10-28 16:10:00,2024-10-29 09:10:00,2024-11-15 09:10:00,2024-11-13 09:10:00
ORD_000085,CUST_000751,processing,2024-02-03 01:19:00,2024-02-03 02:19:00,2024-02-05 01:19:00,2024-02-11 01:19:00,2024-02-22 01:19:00
ORD_000086,CUST_000027,delivered,2024-05-28 14:46:00,2024-05-29 04:46:00,2024-05-31 14:46:00,2024-06-10 14:46:00,2024-06-09 14:46:00
ORD_000087,CUST_000713,delivered,2024-09-23 19:33:00,2024-09-23 22:33:00,2024-09-26 19:33:00,2024-10-18 19:33:00,2024-10-04 19:33:00
ORD_000088,CUST_000989,processing,2024-06-21 13:56:00,2024-06-22 05:56:00,2024-06-23 13:56:00,2024-07-14 13:56:00,2024-07-02 13:56:00
ORD_000089,CUST_000435,shipped,2024-12-17 04:21:00,2024-12-17 22:21:00,2024-12-18 04:21:00,2025-01-05 04:21:00,2025-01-04 04:21:00
ORD_000090,CUST_000381,cancelled,2024-09-07 11:48:00,2024-09-08 07:48:00,2024-09-09 11:48:00,2024-09-18 11:48:00,2024-09-27 11:48:00
ORD_000091,CUST_000056,delivered,2024-04-06 05:58:00,2024-04-06 12:58:00,2024-04-07 05:58:00,2024-04-13 05:58:00,2024-04-26 05:58:00
ORD_000092,CUST_000719,delivered,2024-07-25 00:14:00,2024-07-25 23:14:00,2024-07-26 00:14:00,2024-08-09 00:14:00,2024-08-12 00:14:00
ORD_000093,CUST_000109,delivered,2024-04-24 23:08:00,2024-04-25 05:08:00,2024-04-27 23:08:00,2024-05-06 23:08:00,2024-05-06 23:08:00
ORD_000094,CUST_000679,delivered,2024-04-18 23:01:00,2024-04-19 01:01:00,2024-04-21 23:01:00,2024-05-12 23:01:00,2024-05-02 23:01:00
ORD_000095,CUST_000596,delivered,2024-10-28 16:10:00,2024-10-29 06:10:00,2024-10-30 16:10:00,2024-11-05 16:10:00,2024-11-08 16:10:00
ORD_000096,CUST_000076,processing,2024-03-04 11:45:00,2024-03-05 10:45:00,2024-03-07 11:45:00,2024-03-11 11:45:00,2024-03-23 11:45:00
ORD_000097,CUST_000489,delivered,2024-11-29 01:24:00,2024-11-29 10:24:00,2024-11-30 01:24:00,2024-12-12 01:24:00,2024-12-18 01:24:00
ORD_000098,CUST_000858,processing,2024-11-23 08:49:00,2024-11-24 04:49:00,2024-11-24 08:49:00,2024-12-17 08:49:00,2024-12-09 08:49:00
ORD_000099,CUST_000609,cancelled,2024-09-30 19:03:00,2024-10-01 08:03:00,2024-10-03 19:03:00,2024-10-22 19:03:00,2024-10-12 19:03:00
ORD_000100,CUST_000892,cancelled,2024-10-31 01:42:00,2024-10-31 22:42:00,2024-11-02 01:42:00,2024-11-25 01:42:00,2024-11-16 01:42:00
ORD_000101,CUST_000162,processing,2024-02-25 20:53:00,2024-02-26 15:53:00,2024-02-26 20:53:00,2024-03-08 20:53:00,2024-03-10 20:53:00
ORD_000102,CUST_000031,cancelled,2024-01-11 01:44:00,2024-01-11 09:44:00,2024-01-12 01:44:00,2024-01-17 01:44:00,2024-01-23 01:44:00
ORD_000103,CUST_000151,delivered,2024-02-29 13:28:00,2024-03-01 10:28:00,2024-03-03 13:28:00,2024-03-20 13:28:00,2024-03-12 13:28:00
ORD_000104,CUST_000375,delivered,2024-07-13 03:35:00,2024-07-13 15:35:00,2024-07-14 03:35:00,2024-07-26 03:35:00,2024-07-25 03:35:00
ORD_000105,CUST_000145,processing,2024-05-09 15:44:00,2024-05-10 07:44:00,2024-05-11 15:44:00,2024-05-31 15:44:00,2024-05-28 15:44:00
ORD_000106,CUST_000081,shipped,2024-03-19 06:44:00,2024-03-19 23:44:00,2024-03-22 06:44:00,2024-03-29 06:44:00,2024-04-05 06:44:00
ORD_000107,CUST_000251,shipped,2024-12-17 20:00:00,2024-12-18 18:00:00,2024-12-20 20:00:00,2024-12-22 20:00:00,2025-01-01 20:00:00
ORD_000108,CUST_000079,delivered,2024-06-03 13:42:00,2024-06-03 19:42:00,2024-06-04 13:42:00,2024-06-23 13:42:00,2024-06-21 13:42:00
ORD_000109,CUST_000013,cancelled,2024-02-21 21:33:00,2024-02-22 07:33:00,2024-02-24 21:33:00,2024-03-03 21:33:00,2024-03-11 21:33:00
ORD_000110,CUST_000583,shipped,2024-05-18 19:38:00,2024-05-19 03:38:00,2024-05-21 19:38:00,2024-06-05 19:38:00,2024-05-29 19:38:00
ORD_000111,CUST_000852,delivered,2024-12-24 04:26:00,2024-12-24 14:26:00,2024-12-25 04:26:00,2025-01-08 04:26:00,2025-01-10 04:26:00
ORD_000112,CUST_000834,delivered,2024-02-23 16:46:00,2024-02-24 14:46:00,2024-02-26 16:46:00,2024-03-02 16:46:00,2024-03-04 16:46:00
ORD_000113,CUST_000427,delivered,2024-11-12 03:18:00,2024-11-12 19:18:00,2024-11-14 03:18:00,2024-11-19 03:18:00,2024-11-26 03:18:00
ORD_000114,CUST_000154,delivered,2024-02-28 03:31:00,2024-02-28 19:31:00,2024-03-01 03:31:00,2024-03-20 03:31:00,2024-03-14 03:31:00
ORD_000115,CUST_000784,delivered,2024-04-11 19:12:00,2024-04-12 16:12:00,2024-04-12 19:12:00,2024-05-04 19:12:00,2024-04-25 19:12:00
ORD_000116,CUST_000187,shipped,2024-05-14 16:12:00,2024-05-15 05:12:00,2024-05-15 16:12:00,2024-05-26 16:12:00,2024-05-26 16:12:00
ORD_000117,CUST_000482,delivered,2024-07-02 22:26:00,2024-07-03 18:26:00,2024-07-03 22:26:00,2024-07-25 22:26:00,2024-07-13 22:26:00
ORD_000118,CUST_000762,shipped,2024-05-31 05:02:00,2024-05-31 17:02:00,2024-06-03 05:02:00,2024-06-13 05:02:00,2024-06-18 05:02:00
ORD_000119,CUST_000144,cancelled,2024-10-07 15:58:00,2024-10-08 09:58:00,2024-10-08 15:58:00,2024-10-12 15:58:00,2024-10-22 15:58:00
ORD_000120,CUST_000767,shipped,2024-04-16 22:59:00,2024-04-17 14:59:00,2024-04-17 22:59:00,2024-05-04 22:59:00,2024-05-06 22:59:00
ORD_000121,CUST_000541,delivered,2024-09-03 10:15:00,2024-09-03 20:15:00,2024-09-05 10:15:00,2024-09-19 10:15:00,2024-09-17 10:15:00
ORD_000122,CUST_000716,delivered,2024-01-02 00:42:00,2024-01-02 04:42:00,2024-01-03 00:42:00,2024-01-18 00:42:00,2024-01-17 00:42:00
ORD_000123,CUST_000972,cancelled,2024-02-15 03:53:00,2024-02-15 11:53:00,2024-02-18 03:53:00,2024-03-05 03:53:00,2024-03-03 03:53:00
ORD_000124,CUST_000307,delivered,2024-10-20 21:31:00,2024-10-21 01:31:00,2024-10-21 21:31:00,2024-11-11 21:31:00,2024-10-30 21:31:00
ORD_000125,CUST_000482,delivered,2024-03-17 02:49:00,2024-03-17 12:49:00,2024-03-19 02:49:00,2024-03-27 02:49:00,2024-04-01 02:49:00
ORD_000126,CUST_000422,delivered,2024-09-18 02:46:00,2024-09-18 16:46:00,2024-09-21 02:46:00,2024-09-23 02:46:00,2024-10-04 02:46:00
ORD_000127,CUST_000740,cancelled,2024-02-21 08:41:00,2024-02-21 23:41:00,2024-02-22 08:41:00,2024-02-29 08:41:00,2024-03-10 08:41:00
ORD_000128,CUST_000346,delivered,2024-04-28 14:18:00,2024-04-29 01:18:00,2024-04-29 14:18:00,2024-05-23 14:18:00,2024-05-10 14:18:00
ORD_000129,CUST_000455,delivered,2024-05-15 14:03:00,2024-05-15 22:03:00,2024-05-18 14:03:00,2024-06-07 14:03:00,2024-05-25 14:03:00
ORD_000130,CUST_000801,delivered,2024-02-21 05:55:00,2024-02-22 03:55:00,2024-02-22 05:55:00,2024-02-26 05:55:00,2024-03-11 05:55:00
ORD_000131,CUST_000661,delivered,2024-01-21 09:23:00,2024-01-21 23:23:00,2024-01-24 09:23:00,2024-02-03 09:23:00,2024-02-02 09:23:00
ORD_000132,CUST_000712,delivered,2024-12-12 10:27:00,2024-12-12 14:27:00,2024-12-15 10:27:00,2024-12-23 10:27:00,2024-12-24 10:27:00
ORD_000133,CUST_000014,delivered,2024-02-29 03:54:00,2024-02-29 09:54:00,2024-03-01 03:54:00,2024-03-10 03:54:00,2024-03-15 03:54:00
ORD_000134,CUST_000294,delivered,2024-01-24 00:54:00,2024-01-24 15:54:00,2024-01-25 00:54:00,2024-02-03 00:54:00,2024-02-10 00:54:00
ORD_000135,CUST_000114,shipped,2024-03-11 21:41:00,2024-03-12 08:41:00,2024-03-14 21:41:00,2024-03-23 21:41:00,2024-03-21 21:41:00
ORD_000136,CUST_000160,delivered,2024-03-28 10:22:00,2024-03-29 08:22:00,2024-03-30 10:22:00,2024-04-03 10:22:00,2024-04-16 10:22:00
ORD_000137,CUST_000062,cancelled,2024-08-12 19:17:00,2024-08-12 23:17:00,2024-08-15 19:17:00,2024-08-22 19:17:00,2024-08-22 19:17:00
ORD_000138,CUST_000903,delivered,2024-02-17 11:52:00,2024-02-17 23:52:00,2024-02-20 11:52:00,2024-02-28 11:52:00,2024-02-27 11:52:00
ORD_000139,CUST_000658,delivered,2024-06-24 05:07:00,2024-06-25 04:07:00,2024-06-26 05:07:00,2024-07-05 05:07:00,2024-07-05 05:07:00
ORD_000140,CUST_000033,delivered,2024-07-24 12:29:00,2024-07-25 01:29:00,2024-07-26 12:29:00,2024-08-04 12:29:00,2024-08-13 12:29:00
ORD_000141,CUST_000619,cancelled,2024-05-19 12:44:00,2024-05-20 11:44:00,2024-05-22 12:44:00,2024-05-28 12:44:00,2024-06-04 12:44:00
ORD_000142,CUST_000770,delivered,2024-09-01 13:41:00,2024-09-01 18:41:00,2024-09-04 13:41:00,2024-09-15 13:41:00,2024-09-14 13:41:00
ORD_000143,CUST_000178,delivered,2024-03-26 03:08:00,2024-03-26 19:08:00,2024-03-28 03:08:00,2024-04-14 03:08:00,2024-04-10 03:08:00
ORD_000144,CUST_000516,delivered,2024-12-22 23:03:00,2024-12-23 15:03:00,2024-12-24 23:03:00,2024-12-28 23:03:00,2025-01-07 23:03:00
ORD_000145,CUST_000165,delivered,2024-03-22 03:26:00,2024-03-22 23:26:00,2024-03-25 03:26:00,2024-04-10 03:26:00,2024-04-05 03:26:00
ORD_000146,CUST_000012,cancelled,2024-10-29 15:51:00,2024-10-30 05:51:00,2024-10-30 15:51:00,2024-11-10 15:51:00,2024-11-08 15:51:00
ORD_000147,CUST_000406,cancelled,2024-10-18 21:28:00,2024-10-19 19:28:00,2024-10-21 21:28:00,2024-11-11 21:28:00,2024-11-04 21:28:00
ORD_000148,CUST_000853,processing,2024-04-02 19:24:00,2024-04-03 03:24:00,2024-04-04 19:24:00,2024-04-11 19:24:00,2024-04-14 19:24:00
ORD_000149,CUST_000434,shipped,2024-07-02 19:01:00,2024-07-02 20:01:00,2024-07-05 19:01:00,2024-07-08 19:01:00,2024-07-15 19:01:00
ORD_000150,CUST_000697,delivered,2024-12-16 23:57:00,2024-12-17 09:57:00,2024-12-18 23:57:00,2024-12-24 23:57:00,2024-12-28 23:57:00
ORD_000151,CUST_000971,delivered,2024-03-07 15:58:00,2024-03-08 00:58:00,2024-03-09 15:58:00,2024-03-18 15:58:00,2024-03-21 15:58:00
ORD_000152,CUST_000897,processing,2024-09-06 03:56:00,2024-09-06 20:56:00,2024-09-09 03:56:00,2024-09-22 03:56:00,2024-09-23 03:56:00
ORD_000153,CUST_000466,delivered,2024-07-29 14:02:00,2024-07-29 21:02:00,2024-07-31 14:02:00,2024-08-23 14:02:00,2024-08-10 14:02:00
ORD_000154,CUST_000568,delivered,2024-02-02 08:41:00,2024-02-02 22:41:00,2024-02-04 08:41:00,2024-02-16 08:41:00,2024-02-20 08:41:00
ORD_000155,CUST_000729,delivered,2024-06-09 00:45:00,2024-06-09 02:45:00,2024-06-10 00:45:00,2024-06-27 00:45:00,2024-06-21 00:45:00
ORD_000156,CUST_000850,delivered,2024-12-13 16:49:00,2024-12-14 10:49:00,2024-12-15 16:49:00,2024-12-22 16:49:00,2024-12-31 16:49:00
ORD_000157,CUST_000265,shipped,2024-10-22 23:36:00,2024-10-23 10:36:00,2024-10-25 23:36:00,2024-10-29 23:36:00,2024-11-10 23:36:00
ORD_000158,CUST_000942,cancelled,2024-04-24 21:55:00,2024-04-25 06:55:00,2024-04-26 21:55:00,2024-05-04 21:55:00,2024-05-09 21:55:00
ORD_000159,CUST_000586,processing,2024-06-22 16:33:00,2024-06-23 14:33:00,2024-06-23 16:33:00,2024-07-12 16:33:00,2024-07-06 16:33:00
ORD_000160,CUST_000514,delivered,2024-12-18 22:39:00,2024-12-19 09:39:00,2024-12-19 22:39:00,2025-01-04 22:39:00,2024-12-28 22:39:00
ORD_000161,CUST_000314,delivered,2024-02-18 13:42:00,2024-02-19 03:42:00,2024-02-20 13:42:00,2024-02-23 13:42:00,2024-02-28 13:42:00
ORD_000162,CUST_000727,shipped,2024-05-07 15:22:00,2024-05-08 04:22:00,2024-05-10 15:22:00,2024-05-17 15:22:00,2024-05-18 15:22:00
ORD_000163,CUST_000233,delivered,2024-12-05 21:41:00,2024-12-06 12:41:00,2024-12-08 21:41:00,2024-12-21 21:41:00,2024-12-22 21:41:00
ORD_000164,CUST_000434,cancelled,2024-07-16 04:53:00,2024-07-16 18:53:00,2024-07-17 04:53:00,2024-07-22 04:53:00,2024-08-03 04:53:00
ORD_000165,CUST_000954,cancelled,2024-10-12 19:03:00,2024-10-13 08:03:00,2024-10-14 19:03:00,2024-11-03 19:03:00,2024-11-01 19:03:00
ORD_000166,CUST_000161,processing,2024-01-06 20:59:00,2024-01-07 05:59:00,2024-01-08 20:59:00,2024-01-16 20:59:00,2024-01-24 20:59:00
ORD_000167,CUST_000279,cancelled,2024-03-21 16:54:00,2024-03-21 18:54:00,2024-03-22 16:54:00,2024-04-08 16:54:00,2024-04-02 16:54:00
ORD_000168,CUST_000997,delivered,2024-08-28 15:55:00,2024-08-29 00:55:00,2024-08-30 15:55:00,2024-09-05 15:55:00,2024-09-09 15:55:00
ORD_000169,CUST_000095,delivered,2024-03-25 02:48:00,2024-03-25 18:48:00,2024-03-28 02:48:00,2024-04-01 02:48:00,2024-04-08 02:48:00
ORD_000170,CUST_000535,cancelled,2024-09-08 10:15:00,2024-09-09 10:15:00,2024-09-09 10:15:00,2024-09-18 10:15:00,2024-09-25 10:15:00
ORD_000171,CUST_000387,cancelled,2024-06-18 08:03:00,2024-06-18 16:03:00,2024-06-20 08:03:00,2024-06-29 08:03:00,2024-07-01 08:03:00
ORD_000172,CUST_000974,delivered,2024-09-16 07:35:00,2024-09-16 18:35:00,2024-09-18 07:35:00,2024-09-23 07:35:00,2024-09-27 07:35:00
ORD_000173,CUST_000129,delivered,2024-11-25 12:25:00,2024-11-26 09:25:00,2024-11-26 12:25:00,2024-12-04 12:25:00,2024-12-07 12:25:00
ORD_000174,CUST_000761,delivered,2024-04-30 02:29:00,2024-04-30 04:29:00,2024-05-01 02:29:00,2024-05-18 02:29:00,2024-05-16 02:29:00
ORD_000175,CUST_000217,shipped,2024-08-15 18:28:00,2024-08-16 04:28:00,2024-08-17 18:28:00,2024-08-23 18:28:00,2024-08-26 18:28:00
ORD_000176,CUST_000411,delivered,2024-02-15 15:28:00,2024-02-16 06:28:00,2024-02-17 15:28:00,2024-03-04 15:28:00,2024-03-02 15:28:00
ORD_000177,CUST_000634,cancelled,2024-06-10 03:31:00,2024-06-10 17:31:00,2024-06-13 03:31:00,2024-06-22 03:31:00,2024-06-28 03:31:00
ORD_000178,CUST_000058,cancelled,2024-11-30 00:06:00,2024-11-30 08:06:00,2024-12-03 00:06:00,2024-12-10 00:06:00,2024-12-15 00:06:00
ORD_000179,CUST_000225,delivered,2024-07-25 13:02:00,2024-07-26 08:02:00,2024-07-26 13:02:00,2024-08-07 13:02:00,2024-08-04 13:02:00
ORD_000180,CUST_000402,delivered,2024-10-12 17:00:00,2024-10-12 23:00:00,2024-10-14 17:00:00,2024-11-02 17:00:00,2024-10-29 17:00:00
ORD_000181,CUST_000189,shipped,2024-02-16 19:39:00,2024-02-17 13:39:00,2024-02-17 19:39:00,2024-03-09 19:39:00,2024-02-27 19:39:00
ORD_000182,CUST_000843,delivered,2024-11-22 09:56:00,2024-11-22 16:56:00,2024-11-25 09:56:00,2024-12-13 09:56:00,2024-12-02 09:56:00
ORD_000183,CUST_000764,processing,2024-09-17 17:13:00,2024-09-18 14:13:00,2024-09-19 17:13:00,2024-10-10 17:13:00,2024-10-02 17:13:00
ORD_000184,CUST_001000,shipped,2024-12-01 21:29:00,2024-12-02 01:29:00,2024-12-02 21:29:00,2024-12-24 21:29:00,2024-12-19 21:29:00
ORD_000185,CUST_000573,cancelled,2024-06-23 11:52:00,2024-06-24 07:52:00,2024-06-25 11:52:00,2024-07-08 11:52:00,2024-07-13 11:52:00
ORD_000186,CUST_000620,cancelled,2024-01-28 07:54:00,2024-01-29 03:54:00,2024-01-30 07:54:00,2024-02-16 07:54:00,2024-02-07 07:54:00
ORD_000187,CUST_000862,shipped,2024-08-20 10:35:00,2024-08-20 21:35:00,2024-08-22 10:35:00,2024-08-30 10:35:00,2024-08-31 10:35:00
ORD_000188,CUST_000080,cancelled,2024-11-13 19:30:00,2024-11-14 00:30:00,2024-11-15 19:30:00,2024-12-07 19:30:00,2024-11-24 19:30:00
ORD_000189,CUST_000837,delivered,2024-12-02 11:45:00,2024-12-03 07:45:00,2024-12-05 11:45:00,2024-12-24 11:45:00,2024-12-21 11:45:00
ORD_000190,CUST_000710,shipped,2024-08-19 03:06:00,2024-08-19 21:06:00,2024-08-21 03:06:00,2024-09-11 03:06:00,2024-09-03 03:06:00
ORD_000191,CUST_000480,delivered,2024-12-03 07:00:00,2024-12-03 08:00:00,2024-12-05 07:00:00,2024-12-14 07:00:00,2024-12-13 07:00:00
ORD_000192,CUST_000489,shipped,2024-06-23 11:53:00,2024-06-24 11:53:00,2024-06-25 11:53:00,2024-07-12 11:53:00,2024-07-12 11:53:00
ORD_000193,CUST_000321,cancelled,2024-11-20 09:35:00,2024-11-20 10:35:00,2024-11-22 09:35:00,2024-12-08 09:35:00,2024-12-02 09:35:00
ORD_000194,CUST_000669,delivered,2024-09-24 11:44:00,2024-09-25 00:44:00,2024-09-26 11:44:00,2024-10-04 11:44:00,2024-10-11 11:44:00
ORD_000195,CUST_000658,delivered,2024-02-24 01:57:00,2024-02-24 04:57:00,2024-02-26 01:57:00,2024-03-19 01:57:00,2024-03-06 01:57:00
ORD_000196,CUST_000415,processing,2024-03-25 15:08:00,2024-03-26 14:08:00,2024-03-27 15:08:00,2024-04-13 15:08:00,2024-04-14 15:08:00
ORD_000197,CUST_000848,delivered,2024-07-28 03:16:00,2024-07-28 14:16:00,2024-07-31 03:16:00,2024-08-10 03:16:00,2024-08-08 03:16:00
ORD_000198,CUST_000390,delivered,2024-11-08 06:12:00,2024-11-08 18:12:00,2024-11-10 06:12:00,2024-11-23 06:12:00,2024-11-23 06:12:00
ORD_000199,CUST_000169,delivered,2024-03-02 12:13:00,2024-03-03 06:13:00,2024-03-03 12:13:00,2024-03-15 12:13:00,2024-03-14 12:13:00
ORD_000200,CUST_000056,shipped,2024-08-22 06:45:00,2024-08-22 09:45:00,2024-08-25 06:45:00,2024-09-15 06:45:00,2024-09-07 06:45:00
ORD_000201,CUST_000823,processing,2024-06-22 03:48:00,2024-06-23 00:48:00,2024-06-25 03:48:00,2024-07-03 03:48:00,2024-07-03 03:48:00
ORD_000202,CUST_000381,delivered,2024-07-31 01:59:00,2024-07-31 03:59:00,2024-08-01 01:59:00,2024-08-05 01:59:00,2024-08-10 01:59:00
ORD_000203,CUST_000663,shipped,2024-11-20 21:37:00,2024-11-21 14:37:00,2024-11-21 21:37:00,2024-12-01 21:37:00,2024-12-05 21:37:00
ORD_000204,CUST_000435,processing,2024-03-04 14:29:00,2024-03-04 21:29:00,2024-03-05 14:29:00,2024-03-21 14:29:00,2024-03-17 14:29:00
ORD_000205,CUST_000200,delivered,2024-12-03 18:32:00,2024-12-04 06:32:00,2024-12-06 18:32:00,2024-12-17 18:32:00,2024-12-20 18:32:00
ORD_000206,CUST_000277,delivered,2024-03-09 15:00:00,2024-03-10 09:00:00,2024-03-10 15:00:00,2024-03-26 15:00:00,2024-03-19 15:00:00
ORD_000207,CUST_000112,delivered,2024-09-28 23:03:00,2024-09-29 06:03:00,2024-10-01 23:03:00,2024-10-20 23:03:00,2024-10-17 23:03:00
ORD_000208,CUST_000107,delivered,2024-10-10 13:53:00,2024-10-10 19:53:00,2024-10-11 13:53:00,2024-10-29 13:53:00,2024-10-22 13:53:00
ORD_000209,CUST_000080,delivered,2024-10-26 15:59:00,2024-10-27 09:59:00,2024-10-29 15:59:00,2024-11-02 15:59:00,2024-11-08 15:59:00
ORD_000210,CUST_000372,processing,2024-09-17 05:44:00,2024-09-17 18:44:00,2024-09-20 05:44:00,2024-10-10 05:44:00,2024-09-27 05:44:00
ORD_000211,CUST_000618,processing,2024-10-23 05:46:00,2024-10-24 04:46:00,2024-10-26 05:46:00,2024-10-31 05:46:00,2024-11-02 05:46:00
ORD_000212,CUST_000798,delivered,2024-03-06 03:24:00,2024-03-06 11:24:00,2024-03-08 03:24:00,2024-03-15 03:24:00,2024-03-23 03:24:00
ORD_000213,CUST_000867,delivered,2024-12-02 19:38:00,2024-12-03 05:38:00,2024-12-04 19:38:00,2024-12-08 19:38:00,2024-12-13 19:38:00
ORD_000214,CUST_000344,cancelled,2024-06-13 16:56:00,2024-06-13 22:56:00,2024-06-16 16:56:00,2024-06-25 16:56:00,2024-06-29 16:56:00
ORD_000215,CUST_000029,delivered,2024-07-15 13:38:00,2024-07-16 01:38:00,2024-07-17 13:38:00,2024-08-06 13:38:00,2024-08-03 13:38:00
ORD_000216,CUST_000246,delivered,2024-12-20 07:17:00,2024-12-20 18:17:00,2024-12-22 07:17:00,2024-12-28 07:17:00,2025-01-04 07:17:00
ORD_000217,CUST_000289,cancelled,2024-07-22 10:18:00,2024-07-23 00:18:00,2024-07-25 10:18:00,2024-08-13 10:18:00,2024-08-11 10:18:00
ORD_000218,CUST_000167,processing,2024-08-19 04:08:00,2024-08-19 11:08:00,2024-08-21 04:08:00,2024-09-08 04:08:00,2024-08-29 04:08:00
ORD_000219,CUST_000555,delivered,2024-07-30 19:44:00,2024-07-31 13:44:00,2024-07-31 19:44:00,2024-08-16 19:44:00,2024-08-09 19:44:00
ORD_000220,CUST_000110,delivered,2024-09-19 09:53:00,2024-09-20 09:53:00,2024-09-21 09:53:00,2024-10-14 09:53:00,2024-10-06 09:53:00
ORD_000221,CUST_000067,delivered,2024-12-25 17:55:00,2024-12-26 01:55:00,2024-12-26 17:55:00,2025-01-17 17:55:00,2025-01-08 17:55:00
ORD_000222,CUST_000217,delivered,2024-06-09 22:47:00,2024-06-09 23:47:00,2024-06-11 22:47:00,2024-06-18 22:47:00,2024-06-29 22:47:00
ORD_000223,CUST_000612,processing,2024-10-10 20:13:00,2024-10-10 22:13:00,2024-10-11 20:13:00,2024-10-16 20:13:00,2024-10-21 20:13:00
ORD_000224,CUST_000012,delivered,2024-04-12 06:39:00,2024-04-12 07:39:00,2024-04-15 06:39:00,2024-05-03 06:39:00,2024-04-30 06:39:00
ORD_000225,CUST_000775,delivered,2024-05-28 21:22:00,2024-05-29 14:22:00,2024-05-31 21:22:00,2024-06-07 21:22:00,2024-06-16 21:22:00
ORD_000226,CUST_000932,shipped,2024-12-10 04:45:00,2024-12-10 08:45:00,2024-12-12 04:45:00,2025-01-01 04:45:00,2024-12-24 04:45:00
ORD_000227,CUST_000317,delivered,2024-11-28 05:32:00,2024-11-28 22:32:00,2024-11-30 05:32:00,2024-12-10 05:32:00,2024-12-16 05:32:00
ORD_000228,CUST_000193,delivered,2024-10-04 22:40:00,2024-10-05 11:40:00,2024-10-07 22:40:00,2024-10-13 22:40:00,2024-10-19 22:40:00
ORD_000229,CUST_000565,cancelled,2024-06-14 22:07:00,2024-06-15 14:07:00,2024-06-16 22:07:00,2024-06-26 22:07:00,2024-06-28 22:07:00
ORD_000230,CUST_000207,processing,2024-06-29 17:30:00,2024-06-29 19:30:00,2024-06-30 17:30:00,2024-07-05 17:30:00,2024-07-12 17:30:00
ORD_000231,CUST_000654,delivered,2024-10-25 18:42:00,2024-10-26 00:42:00,2024-10-26 18:42:00,2024-11-15 18:42:00,2024-11-14 18:42:00
ORD_000232,CUST_000952,delivered,2024-12-29 13:43:00,2024-12-29 23:43:00,2024-12-30 13:43:00,2025-01-22 13:43:00,2025-01-10 13:43:00
ORD_000233,CUST_000034,processing,2024-09-30 09:56:00,2024-09-30 19:56:00,2024-10-02 09:56:00,2024-10-22 09:56:00,2024-10-19 09:56:00
ORD_000234,CUST_000247,shipped,2024-08-04 00:33:00,2024-08-04 01:33:00,2024-08-07 00:33:00,2024-08-11 00:33:00,2024-08-22 00:33:00
ORD_000235,CUST_000276,delivered,2024-02-24 00:24:00,2024-02-24 08:24:00,2024-02-25 00:24:00,2024-03-07 00:24:00,2024-03-12 00:24:00
ORD_000236,CUST_000088,delivered,2024-03-15 01:42:00,2024-03-15 22:42:00,2024-03-18 01:42:00,2024-04-06 01:42:00,2024-03-31 01:42:00
ORD_000237,CUST_000584,delivered,2024-01-29 06:17:00,2024-01-30 05:17:00,2024-01-31 06:17:00,2024-02-20 06:17:00,2024-02-17 06:17:00
ORD_000238,CUST_000579,delivered,2024-03-23 09:43:00,2024-03-23 17:43:00,2024-03-26 09:43:00,2024-03-30 09:43:00,2024-04-10 09:43:00
ORD_000239,CUST_000046,cancelled,2024-05-08 04:53:00,2024-05-08 06:53:00,2024-05-10 04:53:00,2024-05-23 04:53:00,2024-05-27 04:53:00
ORD_000240,CUST_000578,delivered,2024-02-01 22:50:00,2024-02-02 07:50:00,2024-02-02 22:50:00,2024-02-22 22:50:00,2024-02-14 22:50:00
ORD_000241,CUST_000810,processing,2024-05-31 06:48:00,2024-06-01 06:48:00,2024-06-02 06:48:00,2024-06-22 06:48:00,2024-06-16 06:48:00
ORD_000242,CUST_000496,delivered,2024-10-04 01:22:00,2024-10-04 05:22:00,2024-10-05 01:22:00,2024-10-11 01:22:00,2024-10-19 01:22:00
ORD_000243,CUST_000047,delivered,2024-08-19 03:39:00,2024-08-19 16:39:00,2024-08-22 03:39:00,2024-09-01 03:39:00,2024-08-31 03:39:00
ORD_000244,CUST_000050,delivered,2024-12-11 23:35:00,2024-12-12 20:35:00,2024-12-12 23:35:00,2024-12-24 23:35:00,2024-12-30 23:35:00
ORD_000245,CUST_000323,processing,2024-04-24 23:41:00,2024-04-25 12:41:00,2024-04-26 23:41:00,2024-05-09 23:41:00,2024-05-08 23:41:00
ORD_000246,CUST_000096,delivered,2024-10-14 12:15:00,2024-10-14 17:15:00,2024-10-17 12:15:00,2024-11-05 12:15:00,2024-10-28 12:15:00
ORD_000247,CUST_000967,delivered,2024-09-18 22:18:00,2024-09-19 22:18:00,2024-09-21 22:18:00,2024-09-27 22:18:00,2024-10-05 22:18:00
ORD_000248,CUST_000317,delivered,2024-12-20 21:03:00,2024-12-21 06:03:00,2024-12-21 21:03:00,2024-12-30 21:03:00,2024-12-31 21:03:00
ORD_000249,CUST_000009,delivered,2024-07-14 12:26:00,2024-07-14 15:26:00,2024-07-16 12:26:00,2024-07-20 12:26:00,2024-07-30 12:26:00
ORD_000250,CUST_000366,processing,2024-12-16 10:35:00,2024-12-16 13:35:00,2024-12-19 10:35:00,2025-01-03 10:35:00,2024-12-27 10:35:00
ORD_000251,CUST_000770,cancelled,2024-01-28 00:47:00,2024-01-28 03:47:00,2024-01-31 00:47:00,2024-02-17 00:47:00,2024-02-16 00:47:00
ORD_000252,CUST_000290,delivered,2024-05-08 06:39:00,2024-05-08 23:39:00,2024-05-11 06:39:00,2024-05-19 06:39:00,2024-05-26 06:39:00
ORD_000253,CUST_000982,delivered,2024-08-14 07:58:00,2024-08-15 07:58:00,2024-08-15 07:58:00,2024-08-23 07:58:00,2024-08-26 07:58:00
ORD_000254,CUST_000408,delivered,2024-11-20 22:45:00,2024-11-21 21:45:00,2024-11-23 22:45:00,2024-12-02 22:45:00,2024-12-07 22:45:00
ORD_000255,CUST_000513,shipped,2024-11-27 11:48:00,2024-11-28 11:48:00,2024-11-29 11:48:00,2024-12-22 11:48:00,2024-12-10 11:48:00
ORD_000256,CUST_000200,delivered,2024-10-28 17:47:00,2024-10-29 07:47:00,2024-10-31 17:47:00,2024-11-04 17:47:00,2024-11-11 17:47:00
ORD_000257,CUST_000323,delivered,2024-11-04 06:49:00,2024-11-04 07:49:00,2024-11-05 06:49:00,2024-11-25 06:49:00,2024-11-22 06:49:00
ORD_000258,CUST_000770,delivered,2024-04-09 09:28:00,2024-04-09 10:28:00,2024-04-10 09:28:00,2024-04-18 09:28:00,2024-04-20 09:28:00
ORD_000259,CUST_000401,delivered,2024-03-31 21:04:00,2024-04-01 21:04:00,2024-04-02 21:04:00,2024-04-24 21:04:00,2024-04-13 21:04:00
ORD_000260,CUST_000744,delivered,2024-04-05 05:47:00,2024-04-05 23:47:00,2024-04-07 05:47:00,2024-04-24 05:47:00,2024-04-16 05:47:00
ORD_000261,CUST_000365,delivered,2024-09-20 03:24:00,2024-09-20 23:24:00,2024-09-22 03:24:00,2024-09-27 03:24:00,2024-09-30 03:24:00
ORD_000262,CUST_000998,delivered,2024-01-21 13:17:00,2024-01-21 18:17:00,2024-01-22 13:17:00,2024-02-08 13:17:00,2024-02-04 13:17:00
ORD_000263,CUST_000133,processing,2024-10-11 08:08:00,2024-10-11 12:08:00,2024-10-14 08:08:00,2024-11-05 08:08:00,2024-10-26 08:08:00
ORD_000264,CUST_000720,cancelled,2024-03-23 18:54:00,2024-03-24 18:54:00,2024-03-24 18:54:00,2024-04-14 18:54:00,2024-04-02 18:54:00
ORD_000265,CUST_000691,shipped,2024-05-10 00:21:00,2024-05-10 19:21:00,2024-05-12 00:21:00,2024-05-17 00:21:00,2024-05-22 00:21:00
ORD_000266,CUST_000100,delivered,2024-08-26 22:59:00,2024-08-27 11:59:00,2024-08-28 22:59:00,2024-09-10 22:59:00,2024-09-10 22:59:00
ORD_000267,CUST_000340,delivered,2024-03-20 01:09:00,2024-03-20 08:09:00,2024-03-23 01:09:00,2024-04-08 01:09:00,2024-04-07 01:09:00
ORD_000268,CUST_000418,delivered,2024-06-14 19:03:00,2024-06-15 15:03:00,2024-06-17 19:03:00,2024-06-24 19:03:00,2024-07-04 19:03:00
ORD_000269,CUST_000919,processing,2024-11-16 19:53:00,2024-11-17 05:53:00,2024-11-19 19:53:00,2024-11-29 19:53:00,2024-12-05 19:53:00
ORD_000270,CUST_000760,delivered,2024-12-04 09:31:00,2024-12-04 20:31:00,2024-12-07 09:31:00,2024-12-19 09:31:00,2024-12-20 09:31:00
ORD_000271,CUST_000516,shipped,2024-10-20 17:22:00,2024-10-21 07:22:00,2024-10-23 17:22:00,2024-10-25 17:22:00,2024-11-02 17:22:00
ORD_000272,CUST_000104,delivered,2024-02-07 22:20:00,2024-02-08 15:20:00,2024-02-08 22:20:00,2024-02-13 22:20:00,2024-02-27 22:20:00
ORD_000273,CUST_000515,delivered,2024-09-26 07:11:00,2024-09-27 07:11:00,2024-09-29 07:11:00,2024-10-01 07:11:00,2024-10-08 07:11:00
ORD_000274,CUST_000827,processing,2024-09-23 02:50:00,2024-09-23 03:50:00,2024-09-24 02:50:00,2024-09-28 02:50:00,2024-10-04 02:50:00
ORD_000275,CUST_000794,cancelled,2024-09-15 05:26:00,2024-09-15 15:26:00,2024-09-16 05:26:00,2024-09-20 05:26:00,2024-10-02 05:26:00
ORD_000276,CUST_000154,delivered,2024-10-05 17:25:00,2024-10-06 02:25:00,2024-10-06 17:25:00,2024-10-10 17:25:00,2024-10-19 17:25:00
ORD_000277,CUST_000025,cancelled,2024-02-17 11:14:00,2024-02-18 02:14:00,2024-02-18 11:14:00,2024-02-24 11:14:00,2024-03-01 11:14:00
ORD_000278,CUST_000602,delivered,2024-04-19 21:21:00,2024-04-20 04:21:00,2024-04-20 21:21:00,2024-05-04 21:21:00,2024-05-04 21:21:00
ORD_000279,CUST_000816,delivered,2024-06-18 11:18:00,2024-06-18 15:18:00,2024-06-19 11:18:00,2024-06-28 11:18:00,2024-07-05 11:18:00
ORD_000280,CUST_000392,delivered,2024-04-21 19:33:00,2024-04-22 04:33:00,2024-04-23 19:33:00,2024-05-16 19:33:00,2024-05-05 19:33:00
ORD_000281,CUST_000489,cancelled,2024-08-31 17:52:00,2024-09-01 14:52:00,2024-09-01 17:52:00,2024-09-23 17:52:00,2024-09-18 17:52:00
ORD_000282,CUST_000601,processing,2024-11-28 00:07:00,2024-11-28 19:07:00,2024-11-30 00:07:00,2024-12-05 00:07:00,2024-12-11 00:07:00
ORD_000283,CUST_000890,shipped,2024-12-08 11:28:00,2024-12-09 03:28:00,2024-12-10 11:28:00,2024-12-15 11:28:00,2024-12-23 11:28:00
ORD_000284,CUST_000873,delivered,2024-05-03 20:39:00,2024-05-04 09:39:00,2024-05-04 20:39:00,2024-05-14 20:39:00,2024-05-15 20:39:00
ORD_000285,CUST_000039,delivered,2024-11-14 07:02:00,2024-11-14 17:02:00,2024-11-17 07:02:00,2024-12-04 07:02:00,2024-11-30 07:02:00
ORD_000286,CUST_000298,processing,2024-12-15 10:24:00,2024-12-16 00:24:00,2024-12-16 10:24:00,2024-12-23 10:24:00,2025-01-02 10:24:00
ORD_000287,CUST_000166,processing,2024-02-28 12:16:00,2024-02-28 15:16:00,2024-02-29 12:16:00,2024-03-18 12:16:00,2024-03-09 12:16:00
ORD_000288,CUST_000156,delivered,2024-10-03 23:18:00,2024-10-04 07:18:00,2024-10-05 23:18:00,2024-10-25 23:18:00,2024-10-19 23:18:00
ORD_000289,CUST_000699,cancelled,2024-01-13 16:52:00,2024-01-14 06:52:00,2024-01-14 16:52:00,2024-02-07 16:52:00,2024-01-27 16:52:00
ORD_000290,CUST_000475,delivered,2024-07-10 16:51:00,2024-07-11 10:51:00,2024-07-12 16:51:00,2024-07-26 16:51:00,2024-07-28 16:51:00
ORD_000291,CUST_000081,delivered,2024-09-17 14:31:00,2024-09-17 23:31:00,2024-09-20 14:31:00,2024-09-23 14:31:00,2024-10-03 14:31:00
ORD_000292,CUST_000907,delivered,2024-01-23 09:57:00,2024-01-24 01:57:00,2024-01-25 09:57:00,2024-02-17 09:57:00,2024-02-02 09:57:00
ORD_000293,CUST_000641,delivered,2024-11-29 06:20:00,2024-11-29 16:20:00,2024-12-02 06:20:00,2024-12-23 06:20:00,2024-12-15 06:20:00
ORD_000294,CUST_000096,processing,2024-09-20 02:06:00,2024-09-21 01:06:00,2024-09-22 02:06:00,2024-09-25 02:06:00,2024-10-07 02:06:00
ORD_000295,CUST_000976,shipped,2024-03-26 17:34:00,2024-03-27 11:34:00,2024-03-28 17:34:00,2024-04-04 17:34:00,2024-04-08 17:34:00
ORD_000296,CUST_000736,delivered,2024-01-04 20:04:00,2024-01-05 13:04:00,2024-01-06 20:04:00,2024-01-20 20:04:00,2024-01-23 20:04:00
ORD_000297,CUST_000238,delivered,2024-04-17 21:40:00,2024-04-18 05:40:00,2024-04-20 21:40:00,2024-05-02 21:40:00,2024-05-05 21:40:00
ORD_000298,CUST_000906,delivered,2024-04-19 21:27:00,2024-04-20 10:27:00,2024-04-20 21:27:00,2024-05-06 21:27:00,2024-05-02 21:27:00
ORD_000299,CUST_000221,delivered,2024-02-23 06:34:00,2024-02-23 07:34:00,2024-02-25 06:34:00,2024-03-02 06:34:00,2024-03-08 06:34:00
ORD_000300,CUST_000827,delivered,2024-12-25 23:49:00,2024-12-26 15:49:00,2024-12-27 23:49:00,2025-01-15 23:49:00,2025-01-08 23:49:00
ORD_000301,CUST_000698,delivered,2024-08-10 20:52:00,2024-08-11 20:52:00,2024-08-11 20:52:00,2024-09-04 20:52:00,2024-08-28 20:52:00
ORD_000302,CUST_000670,delivered,2024-02-06 23:43:00,2024-02-07 12:43:00,2024-02-09 23:43:00,2024-02-20 23:43:00,2024-02-24 23:43:00
ORD_000303,CUST_000145,delivered,2024-03-19 00:29:00,2024-03-19 12:29:00,2024-03-20 00:29:00,2024-04-02 00:29:00,2024-04-01 00:29:00
ORD_000304,CUST_000788,cancelled,2024-06-18 01:05:00,2024-06-18 19:05:00,2024-06-19 01:05:00,2024-07-01 01:05:00,2024-07-06 01:05:00
ORD_000305,CUST_000736,delivered,2024-02-07 01:11:00,2024-02-08 00:11:00,2024-02-08 01:11:00,2024-02-17 01:11:00,2024-02-21 01:11:00
ORD_000306,CUST_000165,delivered,2024-05-08 17:04:00,2024-05-08 21:04:00,2024-05-10 17:04:00,2024-05-15 17:04:00,2024-05-20 17:04:00
ORD_000307,CUST_000987,cancelled,2024-10-21 07:58:00,2024-10-21 22:58:00,2024-10-22 07:58:00,2024-11-12 07:58:00,2024-11-05 07:58:00
ORD_000308,CUST_000514,delivered,2024-05-12 13:24:00,2024-05-12 21:24:00,2024-05-15 13:24:00,2024-05-21 13:24:00,2024-05-25 13:24:00
ORD_000309,CUST_000529,delivered,2024-08-18 20:25:00,2024-08-19 15:25:00,2024-08-21 20:25:00,2024-09-11 20:25:00,2024-09-03 20:25:00
ORD_000310,CUST_000747,delivered,2024-08-09 10:01:00,2024-08-09 11:01:00,2024-08-11 10:01:00,2024-09-01 10:01:00,2024-08-29 10:01:00
ORD_000311,CUST_000624,cancelled,2024-07-18 21:07:00,2024-07-19 10:07:00,2024-07-19 21:07:00,2024-08-09 21:07:00,2024-08-01 21:07:00
ORD_000312,CUST_000668,delivered,2024-09-30 00:41:00,2024-09-30 08:41:00,2024-10-03 00:41:00,2024-10-20 00:41:00,2024-10-16 00:41:00
ORD_000313,CUST_000536,delivered,2024-11-12 02:48:00,2024-11-12 17:48:00,2024-11-15 02:48:00,2024-11-26 02:48:00,2024-11-24 02:48:00
ORD_000314,CUST_000953,delivered,2024-10-26 01:44:00,2024-10-26 13:44:00,2024-10-29 01:44:00,2024-11-15 01:44:00,2024-11-13 01:44:00
ORD_000315,CUST_000788,delivered,2024-02-07 11:59:00,2024-02-08 03:59:00,2024-02-09 11:59:00,2024-02-28 11:59:00,2024-02-17 11:59:00
ORD_000316,CUST_000350,delivered,2024-09-14 03:18:00,2024-09-14 22:18:00,2024-09-17 03:18:00,2024-09-21 03:18:00,2024-09-29 03:18:00
ORD_000317,CUST_000459,delivered,2024-12-17 09:38:00,2024-12-17 13:38:00,2024-12-19 09:38:00,2024-12-26 09:38:00,2025-01-01 09:38:00
ORD_000318,CUST_000805,delivered,2024-02-14 09:48:00,2024-02-15 06:48:00,2024-02-17 09:48:00,2024-02-24 09:48:00,2024-02-24 09:48:00
ORD_000319,CUST_000135,cancelled,2024-08-12 12:25:00,2024-08-12 22:25:00,2024-08-13 12:25:00,2024-08-26 12:25:00,2024-08-29 12:25:00
ORD_000320,CUST_000348,cancelled,2024-12-04 00:30:00,2024-12-04 11:30:00,2024-12-05 00:30:00,2024-12-25 00:30:00,2024-12-21 00:30:00
ORD_000321,CUST_000298,processing,2024-03-21 17:14:00,2024-03-21 22:14:00,2024-03-24 17:14:00,2024-04-14 17:14:00,2024-04-04 17:14:00
ORD_000322,CUST_000369,delivered,2024-03-10 23:25:00,2024-03-11 20:25:00,2024-03-11 23:25:00,2024-03-16 23:25:00,2024-03-20 23:25:00
ORD_000323,CUST_000639,delivered,2024-10-06 09:40:00,2024-10-06 12:40:00,2024-10-08 09:40:00,2024-10-21 09:40:00,2024-10-22 09:40:00
ORD_000324,CUST_000877,cancelled,2024-03-14 09:43:00,2024-03-14 13:43:00,2024-03-15 09:43:00,2024-03-31 09:43:00,2024-03-29 09:43:00
ORD_000325,CUST_000963,delivered,2024-11-27 11:00:00,2024-11-28 05:00:00,2024-11-28 11:00:00,2024-12-17 11:00:00,2024-12-14 11:00:00
ORD_000326,CUST_000442,delivered,2024-10-10 17:09:00,2024-10-10 23:09:00,2024-10-11 17:09:00,2024-10-16 17:09:00,2024-10-29 17:09:00
ORD_000327,CUST_000041,delivered,2024-03-04 01:00:00,2024-03-04 08:00:00,2024-03-06 01:00:00,2024-03-25 01:00:00,2024-03-19 01:00:00
ORD_000328,CUST_000913,delivered,2024-10-20 19:25:00,2024-10-21 11:25:00,2024-10-22 19:25:00,2024-11-07 19:25:00,2024-11-04 19:25:00
ORD_000329,CUST_000730,delivered,2024-10-02 17:05:00,2024-10-03 12:05:00,2024-10-04 17:05:00,2024-10-21 17:05:00,2024-10-13 17:05:00
ORD_000330,CUST_000793,delivered,2024-06-05 06:47:00,2024-06-05 14:47:00,2024-06-07 06:47:00,2024-06-10 06:47:00,2024-06-20 06:47:00
ORD_000331,CUST_000700,delivered,2024-06-25 06:26:00,2024-06-25 09:26:00,2024-06-26 06:26:00,2024-07-01 06:26:00,2024-07-11 06:26:00
ORD_000332,CUST_000397,delivered,2024-11-26 16:09:00,2024-11-26 21:09:00,2024-11-27 16:09:00,2024-12-20 16:09:00,2024-12-08 16:09:00
ORD_000333,CUST_000245,processing,2024-03-23 05:14:00,2024-03-23 18:14:00,2024-03-26 05:14:00,2024-03-29 05:14:00,2024-04-05 05:14:00
ORD_000334,CUST_000214,delivered,2024-11-11 08:12:00,2024-11-12 04:12:00,2024-11-14 08:12:00,2024-11-16 08:12:00,2024-11-30 08:12:00
ORD_000335,CUST_000626,shipped,2024-02-28 05:42:00,2024-02-28 21:42:00,2024-03-01 05:42:00,2024-03-12 05:42:00,2024-03-11 05:42:00
ORD_000336,CUST_000622,shipped,2024-10-17 01:54:00,2024-10-17 18:54:00,2024-10-19 01:54:00,2024-10-29 01:54:00,2024-10-27 01:54:00
ORD_000337,CUST_000077,delivered,2024-10-08 14:41:00,2024-10-09 14:41:00,2024-10-11 14:41:00,2024-10-25 14:41:00,2024-10-27 14:41:00
ORD_000338,CUST_000982,cancelled,2024-10-08 02:18:00,2024-10-08 21:18:00,2024-10-11 02:18:00,2024-10-24 02:18:00,2024-10-18 02:18:00
ORD_000339,CUST_000157,delivered,2024-12-09 02:16:00,2024-12-09 10:16:00,2024-12-10 02:16:00,2025-01-03 02:16:00,2024-12-27 02:16:00
ORD_000340,CUST_000581,delivered,2024-02-20 06:46:00,2024-02-20 08:46:00,2024-02-22 06:46:00,2024-03-06 06:46:00,2024-03-06 06:46:00
ORD_000341,CUST_000643,delivered,2024-10-24 15:21:00,2024-10-25 07:21:00,2024-10-25 15:21:00,2024-10-31 15:21:00,2024-11-08 15:21:00
ORD_000342,CUST_000510,delivered,2024-07-01 04:42:00,2024-07-01 13:42:00,2024-07-03 04:42:00,2024-07-17 04:42:00,2024-07-12 04:42:00
ORD_000343,CUST_000100,delivered,2024-12-01 07:06:00,2024-12-01 21:06:00,2024-12-04 07:06:00,2024-12-22 07:06:00,2024-12-11 07:06:00
ORD_000344,CUST_000825,delivered,2024-05-25 19:04:00,2024-05-26 05:04:00,2024-05-28 19:04:00,2024-06-07 19:04:00,2024-06-11 19:04:00
ORD_000345,CUST_000016,processing,2024-04-09 10:31:00,2024-04-10 10:31:00,2024-04-11 10:31:00,2024-04-30 10:31:00,2024-04-29 10:31:00
ORD_000346,CUST_000147,delivered,2024-08-18 10:39:00,2024-08-18 21:39:00,2024-08-20 10:39:00,2024-08-27 10:39:00,2024-09-01 10:39:00
ORD_000347,CUST_000785,delivered,2024-12-03 09:44:00,2024-12-03 14:44:00,2024-12-04 09:44:00,2024-12-20 09:44:00,2024-12-13 09:44:00
ORD_000348,CUST_000892,delivered,2024-10-26 04:36:00,2024-10-26 06:36:00,2024-10-28 04:36:00,2024-11-12 04:36:00,2024-11-15 04:36:00
ORD_000349,CUST_000317,delivered,2024-10-17 11:51:00,2024-10-17 22:51:00,2024-10-18 11:51:00,2024-11-09 11:51:00,2024-11-05 11:51:00
ORD_000350,CUST_000561,delivered,2024-06-10 13:10:00,2024-06-11 12:10:00,2024-06-11 13:10:00,2024-06-18 13:10:00,2024-06-21 13:10:00
ORD_000351,CUST_000889,processing,2024-01-03 10:15:00,2024-01-04 05:15:00,2024-01-04 10:15:00,2024-01-15 10:15:00,2024-01-16 10:15:00
ORD_000352,CUST_000993,delivered,2024-04-23 22:47:00,2024-04-24 18:47:00,2024-04-26 22:47:00,2024-05-11 22:47:00,2024-05-04 22:47:00
ORD_000353,CUST_000817,processing,2024-11-24 13:17:00,2024-11-25 03:17:00,2024-11-26 13:17:00,2024-12-03 13:17:00,2024-12-05 13:17:00
ORD_000354,CUST_000801,delivered,2024-07-03 04:43:00,2024-07-03 05:43:00,2024-07-06 04:43:00,2024-07-16 04:43:00,2024-07-14 04:43:00
ORD_000355,CUST_000917,processing,2024-06-18 15:29:00,2024-06-19 00:29:00,2024-06-20 15:29:00,2024-07-09 15:29:00,2024-07-05 15:29:00
ORD_000356,CUST_000090,delivered,2024-08-16 11:49:00,2024-08-17 10:49:00,2024-08-17 11:49:00,2024-08-28 11:49:00,2024-09-03 11:49:00
ORD_000357,CUST_000511,delivered,2024-06-05 15:35:00,2024-06-05 22:35:00,2024-06-06 15:35:00,2024-06-20 15:35:00,2024-06-21 15:35:00
ORD_000358,CUST_000097,delivered,2024-02-25 05:41:00,2024-02-25 23:41:00,2024-02-28 05:41:00,2024-03-12 05:41:00,2024-03-07 05:41:00
ORD_000359,CUST_000466,shipped,2024-11-06 02:53:00,2024-11-06 18:53:00,2024-11-07 02:53:00,2024-11-12 02:53:00,2024-11-25 02:53:00
ORD_000360,CUST_000322,delivered,2024-05-23 04:57:00,2024-05-23 22:57:00,2024-05-26 04:57:00,2024-06-08 04:57:00,2024-06-12 04:57:00
ORD_000361,CUST_000174,processing,2024-10-02 06:16:00,2024-10-02 22:16:00,2024-10-04 06:16:00,2024-10-16 06:16:00,2024-10-12 06:16:00
ORD_000362,CUST_000957,delivered,2024-11-16 02:46:00,2024-11-16 13:46:00,2024-11-18 02:46:00,2024-11-26 02:46:00,2024-11-28 02:46:00
ORD_000363,CUST_000303,delivered,2024-02-08 00:54:00,2024-02-08 21:54:00,2024-02-11 00:54:00,2024-03-02 00:54:00,2024-02-23 00:54:00
ORD_000364,CUST_000166,processing,2024-09-16 20:01:00,2024-09-17 04:01:00,2024-09-17 20:01:00,2024-10-03 20:01:00,2024-09-30 20:01:00
ORD_000365,CUST_000070,delivered,2024-10-24 18:25:00,2024-10-25 05:25:00,2024-10-26 18:25:00,2024-10-30 18:25:00,2024-11-10 18:25:00
ORD_000366,CUST_000287,shipped,2024-10-29 06:58:00,2024-10-29 21:58:00,2024-11-01 06:58:00,2024-11-20 06:58:00,2024-11-18 06:58:00
ORD_000367,CUST_000591,delivered,2024-01-19 17:16:00,2024-01-20 16:16:00,2024-01-21 17:16:00,2024-01-25 17:16:00,2024-02-04 17:16:00
ORD_000368,CUST_000373,delivered,2024-10-05 17:30:00,2024-10-06 09:30:00,2024-10-06 17:30:00,2024-10-30 17:30:00,2024-10-15 17:30:00
ORD_000369,CUST_000362,delivered,2024-11-30 04:23:00,2024-11-30 21:23:00,2024-12-03 04:23:00,2024-12-20 04:23:00,2024-12-20 04:23:00
ORD_000370,CUST_000092,delivered,2024-07-19 07:57:00,2024-07-20 01:57:00,2024-07-22 07:57:00,2024-07-25 07:57:00,2024-07-31 07:57:00
ORD_000371,CUST_000073,delivered,2024-10-28 23:54:00,2024-10-29 23:54:00,2024-10-30 23:54:00,2024-11-15 23:54:00,2024-11-09 23:54:00
ORD_000372,CUST_000184,processing,2024-05-28 04:29:00,2024-05-29 04:29:00,2024-05-29 04:29:00,2024-06-08 04:29:00,2024-06-17 04:29:00
ORD_000373,CUST_000728,shipped,2024-09-13 16:05:00,2024-09-13 19:05:00,2024-09-15 16:05:00,2024-09-25 16:05:00,2024-09-23 16:05:00
ORD_000374,CUST_000791,delivered,2024-07-22 11:32:00,2024-07-22 15:32:00,2024-07-24 11:32:00,2024-08-09 11:32:00,2024-08-07 11:32:00
ORD_000375,CUST_000472,cancelled,2024-01-06 21:15:00,2024-01-07 11:15:00,2024-01-07 21:15:00,2024-01-30 21:15:00,2024-01-25 21:15:00
ORD_000376,CUST_000265,delivered,2024-11-10 21:10:00,2024-11-11 20:10:00,2024-11-13 21:10:00,2024-12-04 21:10:00,2024-11-25 21:10:00
ORD_000377,CUST_000485,delivered,2024-09-20 04:28:00,2024-09-20 07:28:00,2024-09-22 04:28:00,2024-10-12 04:28:00,2024-10-03 04:28:00
ORD_000378,CUST_000263,delivered,2024-03-22 05:36:00,2024-03-22 18:36:00,2024-03-25 05:36:00,2024-04-10 05:36:00,2024-04-06 05:36:00
ORD_000379,CUST_000782,delivered,2024-10-16 21:55:00,2024-10-17 02:55:00,2024-10-17 21:55:00,2024-11-09 21:55:00,2024-10-30 21:55:00
ORD_000380,CUST_000898,delivered,2024-03-15 23:46:00,2024-03-16 00:46:00,2024-03-17 23:46:00,2024-03-31 23:46:00,2024-03-26 23:46:00
ORD_000381,CUST_000453,delivered,2024-09-04 11:02:00,2024-09-04 17:02:00,2024-09-06 11:02:00,2024-09-09 11:02:00,2024-09-24 11:02:00
ORD_000382,CUST_000666,processing,2024-04-22 15:14:00,2024-04-23 08:14:00,2024-04-23 15:14:00,2024-05-16 15:14:00,2024-05-04 15:14:00
ORD_000383,CUST_000947,cancelled,2024-02-02 08:23:00,2024-02-03 08:23:00,2024-02-03 08:23:00,2024-02-27 08:23:00,2024-02-12 08:23:00
ORD_000384,CUST_000144,processing,2024-04-29 01:42:00,2024-04-29 05:42:00,2024-05-02 01:42:00,2024-05-20 01:42:00,2024-05-10 01:42:00
ORD_000385,CUST_000963,processing,2024-04-15 16:58:00,2024-04-15 22:58:00,2024-04-16 16:58:00,2024-04-25 16:58:00,2024-05-05 16:58:00
ORD_000386,CUST_000127,processing,2024-07-03 12:30:00,2024-07-03 19:30:00,2024-07-06 12:30:00,2024-07-12 12:30:00,2024-07-15 12:30:00
ORD_000387,CUST_000996,processing,2024-08-20 01:02:00,2024-08-20 16:02:00,2024-08-22 01:02:00,2024-08-27 01:02:00,2024-09-01 01:02:00
ORD_000388,CUST_000583,processing,2024-11-28 10:06:00,2024-11-28 14:06:00,2024-11-30 10:06:00,2024-12-04 10:06:00,2024-12-15 10:06:00
ORD_000389,CUST_000500,shipped,2024-12-26 16:40:00,2024-12-26 18:40:00,2024-12-28 16:40:00,2025-01-08 16:40:00,2025-01-10 16:40:00
ORD_000390,CUST_000041,delivered,2024-05-20 23:16:00,2024-05-21 13:16:00,2024-05-22 23:16:00,2024-05-26 23:16:00,2024-06-08 23:16:00
ORD_000391,CUST_000373,processing,2024-10-23 17:36:00,2024-10-24 09:36:00,2024-10-25 17:36:00,2024-10-31 17:36:00,2024-11-07 17:36:00
ORD_000392,CUST_000880,delivered,2024-03-30 12:41:00,2024-03-30 18:41:00,2024-03-31 12:41:00,2024-04-16 12:41:00,2024-04-09 12:41:00
ORD_000393,CUST_000294,delivered,2024-07-12 11:37:00,2024-07-13 08:37:00,2024-07-14 11:37:00,2024-07-25 11:37:00,2024-07-22 11:37:00
ORD_000394,CUST_000411,delivered,2024-11-30 02:33:00,2024-11-30 19:33:00,2024-12-03 02:33:00,2024-12-21 02:33:00,2024-12-12 02:33:00
ORD_000395,CUST_000419,shipped,2024-05-08 12:58:00,2024-05-09 04:58:00,2024-05-11 12:58:00,2024-05-16 12:58:00,2024-05-24 12:58:00
ORD_000396,CUST_000878,processing,2024-04-24 16:25:00,2024-04-24 21:25:00,2024-04-26 16:25:00,2024-05-16 16:25:00,2024-05-04 16:25:00
ORD_000397,CUST_000635,delivered,2024-06-29 11:31:00,2024-06-30 11:31:00,2024-07-02 11:31:00,2024-07-20 11:31:00,2024-07-10 11:31:00
ORD_000398,CUST_000940,delivered,2024-09-03 19:00:00,2024-09-04 13:00:00,2024-09-04 19:00:00,2024-09-08 19:00:00,2024-09-18 19:00:00
ORD_000399,CUST_000697,cancelled,2024-09-13 04:28:00,2024-09-13 18:28:00,2024-09-15 04:28:00,2024-09-26 04:28:00,2024-09-24 04:28:00
ORD_000400,CUST_000133,delivered,2024-03-25 07:04:00,2024-03-25 20:04:00,2024-03-28 07:04:00,2024-04-19 07:04:00,2024-04-09 07:04:00
ORD_000401,CUST_000452,shipped,2024-09-20 20:17:00,2024-09-20 21:17:00,2024-09-21 20:17:00,2024-10-03 20:17:00,2024-10-03 20:17:00
ORD_000402,CUST_000376,delivered,2024-04-18 04:11:00,2024-04-18 14:11:00,2024-04-19 04:11:00,2024-05-13 04:11:00,2024-04-30 04:11:00
ORD_000403,CUST_000525,shipped,2024-03-21 11:38:00,2024-03-21 15:38:00,2024-03-24 11:38:00,2024-03-31 11:38:00,2024-04-05 11:38:00
ORD_000404,CUST_000866,delivered,2024-03-01 21:14:00,2024-03-02 11:14:00,2024-03-02 21:14:00,2024-03-23 21:14:00,2024-03-21 21:14:00
ORD_000405,CUST_000640,delivered,2024-07-31 10:46:00,2024-07-31 20:46:00,2024-08-03 10:46:00,2024-08-20 10:46:00,2024-08-20 10:46:00
ORD_000406,CUST_000975,delivered,2024-02-28 15:43:00,2024-02-29 15:43:00,2024-03-02 15:43:00,2024-03-19 15:43:00,2024-03-19 15:43:00
ORD_000407,CUST_000322,delivered,2024-09-02 15:13:00,2024-09-03 13:13:00,2024-09-03 15:13:00,2024-09-14 15:13:00,2024-09-21 15:13:00
ORD_000408,CUST_000383,delivered,2024-10-29 05:41:00,2024-10-29 14:41:00,2024-10-31 05:41:00,2024-11-19 05:41:00,2024-11-12 05:41:00
ORD_000409,CUST_000086,delivered,2024-07-29 00:15:00,2024-07-29 17:15:00,2024-07-31 00:15:00,2024-08-09 00:15:00,2024-08-15 00:15:00
ORD_000410,CUST_000699,delivered,2024-01-23 04:36:00,2024-01-23 15:36:00,2024-01-24 04:36:00,2024-02-09 04:36:00,2024-02-12 04:36:00
ORD_000411,CUST_000424,processing,2024-10-30 05:08:00,2024-10-31 01:08:00,2024-11-01 05:08:00,2024-11-10 05:08:00,2024-11-18 05:08:00
ORD_000412,CUST_000519,shipped,2024-11-18 16:02:00,2024-11-19 04:02:00,2024-11-20 16:02:00,2024-12-09 16:02:00,2024-12-03 16:02:00
ORD_000413,CUST_000461,processing,2024-10-20 04:03:00,2024-10-20 23:03:00,2024-10-22 04:03:00,2024-11-14 04:03:00,2024-10-30 04:03:00
ORD_000414,CUST_000270,shipped,2024-03-26 08:59:00,2024-03-27 05:59:00,2024-03-27 08:59:00,2024-04-02 08:59:00,2024-04-12 08:59:00
ORD_000415,CUST_000899,processing,2024-04-02 16:25:00,2024-04-02 22:25:00,2024-04-05 16:25:00,2024-04-19 16:25:00,2024-04-16 16:25:00
ORD_000416,CUST_000897,delivered,2024-11-02 18:40:00,2024-11-02 23:40:00,2024-11-05 18:40:00,2024-11-15 18:40:00,2024-11-12 18:40:00
ORD_000417,CUST_000699,delivered,2024-01-10 23:46:00,2024-01-11 09:46:00,2024-01-12 23:46:00,2024-01-22 23:46:00,2024-01-27 23:46:00
ORD_000418,CUST_000044,delivered,2024-12-04 09:05:00,2024-12-05 02:05:00,2024-12-07 09:05:00,2024-12-13 09:05:00,2024-12-15 09:05:00
ORD_000419,CUST_000636,shipped,2024-04-20 14:38:00,2024-04-21 12:38:00,2024-04-22 14:38:00,2024-04-27 14:38:00,2024-05-07 14:38:00
ORD_000420,CUST_000660,shipped,2024-08-29 15:10:00,2024-08-29 22:10:00,2024-08-31 15:10:00,2024-09-07 15:10:00,2024-09-11 15:10:00
ORD_000421,CUST_000059,delivered,2024-04-22 13:38:00,2024-04-23 09:38:00,2024-04-24 13:38:00,2024-05-09 13:38:00,2024-05-04 13:38:00
ORD_000422,CUST_000759,processing,2024-03-14 18:52:00,2024-03-15 17:52:00,2024-03-17 18:52:00,2024-04-07 18:52:00,2024-03-31 18:52:00
ORD_000423,CUST_000810,shipped,2024-04-03 19:42:00,2024-04-04 07:42:00,2024-04-05 19:42:00,2024-04-17 19:42:00,2024-04-22 19:42:00
ORD_000424,CUST_000251,cancelled,2024-09-18 08:10:00,2024-09-19 01:10:00,2024-09-20 08:10:00,2024-09-28 08:10:00,2024-10-06 08:10:00
ORD_000425,CUST_000717,delivered,2024-12-17 10:59:00,2024-12-18 06:59:00,2024-12-20 10:59:00,2025-01-07 10:59:00,2024-12-27 10:59:00
ORD_000426,CUST_000841,delivered,2024-08-20 19:37:00,2024-08-21 04:37:00,2024-08-22 19:37:00,2024-09-12 19:37:00,2024-09-04 19:37:00
ORD_000427,CUST_000575,delivered,2024-02-05 07:24:00,2024-02-05 23:24:00,2024-02-06 07:24:00,2024-03-01 07:24:00,2024-02-24 07:24:00
ORD_000428,CUST_000009,delivered,2024-07-16 04:06:00,2024-07-16 19:06:00,2024-07-18 04:06:00,2024-07-30 04:06:00,2024-08-05 04:06:00
ORD_000429,CUST_000159,cancelled,2024-01-09 06:33:00,2024-01-09 13:33:00,2024-01-12 06:33:00,2024-01-27 06:33:00,2024-01-24 06:33:00
ORD_000430,CUST_000874,shipped,2024-09-15 21:26:00,2024-09-16 08:26:00,2024-09-17 21:26:00,2024-09-29 21:26:00,2024-10-05 21:26:00
ORD_000431,CUST_000108,shipped,2024-03-17 19:06:00,2024-03-18 19:06:00,2024-03-20 19:06:00,2024-03-27 19:06:00,2024-03-27 19:06:00
ORD_000432,CUST_000298,cancelled,2024-03-31 15:57:00,2024-04-01 15:57:00,2024-04-01 15:57:00,2024-04-05 15:57:00,2024-04-13 15:57:00
ORD_000433,CUST_000385,delivered,2024-11-10 19:02:00,2024-11-11 00:02:00,2024-11-12 19:02:00,2024-11-22 19:02:00,2024-11-30 19:02:00
ORD_000434,CUST_000163,delivered,2024-09-29 16:48:00,2024-09-29 22:48:00,2024-10-01 16:48:00,2024-10-17 16:48:00,2024-10-10 16:48:00
ORD_000435,CUST_000584,delivered,2024-03-01 02:30:00,2024-03-01 19:30:00,2024-03-03 02:30:00,2024-03-10 02:30:00,2024-03-11 02:30:00
ORD_000436,CUST_000409,delivered,2024-12-03 04:57:00,2024-12-04 03:57:00,2024-12-04 04:57:00,2024-12-19 04:57:00,2024-12-13 04:57:00
ORD_000437,CUST_000875,delivered,2024-11-04 17:52:00,2024-11-05 09:52:00,2024-11-06 17:52:00,2024-11-25 17:52:00,2024-11-20 17:52:00
ORD_000438,CUST_000075,cancelled,2024-01-01 21:41:00,2024-01-01 22:41:00,2024-01-04 21:41:00,2024-01-19 21:41:00,2024-01-15 21:41:00
ORD_000439,CUST_000229,processing,2024-08-08 16:26:00,2024-08-09 03:26:00,2024-08-09 16:26:00,2024-08-19 16:26:00,2024-08-28 16:26:00
ORD_000440,CUST_000398,delivered,2024-07-08 01:44:00,2024-07-08 15:44:00,2024-07-11 01:44:00,2024-07-16 01:44:00,2024-07-27 01:44:00
ORD_000441,CUST_000896,delivered,2024-09-28 13:14:00,2024-09-28 19:14:00,2024-09-30 13:14:00,2024-10-12 13:14:00,2024-10-11 13:14:00
ORD_000442,CUST_000474,processing,2024-09-03 12:22:00,2024-09-03 17:22:00,2024-09-06 12:22:00,2024-09-16 12:22:00,2024-09-17 12:22:00
ORD_000443,CUST_000686,delivered,2024-10-28 23:58:00,2024-10-29 15:58:00,2024-10-29 23:58:00,2024-11-04 23:58:00,2024-11-07 23:58:00
ORD_000444,CUST_000096,cancelled,2024-12-22 18:06:00,2024-12-22 21:06:00,2024-12-23 18:06:00,2025-01-10 18:06:00,2025-01-04 18:06:00
ORD_000445,CUST_000358,processing,2024-08-05 04:16:00,2024-08-05 05:16:00,2024-08-06 04:16:00,2024-08-11 04:16:00,2024-08-24 04:16:00
ORD_000446,CUST_000478,cancelled,2024-09-01 07:58:00,2024-09-01 17:58:00,2024-09-02 07:58:00,2024-09-18 07:58:00,2024-09-12 07:58:00
ORD_000447,CUST_000480,delivered,2024-02-12 09:38:00,2024-02-13 08:38:00,2024-02-13 09:38:00,2024-02-26 09:38:00,2024-02-22 09:38:00
ORD_000448,CUST_000658,cancelled,2024-10-05 13:16:00,2024-10-05 20:16:00,2024-10-06 13:16:00,2024-10-30 13:16:00,2024-10-19 13:16:00
ORD_000449,CUST_000548,delivered,2024-04-06 00:45:00,2024-04-06 07:45:00,2024-04-07 00:45:00,2024-04-23 00:45:00,2024-04-21 00:45:00
ORD_000450,CUST_000922,delivered,2024-01-04 18:33:00,2024-01-05 17:33:00,2024-01-06 18:33:00,2024-01-14 18:33:00,2024-01-16 18:33:00
ORD_000451,CUST_000838,delivered,2024-03-01 16:00:00,2024-03-01 20:00:00,2024-03-02 16:00:00,2024-03-17 16:00:00,2024-03-11 16:00:00
ORD_000452,CUST_000477,delivered,2024-07-11 20:13:00,2024-07-12 14:13:00,2024-07-12 20:13:00,2024-07-27 20:13:00,2024-07-24 20:13:00
ORD_000453,CUST_000112,delivered,2024-12-18 10:26:00,2024-12-19 01:26:00,2024-12-21 10:26:00,2025-01-01 10:26:00,2025-01-03 10:26:00
ORD_000454,CUST_000088,delivered,2024-07-04 03:09:00,2024-07-04 14:09:00,2024-07-05 03:09:00,2024-07-10 03:09:00,2024-07-14 03:09:00
ORD_000455,CUST_000185,delivered,2024-08-06 20:37:00,2024-08-07 00:37:00,2024-08-07 20:37:00,2024-08-16 20:37:00,2024-08-24 20:37:00
ORD_000456,CUST_000750,delivered,2024-05-09 08:54:00,2024-05-09 10:54:00,2024-05-10 08:54:00,2024-05-26 08:54:00,2024-05-28 08:54:00
ORD_000457,CUST_000111,processing,2024-10-01 13:36:00,2024-10-02 09:36:00,2024-10-02 13:36:00,2024-10-13 13:36:00,2024-10-15 13:36:00
ORD_000458,CUST_000940,cancelled,2024-07-06 19:17:00,2024-07-07 10:17:00,2024-07-09 19:17:00,2024-07-22 19:17:00,2024-07-17 19:17:00
ORD_000459,CUST_000983,shipped,2024-12-14 12:48:00,2024-12-15 08:48:00,2024-12-15 12:48:00,2024-12-29 12:48:00,2024-12-25 12:48:00
ORD_000460,CUST_000945,delivered,2024-04-14 13:35:00,2024-04-14 19:35:00,2024-04-17 13:35:00,2024-05-06 13:35:00,2024-05-02 13:35:00
ORD_000461,CUST_000407,cancelled,2024-10-12 15:11:00,2024-10-12 18:11:00,2024-10-14 15:11:00,2024-10-22 15:11:00,2024-10-26 15:11:00
ORD_000462,CUST_000787,delivered,2024-07-08 17:35:00,2024-07-09 05:35:00,2024-07-11 17:35:00,2024-07-22 17:35:00,2024-07-28 17:35:00
ORD_000463,CUST_000444,delivered,2024-09-04 08:19:00,2024-09-05 05:19:00,2024-09-05 08:19:00,2024-09-15 08:19:00,2024-09-23 08:19:00
ORD_000464,CUST_000205,delivered,2024-10-22 11:49:00,2024-10-23 05:49:00,2024-10-23 11:49:00,2024-10-27 11:49:00,2024-11-02 11:49:00
ORD_000465,CUST_000412,delivered,2024-12-27 12:47:00,2024-12-27 20:47:00,2024-12-30 12:47:00,2025-01-03 12:47:00,2025-01-09 12:47:00
ORD_000466,CUST_000337,shipped,2024-03-11 21:07:00,2024-03-12 09:07:00,2024-03-14 21:07:00,2024-03-31 21:07:00,2024-03-31 21:07:00
ORD_000467,CUST_000067,delivered,2024-04-27 14:50:00,2024-04-28 11:50:00,2024-04-29 14:50:00,2024-05-14 14:50:00,2024-05-12 14:50:00
ORD_000468,CUST_000325,delivered,2024-12-24 05:06:00,2024-12-24 06:06:00,2024-12-27 05:06:00,2025-01-07 05:06:00,2025-01-12 05:06:00
ORD_000469,CUST_000351,cancelled,2024-04-19 16:25:00,2024-04-19 23:25:00,2024-04-21 16:25:00,2024-05-07 16:25:00,2024-05-08 16:25:00
ORD_000470,CUST_000619,delivered,2024-06-22 17:39:00,2024-06-23 02:39:00,2024-06-25 17:39:00,2024-07-05 17:39:00,2024-07-04 17:39:00
ORD_000471,CUST_000498,delivered,2024-12-22 21:45:00,2024-12-23 07:45:00,2024-12-23 21:45:00,2025-01-05 21:45:00,2025-01-09 21:45:00
ORD_000472,CUST_000218,shipped,2024-01-27 05:24:00,2024-01-27 19:24:00,2024-01-30 05:24:00,2024-02-17 05:24:00,2024-02-11 05:24:00
ORD_000473,CUST_000720,delivered,2024-11-21 00:51:00,2024-11-21 19:51:00,2024-11-22 00:51:00,2024-12-14 00:51:00,2024-12-06 00:51:00
ORD_000474,CUST_000760,delivered,2024-02-16 04:30:00,2024-02-17 04:30:00,2024-02-17 04:30:00,2024-03-08 04:30:00,2024-02-29 04:30:00
ORD_000475,CUST_000488,processing,2024-11-03 13:05:00,2024-11-03 23:05:00,2024-11-06 13:05:00,2024-11-24 13:05:00,2024-11-18 13:05:00
ORD_000476,CUST_000118,processing,2024-02-02 08:14:00,2024-02-02 20:14:00,2024-02-03 08:14:00,2024-02-07 08:14:00,2024-02-22 08:14:00
ORD_000477,CUST_000286,delivered,2024-07-08 02:38:00,2024-07-08 22:38:00,2024-07-09 02:38:00,2024-07-20 02:38:00,2024-07-27 02:38:00
ORD_000478,CUST_000466,delivered,2024-01-20 23:24:00,2024-01-21 12:24:00,2024-01-23 23:24:00,2024-01-28 23:24:00,2024-02-04 23:24:00
ORD_000479,CUST_000040,cancelled,2024-07-24 19:41:00,2024-07-25 04:41:00,2024-07-25 19:41:00,2024-08-09 19:41:00,2024-08-05 19:41:00
ORD_000480,CUST_000559,cancelled,2024-09-23 09:45:00,2024-09-24 03:45:00,2024-09-24 09:45:00,2024-10-05 09:45:00,2024-10-03 09:45:00
ORD_000481,CUST_000160,delivered,2024-11-01 01:49:00,2024-11-01 19:49:00,2024-11-02 01:49:00,2024-11-23 01:49:00,2024-11-16 01:49:00
ORD_000482,CUST_000972,delivered,2024-03-30 20:31:00,2024-03-31 17:31:00,2024-04-02 20:31:00,2024-04-20 20:31:00,2024-04-15 20:31:00
ORD_000483,CUST_000482,delivered,2024-08-12 00:12:00,2024-08-12 22:12:00,2024-08-13 00:12:00,2024-09-02 00:12:00,2024-08-23 00:12:00
ORD_000484,CUST_000150,cancelled,2024-12-02 16:18:00,2024-12-02 23:18:00,2024-12-03 16:18:00,2024-12-12 16:18:00,2024-12-12 16:18:00
ORD_000485,CUST_000656,cancelled,2024-04-09 01:50:00,2024-04-09 04:50:00,2024-04-11 01:50:00,2024-04-22 01:50:00,2024-04-19 01:50:00
ORD_000486,CUST_000219,processing,2024-11-02 16:33:00,2024-11-03 11:33:00,2024-11-05 16:33:00,2024-11-17 16:33:00,2024-11-18 16:33:00
ORD_000487,CUST_000328,delivered,2024-12-23 07:39:00,2024-12-23 12:39:00,2024-12-24 07:39:00,2025-01-01 07:39:00,2025-01-09 07:39:00
ORD_000488,CUST_000582,delivered,2024-03-27 21:02:00,2024-03-28 01:02:00,2024-03-28 21:02:00,2024-04-15 21:02:00,2024-04-15 21:02:00
ORD_000489,CUST_000033,delivered,2024-07-03 07:41:00,2024-07-04 07:41:00,2024-07-04 07:41:00,2024-07-27 07:41:00,2024-07-22 07:41:00
ORD_000490,CUST_000616,cancelled,2024-01-01 05:05:00,2024-01-01 12:05:00,2024-01-04 05:05:00,2024-01-07 05:05:00,2024-01-11 05:05:00
ORD_000491,CUST_000793,processing,2024-05-21 12:22:00,2024-05-21 21:22:00,2024-05-22 12:22:00,2024-06-05 12:22:00,2024-06-10 12:22:00
ORD_000492,CUST_000390,shipped,2024-12-08 12:25:00,2024-12-08 18:25:00,2024-12-10 12:25:00,2024-12-14 12:25:00,2024-12-18 12:25:00
ORD_000493,CUST_000064,processing,2024-10-27 06:33:00,2024-10-27 15:33:00,2024-10-29 06:33:00,2024-11-10 06:33:00,2024-11-12 06:33:00
ORD_000494,CUST_000959,delivered,2024-01-08 23:45:00,2024-01-09 18:45:00,2024-01-11 23:45:00,2024-02-02 23:45:00,2024-01-27 23:45:00
ORD_000495,CUST_000828,delivered,2024-02-05 02:35:00,2024-02-05 06:35:00,2024-02-08 02:35:00,2024-02-11 02:35:00,2024-02-21 02:35:00
ORD_000496,CUST_000371,processing,2024-05-25 23:53:00,2024-05-26 04:53:00,2024-05-26 23:53:00,2024-06-08 23:53:00,2024-06-12 23:53:00
ORD_000497,CUST_000809,delivered,2024-10-13 18:22:00,2024-10-14 11:22:00,2024-10-15 18:22:00,2024-10-25 18:22:00,2024-10-23 18:22:00
ORD_000498,CUST_000441,delivered,2024-06-26 08:14:00,2024-06-27 03:14:00,2024-06-27 08:14:00,2024-07-07 08:14:00,2024-07-07 08:14:00
ORD_000499,CUST_000485,delivered,2024-11-06 06:29:00,2024-11-07 03:29:00,2024-11-09 06:29:00,2024-11-17 06:29:00,2024-11-24 06:29:00
ORD_000500,CUST_000219,processing,2024-07-25 18:00:00,2024-07-26 07:00:00,2024-07-27 18:00:00,2024-08-05 18:00:00,2024-08-10 18:00:00
ORD_000501,CUST_000056,cancelled,2024-05-13 05:26:00,2024-05-13 16:26:00,2024-05-16 05:26:00,2024-05-29 05:26:00,2024-05-30 05:26:00
ORD_000502,CUST_000217,processing,2024-09-16 03:35:00,2024-09-16 22:35:00,2024-09-19 03:35:00,2024-09-27 03:35:00,2024-10-03 03:35:00
ORD_000503,CUST_000889,delivered,2024-02-07 16:18:00,2024-02-08 11:18:00,2024-02-08 16:18:00,2024-02-28 16:18:00,2024-02-21 16:18:00
ORD_000504,CUST_000024,delivered,2024-06-23 03:51:00,2024-06-23 23:51:00,2024-06-25 03:51:00,2024-07-06 03:51:00,2024-07-03 03:51:00
ORD_000505,CUST_000976,shipped,2024-09-19 08:56:00,2024-09-19 17:56:00,2024-09-21 08:56:00,2024-10-12 08:56:00,2024-10-02 08:56:00
ORD_000506,CUST_000777,delivered,2024-10-02 18:16:00,2024-10-03 18:16:00,2024-10-05 18:16:00,2024-10-17 18:16:00,2024-10-19 18:16:00
ORD_000507,CUST_000701,shipped,2024-12-21 14:24:00,2024-12-22 10:24:00,2024-12-24 14:24:00,2024-12-29 14:24:00,2025-01-08 14:24:00
ORD_000508,CUST_000434,delivered,2024-10-15 15:49:00,2024-10-16 13:49:00,2024-10-18 15:49:00,2024-11-01 15:49:00,2024-10-29 15:49:00
ORD_000509,CUST_000277,delivered,2024-05-04 10:49:00,2024-05-05 02:49:00,2024-05-05 10:49:00,2024-05-16 10:49:00,2024-05-24 10:49:00
ORD_000510,CUST_000259,delivered,2024-08-22 21:29:00,2024-08-23 04:29:00,2024-08-24 21:29:00,2024-08-31 21:29:00,2024-09-03 21:29:00
ORD_000511,CUST_000651,shipped,2024-10-27 00:30:00,2024-10-27 06:30:00,2024-10-28 00:30:00,2024-11-04 00:30:00,2024-11-09 00:30:00
ORD_000512,CUST_000181,cancelled,2024-02-29 08:04:00,2024-02-29 09:04:00,2024-03-03 08:04:00,2024-03-07 08:04:00,2024-03-20 08:04:00
ORD_000513,CUST_000086,delivered,2024-07-14 20:50:00,2024-07-15 04:50:00,2024-07-15 20:50:00,2024-07-22 20:50:00,2024-07-27 20:50:00
ORD_000514,CUST_000146,processing,2024-04-22 21:44:00,2024-04-23 04:44:00,2024-04-23 21:44:00,2024-05-16 21:44:00,2024-05-11 21:44:00
ORD_000515,CUST_000071,shipped,2024-04-27 10:26:00,2024-04-27 13:26:00,2024-04-28 10:26:00,2024-05-16 10:26:00,2024-05-11 10:26:00
ORD_000516,CUST_000281,delivered,2024-06-29 16:34:00,2024-06-30 12:34:00,2024-06-30 16:34:00,2024-07-20 16:34:00,2024-07-13 16:34:00
ORD_000517,CUST_000415,processing,2024-01-05 22:53:00,2024-01-06 03:53:00,2024-01-07 22:53:00,2024-01-24 22:53:00,2024-01-24 22:53:00
ORD_000518,CUST_000084,cancelled,2024-05-14 07:18:00,2024-05-14 12:18:00,2024-05-15 07:18:00,2024-05-22 07:18:00,2024-05-29 07:18:00
ORD_000519,CUST_000306,delivered,2024-02-17 12:43:00,2024-02-17 18:43:00,2024-02-20 12:43:00,2024-03-10 12:43:00,2024-03-01 12:43:00
ORD_000520,CUST_000895,cancelled,2024-06-24 02:35:00,2024-06-24 18:35:00,2024-06-27 02:35:00,2024-06-30 02:35:00,2024-07-04 02:35:00
ORD_000521,CUST_000730,delivered,2024-04-01 15:20:00,2024-04-01 16:20:00,2024-04-02 15:20:00,2024-04-25 15:20:00,2024-04-11 15:20:00
ORD_000522,CUST_000463,shipped,2024-06-30 06:57:00,2024-06-30 17:57:00,2024-07-03 06:57:00,2024-07-11 06:57:00,2024-07-16 06:57:00
ORD_000523,CUST_000893,delivered,2024-10-20 08:11:00,2024-10-20 11:11:00,2024-10-21 08:11:00,2024-11-01 08:11:00,2024-11-06 08:11:00
ORD_000524,CUST_000430,delivered,2024-12-15 06:31:00,2024-12-15 08:31:00,2024-12-18 06:31:00,2025-01-07 06:31:00,2025-01-01 06:31:00
ORD_000525,CUST_000538,delivered,2024-04-12 07:47:00,2024-04-12 12:47:00,2024-04-13 07:47:00,2024-04-19 07:47:00,2024-04-28 07:47:00
ORD_000526,CUST_000220,processing,2024-05-03 08:13:00,2024-05-04 01:13:00,2024-05-04 08:13:00,2024-05-28 08:13:00,2024-05-15 08:13:00
ORD_000527,CUST_000686,delivered,2024-04-27 06:53:00,2024-04-27 21:53:00,2024-04-28 06:53:00,2024-05-08 06:53:00,2024-05-12 06:53:00
ORD_000528,CUST_000915,delivered,2024-05-07 19:22:00,2024-05-08 09:22:00,2024-05-09 19:22:00,2024-05-27 19:22:00,2024-05-22 19:22:00
ORD_000529,CUST_000266,cancelled,2024-03-20 03:07:00,2024-03-21 01:07:00,2024-03-21 03:07:00,2024-03-31 03:07:00,2024-03-30 03:07:00
ORD_000530,CUST_000189,delivered,2024-02-10 21:42:00,2024-02-11 13:42:00,2024-02-11 21:42:00,2024-02-19 21:42:00,2024-02-23 21:42:00
ORD_000531,CUST_000851,delivered,2024-09-09 19:00:00,2024-09-10 06:00:00,2024-09-11 19:00:00,2024-09-26 19:00:00,2024-09-21 19:00:00
ORD_000532,CUST_000056,delivered,2024-10-04 01:54:00,2024-10-04 11:54:00,2024-10-07 01:54:00,2024-10-29 01:54:00,2024-10-24 01:54:00
ORD_000533,CUST_000095,cancelled,2024-09-03 11:39:00,2024-09-04 04:39:00,2024-09-06 11:39:00,2024-09-18 11:39:00,2024-09-18 11:39:00
ORD_000534,CUST_000917,delivered,2024-06-10 15:57:00,2024-06-10 19:57:00,2024-06-12 15:57:00,2024-06-22 15:57:00,2024-06-20 15:57:00
ORD_000535,CUST_000924,shipped,2024-10-21 08:31:00,2024-10-21 16:31:00,2024-10-24 08:31:00,2024-10-27 08:31:00,2024-11-01 08:31:00
ORD_000536,CUST_000439,delivered,2024-04-03 16:17:00,2024-04-04 10:17:00,2024-04-05 16:17:00,2024-04-21 16:17:00,2024-04-20 16:17:00
ORD_000537,CUST_000351,shipped,2024-07-22 07:48:00,2024-07-22 20:48:00,2024-07-25 07:48:00,2024-07-28 07:48:00,2024-08-04 07:48:00
ORD_000538,CUST_000987,processing,2024-10-22 04:03:00,2024-10-22 17:03:00,2024-10-25 04:03:00,2024-10-29 04:03:00,2024-11-07 04:03:00
ORD_000539,CUST_000772,cancelled,2024-09-26 13:30:00,2024-09-27 02:30:00,2024-09-28 13:30:00,2024-10-03 13:30:00,2024-10-11 13:30:00
ORD_000540,CUST_000305,cancelled,2024-10-03 01:32:00,2024-10-04 00:32:00,2024-10-04 01:32:00,2024-10-27 01:32:00,2024-10-17 01:32:00
ORD_000541,CUST_000169,delivered,2024-06-26 12:55:00,2024-06-27 04:55:00,2024-06-28 12:55:00,2024-07-17 12:55:00,2024-07-08 12:55:00
ORD_000542,CUST_000204,delivered,2024-12-17 05:29:00,2024-12-17 17:29:00,2024-12-19 05:29:00,2025-01-06 05:29:00,2025-01-02 05:29:00
ORD_000543,CUST_000358,shipped,2024-03-02 22:33:00,2024-03-03 08:33:00,2024-03-04 22:33:00,2024-03-17 22:33:00,2024-03-14 22:33:00
ORD_000544,CUST_000965,delivered,2024-08-23 10:44:00,2024-08-24 03:44:00,2024-08-26 10:44:00,2024-09-09 10:44:00,2024-09-06 10:44:00
ORD_000545,CUST_000430,delivered,2024-01-05 00:43:00,2024-01-05 11:43:00,2024-01-06 00:43:00,2024-01-13 00:43:00,2024-01-16 00:43:00
ORD_000546,CUST_000494,delivered,2024-04-17 12:37:00,2024-04-18 05:37:00,2024-04-20 12:37:00,2024-05-06 12:37:00,2024-05-04 12:37:00
ORD_000547,CUST_000487,delivered,2024-02-21 10:23:00,2024-02-21 13:23:00,2024-02-22 10:23:00,2024-03-13 10:23:00,2024-03-10 10:23:00
ORD_000548,CUST_000549,cancelled,2024-11-09 08:11:00,2024-11-10 04:11:00,2024-11-12 08:11:00,2024-11-27 08:11:00,2024-11-23 08:11:00
ORD_000549,CUST_000706,delivered,2024-10-07 08:15:00,2024-10-07 15:15:00,2024-10-10 08:15:00,2024-10-29 08:15:00,2024-10-19 08:15:00
ORD_000550,CUST_000803,processing,2024-05-17 15:39:00,2024-05-17 21:39:00,2024-05-19 15:39:00,2024-06-07 15:39:00,2024-06-05 15:39:00
ORD_000551,CUST_000165,processing,2024-06-24 11:11:00,2024-06-25 08:11:00,2024-06-26 11:11:00,2024-06-29 11:11:00,2024-07-04 11:11:00
ORD_000552,CUST_000989,delivered,2024-09-12 13:13:00,2024-09-12 22:13:00,2024-09-13 13:13:00,2024-09-17 13:13:00,2024-10-02 13:13:00
ORD_000553,CUST_000714,shipped,2024-08-02 22:48:00,2024-08-03 21:48:00,2024-08-03 22:48:00,2024-08-12 22:48:00,2024-08-14 22:48:00
ORD_000554,CUST_000448,shipped,2024-07-09 11:54:00,2024-07-09 16:54:00,2024-07-10 11:54:00,2024-07-20 11:54:00,2024-07-29 11:54:00
ORD_000555,CUST_000364,delivered,2024-07-24 08:28:00,2024-07-24 22:28:00,2024-07-25 08:28:00,2024-07-29 08:28:00,2024-08-12 08:28:00
ORD_000556,CUST_000935,shipped,2024-04-02 18:08:00,2024-04-03 12:08:00,2024-04-04 18:08:00,2024-04-07 18:08:00,2024-04-14 18:08:00
ORD_000557,CUST_000710,cancelled,2024-10-21 21:14:00,2024-10-22 12:14:00,2024-10-23 21:14:00,2024-11-13 21:14:00,2024-11-03 21:14:00
ORD_000558,CUST_000585,cancelled,2024-02-21 23:17:00,2024-02-22 15:17:00,2024-02-24 23:17:00,2024-02-29 23:17:00,2024-03-05 23:17:00
ORD_000559,CUST_000399,shipped,2024-04-30 17:27:00,2024-05-01 16:27:00,2024-05-01 17:27:00,2024-05-15 17:27:00,2024-05-14 17:27:00
ORD_000560,CUST_000843,processing,2024-07-14 06:09:00,2024-07-14 15:09:00,2024-07-17 06:09:00,2024-08-01 06:09:00,2024-07-29 06:09:00
ORD_000561,CUST_000011,shipped,2024-03-17 15:51:00,2024-03-18 13:51:00,2024-03-19 15:51:00,2024-03-25 15:51:00,2024-03-28 15:51:00
ORD_000562,CUST_000575,cancelled,2024-01-05 05:26:00,2024-01-05 09:26:00,2024-01-06 05:26:00,2024-01-27 05:26:00,2024-01-16 05:26:00
ORD_000563,CUST_000802,delivered,2024-09-12 04:57:00,2024-09-12 22:57:00,2024-09-15 04:57:00,2024-09-21 04:57:00,2024-09-22 04:57:00
ORD_000564,CUST_000916,delivered,2024-11-18 16:34:00,2024-11-19 06:34:00,2024-11-21 16:34:00,2024-12-12 16:34:00,2024-11-28 16:34:00
ORD_000565,CUST_000612,delivered,2024-06-10 15:19:00,2024-06-11 12:19:00,2024-06-12 15:19:00,2024-07-01 15:19:00,2024-06-29 15:19:00
ORD_000566,CUST_000204,delivered,2024-05-08 17:54:00,2024-05-09 05:54:00,2024-05-09 17:54:00,2024-05-13 17:54:00,2024-05-18 17:54:00
ORD_000567,CUST_000080,shipped,2024-10-17 01:25:00,2024-10-17 07:25:00,2024-10-20 01:25:00,2024-10-29 01:25:00,2024-11-06 01:25:00
ORD_000568,CUST_000741,processing,2024-02-20 22:10:00,2024-02-20 23:10:00,2024-02-23 22:10:00,2024-03-08 22:10:00,2024-03-07 22:10:00
ORD_000569,CUST_000684,delivered,2024-01-31 06:52:00,2024-01-31 18:52:00,2024-02-01 06:52:00,2024-02-15 06:52:00,2024-02-20 06:52:00
ORD_000570,CUST_000593,shipped,2024-05-10 15:53:00,2024-05-11 06:53:00,2024-05-12 15:53:00,2024-05-30 15:53:00,2024-05-20 15:53:00
ORD_000571,CUST_000632,processing,2024-11-18 03:28:00,2024-11-19 01:28:00,2024-11-21 03:28:00,2024-12-13 03:28:00,2024-12-03 03:28:00
ORD_000572,CUST_000149,delivered,2024-06-20 08:23:00,2024-06-20 20:23:00,2024-06-22 08:23:00,2024-07-10 08:23:00,2024-07-03 08:23:00
ORD_000573,CUST_000332,shipped,2024-07-03 17:35:00,2024-07-04 17:35:00,2024-07-06 17:35:00,2024-07-16 17:35:00,2024-07-13 17:35:00
ORD_000574,CUST_000681,cancelled,2024-05-11 11:01:00,2024-05-12 01:01:00,2024-05-14 11:01:00,2024-05-25 11:01:00,2024-05-31 11:01:00
ORD_000575,CUST_000844,delivered,2024-07-29 03:22:00,2024-07-29 10:22:00,2024-08-01 03:22:00,2024-08-22 03:22:00,2024-08-16 03:22:00
ORD_000576,CUST_000962,processing,2024-12-13 19:12:00,2024-12-14 15:12:00,2024-12-16 19:12:00,2024-12-21 19:12:00,2024-12-31 19:12:00
ORD_000577,CUST_000752,processing,2024-10-22 18:41:00,2024-10-23 12:41:00,2024-10-23 18:41:00,2024-11-09 18:41:00,2024-11-07 18:41:00
ORD_000578,CUST_000761,processing,2024-11-28 17:11:00,2024-11-29 00:11:00,2024-12-01 17:11:00,2024-12-03 17:11:00,2024-12-16 17:11:00
ORD_000579,CUST_000846,delivered,2024-05-25 11:20:00,2024-05-26 00:20:00,2024-05-27 11:20:00,2024-06-18 11:20:00,2024-06-08 11:20:00
ORD_000580,CUST_000755,shipped,2024-12-10 16:31:00,2024-12-11 04:31:00,2024-12-13 16:31:00,2024-12-21 16:31:00,2024-12-23 16:31:00
ORD_000581,CUST_000751,delivered,2024-08-16 02:24:00,2024-08-16 08:24:00,2024-08-18 02:24:00,2024-09-02 02:24:00,2024-08-26 02:24:00
ORD_000582,CUST_000325,delivered,2024-11-10 09:29:00,2024-11-11 09:29:00,2024-11-12 09:29:00,2024-11-26 09:29:00,2024-11-22 09:29:00
ORD_000583,CUST_000015,delivered,2024-11-19 04:55:00,2024-11-19 05:55:00,2024-11-21 04:55:00,2024-12-13 04:55:00,2024-11-30 04:55:00
ORD_000584,CUST_000155,shipped,2024-03-26 20:51:00,2024-03-27 03:51:00,2024-03-29 20:51:00,2024-04-11 20:51:00,2024-04-06 20:51:00
ORD_000585,CUST_000919,cancelled,2024-06-21 13:40:00,2024-06-22 04:40:00,2024-06-23 13:40:00,2024-06-30 13:40:00,2024-07-07 13:40:00
ORD_000586,CUST_000470,delivered,2024-11-09 18:25:00,2024-11-10 06:25:00,2024-11-11 18:25:00,2024-11-15 18:25:00,2024-11-25 18:25:00
ORD_000587,CUST_000957,delivered,2024-02-06 02:10:00,2024-02-06 19:10:00,2024-02-08 02:10:00,2024-02-13 02:10:00,2024-02-23 02:10:00
ORD_000588,CUST_000152,processing,2024-06-24 07:20:00,2024-06-24 14:20:00,2024-06-26 07:20:00,2024-07-08 07:20:00,2024-07-07 07:20:00
ORD_000589,CUST_000512,processing,2024-06-11 20:18:00,2024-06-11 21:18:00,2024-06-13 20:18:00,2024-07-05 20:18:00,2024-06-23 20:18:00
ORD_000590,CUST_000886,shipped,2024-12-29 08:38:00,2024-12-30 03:38:00,2024-12-31 08:38:00,2025-01-05 08:38:00,2025-01-17 08:38:00
ORD_000591,CUST_000325,cancelled,2024-11-26 12:17:00,2024-11-26 22:17:00,2024-11-29 12:17:00,2024-12-04 12:17:00,2024-12-06 12:17:00
ORD_000592,CUST_000117,delivered,2024-08-15 11:47:00,2024-08-15 22:47:00,2024-08-18 11:47:00,2024-09-05 11:47:00,2024-08-29 11:47:00
ORD_000593,CUST_000812,delivered,2024-10-27 16:28:00,2024-10-27 20:28:00,2024-10-28 16:28:00,2024-11-21 16:28:00,2024-11-16 16:28:00
ORD_000594,CUST_000994,processing,2024-07-30 05:11:00,2024-07-30 17:11:00,2024-07-31 05:11:00,2024-08-22 05:11:00,2024-08-14 05:11:00
ORD_000595,CUST_000691,shipped,2024-01-12 04:46:00,2024-01-12 13:46:00,2024-01-15 04:46:00,2024-01-26 04:46:00,2024-01-29 04:46:00
ORD_000596,CUST_000417,delivered,2024-04-30 21:16:00,2024-05-01 14:16:00,2024-05-01 21:16:00,2024-05-08 21:16:00,2024-05-15 21:16:00
ORD_000597,CUST_000270,delivered,2024-12-24 23:05:00,2024-12-25 00:05:00,2024-12-25 23:05:00,2025-01-15 23:05:00,2025-01-12 23:05:00
ORD_000598,CUST_000534,delivered,2024-04-17 05:25:00,2024-04-18 01:25:00,2024-04-20 05:25:00,2024-05-01 05:25:00,2024-05-05 05:25:00
ORD_000599,CUST_000740,cancelled,2024-02-22 03:04:00,2024-02-22 12:04:00,2024-02-24 03:04:00,2024-03-05 03:04:00,2024-03-11 03:04:00
ORD_000600,CUST_000004,delivered,2024-08-30 17:03:00,2024-08-30 19:03:00,2024-09-01 17:03:00,2024-09-11 17:03:00,2024-09-16 17:03:00
ORD_000601,CUST_000462,delivered,2024-01-14 12:33:00,2024-01-15 09:33:00,2024-01-16 12:33:00,2024-01-31 12:33:00,2024-01-29 12:33:00
ORD_000602,CUST_000966,delivered,2024-02-12 03:16:00,2024-02-12 12:16:00,2024-02-14 03:16:00,2024-03-04 03:16:00,2024-03-02 03:16:00
ORD_000603,CUST_000853,delivered,2024-11-12 04:05:00,2024-11-13 01:05:00,2024-11-14 04:05:00,2024-12-02 04:05:00,2024-11-24 04:05:00
ORD_000604,CUST_000878,delivered,2024-12-01 12:19:00,2024-12-02 04:19:00,2024-12-03 12:19:00,2024-12-16 12:19:00,2024-12-12 12:19:00
ORD_000605,CUST_000129,shipped,2024-04-27 07:47:00,2024-04-27 20:47:00,2024-04-29 07:47:00,2024-05-02 07:47:00,2024-05-09 07:47:00
ORD_000606,CUST_000650,shipped,2024-05-25 14:40:00,2024-05-25 16:40:00,2024-05-27 14:40:00,2024-06-17 14:40:00,2024-06-13 14:40:00
ORD_000607,CUST_000461,delivered,2024-03-05 04:33:00,2024-03-06 03:33:00,2024-03-07 04:33:00,2024-03-14 04:33:00,2024-03-24 04:33:00
ORD_000608,CUST_000655,cancelled,2024-03-28 00:02:00,2024-03-28 23:02:00,2024-03-29 00:02:00,2024-04-15 00:02:00,2024-04-13 00:02:00
ORD_000609,CUST_000993,delivered,2024-12-05 11:55:00,2024-12-05 20:55:00,2024-12-06 11:55:00,2024-12-16 11:55:00,2024-12-19 11:55:00
ORD_000610,CUST_000593,delivered,2024-06-15 15:29:00,2024-06-16 00:29:00,2024-06-18 15:29:00,2024-06-25 15:29:00,2024-06-27 15:29:00
ORD_000611,CUST_000100,delivered,2024-10-03 08:35:00,2024-10-04 05:35:00,2024-10-05 08:35:00,2024-10-13 08:35:00,2024-10-19 08:35:00
ORD_000612,CUST_000038,delivered,2024-08-15 04:44:00,2024-08-15 06:44:00,2024-08-17 04:44:00,2024-08-26 04:44:00,2024-08-25 04:44:00
ORD_000613,CUST_000224,delivered,2024-10-03 05:37:00,2024-10-04 00:37:00,2024-10-04 05:37:00,2024-10-27 05:37:00,2024-10-16 05:37:00
ORD_000614,CUST_000764,delivered,2024-11-01 14:40:00,2024-11-01 15:40:00,2024-11-02 14:40:00,2024-11-25 14:40:00,2024-11-14 14:40:00
ORD_000615,CUST_000193,delivered,2024-11-21 18:27:00,2024-11-22 17:27:00,2024-11-23 18:27:00,2024-12-12 18:27:00,2024-12-07 18:27:00
ORD_000616,CUST_000431,delivered,2024-09-25 20:40:00,2024-09-26 12:40:00,2024-09-27 20:40:00,2024-10-04 20:40:00,2024-10-15 20:40:00
ORD_000617,CUST_000714,delivered,2024-09-30 09:58:00,2024-10-01 05:58:00,2024-10-03 09:58:00,2024-10-07 09:58:00,2024-10-12 09:58:00
ORD_000618,CUST_000560,delivered,2024-06-26 15:34:00,2024-06-27 12:34:00,2024-06-27 15:34:00,2024-07-08 15:34:00,2024-07-06 15:34:00
ORD_000619,CUST_000793,delivered,2024-04-26 02:28:00,2024-04-26 17:28:00,2024-04-28 02:28:00,2024-05-15 02:28:00,2024-05-08 02:28:00
ORD_000620,CUST_000171,shipped,2024-06-06 11:26:00,2024-06-07 03:26:00,2024-06-08 11:26:00,2024-06-19 11:26:00,2024-06-23 11:26:00
ORD_000621,CUST_000616,delivered,2024-05-13 04:19:00,2024-05-13 10:19:00,2024-05-14 04:19:00,2024-05-28 04:19:00,2024-05-28 04:19:00
ORD_000622,CUST_000387,delivered,2024-01-06 00:33:00,2024-01-06 16:33:00,2024-01-08 00:33:00,2024-01-21 00:33:00,2024-01-21 00:33:00
ORD_000623,CUST_000222,shipped,2024-03-10 11:18:00,2024-03-11 11:18:00,2024-03-13 11:18:00,2024-03-28 11:18:00,2024-03-28 11:18:00
ORD_000624,CUST_000357,delivered,2024-08-28 17:00:00,2024-08-29 14:00:00,2024-08-29 17:00:00,2024-09-04 17:00:00,2024-09-09 17:00:00
ORD_000625,CUST_000215,delivered,2024-12-18 15:48:00,2024-12-19 09:48:00,2024-12-19 15:48:00,2024-12-25 15:48:00,2024-12-29 15:48:00
ORD_000626,CUST_000976,delivered,2024-09-01 09:00:00,2024-09-01 13:00:00,2024-09-04 09:00:00,2024-09-14 09:00:00,2024-09-15 09:00:00
ORD_000627,CUST_000196,delivered,2024-08-08 09:38:00,2024-08-08 11:38:00,2024-08-09 09:38:00,2024-08-14 09:38:00,2024-08-25 09:38:00
ORD_000628,CUST_000996,delivered,2024-04-28 00:35:00,2024-04-28 12:35:00,2024-04-29 00:35:00,2024-05-12 00:35:00,2024-05-15 00:35:00
ORD_000629,CUST_000696,delivered,2024-07-10 06:26:00,2024-07-10 07:26:00,2024-07-11 06:26:00,2024-07-19 06:26:00,2024-07-20 06:26:00
ORD_000630,CUST_000591,delivered,2024-10-14 13:25:00,2024-10-15 09:25:00,2024-10-15 13:25:00,2024-11-04 13:25:00,2024-11-02 13:25:00
ORD_000631,CUST_000979,shipped,2024-05-07 05:45:00,2024-05-08 04:45:00,2024-05-09 05:45:00,2024-05-29 05:45:00,2024-05-19 05:45:00
ORD_000632,CUST_000015,shipped,2024-11-26 12:53:00,2024-11-26 17:53:00,2024-11-28 12:53:00,2024-12-14 12:53:00,2024-12-06 12:53:00
ORD_000633,CUST_000380,delivered,2024-07-12 07:16:00,2024-07-13 06:16:00,2024-07-13 07:16:00,2024-07-18 07:16:00,2024-07-29 07:16:00
ORD_000634,CUST_000834,cancelled,2024-02-10 13:40:00,2024-02-11 13:40:00,2024-02-12 13:40:00,2024-02-26 13:40:00,2024-02-21 13:40:00
ORD_000635,CUST_000373,processing,2024-05-02 16:48:00,2024-05-02 22:48:00,2024-05-04 16:48:00,2024-05-27 16:48:00,2024-05-13 16:48:00
ORD_000636,CUST_000017,delivered,2024-11-09 22:43:00,2024-11-10 03:43:00,2024-11-10 22:43:00,2024-11-14 22:43:00,2024-11-24 22:43:00
ORD_000637,CUST_000310,shipped,2024-05-19 09:41:00,2024-05-19 12:41:00,2024-05-20 09:41:00,2024-06-03 09:41:00,2024-05-31 09:41:00
ORD_000638,CUST_000919,delivered,2024-09-29 08:26:00,2024-09-29 22:26:00,2024-10-01 08:26:00,2024-10-11 08:26:00,2024-10-12 08:26:00
ORD_000639,CUST_000315,delivered,2024-04-06 02:11:00,2024-04-06 06:11:00,2024-04-08 02:11:00,2024-04-26 02:11:00,2024-04-24 02:11:00
ORD_000640,CUST_000515,delivered,2024-03-10 09:07:00,2024-03-10 11:07:00,2024-03-11 09:07:00,2024-03-27 09:07:00,2024-03-20 09:07:00
ORD_000641,CUST_000839,cancelled,2024-11-22 14:39:00,2024-11-23 05:39:00,2024-11-24 14:39:00,2024-12-10 14:39:00,2024-12-04 14:39:00
ORD_000642,CUST_000889,delivered,2024-08-19 08:44:00,2024-08-20 05:44:00,2024-08-22 08:44:00,2024-09-06 08:44:00,2024-09-01 08:44:00
ORD_000643,CUST_000128,delivered,2024-11-14 15:12:00,2024-11-15 14:12:00,2024-11-16 15:12:00,2024-11-20 15:12:00,2024-11-30 15:12:00
ORD_000644,CUST_000717,shipped,2024-06-13 00:09:00,2024-06-13 02:09:00,2024-06-14 00:09:00,2024-07-04 00:09:00,2024-06-25 00:09:00
ORD_000645,CUST_000512,delivered,2024-01-26 17:01:00,2024-01-27 04:01:00,2024-01-27 17:01:00,2024-02-03 17:01:00,2024-02-06 17:01:00
ORD_000646,CUST_000665,delivered,2024-04-05 03:18:00,2024-04-05 07:18:00,2024-04-07 03:18:00,2024-04-13 03:18:00,2024-04-25 03:18:00
ORD_000647,CUST_000467,delivered,2024-05-17 04:45:00,2024-05-17 22:45:00,2024-05-20 04:45:00,2024-05-26 04:45:00,2024-06-05 04:45:00
ORD_000648,CUST_000424,processing,2024-08-12 23:00:00,2024-08-13 08:00:00,2024-08-15 23:00:00,2024-08-30 23:00:00,2024-09-01 23:00:00
ORD_000649,CUST_000421,delivered,2024-04-29 02:09:00,2024-04-29 09:09:00,2024-05-01 02:09:00,2024-05-04 02:09:00,2024-05-11 02:09:00
ORD_000650,CUST_000361,delivered,2024-01-08 15:13:00,2024-01-09 12:13:00,2024-01-10 15:13:00,2024-01-14 15:13:00,2024-01-19 15:13:00
ORD_000651,CUST_000361,delivered,2024-06-24 13:19:00,2024-06-25 09:19:00,2024-06-26 13:19:00,2024-07-05 13:19:00,2024-07-09 13:19:00
ORD_000652,CUST_000849,cancelled,2024-09-12 11:29:00,2024-09-13 11:29:00,2024-09-13 11:29:00,2024-09-18 11:29:00,2024-09-30 11:29:00
ORD_000653,CUST_000556,delivered,2024-12-22 01:21:00,2024-12-22 02:21:00,2024-12-24 01:21:00,2025-01-12 01:21:00,2025-01-02 01:21:00
ORD_000654,CUST_000437,delivered,2024-02-11 04:03:00,2024-02-11 15:03:00,2024-02-14 04:03:00,2024-02-22 04:03:00,2024-02-29 04:03:00
ORD_000655,CUST_000536,shipped,2024-05-16 12:04:00,2024-05-17 10:04:00,2024-05-17 12:04:00,2024-06-01 12:04:00,2024-06-04 12:04:00
ORD_000656,CUST_000998,delivered,2024-10-05 15:11:00,2024-10-06 02:11:00,2024-10-07 15:11:00,2024-10-22 15:11:00,2024-10-22 15:11:00
ORD_000657,CUST_000784,shipped,2024-04-08 08:52:00,2024-04-09 07:52:00,2024-04-09 08:52:00,2024-04-25 08:52:00,2024-04-18 08:52:00
ORD_000658,CUST_000344,delivered,2024-07-14 00:07:00,2024-07-14 06:07:00,2024-07-15 00:07:00,2024-08-07 00:07:00,2024-08-03 00:07:00
ORD_000659,CUST_000117,shipped,2024-05-07 12:49:00,2024-05-08 07:49:00,2024-05-09 12:49:00,2024-05-14 12:49:00,2024-05-22 12:49:00
ORD_000660,CUST_000949,delivered,2024-08-14 07:47:00,2024-08-15 07:47:00,2024-08-17 07:47:00,2024-08-19 07:47:00,2024-09-02 07:47:00
ORD_000661,CUST_000181,delivered,2024-01-18 06:29:00,2024-01-18 18:29:00,2024-01-20 06:29:00,2024-02-04 06:29:00,2024-01-29 06:29:00
ORD_000662,CUST_000470,shipped,2024-02-18 16:42:00,2024-02-19 09:42:00,2024-02-21 16:42:00,2024-02-27 16:42:00,2024-03-05 16:42:00
ORD_000663,CUST_000439,shipped,2024-04-16 15:24:00,2024-04-16 16:24:00,2024-04-18 15:24:00,2024-05-05 15:24:00,2024-04-27 15:24:00
ORD_000664,CUST_000383,delivered,2024-12-14 09:59:00,2024-12-15 07:59:00,2024-12-15 09:59:00,2024-12-21 09:59:00,2024-12-25 09:59:00
ORD_000665,CUST_000182,delivered,2024-06-14 05:40:00,2024-06-14 18:40:00,2024-06-15 05:40:00,2024-06-29 05:40:00,2024-07-02 05:40:00
ORD_000666,CUST_000567,delivered,2024-01-22 23:59:00,2024-01-23 13:59:00,2024-01-25 23:59:00,2024-02-02 23:59:00,2024-02-07 23:59:00
ORD_000667,CUST_000610,shipped,2024-10-08 16:07:00,2024-10-09 14:07:00,2024-10-10 16:07:00,2024-10-16 16:07:00,2024-10-21 16:07:00
ORD_000668,CUST_000167,delivered,2024-05-09 15:40:00,2024-05-10 13:40:00,2024-05-10 15:40:00,2024-05-19 15:40:00,2024-05-27 15:40:00
ORD_000669,CUST_000556,delivered,2024-06-01 06:23:00,2024-06-01 08:23:00,2024-06-03 06:23:00,2024-06-12 06:23:00,2024-06-16 06:23:00
ORD_000670,CUST_000447,delivered,2024-01-27 21:13:00,2024-01-28 00:13:00,2024-01-29 21:13:00,2024-02-09 21:13:00,2024-02-11 21:13:00
ORD_000671,CUST_000391,delivered,2024-02-27 07:40:00,2024-02-27 14:40:00,2024-02-28 07:40:00,2024-03-13 07:40:00,2024-03-16 07:40:00
ORD_000672,CUST_000292,delivered,2024-08-10 10:00:00,2024-08-11 03:00:00,2024-08-12 10:00:00,2024-08-26 10:00:00,2024-08-28 10:00:00
ORD_000673,CUST_000866,delivered,2024-03-26 08:37:00,2024-03-26 13:37:00,2024-03-29 08:37:00,2024-04-01 08:37:00,2024-04-06 08:37:00
ORD_000674,CUST_000676,delivered,2024-03-02 12:50:00,2024-03-03 12:50:00,2024-03-03 12:50:00,2024-03-20 12:50:00,2024-03-21 12:50:00
ORD_000675,CUST_000706,cancelled,2024-05-04 00:02:00,2024-05-04 09:02:00,2024-05-06 00:02:00,2024-05-25 00:02:00,2024-05-19 00:02:00
ORD_000676,CUST_000697,cancelled,2024-10-24 22:30:00,2024-10-25 01:30:00,2024-10-27 22:30:00,2024-11-15 22:30:00,2024-11-12 22:30:00
ORD_000677,CUST_000448,processing,2024-12-18 19:09:00,2024-12-19 01:09:00,2024-12-20 19:09:00,2024-12-28 19:09:00,2025-01-04 19:09:00
ORD_000678,CUST_000650,shipped,2024-07-09 02:15:00,2024-07-09 17:15:00,2024-07-12 02:15:00,2024-07-27 02:15:00,2024-07-26 02:15:00
ORD_000679,CUST_000291,delivered,2024-03-21 15:05:00,2024-03-21 17:05:00,2024-03-24 15:05:00,2024-04-13 15:05:00,2024-04-02 15:05:00
ORD_000680,CUST_000719,delivered,2024-12-17 19:21:00,2024-12-18 04:21:00,2024-12-19 19:21:00,2024-12-25 19:21:00,2024-12-28 19:21:00
ORD_000681,CUST_000636,cancelled,2024-11-16 01:03:00,2024-11-16 21:03:00,2024-11-19 01:03:00,2024-12-06 01:03:00,2024-12-02 01:03:00
ORD_000682,CUST_000961,shipped,2024-07-01 20:09:00,2024-07-02 03:09:00,2024-07-02 20:09:00,2024-07-26 20:09:00,2024-07-19 20:09:00
ORD_000683,CUST_000948,cancelled,2024-12-25 17:50:00,2024-12-26 16:50:00,2024-12-28 17:50:00,2025-01-14 17:50:00,2025-01-12 17:50:00
ORD_000684,CUST_000928,delivered,2024-02-24 04:31:00,2024-02-24 21:31:00,2024-02-25 04:31:00,2024-03-13 04:31:00,2024-03-05 04:31:00
ORD_000685,CUST_000878,delivered,2024-04-29 10:35:00,2024-04-30 00:35:00,2024-05-02 10:35:00,2024-05-21 10:35:00,2024-05-09 10:35:00
ORD_000686,CUST_000102,delivered,2024-11-26 11:51:00,2024-11-26 17:51:00,2024-11-28 11:51:00,2024-12-21 11:51:00,2024-12-11 11:51:00
ORD_000687,CUST_000090,processing,2024-08-12 23:12:00,2024-08-13 20:12:00,2024-08-14 23:12:00,2024-08-21 23:12:00,2024-08-25 23:12:00
ORD_000688,CUST_000826,delivered,2024-01-11 22:24:00,2024-01-12 22:24:00,2024-01-14 22:24:00,2024-02-04 22:24:00,2024-01-28 22:24:00
ORD_000689,CUST_000858,delivered,2024-07-02 23:08:00,2024-07-03 00:08:00,2024-07-04 23:08:00,2024-07-13 23:08:00,2024-07-20 23:08:00
ORD_000690,CUST_000107,processing,2024-05-08 01:31:00,2024-05-08 11:31:00,2024-05-11 01:31:00,2024-05-29 01:31:00,2024-05-27 01:31:00
ORD_000691,CUST_000092,delivered,2024-12-27 14:35:00,2024-12-27 23:35:00,2024-12-28 14:35:00,2025-01-09 14:35:00,2025-01-09 14:35:00
ORD_000692,CUST_000666,delivered,2024-05-30 17:44:00,2024-05-31 11:44:00,2024-06-01 17:44:00,2024-06-13 17:44:00,2024-06-10 17:44:00
ORD_000693,CUST_000017,processing,2024-09-07 06:36:00,2024-09-07 18:36:00,2024-09-10 06:36:00,2024-09-13 06:36:00,2024-09-25 06:36:00
ORD_000694,CUST_000632,shipped,2024-04-05 17:22:00,2024-04-05 21:22:00,2024-04-07 17:22:00,2024-04-13 17:22:00,2024-04-21 17:22:00
ORD_000695,CUST_000955,delivered,2024-06-14 23:29:00,2024-06-15 10:29:00,2024-06-15 23:29:00,2024-06-26 23:29:00,2024-07-03 23:29:00
ORD_000696,CUST_000422,delivered,2024-05-20 19:58:00,2024-05-21 10:58:00,2024-05-21 19:58:00,2024-06-03 19:58:00,2024-06-01 19:58:00
ORD_000697,CUST_000107,delivered,2024-10-10 05:04:00,2024-10-11 00:04:00,2024-10-12 05:04:00,2024-11-01 05:04:00,2024-10-28 05:04:00
ORD_000698,CUST_000509,delivered,2024-09-28 04:28:00,2024-09-29 03:28:00,2024-09-30 04:28:00,2024-10-03 04:28:00,2024-10-17 04:28:00
ORD_000699,CUST_000768,delivered,2024-05-31 08:34:00,2024-05-31 11:34:00,2024-06-02 08:34:00,2024-06-21 08:34:00,2024-06-17 08:34:00
ORD_000700,CUST_000770,shipped,2024-07-06 14:00:00,2024-07-07 09:00:00,2024-07-07 14:00:00,2024-07-25 14:00:00,2024-07-18 14:00:00
ORD_000701,CUST_000639,delivered,2024-11-22 16:24:00,2024-11-23 07:24:00,2024-11-23 16:24:00,2024-12-03 16:24:00,2024-12-10 16:24:00
ORD_000702,CUST_000950,delivered,2024-04-04 00:39:00,2024-04-04 03:39:00,2024-04-06 00:39:00,2024-04-19 00:39:00,2024-04-18 00:39:00
ORD_000703,CUST_000558,delivered,2024-07-05 19:15:00,2024-07-05 23:15:00,2024-07-08 19:15:00,2024-07-19 19:15:00,2024-07-20 19:15:00
ORD_000704,CUST_000103,delivered,2024-06-13 23:04:00,2024-06-14 02:04:00,2024-06-14 23:04:00,2024-06-25 23:04:00,2024-06-27 23:04:00
ORD_000705,CUST_000649,cancelled,2024-12-03 17:52:00,2024-12-03 23:52:00,2024-12-05 17:52:00,2024-12-23 17:52:00,2024-12-13 17:52:00
ORD_000706,CUST_000455,delivered,2024-07-17 06:33:00,2024-07-18 06:33:00,2024-07-20 06:33:00,2024-08-08 06:33:00,2024-08-06 06:33:00
ORD_000707,CUST_000516,processing,2024-12-15 15:49:00,2024-12-15 18:49:00,2024-12-17 15:49:00,2025-01-05 15:49:00,2024-12-26 15:49:00
ORD_000708,CUST_000596,cancelled,2024-10-09 04:39:00,2024-10-09 10:39:00,2024-10-11 04:39:00,2024-10-18 04:39:00,2024-10-27 04:39:00
ORD_000709,CUST_000826,delivered,2024-05-24 10:26:00,2024-05-24 21:26:00,2024-05-27 10:26:00,2024-06-11 10:26:00,2024-06-05 10:26:00
ORD_000710,CUST_000034,delivered,2024-11-24 10:07:00,2024-11-25 05:07:00,2024-11-26 10:07:00,2024-11-30 10:07:00,2024-12-06 10:07:00
ORD_000711,CUST_000684,delivered,2024-02-19 16:42:00,2024-02-20 13:42:00,2024-02-22 16:42:00,2024-03-01 16:42:00,2024-03-07 16:42:00
ORD_000712,CUST_000297,cancelled,2024-02-04 01:53:00,2024-02-04 02:53:00,2024-02-06 01:53:00,2024-02-16 01:53:00,2024-02-16 01:53:00
ORD_000713,CUST_000873,shipped,2024-03-07 05:55:00,2024-03-07 11:55:00,2024-03-10 05:55:00,2024-04-01 05:55:00,2024-03-17 05:55:00
ORD_000714,CUST_000431,shipped,2024-01-17 06:06:00,2024-01-17 07:06:00,2024-01-18 06:06:00,2024-02-02 06:06:00,2024-01-27 06:06:00
ORD_000715,CUST_000217,delivered,2024-09-05 06:06:00,2024-09-05 13:06:00,2024-09-06 06:06:00,2024-09-29 06:06:00,2024-09-17 06:06:00
ORD_000716,CUST_000229,delivered,2024-01-17 18:41:00,2024-01-18 15:41:00,2024-01-19 18:41:00,2024-01-25 18:41:00,2024-02-04 18:41:00
ORD_000717,CUST_000796,delivered,2024-07-17 21:31:00,2024-07-18 09:31:00,2024-07-20 21:31:00,2024-07-23 21:31:00,2024-07-30 21:31:00
ORD_000718,CUST_000466,delivered,2024-09-26 19:44:00,2024-09-27 10:44:00,2024-09-29 19:44:00,2024-10-04 19:44:00,2024-10-15 19:44:00
ORD_000719,CUST_000565,delivered,2024-10-29 08:03:00,2024-10-29 11:03:00,2024-10-30 08:03:00,2024-11-14 08:03:00,2024-11-12 08:03:00
ORD_000720,CUST_000391,shipped,2024-07-06 07:38:00,2024-07-07 07:38:00,2024-07-09 07:38:00,2024-07-25 07:38:00,2024-07-24 07:38:00
ORD_000721,CUST_000118,delivered,2024-02-06 00:59:00,2024-02-06 08:59:00,2024-02-09 00:59:00,2024-02-11 00:59:00,2024-02-18 00:59:00
ORD_000722,CUST_000201,shipped,2024-04-16 20:31:00,2024-04-17 06:31:00,2024-04-19 20:31:00,2024-05-10 20:31:00,2024-05-06 20:31:00
ORD_000723,CUST_000877,cancelled,2024-02-10 14:51:00,2024-02-11 12:51:00,2024-02-11 14:51:00,2024-02-16 14:51:00,2024-02-23 14:51:00
ORD_000724,CUST_000481,delivered,2024-11-23 01:23:00,2024-11-23 22:23:00,2024-11-24 01:23:00,2024-12-14 01:23:00,2024-12-05 01:23:00
ORD_000725,CUST_000974,cancelled,2024-10-12 23:56:00,2024-10-13 06:56:00,2024-10-14 23:56:00,2024-10-28 23:56:00,2024-11-01 23:56:00
ORD_000726,CUST_000128,shipped,2024-07-31 11:50:00,2024-08-01 11:50:00,2024-08-03 11:50:00,2024-08-23 11:50:00,2024-08-12 11:50:00
ORD_000727,CUST_000360,shipped,2024-12-28 01:52:00,2024-12-29 01:52:00,2024-12-30 01:52:00,2025-01-20 01:52:00,2025-01-07 01:52:00
ORD_000728,CUST_000991,delivered,2024-11-11 08:33:00,2024-11-11 13:33:00,2024-11-12 08:33:00,2024-11-18 08:33:00,2024-11-25 08:33:00
ORD_000729,CUST_000813,delivered,2024-01-21 23:04:00,2024-01-22 09:04:00,2024-01-23 23:04:00,2024-02-04 23:04:00,2024-02-01 23:04:00
ORD_000730,CUST_000936,cancelled,2024-06-04 02:13:00,2024-06-04 04:13:00,2024-06-07 02:13:00,2024-06-18 02:13:00,2024-06-18 02:13:00
ORD_000731,CUST_000476,processing,2024-09-22 03:06:00,2024-09-22 16:06:00,2024-09-23 03:06:00,2024-10-15 03:06:00,2024-10-06 03:06:00
ORD_000732,CUST_000423,cancelled,2024-04-28 17:24:00,2024-04-29 16:24:00,2024-04-30 17:24:00,2024-05-08 17:24:00,2024-05-15 17:24:00
ORD_000733,CUST_000930,delivered,2024-04-07 06:33:00,2024-04-07 16:33:00,2024-04-08 06:33:00,2024-04-12 06:33:00,2024-04-21 06:33:00
ORD_000734,CUST_000841,shipped,2024-12-02 07:36:00,2024-12-02 13:36:00,2024-12-05 07:36:00,2024-12-21 07:36:00,2024-12-22 07:36:00
ORD_000735,CUST_000661,delivered,2024-11-16 05:35:00,2024-11-16 14:35:00,2024-11-18 05:35:00,2024-11-29 05:35:00,2024-11-29 05:35:00
ORD_000736,CUST_000721,cancelled,2024-10-12 13:47:00,2024-10-12 18:47:00,2024-10-13 13:47:00,2024-11-04 13:47:00,2024-10-24 13:47:00
ORD_000737,CUST_000804,shipped,2024-02-24 20:36:00,2024-02-25 15:36:00,2024-02-27 20:36:00,2024-03-05 20:36:00,2024-03-13 20:36:00
ORD_000738,CUST_000759,delivered,2024-07-02 21:29:00,2024-07-03 08:29:00,2024-07-04 21:29:00,2024-07-19 21:29:00,2024-07-13 21:29:00
ORD_000739,CUST_000406,delivered,2024-12-25 21:27:00,2024-12-26 11:27:00,2024-12-27 21:27:00,2025-01-18 21:27:00,2025-01-05 21:27:00
ORD_000740,CUST_000008,delivered,2024-02-23 05:50:00,2024-02-23 13:50:00,2024-02-26 05:50:00,2024-03-17 05:50:00,2024-03-10 05:50:00
ORD_000741,CUST_000963,cancelled,2024-04-02 17:25:00,2024-04-03 00:25:00,2024-04-05 17:25:00,2024-04-26 17:25:00,2024-04-17 17:25:00
ORD_000742,CUST_000384,delivered,2024-09-15 10:42:00,2024-09-15 19:42:00,2024-09-17 10:42:00,2024-10-10 10:42:00,2024-10-04 10:42:00
ORD_000743,CUST_000801,delivered,2024-03-21 17:38:00,2024-03-22 00:38:00,2024-03-22 17:38:00,2024-04-08 17:38:00,2024-04-09 17:38:00
ORD_000744,CUST_000230,delivered,2024-08-14 11:57:00,2024-08-14 17:57:00,2024-08-16 11:57:00,2024-09-07 11:57:00,2024-08-27 11:57:00
ORD_000745,CUST_000520,delivered,2024-06-10 17:20:00,2024-06-11 03:20:00,2024-06-12 17:20:00,2024-07-03 17:20:00,2024-06-20 17:20:00
ORD_000746,CUST_000291,delivered,2024-07-09 13:48:00,2024-07-09 22:48:00,2024-07-10 13:48:00,2024-07-26 13:48:00,2024-07-29 13:48:00
ORD_000747,CUST_000275,delivered,2024-11-20 13:52:00,2024-11-21 12:52:00,2024-11-22 13:52:00,2024-12-04 13:52:00,2024-12-02 13:52:00
ORD_000748,CUST_000901,shipped,2024-06-14 19:15:00,2024-06-15 10:15:00,2024-06-17 19:15:00,2024-07-06 19:15:00,2024-07-04 19:15:00
ORD_000749,CUST_000675,processing,2024-10-15 17:13:00,2024-10-16 02:13:00,2024-10-16 17:13:00,2024-11-09 17:13:00,2024-10-25 17:13:00
ORD_000750,CUST_000271,cancelled,2024-07-11 17:59:00,2024-07-11 20:59:00,2024-07-13 17:59:00,2024-08-04 17:59:00,2024-07-23 17:59:00
ORD_000751,CUST_000315,processing,2024-05-10 11:28:00,2024-05-11 03:28:00,2024-05-11 11:28:00,2024-06-03 11:28:00,2024-05-20 11:28:00
ORD_000752,CUST_000859,shipped,2024-08-17 12:00:00,2024-08-18 00:00:00,2024-08-19 12:00:00,2024-09-05 12:00:00,2024-09-06 12:00:00
ORD_000753,CUST_000925,delivered,2024-01-18 09:38:00,2024-01-19 04:38:00,2024-01-19 09:38:00,2024-01-25 09:38:00,2024-01-31 09:38:00
ORD_000754,CUST_000815,delivered,2024-01-09 16:08:00,2024-01-10 04:08:00,2024-01-10 16:08:00,2024-01-30 16:08:00,2024-01-19 16:08:00
ORD_000755,CUST_000932,delivered,2024-06-03 00:19:00,2024-06-03 12:19:00,2024-06-06 00:19:00,2024-06-17 00:19:00,2024-06-17 00:19:00
ORD_000756,CUST_000425,delivered,2024-04-23 06:54:00,2024-04-24 03:54:00,2024-04-24 06:54:00,2024-05-02 06:54:00,2024-05-05 06:54:00
ORD_000757,CUST_000690,delivered,2024-06-10 00:49:00,2024-06-10 17:49:00,2024-06-12 00:49:00,2024-07-02 00:49:00,2024-06-23 00:49:00
ORD_000758,CUST_000248,delivered,2024-12-19 08:58:00,2024-12-19 23:58:00,2024-12-21 08:58:00,2025-01-04 08:58:00,2024-12-31 08:58:00
ORD_000759,CUST_000005,shipped,2024-10-10 16:35:00,2024-10-11 13:35:00,2024-10-13 16:35:00,2024-11-02 16:35:00,2024-10-22 16:35:00
ORD_000760,CUST_000922,shipped,2024-10-19 18:09:00,2024-10-20 16:09:00,2024-10-21 18:09:00,2024-11-05 18:09:00,2024-11-05 18:09:00
ORD_000761,CUST_000931,shipped,2024-02-18 01:29:00,2024-02-18 07:29:00,2024-02-21 01:29:00,2024-03-14 01:29:00,2024-03-06 01:29:00
ORD_000762,CUST_000425,processing,2024-07-01 04:08:00,2024-07-01 06:08:00,2024-07-02 04:08:00,2024-07-24 04:08:00,2024-07-16 04:08:00
ORD_000763,CUST_000034,delivered,2024-05-15 11:56:00,2024-05-16 06:56:00,2024-05-17 11:56:00,2024-05-27 11:56:00,2024-05-27 11:56:00
ORD_000764,CUST_000016,shipped,2024-10-25 07:14:00,2024-10-25 20:14:00,2024-10-27 07:14:00,2024-11-03 07:14:00,2024-11-05 07:14:00
ORD_000765,CUST_000027,delivered,2024-05-11 09:05:00,2024-05-11 14:05:00,2024-05-13 09:05:00,2024-05-26 09:05:00,2024-05-24 09:05:00
ORD_000766,CUST_000158,processing,2024-10-19 12:36:00,2024-10-20 06:36:00,2024-10-21 12:36:00,2024-11-11 12:36:00,2024-11-03 12:36:00
ORD_000767,CUST_000810,delivered,2024-04-21 23:04:00,2024-04-22 18:04:00,2024-04-24 23:04:00,2024-04-29 23:04:00,2024-05-04 23:04:00
ORD_000768,CUST_000384,delivered,2024-06-15 15:11:00,2024-06-15 22:11:00,2024-06-18 15:11:00,2024-06-29 15:11:00,2024-06-25 15:11:00
ORD_000769,CUST_000861,cancelled,2024-09-06 22:44:00,2024-09-07 21:44:00,2024-09-07 22:44:00,2024-09-11 22:44:00,2024-09-18 22:44:00
ORD_000770,CUST_000837,cancelled,2024-10-22 03:38:00,2024-10-22 17:38:00,2024-10-25 03:38:00,2024-11-12 03:38:00,2024-11-09 03:38:00
ORD_000771,CUST_000532,delivered,2024-11-24 09:02:00,2024-11-24 21:02:00,2024-11-25 09:02:00,2024-12-08 09:02:00,2024-12-05 09:02:00
ORD_000772,CUST_000840,shipped,2024-10-22 12:05:00,2024-10-23 09:05:00,2024-10-25 12:05:00,2024-11-14 12:05:00,2024-11-07 12:05:00
ORD_000773,CUST_000760,delivered,2024-01-29 10:22:00,2024-01-30 08:22:00,2024-02-01 10:22:00,2024-02-22 10:22:00,2024-02-13 10:22:00
ORD_000774,CUST_000615,delivered,2024-08-10 13:59:00,2024-08-10 23:59:00,2024-08-11 13:59:00,2024-08-21 13:59:00,2024-08-20 13:59:00
ORD_000775,CUST_000326,processing,2024-03-02 07:47:00,2024-03-02 14:47:00,2024-03-04 07:47:00,2024-03-12 07:47:00,2024-03-18 07:47:00
ORD_000776,CUST_000344,delivered,2024-11-30 19:59:00,2024-12-01 06:59:00,2024-12-03 19:59:00,2024-12-11 19:59:00,2024-12-14 19:59:00
ORD_000777,CUST_000175,cancelled,2024-01-06 20:49:00,2024-01-07 19:49:00,2024-01-07 20:49:00,2024-01-14 20:49:00,2024-01-22 20:49:00
ORD_000778,CUST_000983,delivered,2024-11-19 12:03:00,2024-11-20 05:03:00,2024-11-22 12:03:00,2024-11-29 12:03:00,2024-12-02 12:03:00
ORD_000779,CUST_000586,shipped,2024-06-05 16:02:00,2024-06-06 10:02:00,2024-06-06 16:02:00,2024-06-17 16:02:00,2024-06-15 16:02:00
ORD_000780,CUST_000441,delivered,2024-06-12 17:36:00,2024-06-13 17:36:00,2024-06-15 17:36:00,2024-06-26 17:36:00,2024-07-02 17:36:00
ORD_000781,CUST_000248,processing,2024-03-17 10:32:00,2024-03-17 19:32:00,2024-03-20 10:32:00,2024-03-26 10:32:00,2024-03-27 10:32:00
ORD_000782,CUST_000570,cancelled,2024-12-23 07:09:00,2024-12-23 10:09:00,2024-12-25 07:09:00,2025-01-10 07:09:00,2025-01-07 07:09:00
ORD_000783,CUST_000997,delivered,2024-01-26 21:46:00,2024-01-27 14:46:00,2024-01-27 21:46:00,2024-02-12 21:46:00,2024-02-14 21:46:00
ORD_000784,CUST_000401,delivered,2024-07-20 14:48:00,2024-07-20 21:48:00,2024-07-22 14:48:00,2024-08-12 14:48:00,2024-08-02 14:48:00
ORD_000785,CUST_000198,delivered,2024-10-31 18:32:00,2024-11-01 03:32:00,2024-11-02 18:32:00,2024-11-22 18:32:00,2024-11-17 18:32:00
ORD_000786,CUST_000632,delivered,2024-02-16 07:27:00,2024-02-16 14:27:00,2024-02-19 07:27:00,2024-02-22 07:27:00,2024-03-04 07:27:00
ORD_000787,CUST_000660,cancelled,2024-05-28 12:09:00,2024-05-29 03:09:00,2024-05-29 12:09:00,2024-06-15 12:09:00,2024-06-14 12:09:00
ORD_000788,CUST_000403,processing,2024-03-08 10:05:00,2024-03-08 19:05:00,2024-03-10 10:05:00,2024-04-01 10:05:00,2024-03-23 10:05:00
ORD_000789,CUST_000849,delivered,2024-08-31 18:47:00,2024-08-31 20:47:00,2024-09-02 18:47:00,2024-09-05 18:47:00,2024-09-16 18:47:00
ORD_000790,CUST_000053,shipped,2024-01-26 17:25:00,2024-01-26 21:25:00,2024-01-27 17:25:00,2024-02-17 17:25:00,2024-02-14 17:25:00
ORD_000791,CUST_000821,shipped,2024-05-14 02:25:00,2024-05-14 19:25:00,2024-05-15 02:25:00,2024-06-03 02:25:00,2024-05-25 02:25:00
ORD_000792,CUST_000955,delivered,2024-09-13 13:49:00,2024-09-14 11:49:00,2024-09-15 13:49:00,2024-09-22 13:49:00,2024-10-02 13:49:00
ORD_000793,CUST_000592,delivered,2024-12-23 04:48:00,2024-12-24 01:48:00,2024-12-24 04:48:00,2025-01-09 04:48:00,2025-01-10 04:48:00
ORD_000794,CUST_000440,processing,2024-03-10 15:35:00,2024-03-10 21:35:00,2024-03-11 15:35:00,2024-04-04 15:35:00,2024-03-23 15:35:00
ORD_000795,CUST_000132,delivered,2024-04-11 15:25:00,2024-04-12 07:25:00,2024-04-14 15:25:00,2024-04-19 15:25:00,2024-04-23 15:25:00
ORD_000796,CUST_000962,delivered,2024-11-29 18:12:00,2024-11-29 23:12:00,2024-12-02 18:12:00,2024-12-18 18:12:00,2024-12-10 18:12:00
ORD_000797,CUST_000652,delivered,2024-10-14 19:47:00,2024-10-15 10:47:00,2024-10-16 19:47:00,2024-11-01 19:47:00,2024-11-03 19:47:00
ORD_000798,CUST_000400,shipped,2024-09-25 07:15:00,2024-09-26 02:15:00,2024-09-26 07:15:00,2024-09-30 07:15:00,2024-10-05 07:15:00
ORD_000799,CUST_000746,cancelled,2024-02-06 08:49:00,2024-02-06 19:49:00,2024-02-08 08:49:00,2024-03-02 08:49:00,2024-02-26 08:49:00
ORD_000800,CUST_000178,delivered,2024-08-08 10:43:00,2024-08-08 22:43:00,2024-08-10 10:43:00,2024-08-27 10:43:00,2024-08-20 10:43:00
ORD_000801,CUST_000413,cancelled,2024-10-21 02:07:00,2024-10-21 21:07:00,2024-10-22 02:07:00,2024-10-31 02:07:00,2024-11-09 02:07:00
ORD_000802,CUST_000926,delivered,2024-12-09 13:27:00,2024-12-10 02:27:00,2024-12-11 13:27:00,2024-12-20 13:27:00,2024-12-20 13:27:00
ORD_000803,CUST_000326,delivered,2024-07-06 11:12:00,2024-07-07 09:12:00,2024-07-09 11:12:00,2024-07-20 11:12:00,2024-07-22 11:12:00
ORD_000804,CUST_000530,shipped,2024-06-13 11:38:00,2024-06-14 06:38:00,2024-06-15 11:38:00,2024-07-05 11:38:00,2024-07-03 11:38:00
ORD_000805,CUST_000163,delivered,2024-12-01 00:49:00,2024-12-01 02:49:00,2024-12-04 00:49:00,2024-12-13 00:49:00,2024-12-21 00:49:00
ORD_000806,CUST_000448,processing,2024-06-05 05:22:00,2024-06-05 16:22:00,2024-06-06 05:22:00,2024-06-26 05:22:00,2024-06-16 05:22:00
ORD_000807,CUST_000237,delivered,2024-11-11 14:39:00,2024-11-12 13:39:00,2024-11-14 14:39:00,2024-12-05 14:39:00,2024-11-28 14:39:00
ORD_000808,CUST_000102,cancelled,2024-03-15 14:02:00,2024-03-15 18:02:00,2024-03-17 14:02:00,2024-03-27 14:02:00,2024-03-29 14:02:00
ORD_000809,CUST_000728,delivered,2024-04-29 06:43:00,2024-04-30 03:43:00,2024-05-01 06:43:00,2024-05-14 06:43:00,2024-05-15 06:43:00
ORD_000810,CUST_000821,delivered,2024-07-10 04:48:00,2024-07-10 16:48:00,2024-07-11 04:48:00,2024-08-03 04:48:00,2024-07-29 04:48:00
ORD_000811,CUST_000130,delivered,2024-02-13 03:47:00,2024-02-13 04:47:00,2024-02-15 03:47:00,2024-02-29 03:47:00,2024-02-23 03:47:00
ORD_000812,CUST_000517,delivered,2024-01-28 07:39:00,2024-01-28 13:39:00,2024-01-30 07:39:00,2024-02-22 07:39:00,2024-02-09 07:39:00
ORD_000813,CUST_000122,processing,2024-03-16 09:00:00,2024-03-16 23:00:00,2024-03-18 09:00:00,2024-03-28 09:00:00,2024-04-04 09:00:00
ORD_000814,CUST_000647,shipped,2024-06-24 22:51:00,2024-06-25 14:51:00,2024-06-25 22:51:00,2024-07-15 22:51:00,2024-07-12 22:51:00
ORD_000815,CUST_000591,processing,2024-02-26 09:28:00,2024-02-26 20:28:00,2024-02-29 09:28:00,2024-03-06 09:28:00,2024-03-10 09:28:00
ORD_000816,CUST_000804,delivered,2024-08-29 00:21:00,2024-08-29 11:21:00,2024-09-01 00:21:00,2024-09-20 00:21:00,2024-09-09 00:21:00
ORD_000817,CUST_000402,delivered,2024-04-17 23:34:00,2024-04-18 20:34:00,2024-04-19 23:34:00,2024-04-22 23:34:00,2024-04-27 23:34:00
ORD_000818,CUST_000864,shipped,2024-04-18 06:34:00,2024-04-18 10:34:00,2024-04-20 06:34:00,2024-05-02 06:34:00,2024-05-02 06:34:00
ORD_000819,CUST_000781,shipped,2024-09-24 08:35:00,2024-09-24 14:35:00,2024-09-25 08:35:00,2024-09-29 08:35:00,2024-10-07 08:35:00
ORD_000820,CUST_000643,shipped,2024-09-04 19:46:00,2024-09-05 07:46:00,2024-09-07 19:46:00,2024-09-20 19:46:00,2024-09-22 19:46:00
ORD_000821,CUST_000939,cancelled,2024-03-13 22:44:00,2024-03-14 08:44:00,2024-03-14 22:44:00,2024-03-31 22:44:00,2024-03-27 22:44:00
ORD_000822,CUST_000267,shipped,2024-12-08 00:24:00,2024-12-08 06:24:00,2024-12-10 00:24:00,2024-12-16 00:24:00,2024-12-19 00:24:00
ORD_000823,CUST_000858,processing,2024-10-25 21:33:00,2024-10-26 12:33:00,2024-10-26 21:33:00,2024-11-03 21:33:00,2024-11-13 21:33:00
ORD_000824,CUST_000567,shipped,2024-01-23 08:10:00,2024-01-24 02:10:00,2024-01-24 08:10:00,2024-02-15 08:10:00,2024-02-08 08:10:00
ORD_000825,CUST_000163,delivered,2024-01-31 09:12:00,2024-01-31 15:12:00,2024-02-01 09:12:00,2024-02-24 09:12:00,2024-02-16 09:12:00
ORD_000826,CUST_000972,delivered,2024-12-22 19:17:00,2024-12-22 20:17:00,2024-12-24 19:17:00,2025-01-09 19:17:00,2025-01-03 19:17:00
ORD_000827,CUST_000331,shipped,2024-01-28 14:41:00,2024-01-29 05:41:00,2024-01-31 14:41:00,2024-02-12 14:41:00,2024-02-09 14:41:00
ORD_000828,CUST_000209,delivered,2024-01-05 02:24:00,2024-01-05 22:24:00,2024-01-07 02:24:00,2024-01-10 02:24:00,2024-01-24 02:24:00
ORD_000829,CUST_000096,delivered,2024-12-04 08:42:00,2024-12-04 23:42:00,2024-12-06 08:42:00,2024-12-26 08:42:00,2024-12-15 08:42:00
ORD_000830,CUST_000096,delivered,2024-12-03 11:55:00,2024-12-04 06:55:00,2024-12-04 11:55:00,2024-12-12 11:55:00,2024-12-16 11:55:00
ORD_000831,CUST_000027,delivered,2024-02-25 00:18:00,2024-02-25 19:18:00,2024-02-27 00:18:00,2024-03-13 00:18:00,2024-03-07 00:18:00
ORD_000832,CUST_000448,delivered,2024-11-28 12:14:00,2024-11-29 11:14:00,2024-12-01 12:14:00,2024-12-21 12:14:00,2024-12-14 12:14:00
ORD_000833,CUST_000012,delivered,2024-07-13 16:45:00,2024-07-14 06:45:00,2024-07-15 16:45:00,2024-07-29 16:45:00,2024-07-30 16:45:00
ORD_000834,CUST_000644,cancelled,2024-02-20 10:31:00,2024-02-21 10:31:00,2024-02-23 10:31:00,2024-03-13 10:31:00,2024-03-01 10:31:00
ORD_000835,CUST_000789,delivered,2024-11-01 17:05:00,2024-11-02 06:05:00,2024-11-02 17:05:00,2024-11-10 17:05:00,2024-11-19 17:05:00
ORD_000836,CUST_000608,delivered,2024-04-05 06:32:00,2024-04-05 22:32:00,2024-04-08 06:32:00,2024-04-23 06:32:00,2024-04-15 06:32:00
ORD_000837,CUST_000157,processing,2024-08-22 17:59:00,2024-08-23 01:59:00,2024-08-24 17:59:00,2024-09-04 17:59:00,2024-09-06 17:59:00
ORD_000838,CUST_000029,cancelled,2024-12-30 00:02:00,2024-12-30 09:02:00,2025-01-02 00:02:00,2025-01-06 00:02:00,2025-01-15 00:02:00
ORD_000839,CUST_000633,cancelled,2024-05-06 16:19:00,2024-05-07 16:19:00,2024-05-08 16:19:00,2024-05-28 16:19:00,2024-05-24 16:19:00
ORD_000840,CUST_000725,delivered,2024-06-19 15:25:00,2024-06-20 03:25:00,2024-06-21 15:25:00,2024-07-06 15:25:00,2024-07-04 15:25:00
ORD_000841,CUST_000557,shipped,2024-03-21 00:22:00,2024-03-21 20:22:00,2024-03-22 00:22:00,2024-04-13 00:22:00,2024-04-06 00:22:00
ORD_000842,CUST_000943,processing,2024-12-16 11:22:00,2024-12-16 22:22:00,2024-12-18 11:22:00,2025-01-02 11:22:00,2025-01-01 11:22:00
ORD_000843,CUST_000996,processing,2024-11-16 09:15:00,2024-11-17 01:15:00,2024-11-19 09:15:00,2024-12-02 09:15:00,2024-12-03 09:15:00
ORD_000844,CUST_000081,delivered,2024-09-13 08:51:00,2024-09-14 06:51:00,2024-09-14 08:51:00,2024-10-01 08:51:00,2024-09-23 08:51:00
ORD_000845,CUST_000586,cancelled,2024-02-01 20:16:00,2024-02-02 09:16:00,2024-02-04 20:16:00,2024-02-26 20:16:00,2024-02-17 20:16:00
ORD_000846,CUST_000392,delivered,2024-07-17 00:35:00,2024-07-17 10:35:00,2024-07-19 00:35:00,2024-07-24 00:35:00,2024-07-30 00:35:00
ORD_000847,CUST_000026,delivered,2024-05-23 07:09:00,2024-05-23 09:09:00,2024-05-25 07:09:00,2024-06-03 07:09:00,2024-06-08 07:09:00
ORD_000848,CUST_000761,delivered,2024-06-23 12:42:00,2024-06-23 20:42:00,2024-06-26 12:42:00,2024-06-28 12:42:00,2024-07-05 12:42:00
ORD_000849,CUST_000752,delivered,2024-03-11 02:46:00,2024-03-11 19:46:00,2024-03-14 02:46:00,2024-04-02 02:46:00,2024-03-22 02:46:00
ORD_000850,CUST_000134,processing,2024-07-14 16:43:00,2024-07-14 20:43:00,2024-07-15 16:43:00,2024-08-03 16:43:00,2024-08-02 16:43:00
ORD_000851,CUST_000465,delivered,2024-11-09 20:43:00,2024-11-10 10:43:00,2024-11-12 20:43:00,2024-11-27 20:43:00,2024-11-27 20:43:00
ORD_000852,CUST_000650,delivered,2024-04-26 13:15:00,2024-04-27 03:15:00,2024-04-27 13:15:00,2024-05-04 13:15:00,2024-05-12 13:15:00
ORD_000853,CUST_000647,shipped,2024-10-20 04:27:00,2024-10-20 13:27:00,2024-10-23 04:27:00,2024-10-29 04:27:00,2024-11-04 04:27:00
ORD_000854,CUST_000797,delivered,2024-06-08 19:21:00,2024-06-09 14:21:00,2024-06-11 19:21:00,2024-06-19 19:21:00,2024-06-23 19:21:00
ORD_000855,CUST_000367,delivered,2024-08-17 17:08:00,2024-08-18 06:08:00,2024-08-20 17:08:00,2024-09-07 17:08:00,2024-08-27 17:08:00
ORD_000856,CUST_000192,delivered,2024-04-15 20:08:00,2024-04-16 15:08:00,2024-04-16 20:08:00,2024-04-30 20:08:00,2024-04-29 20:08:00
ORD_000857,CUST_000246,delivered,2024-10-24 17:43:00,2024-10-24 18:43:00,2024-10-26 17:43:00,2024-11-16 17:43:00,2024-11-12 17:43:00
ORD_000858,CUST_000669,delivered,2024-04-13 04:19:00,2024-04-13 10:19:00,2024-04-14 04:19:00,2024-04-28 04:19:00,2024-04-27 04:19:00
ORD_000859,CUST_000920,delivered,2024-12-18 22:57:00,2024-12-19 15:57:00,2024-12-19 22:57:00,2024-12-26 22:57:00,2025-01-01 22:57:00
ORD_000860,CUST_000228,delivered,2024-09-25 04:27:00,2024-09-25 10:27:00,2024-09-26 04:27:00,2024-10-08 04:27:00,2024-10-09 04:27:00
ORD_000861,CUST_000305,delivered,2024-03-15 20:59:00,2024-03-16 06:59:00,2024-03-16 20:59:00,2024-03-26 20:59:00,2024-04-04 20:59:00
ORD_000862,CUST_000199,delivered,2024-10-16 05:20:00,2024-10-17 01:20:00,2024-10-17 05:20:00,2024-10-29 05:20:00,2024-10-26 05:20:00
ORD_000863,CUST_000549,shipped,2024-02-04 17:34:00,2024-02-05 16:34:00,2024-02-07 17:34:00,2024-02-21 17:34:00,2024-02-21 17:34:00
ORD_000864,CUST_000861,delivered,2024-03-01 05:20:00,2024-03-01 22:20:00,2024-03-02 05:20:00,2024-03-23 05:20:00,2024-03-17 05:20:00
ORD_000865,CUST_000252,delivered,2024-03-15 23:01:00,2024-03-16 06:01:00,2024-03-18 23:01:00,2024-03-24 23:01:00,2024-03-31 23:01:00
ORD_000866,CUST_000744,delivered,2024-06-12 13:26:00,2024-06-13 08:26:00,2024-06-13 13:26:00,2024-06-24 13:26:00,2024-06-25 13:26:00
ORD_000867,CUST_000799,processing,2024-06-04 14:47:00,2024-06-04 19:47:00,2024-06-05 14:47:00,2024-06-27 14:47:00,2024-06-24 14:47:00
ORD_000868,CUST_000827,cancelled,2024-11-22 23:17:00,2024-11-23 04:17:00,2024-11-24 23:17:00,2024-12-06 23:17:00,2024-12-06 23:17:00
ORD_000869,CUST_000805,delivered,2024-03-18 06:06:00,2024-03-19 04:06:00,2024-03-20 06:06:00,2024-04-08 06:06:00,2024-04-06 06:06:00
ORD_000870,CUST_000388,delivered,2024-03-08 05:01:00,2024-03-08 16:01:00,2024-03-10 05:01:00,2024-03-21 05:01:00,2024-03-21 05:01:00
ORD_000871,CUST_000789,delivered,2024-11-09 19:17:00,2024-11-09 21:17:00,2024-11-10 19:17:00,2024-12-04 19:17:00,2024-11-22 19:17:00
ORD_000872,CUST_000267,shipped,2024-11-06 18:39:00,2024-11-06 21:39:00,2024-11-08 18:39:00,2024-11-12 18:39:00,2024-11-25 18:39:00
ORD_000873,CUST_000676,delivered,2024-04-28 19:14:00,2024-04-29 05:14:00,2024-04-30 19:14:00,2024-05-03 19:14:00,2024-05-14 19:14:00
ORD_000874,CUST_000053,shipped,2024-04-28 21:01:00,2024-04-29 02:01:00,2024-04-29 21:01:00,2024-05-08 21:01:00,2024-05-13 21:01:00
ORD_000875,CUST_000282,delivered,2024-07-02 02:44:00,2024-07-02 14:44:00,2024-07-04 02:44:00,2024-07-22 02:44:00,2024-07-12 02:44:00
ORD_000876,CUST_000085,shipped,2024-09-01 04:32:00,2024-09-01 19:32:00,2024-09-03 04:32:00,2024-09-13 04:32:00,2024-09-15 04:32:00
ORD_000877,CUST_000958,shipped,2024-11-05 15:45:00,2024-11-06 04:45:00,2024-11-08 15:45:00,2024-11-10 15:45:00,2024-11-25 15:45:00
ORD_000878,CUST_000148,processing,2024-11-28 11:11:00,2024-11-28 17:11:00,2024-11-29 11:11:00,2024-12-03 11:11:00,2024-12-17 11:11:00
ORD_000879,CUST_000643,delivered,2024-07-17 15:30:00,2024-07-18 06:30:00,2024-07-20 15:30:00,2024-08-07 15:30:00,2024-08-02 15:30:00
ORD_000880,CUST_000024,shipped,2024-03-11 05:12:00,2024-03-11 06:12:00,2024-03-13 05:12:00,2024-03-29 05:12:00,2024-03-23 05:12:00
ORD_000881,CUST_000654,processing,2024-04-25 01:26:00,2024-04-25 23:26:00,2024-04-28 01:26:00,2024-05-19 01:26:00,2024-05-12 01:26:00
ORD_000882,CUST_000594,delivered,2024-01-08 08:26:00,2024-01-08 13:26:00,2024-01-10 08:26:00,2024-01-25 08:26:00,2024-01-21 08:26:00
ORD_000883,CUST_000888,delivered,2024-04-23 23:42:00,2024-04-24 06:42:00,2024-04-26 23:42:00,2024-05-10 23:42:00,2024-05-05 23:42:00
ORD_000884,CUST_000106,shipped,2024-04-13 06:04:00,2024-04-13 12:04:00,2024-04-14 06:04:00,2024-04-20 06:04:00,2024-04-25 06:04:00
ORD_000885,CUST_000114,cancelled,2024-03-31 14:55:00,2024-04-01 00:55:00,2024-04-03 14:55:00,2024-04-06 14:55:00,2024-04-16 14:55:00
ORD_000886,CUST_000471,delivered,2024-11-11 15:44:00,2024-11-12 01:44:00,2024-11-12 15:44:00,2024-11-19 15:44:00,2024-11-23 15:44:00
ORD_000887,CUST_000950,delivered,2024-06-15 14:56:00,2024-06-15 17:56:00,2024-06-16 14:56:00,2024-07-02 14:56:00,2024-07-01 14:56:00
ORD_000888,CUST_000611,delivered,2024-05-06 13:25:00,2024-05-06 19:25:00,2024-05-08 13:25:00,2024-05-27 13:25:00,2024-05-17 13:25:00
ORD_000889,CUST_000126,processing,2024-01-22 19:47:00,2024-01-23 03:47:00,2024-01-23 19:47:00,2024-02-02 19:47:00,2024-02-02 19:47:00
ORD_000890,CUST_000110,delivered,2024-07-13 23:20:00,2024-07-14 06:20:00,2024-07-14 23:20:00,2024-07-20 23:20:00,2024-07-27 23:20:00
ORD_000891,CUST_000146,delivered,2024-07-20 19:47:00,2024-07-21 09:47:00,2024-07-22 19:47:00,2024-07-27 19:47:00,2024-08-01 19:47:00
ORD_000892,CUST_000290,shipped,2024-10-19 19:34:00,2024-10-19 22:34:00,2024-10-20 19:34:00,2024-10-30 19:34:00,2024-11-02 19:34:00
ORD_000893,CUST_000269,shipped,2024-09-25 20:56:00,2024-09-26 20:56:00,2024-09-26 20:56:00,2024-10-19 20:56:00,2024-10-08 20:56:00
ORD_000894,CUST_000917,cancelled,2024-12-26 01:33:00,2024-12-26 09:33:00,2024-12-27 01:33:00,2025-01-10 01:33:00,2025-01-11 01:33:00
ORD_000895,CUST_000185,delivered,2024-02-25 14:29:00,2024-02-25 19:29:00,2024-02-28 14:29:00,2024-03-01 14:29:00,2024-03-16 14:29:00
ORD_000896,CUST_000096,processing,2024-01-22 07:33:00,2024-01-23 05:33:00,2024-01-25 07:33:00,2024-01-28 07:33:00,2024-02-03 07:33:00
ORD_000897,CUST_000080,delivered,2024-10-02 12:47:00,2024-10-03 06:47:00,2024-10-05 12:47:00,2024-10-09 12:47:00,2024-10-17 12:47:00
ORD_000898,CUST_000507,delivered,2024-01-21 17:24:00,2024-01-22 05:24:00,2024-01-22 17:24:00,2024-02-07 17:24:00,2024-02-10 17:24:00
ORD_000899,CUST_000865,cancelled,2024-09-21 20:03:00,2024-09-21 21:03:00,2024-09-22 20:03:00,2024-10-12 20:03:00,2024-10-09 20:03:00
ORD_000900,CUST_000371,delivered,2024-04-07 09:28:00,2024-04-08 01:28:00,2024-04-10 09:28:00,2024-04-13 09:28:00,2024-04-22 09:28:00
ORD_000901,CUST_000935,delivered,2024-07-22 09:49:00,2024-07-22 15:49:00,2024-07-25 09:49:00,2024-08-15 09:49:00,2024-08-05 09:49:00
ORD_000902,CUST_000859,shipped,2024-05-26 14:10:00,2024-05-27 02:10:00,2024-05-27 14:10:00,2024-06-20 14:10:00,2024-06-15 14:10:00
ORD_000903,CUST_000213,delivered,2024-08-04 09:39:00,2024-08-04 13:39:00,2024-08-06 09:39:00,2024-08-17 09:39:00,2024-08-16 09:39:00
ORD_000904,CUST_000401,cancelled,2024-01-28 22:33:00,2024-01-29 14:33:00,2024-01-29 22:33:00,2024-02-04 22:33:00,2024-02-08 22:33:00
ORD_000905,CUST_000104,delivered,2024-03-13 14:53:00,2024-03-14 08:53:00,2024-03-14 14:53:00,2024-03-27 14:53:00,2024-04-02 14:53:00
ORD_000906,CUST_000503,processing,2024-11-26 14:05:00,2024-11-27 12:05:00,2024-11-27 14:05:00,2024-12-21 14:05:00,2024-12-14 14:05:00
ORD_000907,CUST_000815,delivered,2024-09-13 03:11:00,2024-09-13 16:11:00,2024-09-14 03:11:00,2024-10-07 03:11:00,2024-10-01 03:11:00
ORD_000908,CUST_000023,delivered,2024-10-26 22:34:00,2024-10-27 21:34:00,2024-10-27 22:34:00,2024-11-02 22:34:00,2024-11-15 22:34:00
ORD_000909,CUST_000424,delivered,2024-03-10 12:26:00,2024-03-10 19:26:00,2024-03-11 12:26:00,2024-03-25 12:26:00,2024-03-20 12:26:00
ORD_000910,CUST_000076,shipped,2024-06-14 14:01:00,2024-06-15 06:01:00,2024-06-17 14:01:00,2024-06-20 14:01:00,2024-07-02 14:01:00
ORD_000911,CUST_000499,delivered,2024-04-01 14:37:00,2024-04-02 12:37:00,2024-04-03 14:37:00,2024-04-20 14:37:00,2024-04-18 14:37:00
ORD_000912,CUST_000983,delivered,2024-12-30 06:56:00,2024-12-30 19:56:00,2025-01-01 06:56:00,2025-01-17 06:56:00,2025-01-18 06:56:00
ORD_000913,CUST_000641,delivered,2024-08-20 02:16:00,2024-08-20 17:16:00,2024-08-22 02:16:00,2024-08-30 02:16:00,2024-09-09 02:16:00
ORD_000914,CUST_000079,delivered,2024-06-14 22:41:00,2024-06-15 21:41:00,2024-06-17 22:41:00,2024-07-09 22:41:00,2024-07-03 22:41:00
ORD_000915,CUST_000216,cancelled,2024-12-30 05:45:00,2024-12-30 13:45:00,2025-01-02 05:45:00,2025-01-20 05:45:00,2025-01-10 05:45:00
ORD_000916,CUST_000704,delivered,2024-03-04 02:07:00,2024-03-04 06:07:00,2024-03-06 02:07:00,2024-03-15 02:07:00,2024-03-23 02:07:00
ORD_000917,CUST_000430,shipped,2024-12-27 14:40:00,2024-12-28 03:40:00,2024-12-28 14:40:00,2025-01-19 14:40:00,2025-01-12 14:40:00
ORD_000918,CUST_000385,cancelled,2024-07-04 02:33:00,2024-07-04 07:33:00,2024-07-07 02:33:00,2024-07-23 02:33:00,2024-07-16 02:33:00
ORD_000919,CUST_000912,processing,2024-12-28 12:46:00,2024-12-28 23:46:00,2024-12-30 12:46:00,2025-01-22 12:46:00,2025-01-17 12:46:00
ORD_000920,CUST_000322,delivered,2024-09-18 19:10:00,2024-09-19 00:10:00,2024-09-20 19:10:00,2024-10-06 19:10:00,2024-10-01 19:10:00
ORD_000921,CUST_000649,delivered,2024-07-12 17:24:00,2024-07-13 06:24:00,2024-07-13 17:24:00,2024-08-06 17:24:00,2024-07-26 17:24:00
ORD_000922,CUST_000931,shipped,2024-01-23 05:58:00,2024-01-23 16:58:00,2024-01-26 05:58:00,2024-02-01 05:58:00,2024-02-03 05:58:00
ORD_000923,CUST_000462,cancelled,2024-06-20 18:55:00,2024-06-21 04:55:00,2024-06-23 18:55:00,2024-06-26 18:55:00,2024-07-10 18:55:00
ORD_000924,CUST_000828,shipped,2024-12-03 04:10:00,2024-12-04 02:10:00,2024-12-06 04:10:00,2024-12-19 04:10:00,2024-12-22 04:10:00
ORD_000925,CUST_000165,processing,2024-03-15 05:49:00,2024-03-16 05:49:00,2024-03-17 05:49:00,2024-03-27 05:49:00,2024-04-03 05:49:00
ORD_000926,CUST_000185,delivered,2024-12-30 01:26:00,2024-12-30 15:26:00,2025-01-02 01:26:00,2025-01-24 01:26:00,2025-01-19 01:26:00
ORD_000927,CUST_000306,shipped,2024-06-06 09:46:00,2024-06-07 05:46:00,2024-06-07 09:46:00,2024-06-19 09:46:00,2024-06-22 09:46:00
ORD_000928,CUST_000011,cancelled,2024-08-16 09:40:00,2024-08-16 22:40:00,2024-08-17 09:40:00,2024-08-29 09:40:00,2024-08-30 09:40:00
ORD_000929,CUST_000926,shipped,2024-04-02 03:57:00,2024-04-02 21:57:00,2024-04-03 03:57:00,2024-04-07 03:57:00,2024-04-15 03:57:00
ORD_000930,CUST_000183,shipped,2024-03-08 06:00:00,2024-03-08 09:00:00,2024-03-11 06:00:00,2024-03-28 06:00:00,2024-03-21 06:00:00
ORD_000931,CUST_000676,shipped,2024-11-14 08:00:00,2024-11-14 20:00:00,2024-11-15 08:00:00,2024-12-03 08:00:00,2024-12-02 08:00:00
ORD_000932,CUST_000581,delivered,2024-08-22 15:54:00,2024-08-23 07:54:00,2024-08-23 15:54:00,2024-09-10 15:54:00,2024-09-06 15:54:00
ORD_000933,CUST_000647,delivered,2024-09-12 17:51:00,2024-09-13 15:51:00,2024-09-13 17:51:00,2024-10-06 17:51:00,2024-09-25 17:51:00
ORD_000934,CUST_000622,delivered,2024-01-03 19:56:00,2024-01-04 19:56:00,2024-01-06 19:56:00,2024-01-17 19:56:00,2024-01-15 19:56:00
ORD_000935,CUST_000876,delivered,2024-09-09 07:13:00,2024-09-10 02:13:00,2024-09-11 07:13:00,2024-09-26 07:13:00,2024-09-23 07:13:00
ORD_000936,CUST_000033,shipped,2024-10-28 21:30:00,2024-10-28 22:30:00,2024-10-29 21:30:00,2024-11-07 21:30:00,2024-11-14 21:30:00
ORD_000937,CUST_000121,processing,2024-08-20 13:28:00,2024-08-20 21:28:00,2024-08-22 13:28:00,2024-08-26 13:28:00,2024-09-01 13:28:00
ORD_000938,CUST_001000,delivered,2024-02-10 19:38:00,2024-02-11 15:38:00,2024-02-13 19:38:00,2024-02-29 19:38:00,2024-02-25 19:38:00
ORD_000939,CUST_000352,processing,2024-01-04 07:56:00,2024-01-04 13:56:00,2024-01-05 07:56:00,2024-01-13 07:56:00,2024-01-24 07:56:00
ORD_000940,CUST_000356,delivered,2024-10-07 08:39:00,2024-10-07 16:39:00,2024-10-10 08:39:00,2024-10-24 08:39:00,2024-10-17 08:39:00
ORD_000941,CUST_000496,delivered,2024-11-17 17:52:00,2024-11-18 05:52:00,2024-11-19 17:52:00,2024-12-05 17:52:00,2024-12-02 17:52:00
ORD_000942,CUST_000629,shipped,2024-04-16 01:11:00,2024-04-16 13:11:00,2024-04-19 01:11:00,2024-04-25 01:11:00,2024-05-04 01:11:00
ORD_000943,CUST_000615,shipped,2024-03-16 01:41:00,2024-03-16 12:41:00,2024-03-17 01:41:00,2024-04-09 01:41:00,2024-03-29 01:41:00
ORD_000944,CUST_000560,delivered,2024-06-27 01:09:00,2024-06-27 18:09:00,2024-06-29 01:09:00,2024-07-06 01:09:00,2024-07-10 01:09:00
ORD_000945,CUST_000006,processing,2024-01-17 21:36:00,2024-01-17 22:36:00,2024-01-18 21:36:00,2024-02-02 21:36:00,2024-01-30 21:36:00
ORD_000946,CUST_000163,delivered,2024-11-04 09:21:00,2024-11-05 05:21:00,2024-11-05 09:21:00,2024-11-09 09:21:00,2024-11-18 09:21:00
ORD_000947,CUST_000535,delivered,2024-02-14 01:06:00,2024-02-14 21:06:00,2024-02-17 01:06:00,2024-03-07 01:06:00,2024-02-27 01:06:00
ORD_000948,CUST_000760,delivered,2024-08-01 05:10:00,2024-08-01 18:10:00,2024-08-02 05:10:00,2024-08-08 05:10:00,2024-08-11 05:10:00
ORD_000949,CUST_000261,delivered,2024-12-10 09:39:00,2024-12-10 12:39:00,2024-12-13 09:39:00,2024-12-30 09:39:00,2024-12-23 09:39:00
ORD_000950,CUST_000949,cancelled,2024-12-04 22:44:00,2024-12-05 19:44:00,2024-12-07 22:44:00,2024-12-29 22:44:00,2024-12-15 22:44:00
ORD_000951,CUST_000125,cancelled,2024-10-31 18:50:00,2024-11-01 02:50:00,2024-11-03 18:50:00,2024-11-20 18:50:00,2024-11-11 18:50:00
ORD_000952,CUST_000198,delivered,2024-10-14 05:29:00,2024-10-14 10:29:00,2024-10-16 05:29:00,2024-10-31 05:29:00,2024-10-29 05:29:00
ORD_000953,CUST_000621,delivered,2024-10-23 11:59:00,2024-10-24 03:59:00,2024-10-25 11:59:00,2024-10-29 11:59:00,2024-11-12 11:59:00
ORD_000954,CUST_000031,delivered,2024-01-19 02:49:00,2024-01-19 09:49:00,2024-01-22 02:49:00,2024-01-29 02:49:00,2024-02-06 02:49:00
ORD_000955,CUST_000549,processing,2024-06-02 10:23:00,2024-06-02 12:23:00,2024-06-04 10:23:00,2024-06-25 10:23:00,2024-06-19 10:23:00
ORD_000956,CUST_000024,processing,2024-07-13 02:48:00,2024-07-13 09:48:00,2024-07-16 02:48:00,2024-08-06 02:48:00,2024-07-29 02:48:00
ORD_000957,CUST_000531,delivered,2024-08-06 17:04:00,2024-08-07 03:04:00,2024-08-08 17:04:00,2024-08-13 17:04:00,2024-08-16 17:04:00
ORD_000958,CUST_000525,delivered,2024-05-29 15:08:00,2024-05-30 05:08:00,2024-05-30 15:08:00,2024-06-11 15:08:00,2024-06-13 15:08:00
ORD_000959,CUST_000780,delivered,2024-03-03 22:55:00,2024-03-04 01:55:00,2024-03-04 22:55:00,2024-03-08 22:55:00,2024-03-17 22:55:00
ORD_000960,CUST_000157,delivered,2024-05-20 10:33:00,2024-05-20 21:33:00,2024-05-23 10:33:00,2024-06-06 10:33:00,2024-06-04 10:33:00
ORD_000961,CUST_000222,delivered,2024-07-30 16:13:00,2024-07-31 05:13:00,2024-08-01 16:13:00,2024-08-20 16:13:00,2024-08-16 16:13:00
ORD_000962,CUST_000888,processing,2024-12-22 06:39:00,2024-12-23 03:39:00,2024-12-24 06:39:00,2025-01-13 06:39:00,2025-01-07 06:39:00
ORD_000963,CUST_000374,delivered,2024-01-30 03:36:00,2024-01-30 09:36:00,2024-01-31 03:36:00,2024-02-12 03:36:00,2024-02-18 03:36:00
ORD_000964,CUST_000118,shipped,2024-11-18 16:05:00,2024-11-19 06:05:00,2024-11-20 16:05:00,2024-11-25 16:05:00,2024-12-08 16:05:00
ORD_000965,CUST_000921,processing,2024-09-04 23:44:00,2024-09-05 04:44:00,2024-09-06 23:44:00,2024-09-15 23:44:00,2024-09-18 23:44:00
ORD_000966,CUST_000223,processing,2024-11-05 22:18:00,2024-11-06 08:18:00,2024-11-07 22:18:00,2024-11-16 22:18:00,2024-11-22 22:18:00
ORD_000967,CUST_000031,delivered,2024-08-06 19:54:00,2024-08-07 05:54:00,2024-08-07 19:54:00,2024-08-17 19:54:00,2024-08-21 19:54:00
ORD_000968,CUST_000336,delivered,2024-06-11 08:33:00,2024-06-11 21:33:00,2024-06-14 08:33:00,2024-06-30 08:33:00,2024-06-28 08:33:00
ORD_000969,CUST_000142,delivered,2024-10-21 19:22:00,2024-10-22 17:22:00,2024-10-23 19:22:00,2024-11-02 19:22:00,2024-11-06 19:22:00
ORD_000970,CUST_000226,cancelled,2024-03-07 19:36:00,2024-03-08 11:36:00,2024-03-09 19:36:00,2024-03-14 19:36:00,2024-03-26 19:36:00
ORD_000971,CUST_000086,cancelled,2024-09-11 16:46:00,2024-09-11 18:46:00,2024-09-12 16:46:00,2024-09-20 16:46:00,2024-09-25 16:46:00
ORD_000972,CUST_000746,cancelled,2024-11-19 15:31:00,2024-11-20 00:31:00,2024-11-21 15:31:00,2024-12-04 15:31:00,2024-12-09 15:31:00
ORD_000973,CUST_000709,cancelled,2024-04-02 19:14:00,2024-04-03 09:14:00,2024-04-05 19:14:00,2024-04-18 19:14:00,2024-04-17 19:14:00
ORD_000974,CUST_000963,shipped,2024-12-28 09:12:00,2024-12-28 15:12:00,2024-12-31 09:12:00,2025-01-07 09:12:00,2025-01-10 09:12:00
ORD_000975,CUST_000130,shipped,2024-01-01 03:01:00,2024-01-01 09:01:00,2024-01-04 03:01:00,2024-01-12 03:01:00,2024-01-16 03:01:00
ORD_000976,CUST_000275,processing,2024-08-26 20:50:00,2024-08-27 09:50:00,2024-08-29 20:50:00,2024-09-11 20:50:00,2024-09-08 20:50:00
ORD_000977,CUST_000281,delivered,2024-03-01 23:54:00,2024-03-02 21:54:00,2024-03-03 23:54:00,2024-03-18 23:54:00,2024-03-17 23:54:00
ORD_000978,CUST_000494,delivered,2024-04-16 19:26:00,2024-04-17 12:26:00,2024-04-17 19:26:00,2024-04-24 19:26:00,2024-05-01 19:26:00
ORD_000979,CUST_000205,delivered,2024-07-30 01:21:00,2024-07-30 05:21:00,2024-07-31 01:21:00,2024-08-18 01:21:00,2024-08-18 01:21:00
ORD_000980,CUST_000977,cancelled,2024-06-28 17:51:00,2024-06-29 08:51:00,2024-06-29 17:51:00,2024-07-20 17:51:00,2024-07-15 17:51:00
ORD_000981,CUST_000095,processing,2024-11-22 06:00:00,2024-11-22 09:00:00,2024-11-23 06:00:00,2024-11-29 06:00:00,2024-12-06 06:00:00
ORD_000982,CUST_000357,delivered,2024-11-23 06:44:00,2024-11-23 18:44:00,2024-11-25 06:44:00,2024-12-12 06:44:00,2024-12-09 06:44:00
ORD_000983,CUST_000726,delivered,2024-05-24 08:50:00,2024-05-25 06:50:00,2024-05-25 08:50:00,2024-05-29 08:50:00,2024-06-09 08:50:00
ORD_000984,CUST_000565,processing,2024-02-04 09:19:00,2024-02-05 09:19:00,2024-02-07 09:19:00,2024-02-15 09:19:00,2024-02-23 09:19:00
ORD_000985,CUST_000668,delivered,2024-09-16 17:20:00,2024-09-16 21:20:00,2024-09-17 17:20:00,2024-09-26 17:20:00,2024-10-04 17:20:00
ORD_000986,CUST_000302,delivered,2024-01-04 03:43:00,2024-01-05 00:43:00,2024-01-05 03:43:00,2024-01-12 03:43:00,2024-01-20 03:43:00
ORD_000987,CUST_000479,delivered,2024-06-19 10:25:00,2024-06-19 23:25:00,2024-06-22 10:25:00,2024-06-26 10:25:00,2024-06-30 10:25:00
ORD_000988,CUST_000764,processing,2024-10-18 19:01:00,2024-10-18 20:01:00,2024-10-21 19:01:00,2024-11-11 19:01:00,2024-11-03 19:01:00
ORD_000989,CUST_000829,cancelled,2024-03-30 06:21:00,2024-03-30 12:21:00,2024-04-02 06:21:00,2024-04-09 06:21:00,2024-04-12 06:21:00
ORD_000990,CUST_000508,delivered,2024-06-22 21:30:00,2024-06-23 08:30:00,2024-06-24 21:30:00,2024-06-27 21:30:00,2024-07-06 21:30:00
ORD_000991,CUST_000447,delivered,2024-08-30 01:41:00,2024-08-30 06:41:00,2024-09-02 01:41:00,2024-09-16 01:41:00,2024-09-11 01:41:00
ORD_000992,CUST_000525,cancelled,2024-03-10 15:09:00,2024-03-11 10:09:00,2024-03-13 15:09:00,2024-03-18 15:09:00,2024-03-21 15:09:00
ORD_000993,CUST_000970,delivered,2024-11-17 14:57:00,2024-11-18 07:57:00,2024-11-18 14:57:00,2024-11-29 14:57:00,2024-11-29 14:57:00
ORD_000994,CUST_000410,delivered,2024-10-01 10:29:00,2024-10-01 23:29:00,2024-10-04 10:29:00,2024-10-19 10:29:00,2024-10-16 10:29:00
ORD_000995,CUST_000945,delivered,2024-07-30 23:03:00,2024-07-31 21:03:00,2024-08-01 23:03:00,2024-08-11 23:03:00,2024-08-13 23:03:00
ORD_000996,CUST_000198,processing,2024-09-23 09:36:00,2024-09-24 00:36:00,2024-09-25 09:36:00,2024-10-14 09:36:00,2024-10-08 09:36:00
ORD_000997,CUST_000257,delivered,2024-12-13 10:35:00,2024-12-13 11:35:00,2024-12-15 10:35:00,2024-12-28 10:35:00,2024-12-23 10:35:00
ORD_000998,CUST_000178,cancelled,2024-10-01 00:13:00,2024-10-01 16:13:00,2024-10-02 00:13:00,2024-10-10 00:13:00,2024-10-19 00:13:00
ORD_000999,CUST_000203,delivered,2024-10-22 21:21:00,2024-10-23 18:21:00,2024-10-25 21:21:00,2024-11-10 21:21:00,2024-11-01 21:21:00
ORD_001000,CUST_000704,processing,2024-06-30 02:09:00,2024-07-01 00:09:00,2024-07-03 02:09:00,2024-07-20 02:09:00,2024-07-19 02:09:00
ORD_001001,CUST_000867,cancelled,2024-05-23 00:21:00,2024-05-23 13:21:00,2024-05-24 00:21:00,2024-06-14 00:21:00,2024-06-07 00:21:00
ORD_001002,CUST_000909,delivered,2024-07-11 20:34:00,2024-07-12 10:34:00,2024-07-14 20:34:00,2024-08-03 20:34:00,2024-07-30 20:34:00
ORD_001003,CUST_000735,delivered,2024-03-25 18:38:00,2024-03-25 20:38:00,2024-03-27 18:38:00,2024-04-10 18:38:00,2024-04-08 18:38:00
ORD_001004,CUST_000288,delivered,2024-07-18 05:38:00,2024-07-18 15:38:00,2024-07-19 05:38:00,2024-08-04 05:38:00,2024-08-05 05:38:00
ORD_001005,CUST_000985,shipped,2024-02-29 09:45:00,2024-02-29 23:45:00,2024-03-03 09:45:00,2024-03-08 09:45:00,2024-03-11 09:45:00
ORD_001006,CUST_000403,shipped,2024-06-10 22:02:00,2024-06-11 07:02:00,2024-06-11 22:02:00,2024-06-21 22:02:00,2024-06-25 22:02:00
ORD_001007,CUST_000106,delivered,2024-05-19 13:05:00,2024-05-20 13:05:00,2024-05-21 13:05:00,2024-05-30 13:05:00,2024-05-31 13:05:00
ORD_001008,CUST_000598,delivered,2024-09-11 07:23:00,2024-09-12 04:23:00,2024-09-12 07:23:00,2024-09-30 07:23:00,2024-09-27 07:23:00
ORD_001009,CUST_000813,delivered,2024-08-19 09:13:00,2024-08-19 13:13:00,2024-08-20 09:13:00,2024-08-26 09:13:00,2024-09-07 09:13:00
ORD_001010,CUST_000785,delivered,2024-09-25 09:11:00,2024-09-26 05:11:00,2024-09-26 09:11:00,2024-10-17 09:11:00,2024-10-07 09:11:00
ORD_001011,CUST_000602,delivered,2024-02-27 11:50:00,2024-02-28 02:50:00,2024-02-29 11:50:00,2024-03-12 11:50:00,2024-03-13 11:50:00
ORD_001012,CUST_000320,delivered,2024-01-20 06:58:00,2024-01-20 23:58:00,2024-01-21 06:58:00,2024-02-03 06:58:00,2024-02-04 06:58:00
ORD_001013,CUST_000170,delivered,2024-02-17 14:32:00,2024-02-18 02:32:00,2024-02-19 14:32:00,2024-03-01 14:32:00,2024-03-07 14:32:00
ORD_001014,CUST_000814,shipped,2024-01-13 15:57:00,2024-01-14 07:57:00,2024-01-16 15:57:00,2024-02-05 15:57:00,2024-01-29 15:57:00
ORD_001015,CUST_000211,delivered,2024-09-13 04:12:00,2024-09-14 03:12:00,2024-09-15 04:12:00,2024-09-19 04:12:00,2024-09-29 04:12:00
ORD_001016,CUST_000977,processing,2024-06-23 15:46:00,2024-06-24 02:46:00,2024-06-26 15:46:00,2024-07-03 15:46:00,2024-07-07 15:46:00
ORD_001017,CUST_000740,shipped,2024-09-25 09:49:00,2024-09-26 03:49:00,2024-09-27 09:49:00,2024-10-18 09:49:00,2024-10-12 09:49:00
ORD_001018,CUST_000500,delivered,2024-06-16 04:49:00,2024-06-16 16:49:00,2024-06-18 04:49:00,2024-07-01 04:49:00,2024-06-28 04:49:00
ORD_001019,CUST_000444,shipped,2024-02-20 16:43:00,2024-02-20 20:43:00,2024-02-22 16:43:00,2024-02-26 16:43:00,2024-03-02 16:43:00
ORD_001020,CUST_000905,processing,2024-03-08 06:46:00,2024-03-08 12:46:00,2024-03-11 06:46:00,2024-03-17 06:46:00,2024-03-21 06:46:00
ORD_001021,CUST_000457,delivered,2024-01-19 14:24:00,2024-01-20 04:24:00,2024-01-20 14:24:00,2024-02-05 14:24:00,2024-01-29 14:24:00
ORD_001022,CUST_000434,delivered,2024-09-24 03:00:00,2024-09-24 21:00:00,2024-09-26 03:00:00,2024-10-08 03:00:00,2024-10-11 03:00:00
ORD_001023,CUST_000611,delivered,2024-06-08 01:43:00,2024-06-08 14:43:00,2024-06-10 01:43:00,2024-06-29 01:43:00,2024-06-22 01:43:00
ORD_001024,CUST_000766,delivered,2024-10-31 02:21:00,2024-11-01 00:21:00,2024-11-03 02:21:00,2024-11-06 02:21:00,2024-11-12 02:21:00
ORD_001025,CUST_000279,cancelled,2024-08-27 01:06:00,2024-08-27 04:06:00,2024-08-30 01:06:00,2024-09-04 01:06:00,2024-09-09 01:06:00
ORD_001026,CUST_000836,delivered,2024-09-23 21:47:00,2024-09-24 02:47:00,2024-09-25 21:47:00,2024-10-11 21:47:00,2024-10-08 21:47:00
ORD_001027,CUST_000327,cancelled,2024-06-08 00:36:00,2024-06-08 01:36:00,2024-06-11 00:36:00,2024-06-21 00:36:00,2024-06-27 00:36:00
ORD_001028,CUST_000638,cancelled,2024-06-08 20:57:00,2024-06-09 07:57:00,2024-06-09 20:57:00,2024-06-22 20:57:00,2024-06-19 20:57:00
ORD_001029,CUST_000111,cancelled,2024-04-17 10:12:00,2024-04-18 09:12:00,2024-04-18 10:12:00,2024-04-23 10:12:00,2024-05-01 10:12:00
ORD_001030,CUST_000622,delivered,2024-04-08 09:17:00,2024-04-09 04:17:00,2024-04-11 09:17:00,2024-04-20 09:17:00,2024-04-20 09:17:00
ORD_001031,CUST_000393,processing,2024-09-29 10:49:00,2024-09-29 19:49:00,2024-09-30 10:49:00,2024-10-18 10:49:00,2024-10-15 10:49:00
ORD_001032,CUST_000440,delivered,2024-08-13 21:07:00,2024-08-14 04:07:00,2024-08-14 21:07:00,2024-08-24 21:07:00,2024-08-24 21:07:00
ORD_001033,CUST_000205,delivered,2024-05-19 04:10:00,2024-05-19 21:10:00,2024-05-20 04:10:00,2024-06-01 04:10:00,2024-06-02 04:10:00
ORD_001034,CUST_000581,delivered,2024-05-20 03:00:00,2024-05-20 23:00:00,2024-05-23 03:00:00,2024-05-28 03:00:00,2024-05-30 03:00:00
ORD_001035,CUST_000362,delivered,2024-11-14 17:32:00,2024-11-15 17:32:00,2024-11-15 17:32:00,2024-12-01 17:32:00,2024-12-04 17:32:00
ORD_001036,CUST_000383,delivered,2024-02-22 06:34:00,2024-02-22 21:34:00,2024-02-23 06:34:00,2024-03-13 06:34:00,2024-03-07 06:34:00
ORD_001037,CUST_000920,delivered,2024-06-28 17:20:00,2024-06-29 07:20:00,2024-06-30 17:20:00,2024-07-20 17:20:00,2024-07-18 17:20:00
ORD_001038,CUST_000648,shipped,2024-05-18 04:45:00,2024-05-18 06:45:00,2024-05-19 04:45:00,2024-05-26 04:45:00,2024-06-05 04:45:00
ORD_001039,CUST_000840,delivered,2024-05-25 18:15:00,2024-05-26 09:15:00,2024-05-27 18:15:00,2024-06-03 18:15:00,2024-06-13 18:15:00
ORD_001040,CUST_000066,shipped,2024-03-28 02:19:00,2024-03-28 12:19:00,2024-03-30 02:19:00,2024-04-16 02:19:00,2024-04-10 02:19:00
ORD_001041,CUST_000461,delivered,2024-11-09 10:34:00,2024-11-09 12:34:00,2024-11-11 10:34:00,2024-11-29 10:34:00,2024-11-22 10:34:00
ORD_001042,CUST_000172,delivered,2024-08-15 01:08:00,2024-08-15 05:08:00,2024-08-18 01:08:00,2024-09-05 01:08:00,2024-08-27 01:08:00
ORD_001043,CUST_000911,delivered,2024-01-15 15:57:00,2024-01-16 07:57:00,2024-01-18 15:57:00,2024-01-25 15:57:00,2024-01-31 15:57:00
ORD_001044,CUST_000035,shipped,2024-12-11 01:06:00,2024-12-11 16:06:00,2024-12-12 01:06:00,2024-12-21 01:06:00,2024-12-22 01:06:00
ORD_001045,CUST_000982,shipped,2024-07-15 01:05:00,2024-07-15 13:05:00,2024-07-16 01:05:00,2024-07-22 01:05:00,2024-07-29 01:05:00
ORD_001046,CUST_000524,delivered,2024-08-06 12:11:00,2024-08-06 14:11:00,2024-08-07 12:11:00,2024-08-11 12:11:00,2024-08-21 12:11:00
ORD_001047,CUST_000260,delivered,2024-12-26 19:57:00,2024-12-27 15:57:00,2024-12-28 19:57:00,2025-01-05 19:57:00,2025-01-09 19:57:00
ORD_001048,CUST_000601,delivered,2024-10-30 20:53:00,2024-10-31 18:53:00,2024-10-31 20:53:00,2024-11-24 20:53:00,2024-11-12 20:53:00
ORD_001049,CUST_000420,shipped,2024-12-19 22:28:00,2024-12-20 10:28:00,2024-12-22 22:28:00,2024-12-26 22:28:00,2024-12-29 22:28:00
ORD_001050,CUST_000301,processing,2024-11-11 11:19:00,2024-11-11 20:19:00,2024-11-12 11:19:00,2024-12-01 11:19:00,2024-11-28 11:19:00
ORD_001051,CUST_000619,shipped,2024-06-19 06:45:00,2024-06-19 20:45:00,2024-06-21 06:45:00,2024-07-12 06:45:00,2024-07-08 06:45:00
ORD_001052,CUST_000847,processing,2024-12-09 17:05:00,2024-12-10 04:05:00,2024-12-12 17:05:00,2024-12-31 17:05:00,2024-12-25 17:05:00
ORD_001053,CUST_000899,delivered,2024-08-26 18:08:00,2024-08-27 16:08:00,2024-08-28 18:08:00,2024-09-05 18:08:00,2024-09-08 18:08:00
ORD_001054,CUST_000661,shipped,2024-02-17 22:29:00,2024-02-18 08:29:00,2024-02-18 22:29:00,2024-02-25 22:29:00,2024-03-08 22:29:00
ORD_001055,CUST_000974,delivered,2024-02-19 14:19:00,2024-02-19 15:19:00,2024-02-21 14:19:00,2024-03-15 14:19:00,2024-03-07 14:19:00
ORD_001056,CUST_000989,delivered,2024-12-16 20:45:00,2024-12-17 14:45:00,2024-12-18 20:45:00,2024-12-27 20:45:00,2024-12-29 20:45:00
ORD_001057,CUST_000544,delivered,2024-08-26 15:14:00,2024-08-27 00:14:00,2024-08-29 15:14:00,2024-09-08 15:14:00,2024-09-06 15:14:00
ORD_001058,CUST_000361,processing,2024-04-24 04:55:00,2024-04-24 10:55:00,2024-04-25 04:55:00,2024-05-15 04:55:00,2024-05-14 04:55:00
ORD_001059,CUST_000408,delivered,2024-11-11 08:58:00,2024-11-11 18:58:00,2024-11-13 08:58:00,2024-11-29 08:58:00,2024-11-21 08:58:00
ORD_001060,CUST_000031,delivered,2024-07-05 12:11:00,2024-07-06 00:11:00,2024-07-06 12:11:00,2024-07-15 12:11:00,2024-07-15 12:11:00
ORD_001061,CUST_000118,processing,2024-12-24 21:21:00,2024-12-25 11:21:00,2024-12-25 21:21:00,2025-01-16 21:21:00,2025-01-11 21:21:00
ORD_001062,CUST_000185,delivered,2024-06-15 14:31:00,2024-06-15 15:31:00,2024-06-17 14:31:00,2024-07-07 14:31:00,2024-07-05 14:31:00
ORD_001063,CUST_000829,shipped,2024-01-16 02:30:00,2024-01-16 17:30:00,2024-01-17 02:30:00,2024-01-31 02:30:00,2024-02-05 02:30:00
ORD_001064,CUST_000331,delivered,2024-02-27 11:30:00,2024-02-27 22:30:00,2024-02-29 11:30:00,2024-03-18 11:30:00,2024-03-09 11:30:00
ORD_001065,CUST_000440,delivered,2024-08-24 05:18:00,2024-08-24 15:18:00,2024-08-26 05:18:00,2024-09-17 05:18:00,2024-09-10 05:18:00
ORD_001066,CUST_000810,delivered,2024-06-27 19:36:00,2024-06-28 16:36:00,2024-06-28 19:36:00,2024-07-16 19:36:00,2024-07-15 19:36:00
ORD_001067,CUST_000191,delivered,2024-03-06 16:06:00,2024-03-06 18:06:00,2024-03-07 16:06:00,2024-03-18 16:06:00,2024-03-21 16:06:00
ORD_001068,CUST_000367,cancelled,2024-07-26 22:50:00,2024-07-27 18:50:00,2024-07-29 22:50:00,2024-08-13 22:50:00,2024-08-07 22:50:00
ORD_001069,CUST_000252,delivered,2024-02-24 10:35:00,2024-02-24 14:35:00,2024-02-27 10:35:00,2024-03-07 10:35:00,2024-03-07 10:35:00
ORD_001070,CUST_000075,processing,2024-11-28 02:50:00,2024-11-28 14:50:00,2024-12-01 02:50:00,2024-12-20 02:50:00,2024-12-09 02:50:00
ORD_001071,CUST_000221,cancelled,2024-06-03 17:29:00,2024-06-04 17:29:00,2024-06-04 17:29:00,2024-06-15 17:29:00,2024-06-14 17:29:00
ORD_001072,CUST_000673,processing,2024-07-24 18:26:00,2024-07-24 20:26:00,2024-07-26 18:26:00,2024-08-01 18:26:00,2024-08-08 18:26:00
ORD_001073,CUST_000381,delivered,2024-05-02 19:15:00,2024-05-03 13:15:00,2024-05-03 19:15:00,2024-05-23 19:15:00,2024-05-20 19:15:00
ORD_001074,CUST_000381,cancelled,2024-10-07 05:30:00,2024-10-08 05:30:00,2024-10-08 05:30:00,2024-10-17 05:30:00,2024-10-24 05:30:00
ORD_001075,CUST_000149,shipped,2024-07-15 02:21:00,2024-07-15 15:21:00,2024-07-16 02:21:00,2024-08-06 02:21:00,2024-07-26 02:21:00
ORD_001076,CUST_000799,delivered,2024-04-16 22:37:00,2024-04-17 06:37:00,2024-04-17 22:37:00,2024-05-01 22:37:00,2024-05-04 22:37:00
ORD_001077,CUST_000322,delivered,2024-08-08 13:36:00,2024-08-08 19:36:00,2024-08-11 13:36:00,2024-08-26 13:36:00,2024-08-22 13:36:00
ORD_001078,CUST_000126,delivered,2024-06-24 17:44:00,2024-06-24 20:44:00,2024-06-25 17:44:00,2024-06-29 17:44:00,2024-07-09 17:44:00
ORD_001079,CUST_000010,delivered,2024-04-30 05:42:00,2024-04-30 23:42:00,2024-05-02 05:42:00,2024-05-15 05:42:00,2024-05-12 05:42:00
ORD_001080,CUST_000327,delivered,2024-12-08 02:47:00,2024-12-08 06:47:00,2024-12-11 02:47:00,2024-12-20 02:47:00,2024-12-21 02:47:00
ORD_001081,CUST_000705,delivered,2024-12-30 18:53:00,2024-12-30 23:53:00,2025-01-02 18:53:00,2025-01-22 18:53:00,2025-01-14 18:53:00
ORD_001082,CUST_000012,shipped,2024-09-06 03:37:00,2024-09-07 03:37:00,2024-09-09 03:37:00,2024-09-25 03:37:00,2024-09-26 03:37:00
ORD_001083,CUST_000735,delivered,2024-11-01 14:20:00,2024-11-01 19:20:00,2024-11-03 14:20:00,2024-11-06 14:20:00,2024-11-15 14:20:00
ORD_001084,CUST_000337,cancelled,2024-10-11 03:52:00,2024-10-12 00:52:00,2024-10-13 03:52:00,2024-10-31 03:52:00,2024-10-23 03:52:00
ORD_001085,CUST_000219,cancelled,2024-08-15 05:19:00,2024-08-15 21:19:00,2024-08-16 05:19:00,2024-09-07 05:19:00,2024-08-31 05:19:00
ORD_001086,CUST_000477,cancelled,2024-07-26 02:38:00,2024-07-26 16:38:00,2024-07-29 02:38:00,2024-08-17 02:38:00,2024-08-13 02:38:00
ORD_001087,CUST_000582,processing,2024-02-25 21:52:00,2024-02-26 06:52:00,2024-02-28 21:52:00,2024-03-21 21:52:00,2024-03-13 21:52:00
ORD_001088,CUST_000815,processing,2024-11-01 12:20:00,2024-11-02 00:20:00,2024-11-03 12:20:00,2024-11-19 12:20:00,2024-11-15 12:20:00
ORD_001089,CUST_000330,delivered,2024-09-10 20:42:00,2024-09-11 11:42:00,2024-09-11 20:42:00,2024-09-27 20:42:00,2024-09-24 20:42:00
ORD_001090,CUST_000921,delivered,2024-02-01 02:13:00,2024-02-02 01:13:00,2024-02-04 02:13:00,2024-02-09 02:13:00,2024-02-21 02:13:00
ORD_001091,CUST_000239,cancelled,2024-03-12 18:57:00,2024-03-13 14:57:00,2024-03-15 18:57:00,2024-03-31 18:57:00,2024-04-01 18:57:00
ORD_001092,CUST_000576,processing,2024-11-21 00:48:00,2024-11-21 08:48:00,2024-11-22 00:48:00,2024-12-11 00:48:00,2024-12-11 00:48:00
ORD_001093,CUST_000068,delivered,2024-03-16 21:09:00,2024-03-17 21:09:00,2024-03-17 21:09:00,2024-03-22 21:09:00,2024-04-02 21:09:00
ORD_001094,CUST_000395,shipped,2024-08-19 17:18:00,2024-08-20 10:18:00,2024-08-20 17:18:00,2024-09-05 17:18:00,2024-08-29 17:18:00
ORD_001095,CUST_000291,delivered,2024-07-18 19:36:00,2024-07-19 14:36:00,2024-07-20 19:36:00,2024-08-07 19:36:00,2024-07-29 19:36:00
ORD_001096,CUST_000617,processing,2024-08-16 06:13:00,2024-08-16 21:13:00,2024-08-19 06:13:00,2024-08-28 06:13:00,2024-09-02 06:13:00
ORD_001097,CUST_000218,delivered,2024-12-14 10:19:00,2024-12-14 12:19:00,2024-12-16 10:19:00,2024-12-31 10:19:00,2024-12-27 10:19:00
ORD_001098,CUST_000540,delivered,2024-10-18 21:19:00,2024-10-19 00:19:00,2024-10-19 21:19:00,2024-11-08 21:19:00,2024-11-07 21:19:00
ORD_001099,CUST_000223,cancelled,2024-08-10 22:58:00,2024-08-11 09:58:00,2024-08-11 22:58:00,2024-08-19 22:58:00,2024-08-22 22:58:00
ORD_001100,CUST_000106,delivered,2024-06-25 02:37:00,2024-06-25 14:37:00,2024-06-27 02:37:00,2024-06-30 02:37:00,2024-07-15 02:37:00
ORD_001101,CUST_000575,cancelled,2024-01-05 19:32:00,2024-01-05 21:32:00,2024-01-07 19:32:00,2024-01-21 19:32:00,2024-01-25 19:32:00
ORD_001102,CUST_000285,cancelled,2024-07-25 04:54:00,2024-07-25 09:54:00,2024-07-27 04:54:00,2024-07-30 04:54:00,2024-08-04 04:54:00
ORD_001103,CUST_000734,processing,2024-05-30 01:23:00,2024-05-30 21:23:00,2024-06-01 01:23:00,2024-06-16 01:23:00,2024-06-17 01:23:00
ORD_001104,CUST_000623,delivered,2024-10-08 01:00:00,2024-10-09 01:00:00,2024-10-09 01:00:00,2024-10-30 01:00:00,2024-10-24 01:00:00
ORD_001105,CUST_000969,cancelled,2024-12-26 17:52:00,2024-12-27 14:52:00,2024-12-27 17:52:00,2025-01-04 17:52:00,2025-01-10 17:52:00
ORD_001106,CUST_000905,delivered,2024-07-02 03:55:00,2024-07-02 07:55:00,2024-07-05 03:55:00,2024-07-09 03:55:00,2024-07-14 03:55:00
ORD_001107,CUST_000827,shipped,2024-05-24 00:15:00,2024-05-24 13:15:00,2024-05-25 00:15:00,2024-06-03 00:15:00,2024-06-06 00:15:00
ORD_001108,CUST_000881,delivered,2024-08-09 22:37:00,2024-08-10 15:37:00,2024-08-12 22:37:00,2024-08-19 22:37:00,2024-08-26 22:37:00
ORD_001109,CUST_000688,delivered,2024-07-20 20:20:00,2024-07-21 20:20:00,2024-07-21 20:20:00,2024-08-01 20:20:00,2024-08-06 20:20:00
ORD_001110,CUST_000077,processing,2024-12-30 12:25:00,2024-12-30 15:25:00,2025-01-01 12:25:00,2025-01-24 12:25:00,2025-01-16 12:25:00
ORD_001111,CUST_000588,delivered,2024-07-14 13:34:00,2024-07-15 00:34:00,2024-07-17 13:34:00,2024-07-30 13:34:00,2024-07-26 13:34:00
ORD_001112,CUST_000915,delivered,2024-04-18 21:11:00,2024-04-19 18:11:00,2024-04-20 21:11:00,2024-05-03 21:11:00,2024-05-07 21:11:00
ORD_001113,CUST_000662,cancelled,2024-08-31 04:12:00,2024-09-01 04:12:00,2024-09-03 04:12:00,2024-09-10 04:12:00,2024-09-16 04:12:00
ORD_001114,CUST_000432,delivered,2024-10-11 12:53:00,2024-10-11 22:53:00,2024-10-13 12:53:00,2024-10-18 12:53:00,2024-10-27 12:53:00
ORD_001115,CUST_000699,cancelled,2024-07-03 13:09:00,2024-07-04 03:09:00,2024-07-04 13:09:00,2024-07-20 13:09:00,2024-07-23 13:09:00
ORD_001116,CUST_000775,shipped,2024-05-27 21:08:00,2024-05-28 10:08:00,2024-05-29 21:08:00,2024-06-12 21:08:00,2024-06-11 21:08:00
ORD_001117,CUST_000446,delivered,2024-03-09 00:04:00,2024-03-09 01:04:00,2024-03-10 00:04:00,2024-03-14 00:04:00,2024-03-25 00:04:00
ORD_001118,CUST_000326,delivered,2024-11-27 00:09:00,2024-11-27 06:09:00,2024-11-30 00:09:00,2024-12-12 00:09:00,2024-12-10 00:09:00
ORD_001119,CUST_000833,cancelled,2024-09-06 21:27:00,2024-09-07 21:27:00,2024-09-08 21:27:00,2024-09-28 21:27:00,2024-09-19 21:27:00
ORD_001120,CUST_000328,delivered,2024-03-10 02:08:00,2024-03-10 11:08:00,2024-03-11 02:08:00,2024-03-29 02:08:00,2024-03-27 02:08:00
ORD_001121,CUST_000203,delivered,2024-11-24 13:55:00,2024-11-25 13:55:00,2024-11-25 13:55:00,2024-12-02 13:55:00,2024-12-04 13:55:00
ORD_001122,CUST_000202,cancelled,2024-08-21 22:38:00,2024-08-22 19:38:00,2024-08-24 22:38:00,2024-09-03 22:38:00,2024-09-01 22:38:00
ORD_001123,CUST_000051,processing,2024-08-05 19:11:00,2024-08-06 19:11:00,2024-08-07 19:11:00,2024-08-22 19:11:00,2024-08-19 19:11:00
ORD_001124,CUST_000822,delivered,2024-08-20 16:27:00,2024-08-20 19:27:00,2024-08-21 16:27:00,2024-09-12 16:27:00,2024-08-30 16:27:00
ORD_001125,CUST_000506,processing,2024-10-09 14:24:00,2024-10-10 04:24:00,2024-10-12 14:24:00,2024-10-18 14:24:00,2024-10-29 14:24:00
ORD_001126,CUST_000511,delivered,2024-06-30 07:11:00,2024-06-30 11:11:00,2024-07-01 07:11:00,2024-07-07 07:11:00,2024-07-10 07:11:00
ORD_001127,CUST_000048,delivered,2024-08-05 19:00:00,2024-08-06 02:00:00,2024-08-08 19:00:00,2024-08-26 19:00:00,2024-08-25 19:00:00
ORD_001128,CUST_000282,delivered,2024-10-22 15:54:00,2024-10-23 10:54:00,2024-10-24 15:54:00,2024-11-16 15:54:00,2024-11-06 15:54:00
ORD_001129,CUST_000432,shipped,2024-05-01 22:32:00,2024-05-02 07:32:00,2024-05-04 22:32:00,2024-05-11 22:32:00,2024-05-13 22:32:00
ORD_001130,CUST_000123,delivered,2024-05-17 13:59:00,2024-05-17 23:59:00,2024-05-20 13:59:00,2024-05-24 13:59:00,2024-06-03 13:59:00
ORD_001131,CUST_000128,delivered,2024-10-06 18:23:00,2024-10-07 14:23:00,2024-10-08 18:23:00,2024-10-29 18:23:00,2024-10-24 18:23:00
ORD_001132,CUST_000464,delivered,2024-01-18 01:36:00,2024-01-18 18:36:00,2024-01-19 01:36:00,2024-01-27 01:36:00,2024-01-29 01:36:00
ORD_001133,CUST_000176,delivered,2024-09-04 22:23:00,2024-09-05 16:23:00,2024-09-07 22:23:00,2024-09-19 22:23:00,2024-09-14 22:23:00
ORD_001134,CUST_000616,delivered,2024-02-27 18:30:00,2024-02-28 02:30:00,2024-03-01 18:30:00,2024-03-21 18:30:00,2024-03-13 18:30:00
ORD_001135,CUST_000335,delivered,2024-12-19 02:09:00,2024-12-20 01:09:00,2024-12-20 02:09:00,2025-01-05 02:09:00,2025-01-03 02:09:00
ORD_001136,CUST_000606,shipped,2024-09-26 08:29:00,2024-09-26 10:29:00,2024-09-28 08:29:00,2024-10-15 08:29:00,2024-10-16 08:29:00
ORD_001137,CUST_000393,delivered,2024-09-21 02:33:00,2024-09-21 14:33:00,2024-09-23 02:33:00,2024-10-15 02:33:00,2024-10-09 02:33:00
ORD_001138,CUST_000243,cancelled,2024-11-08 02:15:00,2024-11-08 21:15:00,2024-11-09 02:15:00,2024-11-14 02:15:00,2024-11-28 02:15:00
ORD_001139,CUST_000591,delivered,2024-08-29 20:47:00,2024-08-30 12:47:00,2024-09-01 20:47:00,2024-09-20 20:47:00,2024-09-08 20:47:00
ORD_001140,CUST_000022,cancelled,2024-12-05 21:04:00,2024-12-06 04:04:00,2024-12-07 21:04:00,2024-12-28 21:04:00,2024-12-15 21:04:00
ORD_001141,CUST_000292,processing,2024-12-16 20:34:00,2024-12-17 10:34:00,2024-12-18 20:34:00,2025-01-07 20:34:00,2024-12-26 20:34:00
ORD_001142,CUST_000019,delivered,2024-10-23 09:39:00,2024-10-23 18:39:00,2024-10-25 09:39:00,2024-11-05 09:39:00,2024-11-04 09:39:00
ORD_001143,CUST_000660,cancelled,2024-01-28 10:34:00,2024-01-29 10:34:00,2024-01-31 10:34:00,2024-02-09 10:34:00,2024-02-14 10:34:00
ORD_001144,CUST_000803,delivered,2024-01-06 15:29:00,2024-01-07 14:29:00,2024-01-07 15:29:00,2024-01-24 15:29:00,2024-01-26 15:29:00
ORD_001145,CUST_000877,delivered,2024-09-19 15:36:00,2024-09-19 21:36:00,2024-09-21 15:36:00,2024-10-13 15:36:00,2024-10-01 15:36:00
ORD_001146,CUST_000590,delivered,2024-06-18 13:22:00,2024-06-18 22:22:00,2024-06-21 13:22:00,2024-07-12 13:22:00,2024-06-30 13:22:00
ORD_001147,CUST_000005,delivered,2024-05-30 09:10:00,2024-05-31 02:10:00,2024-06-01 09:10:00,2024-06-21 09:10:00,2024-06-10 09:10:00
ORD_001148,CUST_000934,delivered,2024-01-19 22:59:00,2024-01-20 20:59:00,2024-01-22 22:59:00,2024-02-02 22:59:00,2024-02-02 22:59:00
ORD_001149,CUST_000473,shipped,2024-11-01 23:19:00,2024-11-02 01:19:00,2024-11-04 23:19:00,2024-11-23 23:19:00,2024-11-13 23:19:00
ORD_001150,CUST_000292,processing,2024-10-15 08:03:00,2024-10-16 04:03:00,2024-10-18 08:03:00,2024-10-20 08:03:00,2024-10-30 08:03:00
ORD_001151,CUST_000135,delivered,2024-11-18 15:37:00,2024-11-19 04:37:00,2024-11-19 15:37:00,2024-11-28 15:37:00,2024-12-05 15:37:00
ORD_001152,CUST_000862,delivered,2024-03-27 18:03:00,2024-03-28 00:03:00,2024-03-29 18:03:00,2024-04-05 18:03:00,2024-04-16 18:03:00
ORD_001153,CUST_000991,delivered,2024-12-02 09:51:00,2024-12-03 07:51:00,2024-12-05 09:51:00,2024-12-08 09:51:00,2024-12-15 09:51:00
ORD_001154,CUST_000413,delivered,2024-11-15 00:18:00,2024-11-15 10:18:00,2024-11-18 00:18:00,2024-11-30 00:18:00,2024-11-26 00:18:00
ORD_001155,CUST_000038,delivered,2024-09-05 02:08:00,2024-09-05 11:08:00,2024-09-07 02:08:00,2024-09-11 02:08:00,2024-09-21 02:08:00
ORD_001156,CUST_000918,shipped,2024-09-15 02:54:00,2024-09-15 03:54:00,2024-09-17 02:54:00,2024-10-09 02:54:00,2024-09-25 02:54:00
ORD_001157,CUST_000547,processing,2024-05-22 08:08:00,2024-05-22 22:08:00,2024-05-23 08:08:00,2024-06-03 08:08:00,2024-06-10 08:08:00
ORD_001158,CUST_000941,shipped,2024-11-11 08:17:00,2024-11-11 15:17:00,2024-11-14 08:17:00,2024-12-03 08:17:00,2024-11-25 08:17:00
ORD_001159,CUST_000541,delivered,2024-05-11 00:47:00,2024-05-11 01:47:00,2024-05-13 00:47:00,2024-05-29 00:47:00,2024-05-24 00:47:00
ORD_001160,CUST_000041,delivered,2024-02-27 19:11:00,2024-02-28 09:11:00,2024-02-29 19:11:00,2024-03-22 19:11:00,2024-03-17 19:11:00
ORD_001161,CUST_000346,shipped,2024-10-29 23:09:00,2024-10-30 21:09:00,2024-10-31 23:09:00,2024-11-11 23:09:00,2024-11-09 23:09:00
ORD_001162,CUST_000661,processing,2024-12-03 14:23:00,2024-12-03 19:23:00,2024-12-05 14:23:00,2024-12-24 14:23:00,2024-12-16 14:23:00
ORD_001163,CUST_000017,shipped,2024-03-30 08:50:00,2024-03-30 17:50:00,2024-04-01 08:50:00,2024-04-13 08:50:00,2024-04-15 08:50:00
ORD_001164,CUST_000072,processing,2024-12-24 07:31:00,2024-12-24 16:31:00,2024-12-25 07:31:00,2025-01-18 07:31:00,2025-01-11 07:31:00
ORD_001165,CUST_000482,processing,2024-04-02 16:55:00,2024-04-03 07:55:00,2024-04-05 16:55:00,2024-04-11 16:55:00,2024-04-22 16:55:00
ORD_001166,CUST_000098,cancelled,2024-01-17 10:05:00,2024-01-18 06:05:00,2024-01-19 10:05:00,2024-01-31 10:05:00,2024-01-28 10:05:00
ORD_001167,CUST_000850,delivered,2024-03-15 19:59:00,2024-03-16 16:59:00,2024-03-18 19:59:00,2024-04-08 19:59:00,2024-04-01 19:59:00
ORD_001168,CUST_000822,processing,2024-03-19 15:48:00,2024-03-20 02:48:00,2024-03-22 15:48:00,2024-04-03 15:48:00,2024-03-31 15:48:00
ORD_001169,CUST_000426,delivered,2024-07-30 12:15:00,2024-07-30 16:15:00,2024-08-01 12:15:00,2024-08-23 12:15:00,2024-08-09 12:15:00
ORD_001170,CUST_000741,processing,2024-12-04 14:46:00,2024-12-04 22:46:00,2024-12-06 14:46:00,2024-12-25 14:46:00,2024-12-17 14:46:00
ORD_001171,CUST_000309,processing,2024-11-22 05:13:00,2024-11-22 13:13:00,2024-11-24 05:13:00,2024-12-14 05:13:00,2024-12-03 05:13:00
ORD_001172,CUST_000282,processing,2024-10-22 23:53:00,2024-10-23 00:53:00,2024-10-23 23:53:00,2024-11-16 23:53:00,2024-11-04 23:53:00
ORD_001173,CUST_000325,cancelled,2024-06-25 01:41:00,2024-06-26 00:41:00,2024-06-28 01:41:00,2024-07-02 01:41:00,2024-07-11 01:41:00
ORD_001174,CUST_000772,cancelled,2024-05-15 03:03:00,2024-05-15 14:03:00,2024-05-17 03:03:00,2024-06-09 03:03:00,2024-06-03 03:03:00
ORD_001175,CUST_000355,delivered,2024-03-26 14:25:00,2024-03-26 22:25:00,2024-03-27 14:25:00,2024-04-02 14:25:00,2024-04-10 14:25:00
ORD_001176,CUST_000410,cancelled,2024-08-31 09:30:00,2024-08-31 12:30:00,2024-09-02 09:30:00,2024-09-14 09:30:00,2024-09-15 09:30:00
ORD_001177,CUST_000082,delivered,2024-09-29 07:24:00,2024-09-30 03:24:00,2024-10-01 07:24:00,2024-10-15 07:24:00,2024-10-11 07:24:00
ORD_001178,CUST_000570,delivered,2024-12-15 22:24:00,2024-12-16 08:24:00,2024-12-18 22:24:00,2025-01-03 22:24:00,2025-01-02 22:24:00
ORD_001179,CUST_000794,cancelled,2024-08-30 08:09:00,2024-08-31 08:09:00,2024-09-01 08:09:00,2024-09-24 08:09:00,2024-09-15 08:09:00
ORD_001180,CUST_000321,shipped,2024-09-28 13:00:00,2024-09-29 12:00:00,2024-09-30 13:00:00,2024-10-20 13:00:00,2024-10-10 13:00:00
ORD_001181,CUST_000506,delivered,2024-05-27 14:24:00,2024-05-28 10:24:00,2024-05-30 14:24:00,2024-06-17 14:24:00,2024-06-06 14:24:00
ORD_001182,CUST_000628,cancelled,2024-12-13 10:33:00,2024-12-14 01:33:00,2024-12-16 10:33:00,2025-01-01 10:33:00,2025-01-01 10:33:00
ORD_001183,CUST_000049,processing,2024-12-15 01:06:00,2024-12-15 20:06:00,2024-12-16 01:06:00,2024-12-21 01:06:00,2025-01-04 01:06:00
ORD_001184,CUST_000403,delivered,2024-09-29 20:22:00,2024-09-30 10:22:00,2024-09-30 20:22:00,2024-10-24 20:22:00,2024-10-11 20:22:00
ORD_001185,CUST_000306,delivered,2024-08-09 19:58:00,2024-08-10 16:58:00,2024-08-11 19:58:00,2024-08-28 19:58:00,2024-08-28 19:58:00
ORD_001186,CUST_000714,delivered,2024-11-29 08:21:00,2024-11-30 04:21:00,2024-12-02 08:21:00,2024-12-06 08:21:00,2024-12-19 08:21:00
ORD_001187,CUST_000466,delivered,2024-05-18 08:51:00,2024-05-18 19:51:00,2024-05-21 08:51:00,2024-06-03 08:51:00,2024-06-04 08:51:00
ORD_001188,CUST_000506,delivered,2024-02-20 08:41:00,2024-02-21 02:41:00,2024-02-21 08:41:00,2024-03-01 08:41:00,2024-03-04 08:41:00
ORD_001189,CUST_000870,cancelled,2024-10-26 12:29:00,2024-10-27 01:29:00,2024-10-29 12:29:00,2024-11-07 12:29:00,2024-11-10 12:29:00
ORD_001190,CUST_000657,processing,2024-12-11 23:15:00,2024-12-12 15:15:00,2024-12-13 23:15:00,2025-01-02 23:15:00,2024-12-23 23:15:00
ORD_001191,CUST_000991,processing,2024-12-10 18:49:00,2024-12-11 12:49:00,2024-12-13 18:49:00,2024-12-27 18:49:00,2024-12-25 18:49:00
ORD_001192,CUST_000933,delivered,2024-04-09 16:21:00,2024-04-09 17:21:00,2024-04-12 16:21:00,2024-04-28 16:21:00,2024-04-28 16:21:00
ORD_001193,CUST_000125,processing,2024-12-12 22:11:00,2024-12-13 09:11:00,2024-12-15 22:11:00,2024-12-29 22:11:00,2024-12-27 22:11:00
ORD_001194,CUST_000864,processing,2024-06-09 17:00:00,2024-06-10 04:00:00,2024-06-10 17:00:00,2024-06-29 17:00:00,2024-06-29 17:00:00
ORD_001195,CUST_000383,delivered,2024-12-10 00:53:00,2024-12-10 11:53:00,2024-12-13 00:53:00,2024-12-21 00:53:00,2024-12-30 00:53:00
ORD_001196,CUST_000961,processing,2024-02-04 00:26:00,2024-02-04 12:26:00,2024-02-05 00:26:00,2024-02-26 00:26:00,2024-02-17 00:26:00
ORD_001197,CUST_000633,delivered,2024-02-20 16:06:00,2024-02-21 07:06:00,2024-02-21 16:06:00,2024-03-01 16:06:00,2024-03-04 16:06:00
ORD_001198,CUST_000106,delivered,2024-12-16 14:22:00,2024-12-16 19:22:00,2024-12-19 14:22:00,2024-12-21 14:22:00,2024-12-28 14:22:00
ORD_001199,CUST_000030,cancelled,2024-04-22 23:18:00,2024-04-23 14:18:00,2024-04-24 23:18:00,2024-05-16 23:18:00,2024-05-04 23:18:00
ORD_001200,CUST_000230,delivered,2024-05-08 06:02:00,2024-05-09 06:02:00,2024-05-09 06:02:00,2024-05-27 06:02:00,2024-05-20 06:02:00
ORD_001201,CUST_000049,delivered,2024-01-13 19:05:00,2024-01-14 11:05:00,2024-01-15 19:05:00,2024-01-26 19:05:00,2024-02-02 19:05:00
ORD_001202,CUST_000846,delivered,2024-01-30 19:42:00,2024-01-31 02:42:00,2024-01-31 19:42:00,2024-02-16 19:42:00,2024-02-16 19:42:00
ORD_001203,CUST_000011,shipped,2024-04-21 19:40:00,2024-04-22 13:40:00,2024-04-24 19:40:00,2024-04-28 19:40:00,2024-05-04 19:40:00
ORD_001204,CUST_000143,delivered,2024-03-03 22:07:00,2024-03-04 21:07:00,2024-03-06 22:07:00,2024-03-27 22:07:00,2024-03-22 22:07:00
ORD_001205,CUST_000108,shipped,2024-02-14 19:08:00,2024-02-15 01:08:00,2024-02-15 19:08:00,2024-02-21 19:08:00,2024-02-27 19:08:00
ORD_001206,CUST_000331,processing,2024-07-11 21:48:00,2024-07-12 19:48:00,2024-07-14 21:48:00,2024-08-05 21:48:00,2024-07-29 21:48:00
ORD_001207,CUST_000883,delivered,2024-11-27 18:51:00,2024-11-28 07:51:00,2024-11-28 18:51:00,2024-12-16 18:51:00,2024-12-16 18:51:00
ORD_001208,CUST_000705,processing,2024-04-04 03:44:00,2024-04-04 12:44:00,2024-04-07 03:44:00,2024-04-24 03:44:00,2024-04-23 03:44:00
ORD_001209,CUST_000742,delivered,2024-04-04 08:18:00,2024-04-04 21:18:00,2024-04-05 08:18:00,2024-04-28 08:18:00,2024-04-16 08:18:00
ORD_001210,CUST_000447,delivered,2024-08-27 21:59:00,2024-08-27 23:59:00,2024-08-29 21:59:00,2024-09-18 21:59:00,2024-09-06 21:59:00
ORD_001211,CUST_000232,delivered,2024-02-08 20:29:00,2024-02-09 18:29:00,2024-02-11 20:29:00,2024-02-28 20:29:00,2024-02-22 20:29:00
ORD_001212,CUST_000175,delivered,2024-05-21 13:44:00,2024-05-22 08:44:00,2024-05-24 13:44:00,2024-06-07 13:44:00,2024-06-05 13:44:00
ORD_001213,CUST_000091,delivered,2024-12-07 10:16:00,2024-12-07 13:16:00,2024-12-08 10:16:00,2024-12-29 10:16:00,2024-12-24 10:16:00
ORD_001214,CUST_000196,delivered,2024-03-23 02:17:00,2024-03-23 23:17:00,2024-03-26 02:17:00,2024-04-01 02:17:00,2024-04-05 02:17:00
ORD_001215,CUST_000742,delivered,2024-02-01 12:24:00,2024-02-02 04:24:00,2024-02-02 12:24:00,2024-02-25 12:24:00,2024-02-16 12:24:00
ORD_001216,CUST_000924,cancelled,2024-06-19 01:16:00,2024-06-19 19:16:00,2024-06-22 01:16:00,2024-07-12 01:16:00,2024-07-02 01:16:00
ORD_001217,CUST_000832,delivered,2024-05-15 05:28:00,2024-05-15 17:28:00,2024-05-18 05:28:00,2024-06-02 05:28:00,2024-05-27 05:28:00
ORD_001218,CUST_000378,delivered,2024-02-05 15:59:00,2024-02-05 18:59:00,2024-02-07 15:59:00,2024-02-26 15:59:00,2024-02-18 15:59:00
ORD_001219,CUST_000836,processing,2024-04-12 19:25:00,2024-04-13 02:25:00,2024-04-14 19:25:00,2024-05-02 19:25:00,2024-04-28 19:25:00
ORD_001220,CUST_000925,processing,2024-04-01 20:31:00,2024-04-02 20:31:00,2024-04-02 20:31:00,2024-04-10 20:31:00,2024-04-17 20:31:00
ORD_001221,CUST_000551,shipped,2024-02-25 04:34:00,2024-02-25 21:34:00,2024-02-27 04:34:00,2024-03-05 04:34:00,2024-03-07 04:34:00
ORD_001222,CUST_000006,processing,2024-08-08 06:39:00,2024-08-08 18:39:00,2024-08-11 06:39:00,2024-08-23 06:39:00,2024-08-26 06:39:00
ORD_001223,CUST_000957,delivered,2024-11-25 03:58:00,2024-11-25 13:58:00,2024-11-27 03:58:00,2024-12-16 03:58:00,2024-12-10 03:58:00
ORD_001224,CUST_000705,cancelled,2024-08-14 22:16:00,2024-08-15 08:16:00,2024-08-17 22:16:00,2024-09-06 22:16:00,2024-08-24 22:16:00
ORD_001225,CUST_000889,delivered,2024-02-22 01:04:00,2024-02-22 12:04:00,2024-02-24 01:04:00,2024-03-04 01:04:00,2024-03-10 01:04:00
ORD_001226,CUST_000054,shipped,2024-02-06 18:46:00,2024-02-07 09:46:00,2024-02-09 18:46:00,2024-02-26 18:46:00,2024-02-22 18:46:00
ORD_001227,CUST_000266,delivered,2024-05-08 14:01:00,2024-05-09 12:01:00,2024-05-11 14:01:00,2024-05-14 14:01:00,2024-05-19 14:01:00
ORD_001228,CUST_000905,delivered,2024-09-11 04:41:00,2024-09-11 19:41:00,2024-09-13 04:41:00,2024-10-06 04:41:00,2024-09-21 04:41:00
ORD_001229,CUST_000804,delivered,2024-11-23 00:59:00,2024-11-23 01:59:00,2024-11-24 00:59:00,2024-12-15 00:59:00,2024-12-11 00:59:00
ORD_001230,CUST_000045,processing,2024-01-20 21:24:00,2024-01-21 02:24:00,2024-01-23 21:24:00,2024-02-04 21:24:00,2024-02-06 21:24:00
ORD_001231,CUST_000114,delivered,2024-05-16 04:44:00,2024-05-17 00:44:00,2024-05-18 04:44:00,2024-06-06 04:44:00,2024-05-26 04:44:00
ORD_001232,CUST_000050,delivered,2024-06-17 12:36:00,2024-06-18 07:36:00,2024-06-20 12:36:00,2024-06-22 12:36:00,2024-07-05 12:36:00
ORD_001233,CUST_000970,shipped,2024-01-02 16:45:00,2024-01-02 22:45:00,2024-01-04 16:45:00,2024-01-19 16:45:00,2024-01-14 16:45:00
ORD_001234,CUST_000312,cancelled,2024-09-08 15:27:00,2024-09-09 11:27:00,2024-09-11 15:27:00,2024-10-03 15:27:00,2024-09-24 15:27:00
ORD_001235,CUST_000077,delivered,2024-07-25 23:49:00,2024-07-26 11:49:00,2024-07-26 23:49:00,2024-08-04 23:49:00,2024-08-13 23:49:00
ORD_001236,CUST_000271,delivered,2024-02-05 17:14:00,2024-02-06 12:14:00,2024-02-06 17:14:00,2024-03-01 17:14:00,2024-02-22 17:14:00
ORD_001237,CUST_000338,delivered,2024-01-02 12:44:00,2024-01-03 02:44:00,2024-01-05 12:44:00,2024-01-14 12:44:00,2024-01-13 12:44:00
ORD_001238,CUST_000705,shipped,2024-09-03 03:36:00,2024-09-03 17:36:00,2024-09-06 03:36:00,2024-09-19 03:36:00,2024-09-21 03:36:00
ORD_001239,CUST_000628,delivered,2024-10-01 11:21:00,2024-10-01 12:21:00,2024-10-03 11:21:00,2024-10-07 11:21:00,2024-10-13 11:21:00
ORD_001240,CUST_000811,delivered,2024-12-15 09:25:00,2024-12-15 19:25:00,2024-12-16 09:25:00,2024-12-28 09:25:00,2024-12-28 09:25:00
ORD_001241,CUST_000832,delivered,2024-01-29 20:41:00,2024-01-30 14:41:00,2024-02-01 20:41:00,2024-02-03 20:41:00,2024-02-14 20:41:00
ORD_001242,CUST_000389,cancelled,2024-02-16 11:34:00,2024-02-17 11:34:00,2024-02-17 11:34:00,2024-03-03 11:34:00,2024-02-26 11:34:00
ORD_001243,CUST_000277,shipped,2024-06-23 02:53:00,2024-06-23 18:53:00,2024-06-26 02:53:00,2024-07-10 02:53:00,2024-07-04 02:53:00
ORD_001244,CUST_000716,delivered,2024-08-23 09:41:00,2024-08-23 17:41:00,2024-08-24 09:41:00,2024-09-09 09:41:00,2024-09-02 09:41:00
ORD_001245,CUST_000175,delivered,2024-04-13 05:35:00,2024-04-13 18:35:00,2024-04-16 05:35:00,2024-05-07 05:35:00,2024-04-30 05:35:00
ORD_001246,CUST_000948,delivered,2024-01-21 12:42:00,2024-01-22 06:42:00,2024-01-22 12:42:00,2024-02-05 12:42:00,2024-02-01 12:42:00
ORD_001247,CUST_000142,delivered,2024-04-07 09:44:00,2024-04-07 14:44:00,2024-04-09 09:44:00,2024-04-26 09:44:00,2024-04-19 09:44:00
ORD_001248,CUST_000598,cancelled,2024-07-18 03:40:00,2024-07-18 16:40:00,2024-07-19 03:40:00,2024-08-10 03:40:00,2024-08-03 03:40:00
ORD_001249,CUST_000472,processing,2024-12-18 11:31:00,2024-12-19 07:31:00,2024-12-19 11:31:00,2024-12-24 11:31:00,2024-12-29 11:31:00
ORD_001250,CUST_000123,cancelled,2024-02-13 20:28:00,2024-02-14 00:28:00,2024-02-16 20:28:00,2024-02-18 20:28:00,2024-02-28 20:28:00
ORD_001251,CUST_000130,delivered,2024-04-07 04:02:00,2024-04-07 08:02:00,2024-04-09 04:02:00,2024-04-15 04:02:00,2024-04-27 04:02:00
ORD_001252,CUST_000327,processing,2024-04-08 00:46:00,2024-04-08 13:46:00,2024-04-09 00:46:00,2024-04-18 00:46:00,2024-04-26 00:46:00
ORD_001253,CUST_000883,cancelled,2024-10-30 07:31:00,2024-10-30 14:31:00,2024-11-01 07:31:00,2024-11-12 07:31:00,2024-11-12 07:31:00
ORD_001254,CUST_000152,delivered,2024-07-18 02:50:00,2024-07-18 09:50:00,2024-07-20 02:50:00,2024-08-09 02:50:00,2024-08-05 02:50:00
ORD_001255,CUST_000772,shipped,2024-10-03 20:19:00,2024-10-04 00:19:00,2024-10-04 20:19:00,2024-10-13 20:19:00,2024-10-23 20:19:00
ORD_001256,CUST_000599,processing,2024-09-12 17:53:00,2024-09-13 12:53:00,2024-09-15 17:53:00,2024-09-27 17:53:00,2024-09-30 17:53:00
ORD_001257,CUST_000910,delivered,2024-08-18 00:02:00,2024-08-18 10:02:00,2024-08-21 00:02:00,2024-09-03 00:02:00,2024-09-07 00:02:00
ORD_001258,CUST_000871,delivered,2024-06-22 01:21:00,2024-06-22 07:21:00,2024-06-23 01:21:00,2024-07-05 01:21:00,2024-07-04 01:21:00
ORD_001259,CUST_000990,delivered,2024-01-22 12:07:00,2024-01-22 18:07:00,2024-01-23 12:07:00,2024-02-04 12:07:00,2024-02-02 12:07:00
ORD_001260,CUST_000917,processing,2024-04-18 20:42:00,2024-04-19 20:42:00,2024-04-19 20:42:00,2024-04-28 20:42:00,2024-05-05 20:42:00
ORD_001261,CUST_000424,shipped,2024-09-24 14:43:00,2024-09-25 03:43:00,2024-09-25 14:43:00,2024-10-15 14:43:00,2024-10-14 14:43:00
ORD_001262,CUST_000653,delivered,2024-10-01 04:47:00,2024-10-01 22:47:00,2024-10-02 04:47:00,2024-10-18 04:47:00,2024-10-21 04:47:00
ORD_001263,CUST_000458,delivered,2024-10-23 07:59:00,2024-10-23 21:59:00,2024-10-25 07:59:00,2024-11-11 07:59:00,2024-11-08 07:59:00
ORD_001264,CUST_000685,delivered,2024-02-06 01:47:00,2024-02-06 13:47:00,2024-02-07 01:47:00,2024-02-29 01:47:00,2024-02-20 01:47:00
ORD_001265,CUST_000126,delivered,2024-03-13 15:41:00,2024-03-13 22:41:00,2024-03-14 15:41:00,2024-03-30 15:41:00,2024-03-31 15:41:00
ORD_001266,CUST_000535,delivered,2024-01-10 15:58:00,2024-01-11 05:58:00,2024-01-11 15:58:00,2024-01-21 15:58:00,2024-01-24 15:58:00
ORD_001267,CUST_000541,delivered,2024-11-12 01:15:00,2024-11-12 21:15:00,2024-11-15 01:15:00,2024-11-21 01:15:00,2024-11-28 01:15:00
ORD_001268,CUST_000247,delivered,2024-12-25 20:08:00,2024-12-26 05:08:00,2024-12-26 20:08:00,2025-01-10 20:08:00,2025-01-11 20:08:00
ORD_001269,CUST_000592,processing,2024-01-08 05:40:00,2024-01-08 16:40:00,2024-01-09 05:40:00,2024-02-01 05:40:00,2024-01-21 05:40:00
ORD_001270,CUST_000490,delivered,2024-01-26 09:52:00,2024-01-26 21:52:00,2024-01-28 09:52:00,2024-02-09 09:52:00,2024-02-10 09:52:00
ORD_001271,CUST_000678,shipped,2024-02-19 14:39:00,2024-02-20 11:39:00,2024-02-21 14:39:00,2024-02-29 14:39:00,2024-03-07 14:39:00
ORD_001272,CUST_000502,delivered,2024-03-28 18:04:00,2024-03-28 22:04:00,2024-03-29 18:04:00,2024-04-22 18:04:00,2024-04-11 18:04:00
ORD_001273,CUST_001000,delivered,2024-02-24 03:31:00,2024-02-25 01:31:00,2024-02-26 03:31:00,2024-03-07 03:31:00,2024-03-07 03:31:00
ORD_001274,CUST_000288,shipped,2024-10-31 19:14:00,2024-11-01 17:14:00,2024-11-02 19:14:00,2024-11-25 19:14:00,2024-11-12 19:14:00
ORD_001275,CUST_000330,processing,2024-02-02 06:27:00,2024-02-03 03:27:00,2024-02-05 06:27:00,2024-02-11 06:27:00,2024-02-15 06:27:00
ORD_001276,CUST_000792,delivered,2024-06-21 23:43:00,2024-06-22 20:43:00,2024-06-23 23:43:00,2024-07-13 23:43:00,2024-07-04 23:43:00
ORD_001277,CUST_000749,processing,2024-07-24 10:07:00,2024-07-24 21:07:00,2024-07-25 10:07:00,2024-08-16 10:07:00,2024-08-05 10:07:00
ORD_001278,CUST_000495,delivered,2024-12-16 18:34:00,2024-12-17 11:34:00,2024-12-19 18:34:00,2024-12-29 18:34:00,2024-12-28 18:34:00
ORD_001279,CUST_000232,shipped,2024-03-11 10:53:00,2024-03-12 04:53:00,2024-03-14 10:53:00,2024-03-28 10:53:00,2024-03-23 10:53:00
ORD_001280,CUST_000095,shipped,2024-04-19 01:37:00,2024-04-19 19:37:00,2024-04-21 01:37:00,2024-05-01 01:37:00,2024-05-07 01:37:00
ORD_001281,CUST_000271,shipped,2024-03-29 10:04:00,2024-03-29 23:04:00,2024-03-31 10:04:00,2024-04-09 10:04:00,2024-04-08 10:04:00
ORD_001282,CUST_000785,delivered,2024-03-02 08:09:00,2024-03-02 16:09:00,2024-03-04 08:09:00,2024-03-24 08:09:00,2024-03-22 08:09:00
ORD_001283,CUST_000304,delivered,2024-07-31 05:44:00,2024-07-31 18:44:00,2024-08-02 05:44:00,2024-08-23 05:44:00,2024-08-11 05:44:00
ORD_001284,CUST_000729,processing,2024-07-08 17:10:00,2024-07-09 09:10:00,2024-07-09 17:10:00,2024-07-16 17:10:00,2024-07-27 17:10:00
ORD_001285,CUST_000085,delivered,2024-08-12 07:59:00,2024-08-12 22:59:00,2024-08-14 07:59:00,2024-08-27 07:59:00,2024-08-26 07:59:00
ORD_001286,CUST_000362,processing,2024-10-24 01:08:00,2024-10-24 11:08:00,2024-10-26 01:08:00,2024-11-10 01:08:00,2024-11-07 01:08:00
ORD_001287,CUST_000572,delivered,2024-02-21 20:39:00,2024-02-22 11:39:00,2024-02-24 20:39:00,2024-03-02 20:39:00,2024-03-04 20:39:00
ORD_001288,CUST_000856,delivered,2024-07-11 05:01:00,2024-07-11 11:01:00,2024-07-14 05:01:00,2024-07-24 05:01:00,2024-07-26 05:01:00
ORD_001289,CUST_000894,shipped,2024-09-06 02:00:00,2024-09-06 08:00:00,2024-09-08 02:00:00,2024-09-13 02:00:00,2024-09-24 02:00:00
ORD_001290,CUST_000249,delivered,2024-01-04 05:59:00,2024-01-04 18:59:00,2024-01-07 05:59:00,2024-01-19 05:59:00,2024-01-24 05:59:00
ORD_001291,CUST_000676,delivered,2024-02-15 22:41:00,2024-02-16 08:41:00,2024-02-18 22:41:00,2024-02-25 22:41:00,2024-03-05 22:41:00
ORD_001292,CUST_000663,delivered,2024-10-30 09:26:00,2024-10-30 10:26:00,2024-11-02 09:26:00,2024-11-21 09:26:00,2024-11-11 09:26:00
ORD_001293,CUST_000753,cancelled,2024-12-21 15:44:00,2024-12-22 09:44:00,2024-12-22 15:44:00,2025-01-05 15:44:00,2025-01-10 15:44:00
ORD_001294,CUST_000877,processing,2024-03-05 06:09:00,2024-03-05 17:09:00,2024-03-08 06:09:00,2024-03-25 06:09:00,2024-03-25 06:09:00
ORD_001295,CUST_000211,delivered,2024-11-23 08:33:00,2024-11-23 23:33:00,2024-11-25 08:33:00,2024-12-03 08:33:00,2024-12-13 08:33:00
ORD_001296,CUST_000712,shipped,2024-08-18 13:15:00,2024-08-19 10:15:00,2024-08-19 13:15:00,2024-09-02 13:15:00,2024-08-30 13:15:00
ORD_001297,CUST_000080,processing,2024-03-30 19:44:00,2024-03-31 01:44:00,2024-04-01 19:44:00,2024-04-16 19:44:00,2024-04-11 19:44:00
ORD_001298,CUST_000077,delivered,2024-01-20 19:11:00,2024-01-21 17:11:00,2024-01-22 19:11:00,2024-01-30 19:11:00,2024-02-04 19:11:00
ORD_001299,CUST_000996,cancelled,2024-09-12 19:05:00,2024-09-12 23:05:00,2024-09-14 19:05:00,2024-10-05 19:05:00,2024-09-28 19:05:00
ORD_001300,CUST_000507,cancelled,2024-11-17 09:22:00,2024-11-17 22:22:00,2024-11-18 09:22:00,2024-11-27 09:22:00,2024-11-27 09:22:00
ORD_001301,CUST_000062,cancelled,2024-08-02 00:35:00,2024-08-02 19:35:00,2024-08-04 00:35:00,2024-08-19 00:35:00,2024-08-18 00:35:00
ORD_001302,CUST_000218,delivered,2024-04-30 06:07:00,2024-05-01 03:07:00,2024-05-03 06:07:00,2024-05-23 06:07:00,2024-05-12 06:07:00
ORD_001303,CUST_000014,delivered,2024-09-28 03:39:00,2024-09-28 17:39:00,2024-09-30 03:39:00,2024-10-10 03:39:00,2024-10-17 03:39:00
ORD_001304,CUST_000687,delivered,2024-07-04 17:32:00,2024-07-05 07:32:00,2024-07-06 17:32:00,2024-07-16 17:32:00,2024-07-19 17:32:00
ORD_001305,CUST_000222,delivered,2024-04-22 14:49:00,2024-04-23 04:49:00,2024-04-25 14:49:00,2024-05-07 14:49:00,2024-05-05 14:49:00
ORD_001306,CUST_000480,cancelled,2024-11-16 21:13:00,2024-11-17 04:13:00,2024-11-17 21:13:00,2024-12-07 21:13:00,2024-12-01 21:13:00
ORD_001307,CUST_000839,cancelled,2024-05-21 01:12:00,2024-05-21 22:12:00,2024-05-23 01:12:00,2024-06-14 01:12:00,2024-06-10 01:12:00
ORD_001308,CUST_000395,delivered,2024-02-27 04:43:00,2024-02-27 05:43:00,2024-03-01 04:43:00,2024-03-14 04:43:00,2024-03-08 04:43:00
ORD_001309,CUST_000193,processing,2024-08-30 15:11:00,2024-08-31 11:11:00,2024-09-02 15:11:00,2024-09-07 15:11:00,2024-09-15 15:11:00
ORD_001310,CUST_000500,shipped,2024-03-22 21:59:00,2024-03-23 05:59:00,2024-03-25 21:59:00,2024-04-03 21:59:00,2024-04-04 21:59:00
ORD_001311,CUST_000108,delivered,2024-01-23 01:41:00,2024-01-23 06:41:00,2024-01-25 01:41:00,2024-02-13 01:41:00,2024-02-12 01:41:00
ORD_001312,CUST_000349,cancelled,2024-07-05 09:13:00,2024-07-06 05:13:00,2024-07-08 09:13:00,2024-07-13 09:13:00,2024-07-22 09:13:00
ORD_001313,CUST_000214,delivered,2024-08-10 08:21:00,2024-08-11 04:21:00,2024-08-12 08:21:00,2024-09-01 08:21:00,2024-08-23 08:21:00
ORD_001314,CUST_000834,processing,2024-11-11 14:02:00,2024-11-12 07:02:00,2024-11-12 14:02:00,2024-11-28 14:02:00,2024-11-22 14:02:00
ORD_001315,CUST_000605,processing,2024-02-23 23:03:00,2024-02-24 02:03:00,2024-02-25 23:03:00,2024-03-10 23:03:00,2024-03-14 23:03:00
ORD_001316,CUST_000780,delivered,2024-10-02 05:10:00,2024-10-03 01:10:00,2024-10-03 05:10:00,2024-10-18 05:10:00,2024-10-13 05:10:00
ORD_001317,CUST_000541,cancelled,2024-01-15 15:32:00,2024-01-16 10:32:00,2024-01-17 15:32:00,2024-01-20 15:32:00,2024-02-02 15:32:00
ORD_001318,CUST_000527,delivered,2024-02-29 02:57:00,2024-03-01 02:57:00,2024-03-01 02:57:00,2024-03-25 02:57:00,2024-03-10 02:57:00
ORD_001319,CUST_000880,delivered,2024-04-30 23:28:00,2024-05-01 13:28:00,2024-05-02 23:28:00,2024-05-20 23:28:00,2024-05-14 23:28:00
ORD_001320,CUST_000321,delivered,2024-10-30 18:20:00,2024-10-30 19:20:00,2024-11-01 18:20:00,2024-11-20 18:20:00,2024-11-15 18:20:00
ORD_001321,CUST_000779,cancelled,2024-08-02 06:47:00,2024-08-02 17:47:00,2024-08-05 06:47:00,2024-08-15 06:47:00,2024-08-22 06:47:00
ORD_001322,CUST_000968,cancelled,2024-12-12 10:14:00,2024-12-13 06:14:00,2024-12-13 10:14:00,2024-12-29 10:14:00,2024-12-29 10:14:00
ORD_001323,CUST_000320,shipped,2024-02-26 10:14:00,2024-02-26 18:14:00,2024-02-27 10:14:00,2024-03-19 10:14:00,2024-03-11 10:14:00
ORD_001324,CUST_000726,delivered,2024-02-20 07:47:00,2024-02-20 13:47:00,2024-02-21 07:47:00,2024-03-06 07:47:00,2024-03-02 07:47:00
ORD_001325,CUST_000465,delivered,2024-07-30 06:24:00,2024-07-31 01:24:00,2024-08-02 06:24:00,2024-08-04 06:24:00,2024-08-12 06:24:00
ORD_001326,CUST_000672,processing,2024-04-22 02:30:00,2024-04-22 23:30:00,2024-04-25 02:30:00,2024-05-16 02:30:00,2024-05-02 02:30:00
ORD_001327,CUST_000158,cancelled,2024-10-26 15:03:00,2024-10-27 07:03:00,2024-10-29 15:03:00,2024-11-10 15:03:00,2024-11-12 15:03:00
ORD_001328,CUST_000869,delivered,2024-08-11 04:13:00,2024-08-12 02:13:00,2024-08-12 04:13:00,2024-08-31 04:13:00,2024-08-31 04:13:00
ORD_001329,CUST_000517,delivered,2024-11-08 14:11:00,2024-11-08 17:11:00,2024-11-10 14:11:00,2024-11-22 14:11:00,2024-11-23 14:11:00
ORD_001330,CUST_000109,shipped,2024-07-17 11:08:00,2024-07-17 23:08:00,2024-07-19 11:08:00,2024-07-30 11:08:00,2024-07-30 11:08:00
ORD_001331,CUST_000937,processing,2024-08-22 23:12:00,2024-08-23 00:12:00,2024-08-25 23:12:00,2024-09-03 23:12:00,2024-09-09 23:12:00
ORD_001332,CUST_000134,delivered,2024-11-19 11:17:00,2024-11-20 11:17:00,2024-11-21 11:17:00,2024-11-24 11:17:00,2024-12-03 11:17:00
ORD_001333,CUST_000225,delivered,2024-04-13 10:08:00,2024-04-14 06:08:00,2024-04-14 10:08:00,2024-04-24 10:08:00,2024-04-24 10:08:00
ORD_001334,CUST_000939,shipped,2024-01-17 22:36:00,2024-01-18 19:36:00,2024-01-20 22:36:00,2024-01-31 22:36:00,2024-02-06 22:36:00
ORD_001335,CUST_000373,shipped,2024-01-31 08:08:00,2024-01-31 21:08:00,2024-02-02 08:08:00,2024-02-25 08:08:00,2024-02-18 08:08:00
ORD_001336,CUST_000395,delivered,2024-02-26 14:29:00,2024-02-27 08:29:00,2024-02-27 14:29:00,2024-03-21 14:29:00,2024-03-12 14:29:00
ORD_001337,CUST_000999,cancelled,2024-08-02 05:48:00,2024-08-02 22:48:00,2024-08-04 05:48:00,2024-08-10 05:48:00,2024-08-14 05:48:00
ORD_001338,CUST_000464,delivered,2024-06-24 07:56:00,2024-06-24 14:56:00,2024-06-26 07:56:00,2024-07-15 07:56:00,2024-07-04 07:56:00
ORD_001339,CUST_000889,processing,2024-05-31 19:10:00,2024-06-01 01:10:00,2024-06-03 19:10:00,2024-06-23 19:10:00,2024-06-20 19:10:00
ORD_001340,CUST_000636,delivered,2024-11-22 19:57:00,2024-11-23 10:57:00,2024-11-25 19:57:00,2024-11-29 19:57:00,2024-12-03 19:57:00
ORD_001341,CUST_000526,processing,2024-03-28 18:35:00,2024-03-29 06:35:00,2024-03-30 18:35:00,2024-04-05 18:35:00,2024-04-10 18:35:00
ORD_001342,CUST_000208,delivered,2024-04-27 02:26:00,2024-04-28 02:26:00,2024-04-28 02:26:00,2024-05-17 02:26:00,2024-05-13 02:26:00
ORD_001343,CUST_000799,delivered,2024-09-24 15:55:00,2024-09-24 23:55:00,2024-09-27 15:55:00,2024-10-18 15:55:00,2024-10-06 15:55:00
ORD_001344,CUST_000410,shipped,2024-04-20 18:30:00,2024-04-21 00:30:00,2024-04-22 18:30:00,2024-05-10 18:30:00,2024-05-06 18:30:00
ORD_001345,CUST_000193,delivered,2024-08-24 08:00:00,2024-08-25 00:00:00,2024-08-25 08:00:00,2024-09-03 08:00:00,2024-09-13 08:00:00
ORD_001346,CUST_000071,delivered,2024-08-07 23:55:00,2024-08-08 22:55:00,2024-08-08 23:55:00,2024-08-13 23:55:00,2024-08-17 23:55:00
ORD_001347,CUST_000285,delivered,2024-05-06 07:20:00,2024-05-06 14:20:00,2024-05-09 07:20:00,2024-05-17 07:20:00,2024-05-24 07:20:00
ORD_001348,CUST_000434,processing,2024-08-10 18:14:00,2024-08-11 05:14:00,2024-08-11 18:14:00,2024-08-31 18:14:00,2024-08-24 18:14:00
ORD_001349,CUST_000169,processing,2024-10-29 04:58:00,2024-10-29 09:58:00,2024-11-01 04:58:00,2024-11-13 04:58:00,2024-11-18 04:58:00
ORD_001350,CUST_000703,shipped,2024-10-20 00:26:00,2024-10-20 10:26:00,2024-10-23 00:26:00,2024-11-12 00:26:00,2024-11-05 00:26:00
ORD_001351,CUST_000315,cancelled,2024-01-23 01:30:00,2024-01-23 04:30:00,2024-01-24 01:30:00,2024-02-04 01:30:00,2024-02-05 01:30:00
ORD_001352,CUST_000975,cancelled,2024-09-15 01:27:00,2024-09-15 02:27:00,2024-09-18 01:27:00,2024-09-28 01:27:00,2024-10-04 01:27:00
ORD_001353,CUST_000891,delivered,2024-09-28 12:30:00,2024-09-28 19:30:00,2024-09-30 12:30:00,2024-10-04 12:30:00,2024-10-15 12:30:00
ORD_001354,CUST_000592,shipped,2024-12-22 03:28:00,2024-12-22 22:28:00,2024-12-23 03:28:00,2024-12-29 03:28:00,2025-01-11 03:28:00
ORD_001355,CUST_000664,delivered,2024-09-10 07:05:00,2024-09-10 22:05:00,2024-09-13 07:05:00,2024-09-26 07:05:00,2024-09-25 07:05:00
ORD_001356,CUST_000105,cancelled,2024-10-12 00:44:00,2024-10-12 15:44:00,2024-10-13 00:44:00,2024-10-23 00:44:00,2024-10-28 00:44:00
ORD_001357,CUST_000151,shipped,2024-07-27 06:08:00,2024-07-27 14:08:00,2024-07-29 06:08:00,2024-08-13 06:08:00,2024-08-07 06:08:00
ORD_001358,CUST_000473,shipped,2024-07-02 09:15:00,2024-07-03 07:15:00,2024-07-04 09:15:00,2024-07-16 09:15:00,2024-07-17 09:15:00
ORD_001359,CUST_000898,shipped,2024-11-27 02:01:00,2024-11-27 22:01:00,2024-11-30 02:01:00,2024-12-04 02:01:00,2024-12-11 02:01:00
ORD_001360,CUST_000110,cancelled,2024-09-02 21:19:00,2024-09-03 12:19:00,2024-09-05 21:19:00,2024-09-17 21:19:00,2024-09-19 21:19:00
ORD_001361,CUST_000763,delivered,2024-03-23 22:29:00,2024-03-24 06:29:00,2024-03-25 22:29:00,2024-04-06 22:29:00,2024-04-02 22:29:00
ORD_001362,CUST_000113,delivered,2024-10-19 23:37:00,2024-10-20 05:37:00,2024-10-22 23:37:00,2024-11-07 23:37:00,2024-11-03 23:37:00
ORD_001363,CUST_000247,shipped,2024-01-13 14:29:00,2024-01-14 05:29:00,2024-01-16 14:29:00,2024-01-21 14:29:00,2024-01-28 14:29:00
ORD_001364,CUST_000017,delivered,2024-03-11 22:25:00,2024-03-12 15:25:00,2024-03-14 22:25:00,2024-03-26 22:25:00,2024-03-25 22:25:00
ORD_001365,CUST_000916,delivered,2024-04-04 11:40:00,2024-04-05 08:40:00,2024-04-05 11:40:00,2024-04-19 11:40:00,2024-04-23 11:40:00
ORD_001366,CUST_000472,cancelled,2024-08-25 22:40:00,2024-08-26 02:40:00,2024-08-27 22:40:00,2024-09-05 22:40:00,2024-09-05 22:40:00
ORD_001367,CUST_000192,delivered,2024-01-01 20:04:00,2024-01-02 16:04:00,2024-01-04 20:04:00,2024-01-09 20:04:00,2024-01-13 20:04:00
ORD_001368,CUST_000274,delivered,2024-07-16 22:21:00,2024-07-17 09:21:00,2024-07-17 22:21:00,2024-07-27 22:21:00,2024-08-05 22:21:00
ORD_001369,CUST_000030,delivered,2024-09-28 01:18:00,2024-09-28 07:18:00,2024-10-01 01:18:00,2024-10-08 01:18:00,2024-10-18 01:18:00
ORD_001370,CUST_000488,delivered,2024-08-06 08:44:00,2024-08-06 16:44:00,2024-08-09 08:44:00,2024-08-22 08:44:00,2024-08-17 08:44:00
ORD_001371,CUST_000678,delivered,2024-11-09 17:36:00,2024-11-10 08:36:00,2024-11-11 17:36:00,2024-12-03 17:36:00,2024-11-24 17:36:00
ORD_001372,CUST_000544,delivered,2024-04-16 21:05:00,2024-04-17 21:05:00,2024-04-17 21:05:00,2024-04-27 21:05:00,2024-04-27 21:05:00
ORD_001373,CUST_000464,delivered,2024-11-13 10:47:00,2024-11-13 13:47:00,2024-11-15 10:47:00,2024-12-01 10:47:00,2024-11-29 10:47:00
ORD_001374,CUST_000361,shipped,2024-01-29 16:58:00,2024-01-29 17:58:00,2024-01-31 16:58:00,2024-02-18 16:58:00,2024-02-12 16:58:00
ORD_001375,CUST_000272,delivered,2024-12-11 11:56:00,2024-12-12 11:56:00,2024-12-12 11:56:00,2025-01-01 11:56:00,2024-12-22 11:56:00
ORD_001376,CUST_000122,delivered,2024-01-27 03:24:00,2024-01-27 05:24:00,2024-01-28 03:24:00,2024-02-04 03:24:00,2024-02-07 03:24:00
ORD_001377,CUST_000950,processing,2024-07-06 14:39:00,2024-07-07 12:39:00,2024-07-08 14:39:00,2024-07-18 14:39:00,2024-07-25 14:39:00
ORD_001378,CUST_000564,delivered,2024-01-21 11:23:00,2024-01-22 09:23:00,2024-01-24 11:23:00,2024-02-08 11:23:00,2024-02-10 11:23:00
ORD_001379,CUST_000087,processing,2024-03-30 20:35:00,2024-03-31 10:35:00,2024-04-01 20:35:00,2024-04-18 20:35:00,2024-04-14 20:35:00
ORD_001380,CUST_000363,processing,2024-12-26 02:35:00,2024-12-26 19:35:00,2024-12-28 02:35:00,2025-01-10 02:35:00,2025-01-10 02:35:00
ORD_001381,CUST_000442,cancelled,2024-12-29 06:08:00,2024-12-29 22:08:00,2024-12-30 06:08:00,2025-01-04 06:08:00,2025-01-14 06:08:00
ORD_001382,CUST_000218,cancelled,2024-06-20 07:34:00,2024-06-20 20:34:00,2024-06-23 07:34:00,2024-06-25 07:34:00,2024-07-04 07:34:00
ORD_001383,CUST_000155,delivered,2024-02-28 20:30:00,2024-02-28 23:30:00,2024-02-29 20:30:00,2024-03-23 20:30:00,2024-03-09 20:30:00
ORD_001384,CUST_000407,processing,2024-10-24 22:13:00,2024-10-25 12:13:00,2024-10-25 22:13:00,2024-11-06 22:13:00,2024-11-12 22:13:00
ORD_001385,CUST_000515,delivered,2024-04-25 10:22:00,2024-04-25 19:22:00,2024-04-26 10:22:00,2024-05-04 10:22:00,2024-05-15 10:22:00
ORD_001386,CUST_000442,delivered,2024-05-16 16:43:00,2024-05-17 15:43:00,2024-05-18 16:43:00,2024-06-10 16:43:00,2024-05-27 16:43:00
ORD_001387,CUST_000521,delivered,2024-08-04 08:03:00,2024-08-05 02:03:00,2024-08-06 08:03:00,2024-08-12 08:03:00,2024-08-23 08:03:00
ORD_001388,CUST_000342,shipped,2024-02-02 11:22:00,2024-02-02 15:22:00,2024-02-03 11:22:00,2024-02-16 11:22:00,2024-02-18 11:22:00
ORD_001389,CUST_000055,processing,2024-08-19 15:32:00,2024-08-20 14:32:00,2024-08-20 15:32:00,2024-08-26 15:32:00,2024-09-07 15:32:00
ORD_001390,CUST_000452,delivered,2024-09-26 03:30:00,2024-09-26 23:30:00,2024-09-28 03:30:00,2024-10-02 03:30:00,2024-10-09 03:30:00
ORD_001391,CUST_000280,delivered,2024-12-29 17:43:00,2024-12-30 14:43:00,2025-01-01 17:43:00,2025-01-14 17:43:00,2025-01-17 17:43:00
ORD_001392,CUST_000379,delivered,2024-09-29 09:28:00,2024-09-30 03:28:00,2024-10-02 09:28:00,2024-10-09 09:28:00,2024-10-14 09:28:00
ORD_001393,CUST_000101,cancelled,2024-11-13 11:51:00,2024-11-14 10:51:00,2024-11-14 11:51:00,2024-12-02 11:51:00,2024-11-30 11:51:00
ORD_001394,CUST_000051,delivered,2024-12-10 22:51:00,2024-12-10 23:51:00,2024-12-12 22:51:00,2024-12-27 22:51:00,2024-12-28 22:51:00
ORD_001395,CUST_000665,delivered,2024-02-03 06:57:00,2024-02-03 21:57:00,2024-02-04 06:57:00,2024-02-27 06:57:00,2024-02-20 06:57:00
ORD_001396,CUST_000392,delivered,2024-08-22 02:05:00,2024-08-22 18:05:00,2024-08-24 02:05:00,2024-09-12 02:05:00,2024-09-06 02:05:00
ORD_001397,CUST_000750,delivered,2024-07-19 05:18:00,2024-07-20 05:18:00,2024-07-20 05:18:00,2024-07-27 05:18:00,2024-07-31 05:18:00
ORD_001398,CUST_000951,delivered,2024-02-09 03:10:00,2024-02-09 05:10:00,2024-02-10 03:10:00,2024-03-03 03:10:00,2024-02-19 03:10:00
ORD_001399,CUST_000433,delivered,2024-05-21 03:44:00,2024-05-21 13:44:00,2024-05-23 03:44:00,2024-06-11 03:44:00,2024-06-07 03:44:00
ORD_001400,CUST_000199,shipped,2024-03-16 15:09:00,2024-03-17 04:09:00,2024-03-19 15:09:00,2024-04-05 15:09:00,2024-03-26 15:09:00
ORD_001401,CUST_000302,shipped,2024-04-14 16:40:00,2024-04-15 16:40:00,2024-04-17 16:40:00,2024-05-06 16:40:00,2024-04-26 16:40:00
ORD_001402,CUST_000194,cancelled,2024-01-12 09:26:00,2024-01-12 11:26:00,2024-01-14 09:26:00,2024-01-18 09:26:00,2024-01-22 09:26:00
ORD_001403,CUST_000413,delivered,2024-12-15 17:59:00,2024-12-16 05:59:00,2024-12-16 17:59:00,2025-01-08 17:59:00,2024-12-29 17:59:00
ORD_001404,CUST_000181,delivered,2024-03-08 15:22:00,2024-03-09 04:22:00,2024-03-11 15:22:00,2024-03-17 15:22:00,2024-03-20 15:22:00
ORD_001405,CUST_000609,delivered,2024-08-03 14:47:00,2024-08-04 13:47:00,2024-08-05 14:47:00,2024-08-23 14:47:00,2024-08-19 14:47:00
ORD_001406,CUST_000283,cancelled,2024-11-26 00:18:00,2024-11-26 17:18:00,2024-11-29 00:18:00,2024-12-01 00:18:00,2024-12-08 00:18:00
ORD_001407,CUST_000543,delivered,2024-04-06 02:01:00,2024-04-06 23:01:00,2024-04-07 02:01:00,2024-04-19 02:01:00,2024-04-26 02:01:00
ORD_001408,CUST_000623,delivered,2024-04-28 16:41:00,2024-04-29 13:41:00,2024-04-29 16:41:00,2024-05-14 16:41:00,2024-05-08 16:41:00
ORD_001409,CUST_000506,processing,2024-06-20 13:37:00,2024-06-21 04:37:00,2024-06-21 13:37:00,2024-06-29 13:37:00,2024-07-01 13:37:00
ORD_001410,CUST_000532,delivered,2024-06-24 20:41:00,2024-06-25 10:41:00,2024-06-25 20:41:00,2024-07-06 20:41:00,2024-07-13 20:41:00
ORD_001411,CUST_000444,shipped,2024-06-16 15:37:00,2024-06-16 19:37:00,2024-06-17 15:37:00,2024-07-07 15:37:00,2024-07-06 15:37:00
ORD_001412,CUST_000112,processing,2024-12-06 22:33:00,2024-12-07 02:33:00,2024-12-09 22:33:00,2024-12-27 22:33:00,2024-12-23 22:33:00
ORD_001413,CUST_000698,delivered,2024-10-07 14:29:00,2024-10-07 19:29:00,2024-10-10 14:29:00,2024-10-29 14:29:00,2024-10-18 14:29:00
ORD_001414,CUST_000052,processing,2024-06-04 18:08:00,2024-06-05 03:08:00,2024-06-07 18:08:00,2024-06-20 18:08:00,2024-06-16 18:08:00
ORD_001415,CUST_000662,delivered,2024-06-05 05:50:00,2024-06-06 00:50:00,2024-06-06 05:50:00,2024-06-22 05:50:00,2024-06-25 05:50:00
ORD_001416,CUST_000255,cancelled,2024-05-13 07:30:00,2024-05-13 11:30:00,2024-05-15 07:30:00,2024-05-23 07:30:00,2024-05-24 07:30:00
ORD_001417,CUST_000982,delivered,2024-07-09 09:49:00,2024-07-10 09:49:00,2024-07-11 09:49:00,2024-07-18 09:49:00,2024-07-21 09:49:00
ORD_001418,CUST_000114,processing,2024-01-25 04:22:00,2024-01-25 10:22:00,2024-01-27 04:22:00,2024-02-09 04:22:00,2024-02-08 04:22:00
ORD_001419,CUST_000225,shipped,2024-05-25 14:10:00,2024-05-26 02:10:00,2024-05-28 14:10:00,2024-06-16 14:10:00,2024-06-05 14:10:00
ORD_001420,CUST_000118,shipped,2024-11-12 05:45:00,2024-11-12 19:45:00,2024-11-14 05:45:00,2024-11-30 05:45:00,2024-11-25 05:45:00
ORD_001421,CUST_000055,delivered,2024-10-01 09:11:00,2024-10-02 07:11:00,2024-10-02 09:11:00,2024-10-19 09:11:00,2024-10-20 09:11:00
ORD_001422,CUST_000917,processing,2024-03-30 22:44:00,2024-03-31 09:44:00,2024-04-02 22:44:00,2024-04-05 22:44:00,2024-04-12 22:44:00
ORD_001423,CUST_000037,delivered,2024-12-07 04:10:00,2024-12-07 09:10:00,2024-12-10 04:10:00,2024-12-22 04:10:00,2024-12-23 04:10:00
ORD_001424,CUST_000590,processing,2024-05-01 03:02:00,2024-05-01 11:02:00,2024-05-04 03:02:00,2024-05-24 03:02:00,2024-05-20 03:02:00
ORD_001425,CUST_000273,cancelled,2024-06-11 18:08:00,2024-06-12 10:08:00,2024-06-13 18:08:00,2024-07-02 18:08:00,2024-06-27 18:08:00
ORD_001426,CUST_000245,delivered,2024-08-13 08:23:00,2024-08-13 15:23:00,2024-08-16 08:23:00,2024-08-31 08:23:00,2024-08-30 08:23:00
ORD_001427,CUST_000068,delivered,2024-04-04 06:35:00,2024-04-04 15:35:00,2024-04-07 06:35:00,2024-04-23 06:35:00,2024-04-22 06:35:00
ORD_001428,CUST_000545,cancelled,2024-12-28 01:42:00,2024-12-28 05:42:00,2024-12-29 01:42:00,2025-01-19 01:42:00,2025-01-16 01:42:00
ORD_001429,CUST_000104,processing,2024-06-11 11:09:00,2024-06-11 22:09:00,2024-06-13 11:09:00,2024-06-30 11:09:00,2024-07-01 11:09:00
ORD_001430,CUST_000283,cancelled,2024-07-09 14:34:00,2024-07-10 11:34:00,2024-07-11 14:34:00,2024-07-22 14:34:00,2024-07-26 14:34:00
ORD_001431,CUST_000232,delivered,2024-03-24 17:19:00,2024-03-25 16:19:00,2024-03-25 17:19:00,2024-04-07 17:19:00,2024-04-09 17:19:00
ORD_001432,CUST_000904,cancelled,2024-03-03 00:25:00,2024-03-03 03:25:00,2024-03-05 00:25:00,2024-03-13 00:25:00,2024-03-13 00:25:00
ORD_001433,CUST_000636,shipped,2024-09-12 04:29:00,2024-09-12 19:29:00,2024-09-14 04:29:00,2024-09-21 04:29:00,2024-10-01 04:29:00
ORD_001434,CUST_000717,cancelled,2024-06-12 04:00:00,2024-06-13 03:00:00,2024-06-15 04:00:00,2024-07-02 04:00:00,2024-06-30 04:00:00
ORD_001435,CUST_000734,delivered,2024-10-06 16:21:00,2024-10-07 08:21:00,2024-10-09 16:21:00,2024-10-21 16:21:00,2024-10-23 16:21:00
ORD_001436,CUST_000415,shipped,2024-11-27 22:18:00,2024-11-28 06:18:00,2024-11-29 22:18:00,2024-12-18 22:18:00,2024-12-10 22:18:00
ORD_001437,CUST_000402,delivered,2024-08-30 09:48:00,2024-08-30 18:48:00,2024-08-31 09:48:00,2024-09-14 09:48:00,2024-09-10 09:48:00
ORD_001438,CUST_000403,delivered,2024-10-20 21:09:00,2024-10-21 08:09:00,2024-10-21 21:09:00,2024-11-02 21:09:00,2024-11-01 21:09:00
ORD_001439,CUST_000104,delivered,2024-10-16 23:58:00,2024-10-17 09:58:00,2024-10-17 23:58:00,2024-11-07 23:58:00,2024-11-01 23:58:00
ORD_001440,CUST_000226,delivered,2024-08-14 10:44:00,2024-08-15 09:44:00,2024-08-16 10:44:00,2024-09-08 10:44:00,2024-08-31 10:44:00
ORD_001441,CUST_000752,shipped,2024-02-27 23:30:00,2024-02-28 14:30:00,2024-03-01 23:30:00,2024-03-13 23:30:00,2024-03-15 23:30:00
ORD_001442,CUST_000844,delivered,2024-01-21 04:43:00,2024-01-21 15:43:00,2024-01-23 04:43:00,2024-02-13 04:43:00,2024-02-03 04:43:00
ORD_001443,CUST_000901,delivered,2024-10-09 03:19:00,2024-10-09 18:19:00,2024-10-11 03:19:00,2024-10-27 03:19:00,2024-10-20 03:19:00
ORD_001444,CUST_000709,delivered,2024-01-13 12:39:00,2024-01-14 11:39:00,2024-01-15 12:39:00,2024-01-29 12:39:00,2024-02-01 12:39:00
ORD_001445,CUST_000275,cancelled,2024-04-22 14:22:00,2024-04-22 23:22:00,2024-04-25 14:22:00,2024-05-07 14:22:00,2024-05-04 14:22:00
ORD_001446,CUST_000508,delivered,2024-02-17 10:03:00,2024-02-18 05:03:00,2024-02-18 10:03:00,2024-03-12 10:03:00,2024-02-29 10:03:00
ORD_001447,CUST_000211,delivered,2024-11-07 20:12:00,2024-11-08 05:12:00,2024-11-08 20:12:00,2024-11-21 20:12:00,2024-11-24 20:12:00
ORD_001448,CUST_000176,delivered,2024-10-25 16:14:00,2024-10-26 12:14:00,2024-10-26 16:14:00,2024-11-04 16:14:00,2024-11-14 16:14:00
ORD_001449,CUST_000805,delivered,2024-05-22 06:01:00,2024-05-22 08:01:00,2024-05-23 06:01:00,2024-06-12 06:01:00,2024-06-07 06:01:00
ORD_001450,CUST_000209,processing,2024-02-12 17:54:00,2024-02-12 22:54:00,2024-02-13 17:54:00,2024-02-21 17:54:00,2024-03-03 17:54:00
ORD_001451,CUST_000356,delivered,2024-08-16 21:42:00,2024-08-17 02:42:00,2024-08-17 21:42:00,2024-08-30 21:42:00,2024-08-26 21:42:00
ORD_001452,CUST_000653,cancelled,2024-02-14 16:25:00,2024-02-15 09:25:00,2024-02-17 16:25:00,2024-03-09 16:25:00,2024-03-02 16:25:00
ORD_001453,CUST_000295,delivered,2024-04-09 15:20:00,2024-04-10 01:20:00,2024-04-10 15:20:00,2024-04-17 15:20:00,2024-04-24 15:20:00
ORD_001454,CUST_000723,delivered,2024-11-04 19:32:00,2024-11-04 20:32:00,2024-11-07 19:32:00,2024-11-11 19:32:00,2024-11-23 19:32:00
ORD_001455,CUST_000611,delivered,2024-01-29 21:23:00,2024-01-30 05:23:00,2024-01-30 21:23:00,2024-02-16 21:23:00,2024-02-16 21:23:00
ORD_001456,CUST_000295,delivered,2024-07-22 04:45:00,2024-07-22 16:45:00,2024-07-24 04:45:00,2024-08-06 04:45:00,2024-08-09 04:45:00
ORD_001457,CUST_000752,delivered,2024-08-06 11:24:00,2024-08-07 06:24:00,2024-08-09 11:24:00,2024-08-11 11:24:00,2024-08-25 11:24:00
ORD_001458,CUST_000004,delivered,2024-07-09 00:18:00,2024-07-09 12:18:00,2024-07-12 00:18:00,2024-07-18 00:18:00,2024-07-26 00:18:00
ORD_001459,CUST_000097,delivered,2024-06-25 11:19:00,2024-06-26 10:19:00,2024-06-27 11:19:00,2024-06-30 11:19:00,2024-07-15 11:19:00
ORD_001460,CUST_000190,delivered,2024-08-16 17:05:00,2024-08-17 03:05:00,2024-08-19 17:05:00,2024-08-22 17:05:00,2024-09-03 17:05:00
ORD_001461,CUST_000516,delivered,2024-04-20 23:56:00,2024-04-21 09:56:00,2024-04-22 23:56:00,2024-04-26 23:56:00,2024-05-06 23:56:00
ORD_001462,CUST_000930,delivered,2024-08-15 23:26:00,2024-08-16 22:26:00,2024-08-17 23:26:00,2024-08-24 23:26:00,2024-08-30 23:26:00
ORD_001463,CUST_000718,processing,2024-08-14 09:10:00,2024-08-14 15:10:00,2024-08-15 09:10:00,2024-08-28 09:10:00,2024-08-27 09:10:00
ORD_001464,CUST_000638,delivered,2024-08-05 23:57:00,2024-08-06 18:57:00,2024-08-08 23:57:00,2024-08-21 23:57:00,2024-08-25 23:57:00
ORD_001465,CUST_000489,cancelled,2024-07-31 04:53:00,2024-08-01 01:53:00,2024-08-01 04:53:00,2024-08-25 04:53:00,2024-08-13 04:53:00
ORD_001466,CUST_000757,delivered,2024-10-27 19:05:00,2024-10-28 05:05:00,2024-10-30 19:05:00,2024-11-08 19:05:00,2024-11-16 19:05:00
ORD_001467,CUST_000313,processing,2024-03-14 06:19:00,2024-03-14 22:19:00,2024-03-16 06:19:00,2024-04-06 06:19:00,2024-04-03 06:19:00
ORD_001468,CUST_000874,shipped,2024-08-31 16:21:00,2024-09-01 15:21:00,2024-09-01 16:21:00,2024-09-25 16:21:00,2024-09-19 16:21:00
ORD_001469,CUST_000929,delivered,2024-02-03 18:48:00,2024-02-04 09:48:00,2024-02-06 18:48:00,2024-02-15 18:48:00,2024-02-17 18:48:00
ORD_001470,CUST_000705,delivered,2024-07-11 02:00:00,2024-07-12 00:00:00,2024-07-12 02:00:00,2024-07-18 02:00:00,2024-07-24 02:00:00
ORD_001471,CUST_000245,shipped,2024-07-28 20:58:00,2024-07-29 06:58:00,2024-07-29 20:58:00,2024-08-09 20:58:00,2024-08-08 20:58:00
ORD_001472,CUST_000175,cancelled,2024-05-19 13:11:00,2024-05-19 18:11:00,2024-05-20 13:11:00,2024-05-28 13:11:00,2024-06-07 13:11:00
ORD_001473,CUST_000323,delivered,2024-10-11 14:45:00,2024-10-12 14:45:00,2024-10-12 14:45:00,2024-11-05 14:45:00,2024-10-22 14:45:00
ORD_001474,CUST_000698,processing,2024-10-17 04:12:00,2024-10-18 03:12:00,2024-10-19 04:12:00,2024-10-25 04:12:00,2024-11-06 04:12:00
ORD_001475,CUST_000072,delivered,2024-04-05 12:18:00,2024-04-05 17:18:00,2024-04-06 12:18:00,2024-04-20 12:18:00,2024-04-21 12:18:00
ORD_001476,CUST_000171,delivered,2024-10-10 15:02:00,2024-10-10 20:02:00,2024-10-13 15:02:00,2024-10-25 15:02:00,2024-10-25 15:02:00
ORD_001477,CUST_000192,delivered,2024-06-03 18:19:00,2024-06-04 14:19:00,2024-06-06 18:19:00,2024-06-10 18:19:00,2024-06-17 18:19:00
ORD_001478,CUST_000341,shipped,2024-09-09 17:47:00,2024-09-10 03:47:00,2024-09-11 17:47:00,2024-09-20 17:47:00,2024-09-22 17:47:00
ORD_001479,CUST_000922,delivered,2024-08-25 07:01:00,2024-08-25 20:01:00,2024-08-26 07:01:00,2024-08-30 07:01:00,2024-09-04 07:01:00
ORD_001480,CUST_000467,cancelled,2024-01-02 04:16:00,2024-01-02 13:16:00,2024-01-04 04:16:00,2024-01-17 04:16:00,2024-01-20 04:16:00
ORD_001481,CUST_000146,delivered,2024-06-02 20:53:00,2024-06-03 17:53:00,2024-06-03 20:53:00,2024-06-17 20:53:00,2024-06-22 20:53:00
ORD_001482,CUST_000986,delivered,2024-11-21 15:07:00,2024-11-21 23:07:00,2024-11-24 15:07:00,2024-12-11 15:07:00,2024-12-10 15:07:00
ORD_001483,CUST_000014,delivered,2024-11-30 21:57:00,2024-11-30 22:57:00,2024-12-01 21:57:00,2024-12-06 21:57:00,2024-12-20 21:57:00
ORD_001484,CUST_000683,delivered,2024-05-27 13:11:00,2024-05-27 20:11:00,2024-05-28 13:11:00,2024-06-17 13:11:00,2024-06-11 13:11:00
ORD_001485,CUST_000486,delivered,2024-09-08 22:41:00,2024-09-09 17:41:00,2024-09-11 22:41:00,2024-09-19 22:41:00,2024-09-20 22:41:00
ORD_001486,CUST_000439,processing,2024-05-05 00:07:00,2024-05-05 10:07:00,2024-05-08 00:07:00,2024-05-30 00:07:00,2024-05-18 00:07:00
ORD_001487,CUST_000343,processing,2024-05-21 15:04:00,2024-05-21 20:04:00,2024-05-23 15:04:00,2024-06-15 15:04:00,2024-06-01 15:04:00
ORD_001488,CUST_000022,delivered,2024-11-02 23:23:00,2024-11-03 18:23:00,2024-11-05 23:23:00,2024-11-20 23:23:00,2024-11-14 23:23:00
ORD_001489,CUST_000182,cancelled,2024-10-24 15:36:00,2024-10-24 16:36:00,2024-10-27 15:36:00,2024-11-15 15:36:00,2024-11-03 15:36:00
ORD_001490,CUST_000998,shipped,2024-08-11 08:40:00,2024-08-11 17:40:00,2024-08-12 08:40:00,2024-08-21 08:40:00,2024-08-23 08:40:00
ORD_001491,CUST_000271,delivered,2024-12-17 15:44:00,2024-12-18 03:44:00,2024-12-19 15:44:00,2024-12-25 15:44:00,2024-12-28 15:44:00
ORD_001492,CUST_000903,cancelled,2024-03-02 11:32:00,2024-03-03 11:32:00,2024-03-03 11:32:00,2024-03-16 11:32:00,2024-03-21 11:32:00
ORD_001493,CUST_000079,delivered,2024-10-21 00:54:00,2024-10-21 17:54:00,2024-10-23 00:54:00,2024-11-04 00:54:00,2024-11-01 00:54:00
ORD_001494,CUST_000175,shipped,2024-05-12 05:37:00,2024-05-13 05:37:00,2024-05-13 05:37:00,2024-05-26 05:37:00,2024-05-27 05:37:00
ORD_001495,CUST_000696,processing,2024-01-30 04:20:00,2024-01-30 21:20:00,2024-02-01 04:20:00,2024-02-20 04:20:00,2024-02-09 04:20:00
ORD_001496,CUST_000779,cancelled,2024-08-24 22:08:00,2024-08-25 11:08:00,2024-08-25 22:08:00,2024-09-14 22:08:00,2024-09-08 22:08:00
ORD_001497,CUST_000874,delivered,2024-07-01 05:03:00,2024-07-01 21:03:00,2024-07-02 05:03:00,2024-07-25 05:03:00,2024-07-18 05:03:00
ORD_001498,CUST_000010,delivered,2024-05-19 11:26:00,2024-05-20 07:26:00,2024-05-22 11:26:00,2024-06-05 11:26:00,2024-06-04 11:26:00
ORD_001499,CUST_000609,delivered,2024-11-21 11:03:00,2024-11-21 17:03:00,2024-11-23 11:03:00,2024-12-08 11:03:00,2024-12-05 11:03:00
ORD_001500,CUST_000361,processing,2024-05-28 09:33:00,2024-05-28 21:33:00,2024-05-30 09:33:00,2024-06-20 09:33:00,2024-06-11 09:33:00
ORD_001501,CUST_000993,processing,2024-11-23 02:32:00,2024-11-23 23:32:00,2024-11-25 02:32:00,2024-12-17 02:32:00,2024-12-12 02:32:00
ORD_001502,CUST_000486,shipped,2024-04-09 20:11:00,2024-04-10 01:11:00,2024-04-10 20:11:00,2024-04-29 20:11:00,2024-04-29 20:11:00
ORD_001503,CUST_000598,delivered,2024-02-18 19:48:00,2024-02-19 14:48:00,2024-02-19 19:48:00,2024-02-27 19:48:00,2024-03-06 19:48:00
ORD_001504,CUST_000002,shipped,2024-03-26 17:20:00,2024-03-27 10:20:00,2024-03-27 17:20:00,2024-04-15 17:20:00,2024-04-09 17:20:00
ORD_001505,CUST_000501,shipped,2024-06-10 21:51:00,2024-06-11 08:51:00,2024-06-12 21:51:00,2024-06-22 21:51:00,2024-06-27 21:51:00
ORD_001506,CUST_000895,processing,2024-06-03 08:43:00,2024-06-04 01:43:00,2024-06-06 08:43:00,2024-06-21 08:43:00,2024-06-13 08:43:00
ORD_001507,CUST_000254,delivered,2024-12-23 22:23:00,2024-12-24 10:23:00,2024-12-26 22:23:00,2025-01-11 22:23:00,2025-01-02 22:23:00
ORD_001508,CUST_000484,delivered,2024-02-19 17:37:00,2024-02-20 06:37:00,2024-02-22 17:37:00,2024-03-15 17:37:00,2024-02-29 17:37:00
ORD_001509,CUST_000113,delivered,2024-06-29 04:00:00,2024-06-29 20:00:00,2024-07-02 04:00:00,2024-07-18 04:00:00,2024-07-11 04:00:00
ORD_001510,CUST_000047,processing,2024-03-11 16:18:00,2024-03-12 13:18:00,2024-03-12 16:18:00,2024-03-25 16:18:00,2024-03-27 16:18:00
ORD_001511,CUST_000839,delivered,2024-07-09 15:26:00,2024-07-09 21:26:00,2024-07-10 15:26:00,2024-08-03 15:26:00,2024-07-27 15:26:00
ORD_001512,CUST_000018,cancelled,2024-06-23 05:06:00,2024-06-23 22:06:00,2024-06-26 05:06:00,2024-07-11 05:06:00,2024-07-10 05:06:00
ORD_001513,CUST_000581,delivered,2024-04-21 04:32:00,2024-04-21 20:32:00,2024-04-22 04:32:00,2024-04-30 04:32:00,2024-05-07 04:32:00
ORD_001514,CUST_000697,delivered,2024-04-23 06:50:00,2024-04-23 12:50:00,2024-04-26 06:50:00,2024-04-28 06:50:00,2024-05-07 06:50:00
ORD_001515,CUST_000298,processing,2024-10-13 19:44:00,2024-10-14 11:44:00,2024-10-14 19:44:00,2024-10-22 19:44:00,2024-10-27 19:44:00
ORD_001516,CUST_000856,delivered,2024-09-26 17:45:00,2024-09-27 06:45:00,2024-09-27 17:45:00,2024-10-12 17:45:00,2024-10-14 17:45:00
ORD_001517,CUST_000234,delivered,2024-10-09 22:48:00,2024-10-09 23:48:00,2024-10-11 22:48:00,2024-10-30 22:48:00,2024-10-29 22:48:00
ORD_001518,CUST_000538,delivered,2024-02-28 13:29:00,2024-02-29 11:29:00,2024-03-02 13:29:00,2024-03-09 13:29:00,2024-03-15 13:29:00
ORD_001519,CUST_000516,processing,2024-02-09 03:52:00,2024-02-09 06:52:00,2024-02-10 03:52:00,2024-02-25 03:52:00,2024-02-26 03:52:00
ORD_001520,CUST_000172,processing,2024-03-08 00:30:00,2024-03-08 11:30:00,2024-03-11 00:30:00,2024-03-22 00:30:00,2024-03-24 00:30:00
ORD_001521,CUST_000774,delivered,2024-06-27 09:44:00,2024-06-27 17:44:00,2024-06-28 09:44:00,2024-07-08 09:44:00,2024-07-11 09:44:00
ORD_001522,CUST_000151,cancelled,2024-07-04 04:52:00,2024-07-04 14:52:00,2024-07-05 04:52:00,2024-07-11 04:52:00,2024-07-23 04:52:00
ORD_001523,CUST_000794,delivered,2024-08-14 19:33:00,2024-08-15 02:33:00,2024-08-17 19:33:00,2024-09-04 19:33:00,2024-08-31 19:33:00
ORD_001524,CUST_000097,delivered,2024-06-24 05:45:00,2024-06-24 13:45:00,2024-06-26 05:45:00,2024-07-05 05:45:00,2024-07-13 05:45:00
ORD_001525,CUST_000103,shipped,2024-06-04 00:47:00,2024-06-04 05:47:00,2024-06-07 00:47:00,2024-06-14 00:47:00,2024-06-21 00:47:00
ORD_001526,CUST_000312,cancelled,2024-03-01 07:08:00,2024-03-01 16:08:00,2024-03-03 07:08:00,2024-03-23 07:08:00,2024-03-15 07:08:00
ORD_001527,CUST_000824,cancelled,2024-12-21 04:44:00,2024-12-22 00:44:00,2024-12-22 04:44:00,2024-12-29 04:44:00,2025-01-01 04:44:00
ORD_001528,CUST_000754,delivered,2024-04-26 09:08:00,2024-04-27 09:08:00,2024-04-28 09:08:00,2024-05-05 09:08:00,2024-05-12 09:08:00
ORD_001529,CUST_000344,delivered,2024-04-17 04:05:00,2024-04-17 08:05:00,2024-04-19 04:05:00,2024-04-28 04:05:00,2024-04-30 04:05:00
ORD_001530,CUST_000464,delivered,2024-08-05 22:48:00,2024-08-06 19:48:00,2024-08-06 22:48:00,2024-08-12 22:48:00,2024-08-21 22:48:00
ORD_001531,CUST_000503,delivered,2024-02-27 02:01:00,2024-02-27 09:01:00,2024-02-29 02:01:00,2024-03-07 02:01:00,2024-03-13 02:01:00
ORD_001532,CUST_000753,processing,2024-09-04 13:02:00,2024-09-05 01:02:00,2024-09-05 13:02:00,2024-09-15 13:02:00,2024-09-20 13:02:00
ORD_001533,CUST_000360,delivered,2024-04-10 03:02:00,2024-04-10 19:02:00,2024-04-12 03:02:00,2024-05-04 03:02:00,2024-04-20 03:02:00
ORD_001534,CUST_000559,delivered,2024-12-03 16:37:00,2024-12-04 07:37:00,2024-12-05 16:37:00,2024-12-12 16:37:00,2024-12-17 16:37:00
ORD_001535,CUST_000264,delivered,2024-01-31 15:07:00,2024-02-01 10:07:00,2024-02-01 15:07:00,2024-02-25 15:07:00,2024-02-15 15:07:00
ORD_001536,CUST_000680,cancelled,2024-05-09 01:04:00,2024-05-09 22:04:00,2024-05-10 01:04:00,2024-05-14 01:04:00,2024-05-19 01:04:00
ORD_001537,CUST_000499,cancelled,2024-06-03 21:00:00,2024-06-03 22:00:00,2024-06-06 21:00:00,2024-06-28 21:00:00,2024-06-13 21:00:00
ORD_001538,CUST_000260,delivered,2024-02-19 03:58:00,2024-02-20 03:58:00,2024-02-22 03:58:00,2024-03-04 03:58:00,2024-03-06 03:58:00
ORD_001539,CUST_000374,delivered,2024-11-04 06:37:00,2024-11-04 23:37:00,2024-11-06 06:37:00,2024-11-28 06:37:00,2024-11-17 06:37:00
ORD_001540,CUST_000470,cancelled,2024-04-12 05:42:00,2024-04-12 13:42:00,2024-04-14 05:42:00,2024-04-19 05:42:00,2024-04-27 05:42:00
ORD_001541,CUST_000014,shipped,2024-06-28 00:05:00,2024-06-29 00:05:00,2024-06-30 00:05:00,2024-07-04 00:05:00,2024-07-13 00:05:00
ORD_001542,CUST_000848,delivered,2024-03-15 23:17:00,2024-03-16 06:17:00,2024-03-18 23:17:00,2024-04-01 23:17:00,2024-03-28 23:17:00
ORD_001543,CUST_000362,delivered,2024-10-23 11:22:00,2024-10-23 23:22:00,2024-10-24 11:22:00,2024-10-28 11:22:00,2024-11-09 11:22:00
ORD_001544,CUST_000309,cancelled,2024-03-23 16:49:00,2024-03-24 14:49:00,2024-03-26 16:49:00,2024-03-30 16:49:00,2024-04-05 16:49:00
ORD_001545,CUST_000728,delivered,2024-11-09 07:32:00,2024-11-09 09:32:00,2024-11-10 07:32:00,2024-11-30 07:32:00,2024-11-19 07:32:00
ORD_001546,CUST_000342,cancelled,2024-10-18 02:06:00,2024-10-18 15:06:00,2024-10-20 02:06:00,2024-10-30 02:06:00,2024-11-06 02:06:00
ORD_001547,CUST_000913,delivered,2024-10-23 00:33:00,2024-10-23 21:33:00,2024-10-26 00:33:00,2024-11-10 00:33:00,2024-11-08 00:33:00
ORD_001548,CUST_000531,cancelled,2024-04-21 22:12:00,2024-04-22 02:12:00,2024-04-24 22:12:00,2024-05-04 22:12:00,2024-05-05 22:12:00
ORD_001549,CUST_000794,shipped,2024-05-24 05:57:00,2024-05-24 16:57:00,2024-05-26 05:57:00,2024-06-13 05:57:00,2024-06-12 05:57:00
ORD_001550,CUST_000680,processing,2024-10-02 00:46:00,2024-10-02 17:46:00,2024-10-05 00:46:00,2024-10-12 00:46:00,2024-10-18 00:46:00
ORD_001551,CUST_000878,delivered,2024-02-20 06:58:00,2024-02-20 09:58:00,2024-02-23 06:58:00,2024-03-02 06:58:00,2024-03-10 06:58:00
ORD_001552,CUST_000886,cancelled,2024-09-15 22:30:00,2024-09-16 07:30:00,2024-09-16 22:30:00,2024-10-07 22:30:00,2024-09-27 22:30:00
ORD_001553,CUST_000924,shipped,2024-07-06 22:37:00,2024-07-07 16:37:00,2024-07-07 22:37:00,2024-07-25 22:37:00,2024-07-23 22:37:00
ORD_001554,CUST_000864,delivered,2024-04-04 14:43:00,2024-04-05 08:43:00,2024-04-07 14:43:00,2024-04-20 14:43:00,2024-04-21 14:43:00
ORD_001555,CUST_000611,delivered,2024-02-24 05:53:00,2024-02-25 05:53:00,2024-02-27 05:53:00,2024-02-29 05:53:00,2024-03-06 05:53:00
ORD_001556,CUST_000496,delivered,2024-06-30 12:27:00,2024-07-01 06:27:00,2024-07-02 12:27:00,2024-07-22 12:27:00,2024-07-11 12:27:00
ORD_001557,CUST_000116,delivered,2024-04-19 16:14:00,2024-04-19 19:14:00,2024-04-21 16:14:00,2024-04-29 16:14:00,2024-05-09 16:14:00
ORD_001558,CUST_000277,cancelled,2024-07-27 03:48:00,2024-07-27 05:48:00,2024-07-28 03:48:00,2024-08-16 03:48:00,2024-08-15 03:48:00
ORD_001559,CUST_000703,delivered,2024-06-09 03:29:00,2024-06-09 18:29:00,2024-06-11 03:29:00,2024-06-26 03:29:00,2024-06-29 03:29:00
ORD_001560,CUST_000532,delivered,2024-02-26 16:08:00,2024-02-27 11:08:00,2024-02-29 16:08:00,2024-03-18 16:08:00,2024-03-12 16:08:00
ORD_001561,CUST_000746,processing,2024-09-10 11:45:00,2024-09-11 04:45:00,2024-09-11 11:45:00,2024-09-17 11:45:00,2024-09-22 11:45:00
ORD_001562,CUST_000656,processing,2024-05-27 17:46:00,2024-05-28 01:46:00,2024-05-29 17:46:00,2024-06-15 17:46:00,2024-06-15 17:46:00
ORD_001563,CUST_000022,delivered,2024-01-21 02:20:00,2024-01-21 10:20:00,2024-01-22 02:20:00,2024-01-31 02:20:00,2024-02-06 02:20:00
ORD_001564,CUST_000152,delivered,2024-09-09 03:24:00,2024-09-09 12:24:00,2024-09-12 03:24:00,2024-09-19 03:24:00,2024-09-22 03:24:00
ORD_001565,CUST_000421,delivered,2024-05-25 14:38:00,2024-05-26 14:38:00,2024-05-26 14:38:00,2024-06-10 14:38:00,2024-06-09 14:38:00
ORD_001566,CUST_000877,shipped,2024-06-08 21:53:00,2024-06-09 03:53:00,2024-06-11 21:53:00,2024-06-28 21:53:00,2024-06-21 21:53:00
ORD_001567,CUST_000226,processing,2024-08-15 07:35:00,2024-08-16 06:35:00,2024-08-16 07:35:00,2024-09-03 07:35:00,2024-08-25 07:35:00
ORD_001568,CUST_000676,shipped,2024-07-27 09:54:00,2024-07-28 06:54:00,2024-07-30 09:54:00,2024-08-11 09:54:00,2024-08-11 09:54:00
ORD_001569,CUST_000146,processing,2024-08-07 06:54:00,2024-08-07 14:54:00,2024-08-08 06:54:00,2024-08-20 06:54:00,2024-08-26 06:54:00
ORD_001570,CUST_000366,cancelled,2024-02-05 15:43:00,2024-02-05 23:43:00,2024-02-07 15:43:00,2024-02-21 15:43:00,2024-02-22 15:43:00
ORD_001571,CUST_000510,cancelled,2024-07-07 05:00:00,2024-07-08 04:00:00,2024-07-09 05:00:00,2024-07-29 05:00:00,2024-07-17 05:00:00
ORD_001572,CUST_000032,delivered,2024-12-11 15:43:00,2024-12-12 14:43:00,2024-12-13 15:43:00,2025-01-05 15:43:00,2024-12-23 15:43:00
ORD_001573,CUST_000251,cancelled,2024-02-23 12:28:00,2024-02-24 03:28:00,2024-02-25 12:28:00,2024-03-07 12:28:00,2024-03-09 12:28:00
ORD_001574,CUST_000592,delivered,2024-09-24 21:43:00,2024-09-25 03:43:00,2024-09-26 21:43:00,2024-10-14 21:43:00,2024-10-09 21:43:00
ORD_001575,CUST_000759,cancelled,2024-02-13 03:09:00,2024-02-13 05:09:00,2024-02-16 03:09:00,2024-02-22 03:09:00,2024-02-24 03:09:00
ORD_001576,CUST_000713,delivered,2024-07-21 12:44:00,2024-07-22 08:44:00,2024-07-23 12:44:00,2024-08-07 12:44:00,2024-08-02 12:44:00
ORD_001577,CUST_000997,cancelled,2024-10-29 03:47:00,2024-10-29 12:47:00,2024-10-31 03:47:00,2024-11-07 03:47:00,2024-11-16 03:47:00
ORD_001578,CUST_000442,shipped,2024-03-27 02:23:00,2024-03-27 20:23:00,2024-03-30 02:23:00,2024-04-19 02:23:00,2024-04-08 02:23:00
ORD_001579,CUST_000369,delivered,2024-04-11 10:12:00,2024-04-11 19:12:00,2024-04-14 10:12:00,2024-04-17 10:12:00,2024-04-28 10:12:00
ORD_001580,CUST_000212,shipped,2024-10-31 12:07:00,2024-10-31 15:07:00,2024-11-02 12:07:00,2024-11-15 12:07:00,2024-11-16 12:07:00
ORD_001581,CUST_000763,delivered,2024-04-29 13:46:00,2024-04-30 13:46:00,2024-05-01 13:46:00,2024-05-08 13:46:00,2024-05-19 13:46:00
ORD_001582,CUST_000092,delivered,2024-09-12 08:48:00,2024-09-12 15:48:00,2024-09-14 08:48:00,2024-10-06 08:48:00,2024-09-25 08:48:00
ORD_001583,CUST_000199,shipped,2024-10-24 18:17:00,2024-10-25 18:17:00,2024-10-27 18:17:00,2024-10-31 18:17:00,2024-11-09 18:17:00
ORD_001584,CUST_000943,delivered,2024-11-25 12:22:00,2024-11-25 15:22:00,2024-11-27 12:22:00,2024-12-16 12:22:00,2024-12-09 12:22:00
ORD_001585,CUST_000978,delivered,2024-08-31 21:38:00,2024-09-01 02:38:00,2024-09-02 21:38:00,2024-09-19 21:38:00,2024-09-13 21:38:00
ORD_001586,CUST_000387,delivered,2024-07-26 15:32:00,2024-07-27 08:32:00,2024-07-29 15:32:00,2024-08-12 15:32:00,2024-08-06 15:32:00
ORD_001587,CUST_000655,delivered,2024-05-22 04:49:00,2024-05-22 14:49:00,2024-05-25 04:49:00,2024-06-13 04:49:00,2024-06-06 04:49:00
ORD_001588,CUST_000111,cancelled,2024-08-20 03:07:00,2024-08-20 05:07:00,2024-08-23 03:07:00,2024-09-01 03:07:00,2024-09-08 03:07:00
ORD_001589,CUST_000989,shipped,2024-05-08 15:31:00,2024-05-08 22:31:00,2024-05-11 15:31:00,2024-05-16 15:31:00,2024-05-22 15:31:00
ORD_001590,CUST_000281,delivered,2024-04-28 20:08:00,2024-04-29 04:08:00,2024-05-01 20:08:00,2024-05-15 20:08:00,2024-05-16 20:08:00
ORD_001591,CUST_000899,delivered,2024-01-16 03:47:00,2024-01-16 11:47:00,2024-01-19 03:47:00,2024-01-22 03:47:00,2024-02-04 03:47:00
ORD_001592,CUST_000642,delivered,2024-01-28 02:31:00,2024-01-28 21:31:00,2024-01-31 02:31:00,2024-02-19 02:31:00,2024-02-15 02:31:00
ORD_001593,CUST_000696,cancelled,2024-12-13 00:11:00,2024-12-13 19:11:00,2024-12-16 00:11:00,2024-12-23 00:11:00,2025-01-01 00:11:00
ORD_001594,CUST_000558,delivered,2024-07-14 19:43:00,2024-07-15 11:43:00,2024-07-17 19:43:00,2024-08-02 19:43:00,2024-07-29 19:43:00
ORD_001595,CUST_000921,delivered,2024-06-16 04:19:00,2024-06-16 19:19:00,2024-06-17 04:19:00,2024-06-24 04:19:00,2024-07-05 04:19:00
ORD_001596,CUST_000935,cancelled,2024-11-14 19:06:00,2024-11-14 23:06:00,2024-11-16 19:06:00,2024-12-09 19:06:00,2024-11-30 19:06:00
ORD_001597,CUST_000461,cancelled,2024-02-09 21:48:00,2024-02-10 15:48:00,2024-02-11 21:48:00,2024-02-29 21:48:00,2024-02-24 21:48:00
ORD_001598,CUST_000982,delivered,2024-09-23 15:50:00,2024-09-23 17:50:00,2024-09-24 15:50:00,2024-10-03 15:50:00,2024-10-07 15:50:00
ORD_001599,CUST_000898,delivered,2024-08-26 06:18:00,2024-08-26 17:18:00,2024-08-29 06:18:00,2024-09-02 06:18:00,2024-09-11 06:18:00
ORD_001600,CUST_000540,shipped,2024-12-04 15:31:00,2024-12-05 12:31:00,2024-12-06 15:31:00,2024-12-23 15:31:00,2024-12-24 15:31:00
ORD_001601,CUST_000180,shipped,2024-09-15 08:34:00,2024-09-15 11:34:00,2024-09-17 08:34:00,2024-09-26 08:34:00,2024-10-01 08:34:00
ORD_001602,CUST_000272,processing,2024-06-24 17:34:00,2024-06-25 00:34:00,2024-06-27 17:34:00,2024-07-05 17:34:00,2024-07-07 17:34:00
ORD_001603,CUST_000933,processing,2024-01-10 01:27:00,2024-01-10 17:27:00,2024-01-13 01:27:00,2024-01-29 01:27:00,2024-01-24 01:27:00
ORD_001604,CUST_000696,delivered,2024-03-01 12:28:00,2024-03-01 16:28:00,2024-03-04 12:28:00,2024-03-12 12:28:00,2024-03-16 12:28:00
ORD_001605,CUST_000358,delivered,2024-06-10 12:28:00,2024-06-11 03:28:00,2024-06-13 12:28:00,2024-07-03 12:28:00,2024-06-24 12:28:00
ORD_001606,CUST_000910,shipped,2024-08-23 01:02:00,2024-08-23 04:02:00,2024-08-24 01:02:00,2024-09-17 01:02:00,2024-09-06 01:02:00
ORD_001607,CUST_000340,delivered,2024-03-31 17:42:00,2024-04-01 09:42:00,2024-04-02 17:42:00,2024-04-23 17:42:00,2024-04-13 17:42:00
ORD_001608,CUST_000401,delivered,2024-06-04 22:10:00,2024-06-05 05:10:00,2024-06-07 22:10:00,2024-06-14 22:10:00,2024-06-18 22:10:00
ORD_001609,CUST_000604,delivered,2024-09-08 13:08:00,2024-09-08 17:08:00,2024-09-10 13:08:00,2024-09-13 13:08:00,2024-09-22 13:08:00
ORD_001610,CUST_000428,delivered,2024-06-08 22:24:00,2024-06-09 16:24:00,2024-06-10 22:24:00,2024-06-23 22:24:00,2024-06-19 22:24:00
ORD_001611,CUST_000968,processing,2024-09-06 03:36:00,2024-09-06 22:36:00,2024-09-08 03:36:00,2024-09-16 03:36:00,2024-09-20 03:36:00
ORD_001612,CUST_000283,delivered,2024-12-11 15:42:00,2024-12-11 22:42:00,2024-12-14 15:42:00,2024-12-21 15:42:00,2024-12-30 15:42:00
ORD_001613,CUST_000317,delivered,2024-10-10 21:34:00,2024-10-11 17:34:00,2024-10-13 21:34:00,2024-10-19 21:34:00,2024-10-21 21:34:00
ORD_001614,CUST_000196,delivered,2024-10-19 15:30:00,2024-10-20 07:30:00,2024-10-20 15:30:00,2024-11-11 15:30:00,2024-11-04 15:30:00
ORD_001615,CUST_000043,processing,2024-10-14 05:32:00,2024-10-14 15:32:00,2024-10-16 05:32:00,2024-11-06 05:32:00,2024-11-02 05:32:00
ORD_001616,CUST_000594,delivered,2024-01-29 12:16:00,2024-01-30 07:16:00,2024-01-31 12:16:00,2024-02-22 12:16:00,2024-02-17 12:16:00
ORD_001617,CUST_000533,processing,2024-09-10 18:24:00,2024-09-10 19:24:00,2024-09-11 18:24:00,2024-09-21 18:24:00,2024-09-29 18:24:00
ORD_001618,CUST_000719,cancelled,2024-11-11 21:22:00,2024-11-12 16:22:00,2024-11-14 21:22:00,2024-11-29 21:22:00,2024-11-24 21:22:00
ORD_001619,CUST_000352,delivered,2024-05-25 10:03:00,2024-05-26 00:03:00,2024-05-26 10:03:00,2024-06-04 10:03:00,2024-06-13 10:03:00
ORD_001620,CUST_000855,delivered,2024-01-15 18:02:00,2024-01-15 22:02:00,2024-01-17 18:02:00,2024-01-23 18:02:00,2024-01-28 18:02:00
ORD_001621,CUST_000628,delivered,2024-03-06 11:22:00,2024-03-07 11:22:00,2024-03-08 11:22:00,2024-03-24 11:22:00,2024-03-20 11:22:00
ORD_001622,CUST_000126,delivered,2024-10-25 00:48:00,2024-10-25 15:48:00,2024-10-26 00:48:00,2024-11-09 00:48:00,2024-11-08 00:48:00
ORD_001623,CUST_000444,processing,2024-11-16 10:24:00,2024-11-17 07:24:00,2024-11-18 10:24:00,2024-12-09 10:24:00,2024-12-05 10:24:00
ORD_001624,CUST_000815,delivered,2024-02-19 13:22:00,2024-02-19 20:22:00,2024-02-22 13:22:00,2024-02-26 13:22:00,2024-03-07 13:22:00
ORD_001625,CUST_000466,delivered,2024-07-01 13:22:00,2024-07-02 08:22:00,2024-07-04 13:22:00,2024-07-26 13:22:00,2024-07-15 13:22:00
ORD_001626,CUST_000581,shipped,2024-01-29 21:15:00,2024-01-30 18:15:00,2024-01-31 21:15:00,2024-02-12 21:15:00,2024-02-11 21:15:00
ORD_001627,CUST_000992,delivered,2024-05-06 07:41:00,2024-05-07 03:41:00,2024-05-08 07:41:00,2024-05-18 07:41:00,2024-05-25 07:41:00
ORD_001628,CUST_000812,cancelled,2024-06-08 18:05:00,2024-06-09 09:05:00,2024-06-10 18:05:00,2024-06-30 18:05:00,2024-06-22 18:05:00
ORD_001629,CUST_000812,delivered,2024-12-18 02:55:00,2024-12-18 03:55:00,2024-12-21 02:55:00,2025-01-09 02:55:00,2025-01-03 02:55:00
ORD_001630,CUST_000356,processing,2024-06-05 03:21:00,2024-06-05 12:21:00,2024-06-07 03:21:00,2024-06-14 03:21:00,2024-06-19 03:21:00
ORD_001631,CUST_000296,processing,2024-03-27 00:34:00,2024-03-27 14:34:00,2024-03-30 00:34:00,2024-04-08 00:34:00,2024-04-06 00:34:00
ORD_001632,CUST_000113,delivered,2024-06-15 01:29:00,2024-06-15 21:29:00,2024-06-18 01:29:00,2024-06-25 01:29:00,2024-07-03 01:29:00
ORD_001633,CUST_000993,processing,2024-12-02 13:36:00,2024-12-02 22:36:00,2024-12-03 13:36:00,2024-12-17 13:36:00,2024-12-22 13:36:00
ORD_001634,CUST_000009,delivered,2024-09-20 13:17:00,2024-09-21 05:17:00,2024-09-23 13:17:00,2024-10-15 13:17:00,2024-10-10 13:17:00
ORD_001635,CUST_000511,delivered,2024-01-11 22:30:00,2024-01-12 19:30:00,2024-01-12 22:30:00,2024-01-27 22:30:00,2024-01-29 22:30:00
ORD_001636,CUST_000950,delivered,2024-10-28 00:20:00,2024-10-28 06:20:00,2024-10-31 00:20:00,2024-11-09 00:20:00,2024-11-09 00:20:00
ORD_001637,CUST_000702,shipped,2024-07-12 18:24:00,2024-07-13 05:24:00,2024-07-14 18:24:00,2024-08-04 18:24:00,2024-07-24 18:24:00
ORD_001638,CUST_000151,shipped,2024-06-14 18:06:00,2024-06-15 11:06:00,2024-06-15 18:06:00,2024-07-06 18:06:00,2024-06-27 18:06:00
ORD_001639,CUST_000478,delivered,2024-09-07 03:44:00,2024-09-07 19:44:00,2024-09-10 03:44:00,2024-09-18 03:44:00,2024-09-17 03:44:00
ORD_001640,CUST_000698,cancelled,2024-12-11 06:21:00,2024-12-11 23:21:00,2024-12-14 06:21:00,2024-12-26 06:21:00,2024-12-30 06:21:00
ORD_001641,CUST_000154,shipped,2024-09-11 16:51:00,2024-09-12 02:51:00,2024-09-13 16:51:00,2024-10-03 16:51:00,2024-09-26 16:51:00
ORD_001642,CUST_000536,delivered,2024-12-07 10:10:00,2024-12-08 07:10:00,2024-12-10 10:10:00,2024-12-21 10:10:00,2024-12-25 10:10:00
ORD_001643,CUST_000990,processing,2024-11-10 09:23:00,2024-11-10 19:23:00,2024-11-13 09:23:00,2024-11-23 09:23:00,2024-11-26 09:23:00
ORD_001644,CUST_000297,delivered,2024-08-11 06:31:00,2024-08-11 15:31:00,2024-08-14 06:31:00,2024-08-29 06:31:00,2024-08-23 06:31:00
ORD_001645,CUST_000639,shipped,2024-11-21 02:53:00,2024-11-21 20:53:00,2024-11-23 02:53:00,2024-11-29 02:53:00,2024-12-10 02:53:00
ORD_001646,CUST_000572,delivered,2024-10-01 06:18:00,2024-10-01 14:18:00,2024-10-02 06:18:00,2024-10-21 06:18:00,2024-10-18 06:18:00
ORD_001647,CUST_000681,delivered,2024-05-15 01:19:00,2024-05-15 12:19:00,2024-05-17 01:19:00,2024-06-09 01:19:00,2024-05-28 01:19:00
ORD_001648,CUST_000167,delivered,2024-10-20 12:51:00,2024-10-20 21:51:00,2024-10-23 12:51:00,2024-11-08 12:51:00,2024-11-08 12:51:00
ORD_001649,CUST_000311,processing,2024-04-25 19:47:00,2024-04-26 17:47:00,2024-04-28 19:47:00,2024-05-15 19:47:00,2024-05-15 19:47:00
ORD_001650,CUST_000499,delivered,2024-02-17 22:54:00,2024-02-18 16:54:00,2024-02-18 22:54:00,2024-02-29 22:54:00,2024-03-06 22:54:00
ORD_001651,CUST_000296,delivered,2024-10-23 03:37:00,2024-10-23 20:37:00,2024-10-24 03:37:00,2024-11-02 03:37:00,2024-11-12 03:37:00
ORD_001652,CUST_000067,shipped,2024-06-21 08:04:00,2024-06-21 18:04:00,2024-06-24 08:04:00,2024-07-08 08:04:00,2024-07-09 08:04:00
ORD_001653,CUST_000819,delivered,2024-10-17 16:30:00,2024-10-18 13:30:00,2024-10-20 16:30:00,2024-10-31 16:30:00,2024-11-05 16:30:00
ORD_001654,CUST_000302,processing,2024-08-06 06:22:00,2024-08-06 21:22:00,2024-08-08 06:22:00,2024-08-18 06:22:00,2024-08-20 06:22:00
ORD_001655,CUST_000016,delivered,2024-02-09 20:52:00,2024-02-10 00:52:00,2024-02-12 20:52:00,2024-02-14 20:52:00,2024-02-20 20:52:00
ORD_001656,CUST_000465,delivered,2024-06-03 16:51:00,2024-06-03 22:51:00,2024-06-04 16:51:00,2024-06-26 16:51:00,2024-06-16 16:51:00
ORD_001657,CUST_000042,cancelled,2024-06-02 13:42:00,2024-06-03 05:42:00,2024-06-03 13:42:00,2024-06-17 13:42:00,2024-06-14 13:42:00
ORD_001658,CUST_000223,shipped,2024-10-03 10:12:00,2024-10-03 11:12:00,2024-10-06 10:12:00,2024-10-16 10:12:00,2024-10-14 10:12:00
ORD_001659,CUST_000290,delivered,2024-07-31 12:16:00,2024-07-31 23:16:00,2024-08-03 12:16:00,2024-08-13 12:16:00,2024-08-10 12:16:00
ORD_001660,CUST_000846,processing,2024-11-15 16:29:00,2024-11-16 09:29:00,2024-11-17 16:29:00,2024-12-08 16:29:00,2024-12-04 16:29:00
ORD_001661,CUST_000608,shipped,2024-12-09 17:11:00,2024-12-10 09:11:00,2024-12-10 17:11:00,2024-12-29 17:11:00,2024-12-26 17:11:00
ORD_001662,CUST_000127,delivered,2024-01-10 20:45:00,2024-01-11 12:45:00,2024-01-13 20:45:00,2024-02-03 20:45:00,2024-01-22 20:45:00
ORD_001663,CUST_000055,delivered,2024-09-21 05:36:00,2024-09-21 11:36:00,2024-09-23 05:36:00,2024-09-29 05:36:00,2024-10-01 05:36:00
ORD_001664,CUST_000501,cancelled,2024-09-12 06:42:00,2024-09-12 12:42:00,2024-09-14 06:42:00,2024-09-22 06:42:00,2024-09-24 06:42:00
ORD_001665,CUST_000314,processing,2024-08-27 08:59:00,2024-08-27 11:59:00,2024-08-28 08:59:00,2024-09-15 08:59:00,2024-09-07 08:59:00
ORD_001666,CUST_000006,delivered,2024-11-22 17:51:00,2024-11-23 07:51:00,2024-11-24 17:51:00,2024-12-16 17:51:00,2024-12-09 17:51:00
ORD_001667,CUST_000441,delivered,2024-11-10 13:59:00,2024-11-11 11:59:00,2024-11-12 13:59:00,2024-12-03 13:59:00,2024-11-20 13:59:00
ORD_001668,CUST_000361,delivered,2024-10-16 23:40:00,2024-10-17 09:40:00,2024-10-19 23:40:00,2024-11-04 23:40:00,2024-11-02 23:40:00
ORD_001669,CUST_000677,shipped,2024-01-31 16:12:00,2024-01-31 20:12:00,2024-02-02 16:12:00,2024-02-05 16:12:00,2024-02-15 16:12:00
ORD_001670,CUST_000855,delivered,2024-07-05 14:09:00,2024-07-06 05:09:00,2024-07-08 14:09:00,2024-07-15 14:09:00,2024-07-19 14:09:00
ORD_001671,CUST_000001,shipped,2024-05-03 04:47:00,2024-05-03 15:47:00,2024-05-05 04:47:00,2024-05-26 04:47:00,2024-05-21 04:47:00
ORD_001672,CUST_000052,cancelled,2024-12-16 09:54:00,2024-12-17 06:54:00,2024-12-19 09:54:00,2024-12-26 09:54:00,2024-12-31 09:54:00
ORD_001673,CUST_000258,delivered,2024-08-10 13:20:00,2024-08-11 11:20:00,2024-08-12 13:20:00,2024-08-29 13:20:00,2024-08-23 13:20:00
ORD_001674,CUST_000142,shipped,2024-02-02 20:13:00,2024-02-03 14:13:00,2024-02-03 20:13:00,2024-02-09 20:13:00,2024-02-16 20:13:00
ORD_001675,CUST_000359,delivered,2024-07-30 08:52:00,2024-07-30 14:52:00,2024-08-01 08:52:00,2024-08-09 08:52:00,2024-08-19 08:52:00
ORD_001676,CUST_000900,delivered,2024-05-26 20:10:00,2024-05-27 03:10:00,2024-05-29 20:10:00,2024-06-01 20:10:00,2024-06-11 20:10:00
ORD_001677,CUST_000291,shipped,2024-05-11 21:38:00,2024-05-12 01:38:00,2024-05-12 21:38:00,2024-05-26 21:38:00,2024-05-26 21:38:00
ORD_001678,CUST_000805,delivered,2024-04-30 12:15:00,2024-04-30 20:15:00,2024-05-02 12:15:00,2024-05-12 12:15:00,2024-05-15 12:15:00
ORD_001679,CUST_000880,processing,2024-02-28 04:12:00,2024-02-28 11:12:00,2024-02-29 04:12:00,2024-03-23 04:12:00,2024-03-16 04:12:00
ORD_001680,CUST_000515,delivered,2024-01-15 07:51:00,2024-01-15 17:51:00,2024-01-17 07:51:00,2024-02-03 07:51:00,2024-02-03 07:51:00
ORD_001681,CUST_000682,processing,2024-06-07 14:31:00,2024-06-08 07:31:00,2024-06-10 14:31:00,2024-06-28 14:31:00,2024-06-19 14:31:00
ORD_001682,CUST_000982,delivered,2024-10-13 13:27:00,2024-10-13 23:27:00,2024-10-15 13:27:00,2024-11-02 13:27:00,2024-10-25 13:27:00
ORD_001683,CUST_000788,delivered,2024-11-27 01:12:00,2024-11-27 12:12:00,2024-11-28 01:12:00,2024-12-05 01:12:00,2024-12-07 01:12:00
ORD_001684,CUST_000575,processing,2024-03-22 08:08:00,2024-03-23 01:08:00,2024-03-23 08:08:00,2024-04-02 08:08:00,2024-04-04 08:08:00
ORD_001685,CUST_000159,delivered,2024-01-15 08:50:00,2024-01-16 00:50:00,2024-01-16 08:50:00,2024-02-04 08:50:00,2024-01-25 08:50:00
ORD_001686,CUST_000977,delivered,2024-05-22 21:35:00,2024-05-23 01:35:00,2024-05-24 21:35:00,2024-06-06 21:35:00,2024-06-01 21:35:00
ORD_001687,CUST_000089,delivered,2024-03-31 20:54:00,2024-04-01 18:54:00,2024-04-02 20:54:00,2024-04-09 20:54:00,2024-04-14 20:54:00
ORD_001688,CUST_000731,shipped,2024-01-22 23:31:00,2024-01-23 09:31:00,2024-01-24 23:31:00,2024-02-14 23:31:00,2024-02-05 23:31:00
ORD_001689,CUST_000278,delivered,2024-01-11 01:55:00,2024-01-11 21:55:00,2024-01-14 01:55:00,2024-02-02 01:55:00,2024-01-30 01:55:00
ORD_001690,CUST_000147,delivered,2024-02-12 10:38:00,2024-02-12 17:38:00,2024-02-15 10:38:00,2024-03-04 10:38:00,2024-02-28 10:38:00
ORD_001691,CUST_000751,delivered,2024-06-01 02:57:00,2024-06-01 21:57:00,2024-06-03 02:57:00,2024-06-13 02:57:00,2024-06-15 02:57:00
ORD_001692,CUST_000202,shipped,2024-07-27 11:42:00,2024-07-28 09:42:00,2024-07-30 11:42:00,2024-08-05 11:42:00,2024-08-12 11:42:00
ORD_001693,CUST_000443,shipped,2024-12-02 02:25:00,2024-12-02 07:25:00,2024-12-05 02:25:00,2024-12-11 02:25:00,2024-12-13 02:25:00
ORD_001694,CUST_000600,delivered,2024-03-12 07:07:00,2024-03-12 18:07:00,2024-03-14 07:07:00,2024-03-17 07:07:00,2024-03-24 07:07:00
ORD_001695,CUST_000941,delivered,2024-10-19 23:32:00,2024-10-20 05:32:00,2024-10-20 23:32:00,2024-10-27 23:32:00,2024-11-07 23:32:00
ORD_001696,CUST_000083,delivered,2024-03-02 16:42:00,2024-03-02 23:42:00,2024-03-04 16:42:00,2024-03-11 16:42:00,2024-03-15 16:42:00
ORD_001697,CUST_000298,delivered,2024-10-24 16:16:00,2024-10-25 05:16:00,2024-10-25 16:16:00,2024-11-09 16:16:00,2024-11-12 16:16:00
ORD_001698,CUST_000225,delivered,2024-09-11 02:15:00,2024-09-11 08:15:00,2024-09-13 02:15:00,2024-09-28 02:15:00,2024-09-21 02:15:00
ORD_001699,CUST_000033,cancelled,2024-11-03 03:49:00,2024-11-03 09:49:00,2024-11-06 03:49:00,2024-11-09 03:49:00,2024-11-13 03:49:00
ORD_001700,CUST_000485,delivered,2024-06-09 10:53:00,2024-06-10 06:53:00,2024-06-11 10:53:00,2024-07-01 10:53:00,2024-06-21 10:53:00
ORD_001701,CUST_000956,processing,2024-10-26 23:24:00,2024-10-27 21:24:00,2024-10-29 23:24:00,2024-11-06 23:24:00,2024-11-10 23:24:00
ORD_001702,CUST_000364,delivered,2024-04-30 13:13:00,2024-04-30 19:13:00,2024-05-01 13:13:00,2024-05-10 13:13:00,2024-05-11 13:13:00
ORD_001703,CUST_000255,cancelled,2024-03-14 03:11:00,2024-03-14 14:11:00,2024-03-16 03:11:00,2024-03-20 03:11:00,2024-03-26 03:11:00
ORD_001704,CUST_000832,cancelled,2024-04-19 08:28:00,2024-04-20 01:28:00,2024-04-21 08:28:00,2024-04-25 08:28:00,2024-04-30 08:28:00
ORD_001705,CUST_000695,processing,2024-07-28 08:55:00,2024-07-29 00:55:00,2024-07-30 08:55:00,2024-08-10 08:55:00,2024-08-10 08:55:00
ORD_001706,CUST_000653,processing,2024-10-28 01:31:00,2024-10-28 22:31:00,2024-10-30 01:31:00,2024-11-19 01:31:00,2024-11-14 01:31:00
ORD_001707,CUST_000396,shipped,2024-09-30 11:44:00,2024-10-01 07:44:00,2024-10-01 11:44:00,2024-10-20 11:44:00,2024-10-15 11:44:00
ORD_001708,CUST_000433,delivered,2024-02-27 10:34:00,2024-02-28 00:34:00,2024-02-28 10:34:00,2024-03-22 10:34:00,2024-03-14 10:34:00
ORD_001709,CUST_000409,delivered,2024-08-04 15:43:00,2024-08-05 15:43:00,2024-08-05 15:43:00,2024-08-23 15:43:00,2024-08-19 15:43:00
ORD_001710,CUST_000991,delivered,2024-05-06 08:56:00,2024-05-06 17:56:00,2024-05-07 08:56:00,2024-05-27 08:56:00,2024-05-24 08:56:00
ORD_001711,CUST_000926,cancelled,2024-03-15 11:30:00,2024-03-15 19:30:00,2024-03-17 11:30:00,2024-04-05 11:30:00,2024-04-03 11:30:00
ORD_001712,CUST_000101,delivered,2024-07-07 09:01:00,2024-07-07 18:01:00,2024-07-08 09:01:00,2024-07-28 09:01:00,2024-07-23 09:01:00
ORD_001713,CUST_000915,delivered,2024-11-26 19:02:00,2024-11-27 11:02:00,2024-11-27 19:02:00,2024-12-19 19:02:00,2024-12-09 19:02:00
ORD_001714,CUST_000268,delivered,2024-12-05 01:44:00,2024-12-05 11:44:00,2024-12-06 01:44:00,2024-12-24 01:44:00,2024-12-20 01:44:00
ORD_001715,CUST_000943,delivered,2024-12-09 07:16:00,2024-12-09 19:16:00,2024-12-11 07:16:00,2024-12-25 07:16:00,2024-12-28 07:16:00
ORD_001716,CUST_000310,delivered,2024-10-09 12:19:00,2024-10-09 17:19:00,2024-10-10 12:19:00,2024-10-20 12:19:00,2024-10-24 12:19:00
ORD_001717,CUST_000612,delivered,2024-11-23 22:23:00,2024-11-24 08:23:00,2024-11-26 22:23:00,2024-12-09 22:23:00,2024-12-13 22:23:00
ORD_001718,CUST_000319,processing,2024-12-16 03:34:00,2024-12-16 14:34:00,2024-12-19 03:34:00,2025-01-06 03:34:00,2025-01-05 03:34:00
ORD_001719,CUST_000178,delivered,2024-05-01 14:24:00,2024-05-02 14:24:00,2024-05-03 14:24:00,2024-05-17 14:24:00,2024-05-18 14:24:00
ORD_001720,CUST_000578,shipped,2024-01-05 12:59:00,2024-01-06 00:59:00,2024-01-06 12:59:00,2024-01-15 12:59:00,2024-01-15 12:59:00
ORD_001721,CUST_000447,delivered,2024-05-10 09:05:00,2024-05-11 09:05:00,2024-05-11 09:05:00,2024-05-22 09:05:00,2024-05-28 09:05:00
ORD_001722,CUST_000696,delivered,2024-04-30 09:13:00,2024-04-30 20:13:00,2024-05-03 09:13:00,2024-05-25 09:13:00,2024-05-16 09:13:00
ORD_001723,CUST_000897,delivered,2024-03-23 14:40:00,2024-03-24 05:40:00,2024-03-26 14:40:00,2024-04-14 14:40:00,2024-04-03 14:40:00
ORD_001724,CUST_000331,delivered,2024-06-11 20:26:00,2024-06-12 06:26:00,2024-06-13 20:26:00,2024-06-28 20:26:00,2024-06-30 20:26:00
ORD_001725,CUST_000824,delivered,2024-01-18 08:55:00,2024-01-18 22:55:00,2024-01-19 08:55:00,2024-01-24 08:55:00,2024-02-06 08:55:00
ORD_001726,CUST_000593,shipped,2024-02-11 15:30:00,2024-02-12 10:30:00,2024-02-12 15:30:00,2024-02-17 15:30:00,2024-02-24 15:30:00
ORD_001727,CUST_000143,delivered,2024-07-30 10:45:00,2024-07-30 23:45:00,2024-08-02 10:45:00,2024-08-10 10:45:00,2024-08-10 10:45:00
ORD_001728,CUST_000700,delivered,2024-08-04 03:52:00,2024-08-04 17:52:00,2024-08-07 03:52:00,2024-08-09 03:52:00,2024-08-18 03:52:00
ORD_001729,CUST_000787,delivered,2024-03-23 22:16:00,2024-03-23 23:16:00,2024-03-24 22:16:00,2024-04-05 22:16:00,2024-04-07 22:16:00
ORD_001730,CUST_000205,delivered,2024-09-16 02:22:00,2024-09-16 15:22:00,2024-09-17 02:22:00,2024-09-30 02:22:00,2024-10-04 02:22:00
ORD_001731,CUST_000257,delivered,2024-08-03 19:46:00,2024-08-03 21:46:00,2024-08-04 19:46:00,2024-08-15 19:46:00,2024-08-17 19:46:00
ORD_001732,CUST_000139,shipped,2024-10-07 23:20:00,2024-10-08 13:20:00,2024-10-09 23:20:00,2024-10-24 23:20:00,2024-10-20 23:20:00
ORD_001733,CUST_000427,delivered,2024-08-20 22:01:00,2024-08-21 10:01:00,2024-08-23 22:01:00,2024-09-14 22:01:00,2024-09-03 22:01:00
ORD_001734,CUST_000568,delivered,2024-01-27 20:41:00,2024-01-28 17:41:00,2024-01-30 20:41:00,2024-02-03 20:41:00,2024-02-11 20:41:00
ORD_001735,CUST_000205,delivered,2024-04-04 20:28:00,2024-04-05 01:28:00,2024-04-06 20:28:00,2024-04-27 20:28:00,2024-04-20 20:28:00
ORD_001736,CUST_000309,cancelled,2024-11-24 04:00:00,2024-11-24 19:00:00,2024-11-26 04:00:00,2024-12-17 04:00:00,2024-12-10 04:00:00
ORD_001737,CUST_000313,delivered,2024-07-24 06:40:00,2024-07-24 15:40:00,2024-07-26 06:40:00,2024-08-08 06:40:00,2024-08-06 06:40:00
ORD_001738,CUST_000088,delivered,2024-06-05 10:36:00,2024-06-05 11:36:00,2024-06-06 10:36:00,2024-06-13 10:36:00,2024-06-16 10:36:00
ORD_001739,CUST_000305,delivered,2024-02-12 03:10:00,2024-02-13 02:10:00,2024-02-13 03:10:00,2024-03-02 03:10:00,2024-02-23 03:10:00
ORD_001740,CUST_000581,shipped,2024-05-07 16:45:00,2024-05-07 23:45:00,2024-05-08 16:45:00,2024-05-14 16:45:00,2024-05-20 16:45:00
ORD_001741,CUST_000950,delivered,2024-11-28 04:54:00,2024-11-28 11:54:00,2024-12-01 04:54:00,2024-12-14 04:54:00,2024-12-16 04:54:00
ORD_001742,CUST_000644,delivered,2024-10-31 21:26:00,2024-11-01 19:26:00,2024-11-03 21:26:00,2024-11-10 21:26:00,2024-11-18 21:26:00
ORD_001743,CUST_000473,delivered,2024-06-12 14:30:00,2024-06-13 13:30:00,2024-06-15 14:30:00,2024-06-23 14:30:00,2024-06-27 14:30:00
ORD_001744,CUST_000559,processing,2024-03-09 08:11:00,2024-03-09 17:11:00,2024-03-11 08:11:00,2024-04-01 08:11:00,2024-03-19 08:11:00
ORD_001745,CUST_000188,processing,2024-12-17 18:52:00,2024-12-18 04:52:00,2024-12-20 18:52:00,2024-12-24 18:52:00,2024-12-30 18:52:00
ORD_001746,CUST_000385,delivered,2024-06-16 09:12:00,2024-06-16 21:12:00,2024-06-18 09:12:00,2024-06-21 09:12:00,2024-06-30 09:12:00
ORD_001747,CUST_000802,delivered,2024-02-13 13:23:00,2024-02-13 14:23:00,2024-02-14 13:23:00,2024-02-22 13:23:00,2024-02-25 13:23:00
ORD_001748,CUST_000897,delivered,2024-04-03 12:56:00,2024-04-03 23:56:00,2024-04-04 12:56:00,2024-04-28 12:56:00,2024-04-16 12:56:00
ORD_001749,CUST_000854,shipped,2024-07-12 18:14:00,2024-07-13 08:14:00,2024-07-13 18:14:00,2024-08-04 18:14:00,2024-07-28 18:14:00
ORD_001750,CUST_000448,delivered,2024-01-11 00:59:00,2024-01-11 13:59:00,2024-01-14 00:59:00,2024-01-21 00:59:00,2024-01-23 00:59:00
ORD_001751,CUST_000099,delivered,2024-10-12 20:39:00,2024-10-13 07:39:00,2024-10-15 20:39:00,2024-11-04 20:39:00,2024-11-01 20:39:00
ORD_001752,CUST_000142,delivered,2024-11-16 07:58:00,2024-11-17 01:58:00,2024-11-18 07:58:00,2024-12-02 07:58:00,2024-11-28 07:58:00
ORD_001753,CUST_000540,delivered,2024-02-15 14:12:00,2024-02-16 08:12:00,2024-02-16 14:12:00,2024-02-20 14:12:00,2024-02-25 14:12:00
ORD_001754,CUST_000453,shipped,2024-05-14 22:54:00,2024-05-15 22:54:00,2024-05-15 22:54:00,2024-05-21 22:54:00,2024-05-27 22:54:00
ORD_001755,CUST_000711,delivered,2024-03-27 01:25:00,2024-03-27 08:25:00,2024-03-29 01:25:00,2024-04-10 01:25:00,2024-04-09 01:25:00
ORD_001756,CUST_000321,delivered,2024-11-12 13:38:00,2024-11-12 20:38:00,2024-11-13 13:38:00,2024-11-23 13:38:00,2024-11-26 13:38:00
ORD_001757,CUST_000516,delivered,2024-05-13 04:05:00,2024-05-14 00:05:00,2024-05-16 04:05:00,2024-06-02 04:05:00,2024-05-30 04:05:00
ORD_001758,CUST_000958,cancelled,2024-07-07 05:36:00,2024-07-07 22:36:00,2024-07-10 05:36:00,2024-07-20 05:36:00,2024-07-21 05:36:00
ORD_001759,CUST_000702,delivered,2024-03-01 00:45:00,2024-03-01 15:45:00,2024-03-02 00:45:00,2024-03-26 00:45:00,2024-03-13 00:45:00
ORD_001760,CUST_000730,cancelled,2024-09-26 13:49:00,2024-09-26 22:49:00,2024-09-27 13:49:00,2024-10-17 13:49:00,2024-10-10 13:49:00
ORD_001761,CUST_000367,delivered,2024-08-20 21:31:00,2024-08-21 01:31:00,2024-08-21 21:31:00,2024-08-31 21:31:00,2024-09-05 21:31:00
ORD_001762,CUST_000480,processing,2024-03-01 07:45:00,2024-03-01 10:45:00,2024-03-04 07:45:00,2024-03-07 07:45:00,2024-03-14 07:45:00
ORD_001763,CUST_000363,delivered,2024-04-14 06:55:00,2024-04-14 14:55:00,2024-04-17 06:55:00,2024-05-08 06:55:00,2024-05-04 06:55:00
ORD_001764,CUST_000438,cancelled,2024-05-16 09:47:00,2024-05-16 15:47:00,2024-05-19 09:47:00,2024-05-27 09:47:00,2024-05-27 09:47:00
ORD_001765,CUST_000478,shipped,2024-09-10 12:08:00,2024-09-10 23:08:00,2024-09-12 12:08:00,2024-09-15 12:08:00,2024-09-20 12:08:00
ORD_001766,CUST_000431,delivered,2024-08-08 06:38:00,2024-08-09 06:38:00,2024-08-10 06:38:00,2024-08-31 06:38:00,2024-08-22 06:38:00
ORD_001767,CUST_000985,cancelled,2024-04-20 09:46:00,2024-04-21 01:46:00,2024-04-21 09:46:00,2024-05-08 09:46:00,2024-05-03 09:46:00
ORD_001768,CUST_000421,shipped,2024-12-12 06:26:00,2024-12-13 06:26:00,2024-12-13 06:26:00,2025-01-01 06:26:00,2025-01-01 06:26:00
ORD_001769,CUST_000473,processing,2024-04-02 13:50:00,2024-04-03 08:50:00,2024-04-03 13:50:00,2024-04-09 13:50:00,2024-04-19 13:50:00
ORD_001770,CUST_000029,processing,2024-03-15 00:18:00,2024-03-15 16:18:00,2024-03-17 00:18:00,2024-03-26 00:18:00,2024-04-03 00:18:00
ORD_001771,CUST_000935,delivered,2024-05-14 07:39:00,2024-05-14 09:39:00,2024-05-15 07:39:00,2024-06-06 07:39:00,2024-05-30 07:39:00
ORD_001772,CUST_000573,delivered,2024-08-18 07:23:00,2024-08-19 05:23:00,2024-08-19 07:23:00,2024-09-07 07:23:00,2024-09-05 07:23:00
ORD_001773,CUST_000028,delivered,2024-10-25 21:41:00,2024-10-26 10:41:00,2024-10-27 21:41:00,2024-11-01 21:41:00,2024-11-14 21:41:00
ORD_001774,CUST_000981,delivered,2024-08-22 02:00:00,2024-08-23 01:00:00,2024-08-25 02:00:00,2024-09-15 02:00:00,2024-09-11 02:00:00
ORD_001775,CUST_000786,cancelled,2024-08-28 04:55:00,2024-08-29 03:55:00,2024-08-29 04:55:00,2024-09-05 04:55:00,2024-09-13 04:55:00
ORD_001776,CUST_000432,delivered,2024-06-14 22:25:00,2024-06-15 14:25:00,2024-06-15 22:25:00,2024-06-23 22:25:00,2024-07-02 22:25:00
ORD_001777,CUST_000091,delivered,2024-12-17 06:45:00,2024-12-17 14:45:00,2024-12-18 06:45:00,2025-01-03 06:45:00,2024-12-27 06:45:00
ORD_001778,CUST_000774,delivered,2024-07-15 22:27:00,2024-07-16 07:27:00,2024-07-17 22:27:00,2024-07-21 22:27:00,2024-07-25 22:27:00
ORD_001779,CUST_000144,shipped,2024-11-01 08:04:00,2024-11-02 04:04:00,2024-11-02 08:04:00,2024-11-26 08:04:00,2024-11-19 08:04:00
ORD_001780,CUST_000630,delivered,2024-02-18 17:03:00,2024-02-19 12:03:00,2024-02-19 17:03:00,2024-02-27 17:03:00,2024-03-09 17:03:00
ORD_001781,CUST_000929,cancelled,2024-01-27 10:59:00,2024-01-27 23:59:00,2024-01-28 10:59:00,2024-02-05 10:59:00,2024-02-11 10:59:00
ORD_001782,CUST_000310,delivered,2024-04-30 15:58:00,2024-04-30 17:58:00,2024-05-03 15:58:00,2024-05-08 15:58:00,2024-05-12 15:58:00
ORD_001783,CUST_000806,cancelled,2024-06-30 19:42:00,2024-06-30 23:42:00,2024-07-02 19:42:00,2024-07-11 19:42:00,2024-07-19 19:42:00
ORD_001784,CUST_000249,delivered,2024-11-02 22:47:00,2024-11-03 00:47:00,2024-11-04 22:47:00,2024-11-12 22:47:00,2024-11-16 22:47:00
ORD_001785,CUST_000595,cancelled,2024-01-24 00:16:00,2024-01-24 21:16:00,2024-01-27 00:16:00,2024-02-01 00:16:00,2024-02-09 00:16:00
ORD_001786,CUST_000525,delivered,2024-09-15 19:24:00,2024-09-16 06:24:00,2024-09-18 19:24:00,2024-10-04 19:24:00,2024-10-04 19:24:00
ORD_001787,CUST_000383,shipped,2024-06-03 12:42:00,2024-06-03 21:42:00,2024-06-05 12:42:00,2024-06-21 12:42:00,2024-06-13 12:42:00
ORD_001788,CUST_000131,processing,2024-07-08 04:57:00,2024-07-08 22:57:00,2024-07-10 04:57:00,2024-07-27 04:57:00,2024-07-20 04:57:00
ORD_001789,CUST_000636,delivered,2024-10-13 01:37:00,2024-10-13 13:37:00,2024-10-14 01:37:00,2024-10-22 01:37:00,2024-11-02 01:37:00
ORD_001790,CUST_000557,cancelled,2024-04-01 08:10:00,2024-04-01 23:10:00,2024-04-02 08:10:00,2024-04-07 08:10:00,2024-04-12 08:10:00
ORD_001791,CUST_000922,processing,2024-09-14 15:59:00,2024-09-15 01:59:00,2024-09-15 15:59:00,2024-09-22 15:59:00,2024-10-04 15:59:00
ORD_001792,CUST_000580,cancelled,2024-06-22 14:08:00,2024-06-22 18:08:00,2024-06-23 14:08:00,2024-07-16 14:08:00,2024-07-12 14:08:00
ORD_001793,CUST_000899,shipped,2024-02-15 10:45:00,2024-02-16 02:45:00,2024-02-17 10:45:00,2024-02-22 10:45:00,2024-03-03 10:45:00
ORD_001794,CUST_000301,cancelled,2024-09-28 13:09:00,2024-09-28 18:09:00,2024-10-01 13:09:00,2024-10-06 13:09:00,2024-10-15 13:09:00
ORD_001795,CUST_000055,delivered,2024-05-13 03:20:00,2024-05-14 03:20:00,2024-05-15 03:20:00,2024-05-21 03:20:00,2024-05-27 03:20:00
ORD_001796,CUST_000774,delivered,2024-01-23 04:31:00,2024-01-23 07:31:00,2024-01-25 04:31:00,2024-02-09 04:31:00,2024-02-03 04:31:00
ORD_001797,CUST_000866,delivered,2024-05-23 23:23:00,2024-05-24 10:23:00,2024-05-24 23:23:00,2024-06-09 23:23:00,2024-06-09 23:23:00
ORD_001798,CUST_000403,delivered,2024-08-08 09:57:00,2024-08-09 09:57:00,2024-08-11 09:57:00,2024-08-16 09:57:00,2024-08-22 09:57:00
ORD_001799,CUST_000129,cancelled,2024-05-14 19:53:00,2024-05-15 09:53:00,2024-05-16 19:53:00,2024-05-23 19:53:00,2024-05-27 19:53:00
ORD_001800,CUST_000413,shipped,2024-05-15 16:20:00,2024-05-15 21:20:00,2024-05-18 16:20:00,2024-05-25 16:20:00,2024-05-25 16:20:00
ORD_001801,CUST_000687,delivered,2024-08-11 05:20:00,2024-08-11 10:20:00,2024-08-13 05:20:00,2024-08-17 05:20:00,2024-08-25 05:20:00
ORD_001802,CUST_000007,cancelled,2024-09-08 04:35:00,2024-09-08 23:35:00,2024-09-09 04:35:00,2024-09-16 04:35:00,2024-09-21 04:35:00
ORD_001803,CUST_000474,processing,2024-12-02 20:51:00,2024-12-03 06:51:00,2024-12-05 20:51:00,2024-12-26 20:51:00,2024-12-17 20:51:00
ORD_001804,CUST_000827,delivered,2024-08-13 01:12:00,2024-08-13 20:12:00,2024-08-15 01:12:00,2024-08-19 01:12:00,2024-08-23 01:12:00
ORD_001805,CUST_000782,cancelled,2024-03-17 01:14:00,2024-03-17 08:14:00,2024-03-18 01:14:00,2024-04-05 01:14:00,2024-03-29 01:14:00
ORD_001806,CUST_000896,delivered,2024-04-03 01:30:00,2024-04-03 19:30:00,2024-04-06 01:30:00,2024-04-12 01:30:00,2024-04-16 01:30:00
ORD_001807,CUST_000531,delivered,2024-05-13 05:45:00,2024-05-13 08:45:00,2024-05-15 05:45:00,2024-05-28 05:45:00,2024-05-31 05:45:00
ORD_001808,CUST_000472,delivered,2024-08-27 13:07:00,2024-08-28 04:07:00,2024-08-29 13:07:00,2024-09-17 13:07:00,2024-09-11 13:07:00
ORD_001809,CUST_000860,delivered,2024-09-10 01:28:00,2024-09-10 09:28:00,2024-09-13 01:28:00,2024-09-29 01:28:00,2024-09-20 01:28:00
ORD_001810,CUST_000056,cancelled,2024-07-01 22:35:00,2024-07-02 09:35:00,2024-07-03 22:35:00,2024-07-13 22:35:00,2024-07-13 22:35:00
ORD_001811,CUST_000087,delivered,2024-09-05 14:31:00,2024-09-06 09:31:00,2024-09-07 14:31:00,2024-09-16 14:31:00,2024-09-17 14:31:00
ORD_001812,CUST_000057,processing,2024-02-27 23:55:00,2024-02-28 17:55:00,2024-02-28 23:55:00,2024-03-22 23:55:00,2024-03-16 23:55:00
ORD_001813,CUST_000277,cancelled,2024-03-16 03:22:00,2024-03-17 01:22:00,2024-03-18 03:22:00,2024-03-27 03:22:00,2024-04-04 03:22:00
ORD_001814,CUST_000850,delivered,2024-02-17 06:55:00,2024-02-17 15:55:00,2024-02-20 06:55:00,2024-02-23 06:55:00,2024-03-02 06:55:00
ORD_001815,CUST_000666,delivered,2024-05-25 05:53:00,2024-05-25 23:53:00,2024-05-28 05:53:00,2024-06-08 05:53:00,2024-06-10 05:53:00
ORD_001816,CUST_000110,delivered,2024-03-27 23:32:00,2024-03-28 16:32:00,2024-03-29 23:32:00,2024-04-19 23:32:00,2024-04-12 23:32:00
ORD_001817,CUST_000342,shipped,2024-05-19 18:57:00,2024-05-20 04:57:00,2024-05-21 18:57:00,2024-05-30 18:57:00,2024-06-03 18:57:00
ORD_001818,CUST_000609,delivered,2024-12-05 18:13:00,2024-12-06 17:13:00,2024-12-08 18:13:00,2024-12-23 18:13:00,2024-12-17 18:13:00
ORD_001819,CUST_000100,delivered,2024-10-25 00:33:00,2024-10-25 01:33:00,2024-10-26 00:33:00,2024-11-11 00:33:00,2024-11-11 00:33:00
ORD_001820,CUST_000842,shipped,2024-10-19 05:26:00,2024-10-19 10:26:00,2024-10-21 05:26:00,2024-11-03 05:26:00,2024-11-03 05:26:00
ORD_001821,CUST_000298,delivered,2024-02-09 07:49:00,2024-02-09 10:49:00,2024-02-10 07:49:00,2024-02-20 07:49:00,2024-02-21 07:49:00
ORD_001822,CUST_000580,delivered,2024-09-12 21:06:00,2024-09-13 20:06:00,2024-09-15 21:06:00,2024-10-04 21:06:00,2024-09-25 21:06:00
ORD_001823,CUST_000494,cancelled,2024-06-17 00:18:00,2024-06-17 23:18:00,2024-06-18 00:18:00,2024-06-22 00:18:00,2024-06-30 00:18:00
ORD_001824,CUST_000708,cancelled,2024-12-14 21:07:00,2024-12-15 21:07:00,2024-12-17 21:07:00,2024-12-24 21:07:00,2024-12-26 21:07:00
ORD_001825,CUST_000340,delivered,2024-07-20 11:37:00,2024-07-20 22:37:00,2024-07-23 11:37:00,2024-08-08 11:37:00,2024-08-07 11:37:00
ORD_001826,CUST_000886,cancelled,2024-02-24 10:09:00,2024-02-24 22:09:00,2024-02-27 10:09:00,2024-03-20 10:09:00,2024-03-07 10:09:00
ORD_001827,CUST_000063,cancelled,2024-01-15 02:29:00,2024-01-15 17:29:00,2024-01-17 02:29:00,2024-01-29 02:29:00,2024-02-03 02:29:00
ORD_001828,CUST_000125,delivered,2024-12-28 21:30:00,2024-12-29 21:30:00,2024-12-29 21:30:00,2025-01-18 21:30:00,2025-01-10 21:30:00
ORD_001829,CUST_000759,delivered,2024-08-20 20:17:00,2024-08-21 03:17:00,2024-08-22 20:17:00,2024-08-28 20:17:00,2024-08-30 20:17:00
ORD_001830,CUST_000599,shipped,2024-10-31 21:00:00,2024-11-01 03:00:00,2024-11-01 21:00:00,2024-11-09 21:00:00,2024-11-12 21:00:00
ORD_001831,CUST_000691,processing,2024-06-17 01:41:00,2024-06-17 12:41:00,2024-06-18 01:41:00,2024-07-01 01:41:00,2024-06-27 01:41:00
ORD_001832,CUST_000524,delivered,2024-11-14 14:20:00,2024-11-15 05:20:00,2024-11-16 14:20:00,2024-11-24 14:20:00,2024-11-26 14:20:00
ORD_001833,CUST_000758,shipped,2024-10-18 04:13:00,2024-10-18 12:13:00,2024-10-20 04:13:00,2024-10-26 04:13:00,2024-11-02 04:13:00
ORD_001834,CUST_000735,delivered,2024-01-25 20:18:00,2024-01-26 11:18:00,2024-01-27 20:18:00,2024-02-01 20:18:00,2024-02-10 20:18:00
ORD_001835,CUST_000055,delivered,2024-06-14 01:47:00,2024-06-14 13:47:00,2024-06-16 01:47:00,2024-06-28 01:47:00,2024-07-03 01:47:00
ORD_001836,CUST_000719,shipped,2024-02-06 17:38:00,2024-02-07 04:38:00,2024-02-07 17:38:00,2024-02-11 17:38:00,2024-02-17 17:38:00
ORD_001837,CUST_000210,delivered,2024-07-14 02:25:00,2024-07-14 09:25:00,2024-07-17 02:25:00,2024-08-05 02:25:00,2024-07-27 02:25:00
ORD_001838,CUST_000529,delivered,2024-05-10 05:15:00,2024-05-11 03:15:00,2024-05-12 05:15:00,2024-05-27 05:15:00,2024-05-23 05:15:00
ORD_001839,CUST_000148,processing,2024-07-23 02:01:00,2024-07-24 01:01:00,2024-07-24 02:01:00,2024-08-17 02:01:00,2024-08-02 02:01:00
ORD_001840,CUST_000576,delivered,2024-04-16 05:24:00,2024-04-16 14:24:00,2024-04-18 05:24:00,2024-05-07 05:24:00,2024-04-29 05:24:00
ORD_001841,CUST_000759,cancelled,2024-07-25 09:41:00,2024-07-25 18:41:00,2024-07-28 09:41:00,2024-08-03 09:41:00,2024-08-04 09:41:00
ORD_001842,CUST_000991,delivered,2024-11-30 04:07:00,2024-12-01 00:07:00,2024-12-02 04:07:00,2024-12-15 04:07:00,2024-12-13 04:07:00
ORD_001843,CUST_000508,delivered,2024-06-01 15:51:00,2024-06-02 15:51:00,2024-06-02 15:51:00,2024-06-06 15:51:00,2024-06-14 15:51:00
ORD_001844,CUST_000140,delivered,2024-08-09 23:51:00,2024-08-10 00:51:00,2024-08-12 23:51:00,2024-09-01 23:51:00,2024-08-23 23:51:00
ORD_001845,CUST_000229,processing,2024-06-07 21:38:00,2024-06-08 02:38:00,2024-06-10 21:38:00,2024-06-22 21:38:00,2024-06-23 21:38:00
ORD_001846,CUST_000917,delivered,2024-03-08 11:42:00,2024-03-08 15:42:00,2024-03-09 11:42:00,2024-03-17 11:42:00,2024-03-25 11:42:00
ORD_001847,CUST_000692,cancelled,2024-02-19 11:32:00,2024-02-20 08:32:00,2024-02-22 11:32:00,2024-02-28 11:32:00,2024-03-07 11:32:00
ORD_001848,CUST_000656,shipped,2024-04-12 15:28:00,2024-04-13 05:28:00,2024-04-15 15:28:00,2024-05-06 15:28:00,2024-04-23 15:28:00
ORD_001849,CUST_000873,shipped,2024-07-17 15:17:00,2024-07-18 05:17:00,2024-07-18 15:17:00,2024-07-31 15:17:00,2024-07-28 15:17:00
ORD_001850,CUST_000159,delivered,2024-10-15 19:27:00,2024-10-16 08:27:00,2024-10-17 19:27:00,2024-11-01 19:27:00,2024-11-04 19:27:00
ORD_001851,CUST_000309,delivered,2024-02-16 13:51:00,2024-02-17 05:51:00,2024-02-19 13:51:00,2024-02-25 13:51:00,2024-03-03 13:51:00
ORD_001852,CUST_000644,delivered,2024-07-07 19:11:00,2024-07-07 21:11:00,2024-07-08 19:11:00,2024-07-12 19:11:00,2024-07-24 19:11:00
ORD_001853,CUST_000319,cancelled,2024-08-10 20:27:00,2024-08-11 13:27:00,2024-08-12 20:27:00,2024-09-02 20:27:00,2024-08-25 20:27:00
ORD_001854,CUST_000737,processing,2024-02-17 01:32:00,2024-02-17 03:32:00,2024-02-20 01:32:00,2024-02-28 01:32:00,2024-02-27 01:32:00
ORD_001855,CUST_000960,delivered,2024-06-23 14:43:00,2024-06-24 07:43:00,2024-06-25 14:43:00,2024-07-09 14:43:00,2024-07-10 14:43:00
ORD_001856,CUST_000007,shipped,2024-04-24 20:43:00,2024-04-25 08:43:00,2024-04-26 20:43:00,2024-05-10 20:43:00,2024-05-10 20:43:00
ORD_001857,CUST_000825,processing,2024-03-20 15:33:00,2024-03-20 16:33:00,2024-03-22 15:33:00,2024-04-06 15:33:00,2024-04-01 15:33:00
ORD_001858,CUST_000497,delivered,2024-11-18 20:33:00,2024-11-19 15:33:00,2024-11-19 20:33:00,2024-11-25 20:33:00,2024-12-05 20:33:00
ORD_001859,CUST_000639,shipped,2024-02-12 09:29:00,2024-02-12 23:29:00,2024-02-14 09:29:00,2024-03-08 09:29:00,2024-03-02 09:29:00
ORD_001860,CUST_000705,processing,2024-08-11 02:58:00,2024-08-11 04:58:00,2024-08-13 02:58:00,2024-08-16 02:58:00,2024-08-30 02:58:00
ORD_001861,CUST_000206,shipped,2024-09-01 09:09:00,2024-09-02 02:09:00,2024-09-04 09:09:00,2024-09-12 09:09:00,2024-09-16 09:09:00
ORD_001862,CUST_000118,delivered,2024-03-06 21:57:00,2024-03-07 08:57:00,2024-03-08 21:57:00,2024-03-29 21:57:00,2024-03-21 21:57:00
ORD_001863,CUST_000069,delivered,2024-06-02 07:33:00,2024-06-03 01:33:00,2024-06-04 07:33:00,2024-06-26 07:33:00,2024-06-15 07:33:00
ORD_001864,CUST_000001,delivered,2024-08-06 09:36:00,2024-08-07 01:36:00,2024-08-07 09:36:00,2024-08-22 09:36:00,2024-08-16 09:36:00
ORD_001865,CUST_000157,cancelled,2024-01-25 17:04:00,2024-01-26 03:04:00,2024-01-27 17:04:00,2024-02-03 17:04:00,2024-02-06 17:04:00
ORD_001866,CUST_000619,delivered,2024-01-24 16:06:00,2024-01-25 11:06:00,2024-01-26 16:06:00,2024-02-16 16:06:00,2024-02-07 16:06:00
ORD_001867,CUST_000902,delivered,2024-09-18 13:26:00,2024-09-19 00:26:00,2024-09-20 13:26:00,2024-10-08 13:26:00,2024-10-08 13:26:00
ORD_001868,CUST_000124,processing,2024-02-18 14:42:00,2024-02-19 11:42:00,2024-02-19 14:42:00,2024-02-23 14:42:00,2024-03-04 14:42:00
ORD_001869,CUST_000533,delivered,2024-10-18 08:22:00,2024-10-18 11:22:00,2024-10-20 08:22:00,2024-10-26 08:22:00,2024-10-31 08:22:00
ORD_001870,CUST_000100,cancelled,2024-05-10 18:05:00,2024-05-11 18:05:00,2024-05-12 18:05:00,2024-05-22 18:05:00,2024-05-20 18:05:00
ORD_001871,CUST_000254,cancelled,2024-09-14 00:07:00,2024-09-14 03:07:00,2024-09-16 00:07:00,2024-10-03 00:07:00,2024-09-25 00:07:00
ORD_001872,CUST_000210,delivered,2024-12-04 14:11:00,2024-12-05 09:11:00,2024-12-06 14:11:00,2024-12-12 14:11:00,2024-12-16 14:11:00
ORD_001873,CUST_000107,shipped,2024-04-03 12:02:00,2024-04-03 15:02:00,2024-04-04 12:02:00,2024-04-12 12:02:00,2024-04-16 12:02:00
ORD_001874,CUST_000486,delivered,2024-02-12 13:56:00,2024-02-13 07:56:00,2024-02-13 13:56:00,2024-02-25 13:56:00,2024-03-02 13:56:00
ORD_001875,CUST_000026,processing,2024-12-26 09:20:00,2024-12-26 13:20:00,2024-12-27 09:20:00,2025-01-06 09:20:00,2025-01-13 09:20:00
ORD_001876,CUST_000853,delivered,2024-10-27 23:29:00,2024-10-28 17:29:00,2024-10-30 23:29:00,2024-11-14 23:29:00,2024-11-10 23:29:00
ORD_001877,CUST_000518,delivered,2024-12-09 14:39:00,2024-12-09 20:39:00,2024-12-12 14:39:00,2024-12-25 14:39:00,2024-12-26 14:39:00
ORD_001878,CUST_000455,shipped,2024-05-15 10:58:00,2024-05-16 03:58:00,2024-05-18 10:58:00,2024-06-06 10:58:00,2024-05-27 10:58:00
ORD_001879,CUST_000401,processing,2024-04-05 06:11:00,2024-04-05 09:11:00,2024-04-08 06:11:00,2024-04-20 06:11:00,2024-04-18 06:11:00
ORD_001880,CUST_000057,processing,2024-02-10 23:38:00,2024-02-11 18:38:00,2024-02-13 23:38:00,2024-03-03 23:38:00,2024-02-20 23:38:00
ORD_001881,CUST_000949,delivered,2024-05-12 21:06:00,2024-05-13 12:06:00,2024-05-13 21:06:00,2024-05-28 21:06:00,2024-05-25 21:06:00
ORD_001882,CUST_000125,delivered,2024-08-10 17:01:00,2024-08-11 13:01:00,2024-08-11 17:01:00,2024-08-27 17:01:00,2024-08-24 17:01:00
ORD_001883,CUST_000308,delivered,2024-01-03 12:07:00,2024-01-04 09:07:00,2024-01-05 12:07:00,2024-01-17 12:07:00,2024-01-15 12:07:00
ORD_001884,CUST_000415,processing,2024-01-07 05:41:00,2024-01-07 12:41:00,2024-01-09 05:41:00,2024-01-16 05:41:00,2024-01-17 05:41:00
ORD_001885,CUST_000496,shipped,2024-09-01 14:44:00,2024-09-01 17:44:00,2024-09-02 14:44:00,2024-09-12 14:44:00,2024-09-13 14:44:00
ORD_001886,CUST_000189,delivered,2024-07-26 21:47:00,2024-07-27 19:47:00,2024-07-27 21:47:00,2024-07-31 21:47:00,2024-08-13 21:47:00
ORD_001887,CUST_000840,delivered,2024-11-04 23:31:00,2024-11-05 13:31:00,2024-11-05 23:31:00,2024-11-17 23:31:00,2024-11-18 23:31:00
ORD_001888,CUST_000241,shipped,2024-06-04 19:52:00,2024-06-05 04:52:00,2024-06-07 19:52:00,2024-06-11 19:52:00,2024-06-21 19:52:00
ORD_001889,CUST_000862,processing,2024-11-11 11:44:00,2024-11-12 02:44:00,2024-11-12 11:44:00,2024-11-20 11:44:00,2024-11-22 11:44:00
ORD_001890,CUST_000869,cancelled,2024-12-10 22:43:00,2024-12-11 13:43:00,2024-12-11 22:43:00,2024-12-15 22:43:00,2024-12-29 22:43:00
ORD_001891,CUST_000560,delivered,2024-07-21 09:05:00,2024-07-22 09:05:00,2024-07-24 09:05:00,2024-07-30 09:05:00,2024-07-31 09:05:00
ORD_001892,CUST_000267,cancelled,2024-03-05 04:00:00,2024-03-05 09:00:00,2024-03-08 04:00:00,2024-03-25 04:00:00,2024-03-16 04:00:00
ORD_001893,CUST_000842,delivered,2024-04-07 03:52:00,2024-04-08 00:52:00,2024-04-10 03:52:00,2024-04-13 03:52:00,2024-04-24 03:52:00
ORD_001894,CUST_000628,delivered,2024-01-09 22:12:00,2024-01-10 09:12:00,2024-01-10 22:12:00,2024-01-27 22:12:00,2024-01-21 22:12:00
ORD_001895,CUST_000698,delivered,2024-01-14 06:30:00,2024-01-14 09:30:00,2024-01-16 06:30:00,2024-01-22 06:30:00,2024-01-26 06:30:00
ORD_001896,CUST_000450,delivered,2024-11-28 04:41:00,2024-11-28 10:41:00,2024-11-29 04:41:00,2024-12-14 04:41:00,2024-12-18 04:41:00
ORD_001897,CUST_000880,delivered,2024-05-03 13:53:00,2024-05-04 10:53:00,2024-05-06 13:53:00,2024-05-27 13:53:00,2024-05-15 13:53:00
ORD_001898,CUST_000674,delivered,2024-11-16 17:12:00,2024-11-17 12:12:00,2024-11-18 17:12:00,2024-11-26 17:12:00,2024-11-30 17:12:00
ORD_001899,CUST_000632,shipped,2024-02-14 09:49:00,2024-02-14 20:49:00,2024-02-16 09:49:00,2024-03-05 09:49:00,2024-02-24 09:49:00
ORD_001900,CUST_000127,shipped,2024-08-25 04:30:00,2024-08-25 19:30:00,2024-08-26 04:30:00,2024-09-06 04:30:00,2024-09-09 04:30:00
ORD_001901,CUST_000443,shipped,2024-08-04 00:07:00,2024-08-04 17:07:00,2024-08-06 00:07:00,2024-08-26 00:07:00,2024-08-14 00:07:00
ORD_001902,CUST_000150,delivered,2024-03-26 04:47:00,2024-03-27 03:47:00,2024-03-27 04:47:00,2024-04-15 04:47:00,2024-04-12 04:47:00
ORD_001903,CUST_000652,delivered,2024-12-25 14:31:00,2024-12-26 14:31:00,2024-12-27 14:31:00,2025-01-07 14:31:00,2025-01-10 14:31:00
ORD_001904,CUST_000023,processing,2024-08-29 00:55:00,2024-08-29 14:55:00,2024-08-31 00:55:00,2024-09-04 00:55:00,2024-09-12 00:55:00
ORD_001905,CUST_000190,cancelled,2024-08-18 18:15:00,2024-08-18 19:15:00,2024-08-19 18:15:00,2024-08-28 18:15:00,2024-09-07 18:15:00
ORD_001906,CUST_000146,cancelled,2024-04-13 09:36:00,2024-04-13 22:36:00,2024-04-14 09:36:00,2024-05-07 09:36:00,2024-05-01 09:36:00
ORD_001907,CUST_000839,processing,2024-07-19 01:21:00,2024-07-19 20:21:00,2024-07-21 01:21:00,2024-08-12 01:21:00,2024-08-05 01:21:00
ORD_001908,CUST_000763,delivered,2024-01-05 03:40:00,2024-01-05 13:40:00,2024-01-07 03:40:00,2024-01-11 03:40:00,2024-01-16 03:40:00
ORD_001909,CUST_000674,processing,2024-08-09 13:54:00,2024-08-09 14:54:00,2024-08-10 13:54:00,2024-08-28 13:54:00,2024-08-26 13:54:00
ORD_001910,CUST_000247,shipped,2024-09-10 23:37:00,2024-09-11 19:37:00,2024-09-13 23:37:00,2024-09-17 23:37:00,2024-09-30 23:37:00
ORD_001911,CUST_000175,delivered,2024-11-01 23:35:00,2024-11-02 12:35:00,2024-11-02 23:35:00,2024-11-19 23:35:00,2024-11-21 23:35:00
ORD_001912,CUST_000524,delivered,2024-05-28 01:31:00,2024-05-28 02:31:00,2024-05-29 01:31:00,2024-06-15 01:31:00,2024-06-14 01:31:00
ORD_001913,CUST_000760,cancelled,2024-07-23 15:32:00,2024-07-23 16:32:00,2024-07-24 15:32:00,2024-08-15 15:32:00,2024-08-07 15:32:00
ORD_001914,CUST_000717,delivered,2024-10-29 23:39:00,2024-10-30 07:39:00,2024-11-01 23:39:00,2024-11-03 23:39:00,2024-11-12 23:39:00
ORD_001915,CUST_000560,delivered,2024-12-13 15:14:00,2024-12-14 02:14:00,2024-12-14 15:14:00,2024-12-31 15:14:00,2024-12-29 15:14:00
ORD_001916,CUST_000206,delivered,2024-02-01 16:01:00,2024-02-02 06:01:00,2024-02-04 16:01:00,2024-02-13 16:01:00,2024-02-12 16:01:00
ORD_001917,CUST_000488,delivered,2024-08-04 18:20:00,2024-08-04 23:20:00,2024-08-07 18:20:00,2024-08-13 18:20:00,2024-08-23 18:20:00
ORD_001918,CUST_000492,shipped,2024-10-10 02:17:00,2024-10-10 11:17:00,2024-10-13 02:17:00,2024-10-19 02:17:00,2024-10-29 02:17:00
ORD_001919,CUST_000297,cancelled,2024-11-27 13:56:00,2024-11-27 21:56:00,2024-11-28 13:56:00,2024-12-11 13:56:00,2024-12-09 13:56:00
ORD_001920,CUST_000297,processing,2024-08-30 03:31:00,2024-08-30 22:31:00,2024-09-01 03:31:00,2024-09-20 03:31:00,2024-09-13 03:31:00
ORD_001921,CUST_000684,shipped,2024-11-14 20:22:00,2024-11-15 18:22:00,2024-11-17 20:22:00,2024-12-09 20:22:00,2024-11-24 20:22:00
ORD_001922,CUST_000103,delivered,2024-08-17 22:27:00,2024-08-18 09:27:00,2024-08-19 22:27:00,2024-08-25 22:27:00,2024-09-02 22:27:00
ORD_001923,CUST_000983,shipped,2024-01-11 05:18:00,2024-01-11 23:18:00,2024-01-13 05:18:00,2024-01-26 05:18:00,2024-01-26 05:18:00
ORD_001924,CUST_000603,processing,2024-04-08 15:22:00,2024-04-09 06:22:00,2024-04-09 15:22:00,2024-04-23 15:22:00,2024-04-28 15:22:00
ORD_001925,CUST_000505,delivered,2024-08-12 07:32:00,2024-08-13 04:32:00,2024-08-13 07:32:00,2024-08-25 07:32:00,2024-08-30 07:32:00
ORD_001926,CUST_000377,delivered,2024-04-22 18:58:00,2024-04-23 16:58:00,2024-04-23 18:58:00,2024-05-02 18:58:00,2024-05-05 18:58:00
ORD_001927,CUST_000684,delivered,2024-12-16 10:58:00,2024-12-16 17:58:00,2024-12-17 10:58:00,2025-01-10 10:58:00,2025-01-03 10:58:00
ORD_001928,CUST_000282,delivered,2024-11-04 22:42:00,2024-11-05 17:42:00,2024-11-07 22:42:00,2024-11-29 22:42:00,2024-11-21 22:42:00
ORD_001929,CUST_000401,delivered,2024-08-27 04:56:00,2024-08-27 16:56:00,2024-08-30 04:56:00,2024-09-01 04:56:00,2024-09-08 04:56:00
ORD_001930,CUST_000396,delivered,2024-05-30 23:45:00,2024-05-31 22:45:00,2024-05-31 23:45:00,2024-06-11 23:45:00,2024-06-19 23:45:00
ORD_001931,CUST_000715,delivered,2024-07-18 13:53:00,2024-07-19 08:53:00,2024-07-19 13:53:00,2024-08-01 13:53:00,2024-08-04 13:53:00
ORD_001932,CUST_000820,delivered,2024-12-10 20:47:00,2024-12-11 01:47:00,2024-12-11 20:47:00,2024-12-16 20:47:00,2024-12-30 20:47:00
ORD_001933,CUST_000110,delivered,2024-07-03 15:51:00,2024-07-03 22:51:00,2024-07-05 15:51:00,2024-07-15 15:51:00,2024-07-15 15:51:00
ORD_001934,CUST_000476,processing,2024-03-23 19:13:00,2024-03-24 00:13:00,2024-03-24 19:13:00,2024-03-29 19:13:00,2024-04-07 19:13:00
ORD_001935,CUST_000427,shipped,2024-05-24 22:47:00,2024-05-25 05:47:00,2024-05-27 22:47:00,2024-06-01 22:47:00,2024-06-11 22:47:00
ORD_001936,CUST_000834,shipped,2024-02-14 21:30:00,2024-02-15 07:30:00,2024-02-15 21:30:00,2024-02-19 21:30:00,2024-02-25 21:30:00
ORD_001937,CUST_000436,processing,2024-03-07 05:12:00,2024-03-07 11:12:00,2024-03-09 05:12:00,2024-03-31 05:12:00,2024-03-19 05:12:00
ORD_001938,CUST_000152,cancelled,2024-03-21 19:31:00,2024-03-21 23:31:00,2024-03-24 19:31:00,2024-04-06 19:31:00,2024-04-02 19:31:00
ORD_001939,CUST_000029,cancelled,2024-02-21 13:31:00,2024-02-21 14:31:00,2024-02-23 13:31:00,2024-03-09 13:31:00,2024-03-07 13:31:00
ORD_001940,CUST_000291,delivered,2024-06-04 07:13:00,2024-06-05 01:13:00,2024-06-07 07:13:00,2024-06-24 07:13:00,2024-06-23 07:13:00
ORD_001941,CUST_000469,delivered,2024-10-12 01:01:00,2024-10-12 21:01:00,2024-10-13 01:01:00,2024-11-04 01:01:00,2024-10-22 01:01:00
ORD_001942,CUST_000124,delivered,2024-07-02 08:22:00,2024-07-02 10:22:00,2024-07-03 08:22:00,2024-07-27 08:22:00,2024-07-21 08:22:00
ORD_001943,CUST_000578,delivered,2024-12-12 05:11:00,2024-12-12 10:11:00,2024-12-15 05:11:00,2024-12-31 05:11:00,2024-12-27 05:11:00
ORD_001944,CUST_000399,delivered,2024-09-14 01:51:00,2024-09-14 19:51:00,2024-09-15 01:51:00,2024-09-30 01:51:00,2024-09-30 01:51:00
ORD_001945,CUST_000012,delivered,2024-02-02 10:27:00,2024-02-02 22:27:00,2024-02-03 10:27:00,2024-02-20 10:27:00,2024-02-18 10:27:00
ORD_001946,CUST_000595,shipped,2024-02-28 19:14:00,2024-02-28 22:14:00,2024-02-29 19:14:00,2024-03-13 19:14:00,2024-03-17 19:14:00
ORD_001947,CUST_000311,delivered,2024-03-02 17:14:00,2024-03-03 04:14:00,2024-03-04 17:14:00,2024-03-26 17:14:00,2024-03-16 17:14:00
ORD_001948,CUST_000035,delivered,2024-09-06 08:21:00,2024-09-06 19:21:00,2024-09-07 08:21:00,2024-09-13 08:21:00,2024-09-20 08:21:00
ORD_001949,CUST_000661,delivered,2024-06-30 01:49:00,2024-06-30 09:49:00,2024-07-02 01:49:00,2024-07-16 01:49:00,2024-07-18 01:49:00
ORD_001950,CUST_000667,delivered,2024-10-12 08:57:00,2024-10-13 06:57:00,2024-10-15 08:57:00,2024-10-31 08:57:00,2024-10-24 08:57:00
ORD_001951,CUST_000915,delivered,2024-03-18 22:55:00,2024-03-19 05:55:00,2024-03-19 22:55:00,2024-04-10 22:55:00,2024-03-31 22:55:00
ORD_001952,CUST_000673,processing,2024-09-20 19:42:00,2024-09-21 02:42:00,2024-09-23 19:42:00,2024-10-06 19:42:00,2024-10-07 19:42:00
ORD_001953,CUST_000635,delivered,2024-02-23 22:03:00,2024-02-24 08:03:00,2024-02-26 22:03:00,2024-03-10 22:03:00,2024-03-07 22:03:00
ORD_001954,CUST_000456,delivered,2024-08-12 14:53:00,2024-08-12 20:53:00,2024-08-13 14:53:00,2024-08-26 14:53:00,2024-09-01 14:53:00
ORD_001955,CUST_000044,delivered,2024-02-26 03:50:00,2024-02-26 17:50:00,2024-02-28 03:50:00,2024-03-15 03:50:00,2024-03-10 03:50:00
ORD_001956,CUST_000930,processing,2024-11-08 19:50:00,2024-11-09 04:50:00,2024-11-09 19:50:00,2024-11-18 19:50:00,2024-11-25 19:50:00
ORD_001957,CUST_000929,shipped,2024-02-22 17:02:00,2024-02-23 01:02:00,2024-02-23 17:02:00,2024-03-05 17:02:00,2024-03-12 17:02:00
ORD_001958,CUST_000364,shipped,2024-09-16 03:10:00,2024-09-16 10:10:00,2024-09-17 03:10:00,2024-09-29 03:10:00,2024-09-27 03:10:00
ORD_001959,CUST_000986,cancelled,2024-11-18 03:55:00,2024-11-18 15:55:00,2024-11-20 03:55:00,2024-12-08 03:55:00,2024-11-30 03:55:00
ORD_001960,CUST_000143,delivered,2024-04-15 11:10:00,2024-04-15 12:10:00,2024-04-16 11:10:00,2024-04-23 11:10:00,2024-04-26 11:10:00
ORD_001961,CUST_000480,delivered,2024-05-29 22:28:00,2024-05-30 03:28:00,2024-05-30 22:28:00,2024-06-07 22:28:00,2024-06-10 22:28:00
ORD_001962,CUST_000904,delivered,2024-09-16 15:46:00,2024-09-17 06:46:00,2024-09-17 15:46:00,2024-09-29 15:46:00,2024-09-27 15:46:00
ORD_001963,CUST_000741,processing,2024-02-20 04:41:00,2024-02-20 08:41:00,2024-02-23 04:41:00,2024-03-10 04:41:00,2024-03-02 04:41:00
ORD_001964,CUST_000470,shipped,2024-07-05 10:52:00,2024-07-05 23:52:00,2024-07-07 10:52:00,2024-07-23 10:52:00,2024-07-15 10:52:00
ORD_001965,CUST_000284,delivered,2024-03-11 03:54:00,2024-03-11 04:54:00,2024-03-14 03:54:00,2024-03-16 03:54:00,2024-03-22 03:54:00
ORD_001966,CUST_000010,delivered,2024-04-13 14:26:00,2024-04-14 05:26:00,2024-04-15 14:26:00,2024-04-21 14:26:00,2024-05-01 14:26:00
ORD_001967,CUST_000163,delivered,2024-01-04 07:53:00,2024-01-05 07:53:00,2024-01-06 07:53:00,2024-01-10 07:53:00,2024-01-21 07:53:00
ORD_001968,CUST_000367,delivered,2024-08-30 10:18:00,2024-08-31 10:18:00,2024-08-31 10:18:00,2024-09-21 10:18:00,2024-09-17 10:18:00
ORD_001969,CUST_000513,delivered,2024-09-15 05:05:00,2024-09-15 12:05:00,2024-09-17 05:05:00,2024-09-21 05:05:00,2024-09-25 05:05:00
ORD_001970,CUST_000877,delivered,2024-05-16 11:45:00,2024-05-17 00:45:00,2024-05-17 11:45:00,2024-05-24 11:45:00,2024-05-29 11:45:00
ORD_001971,CUST_000882,shipped,2024-07-31 11:40:00,2024-07-31 13:40:00,2024-08-03 11:40:00,2024-08-21 11:40:00,2024-08-15 11:40:00
ORD_001972,CUST_000516,delivered,2024-12-06 07:09:00,2024-12-06 22:09:00,2024-12-07 07:09:00,2024-12-14 07:09:00,2024-12-24 07:09:00
ORD_001973,CUST_000216,delivered,2024-09-28 13:50:00,2024-09-29 04:50:00,2024-10-01 13:50:00,2024-10-04 13:50:00,2024-10-14 13:50:00
ORD_001974,CUST_000358,delivered,2024-04-26 04:51:00,2024-04-26 17:51:00,2024-04-27 04:51:00,2024-05-07 04:51:00,2024-05-15 04:51:00
ORD_001975,CUST_000925,delivered,2024-08-07 13:58:00,2024-08-07 20:58:00,2024-08-08 13:58:00,2024-08-12 13:58:00,2024-08-17 13:58:00
ORD_001976,CUST_000724,delivered,2024-07-28 14:54:00,2024-07-28 21:54:00,2024-07-31 14:54:00,2024-08-15 14:54:00,2024-08-17 14:54:00
ORD_001977,CUST_000538,delivered,2024-09-21 21:23:00,2024-09-22 10:23:00,2024-09-24 21:23:00,2024-10-13 21:23:00,2024-10-02 21:23:00
ORD_001978,CUST_000400,delivered,2024-01-16 14:09:00,2024-01-17 09:09:00,2024-01-17 14:09:00,2024-01-28 14:09:00,2024-02-02 14:09:00
ORD_001979,CUST_000526,cancelled,2024-01-06 22:51:00,2024-01-07 02:51:00,2024-01-07 22:51:00,2024-01-14 22:51:00,2024-01-16 22:51:00
ORD_001980,CUST_000065,delivered,2024-09-21 02:05:00,2024-09-21 05:05:00,2024-09-23 02:05:00,2024-10-10 02:05:00,2024-10-08 02:05:00
ORD_001981,CUST_000179,shipped,2024-06-22 10:25:00,2024-06-22 16:25:00,2024-06-23 10:25:00,2024-07-09 10:25:00,2024-07-06 10:25:00
ORD_001982,CUST_000672,delivered,2024-03-25 13:03:00,2024-03-26 06:03:00,2024-03-26 13:03:00,2024-04-07 13:03:00,2024-04-04 13:03:00
ORD_001983,CUST_000156,delivered,2024-07-20 01:42:00,2024-07-20 20:42:00,2024-07-22 01:42:00,2024-07-27 01:42:00,2024-08-09 01:42:00
ORD_001984,CUST_000361,delivered,2024-11-24 04:57:00,2024-11-25 04:57:00,2024-11-26 04:57:00,2024-12-14 04:57:00,2024-12-07 04:57:00
ORD_001985,CUST_000672,delivered,2024-10-21 01:40:00,2024-10-21 18:40:00,2024-10-24 01:40:00,2024-10-31 01:40:00,2024-11-09 01:40:00
ORD_001986,CUST_000737,cancelled,2024-12-04 16:18:00,2024-12-04 20:18:00,2024-12-06 16:18:00,2024-12-22 16:18:00,2024-12-16 16:18:00
ORD_001987,CUST_000577,processing,2024-08-02 12:56:00,2024-08-02 18:56:00,2024-08-05 12:56:00,2024-08-23 12:56:00,2024-08-17 12:56:00
ORD_001988,CUST_000348,delivered,2024-12-14 22:35:00,2024-12-15 05:35:00,2024-12-16 22:35:00,2024-12-20 22:35:00,2024-12-25 22:35:00
ORD_001989,CUST_000471,shipped,2024-06-04 23:47:00,2024-06-05 03:47:00,2024-06-07 23:47:00,2024-06-26 23:47:00,2024-06-23 23:47:00
ORD_001990,CUST_000733,delivered,2024-06-09 11:00:00,2024-06-10 03:00:00,2024-06-12 11:00:00,2024-06-14 11:00:00,2024-06-28 11:00:00
ORD_001991,CUST_000880,delivered,2024-05-23 16:39:00,2024-05-24 16:39:00,2024-05-26 16:39:00,2024-06-13 16:39:00,2024-06-11 16:39:00
ORD_001992,CUST_000806,processing,2024-03-16 22:25:00,2024-03-17 18:25:00,2024-03-18 22:25:00,2024-03-24 22:25:00,2024-03-30 22:25:00
ORD_001993,CUST_000144,shipped,2024-08-16 20:13:00,2024-08-17 08:13:00,2024-08-19 20:13:00,2024-09-01 20:13:00,2024-08-31 20:13:00
ORD_001994,CUST_000286,delivered,2024-10-05 19:50:00,2024-10-06 19:50:00,2024-10-07 19:50:00,2024-10-24 19:50:00,2024-10-17 19:50:00
ORD_001995,CUST_000804,shipped,2024-11-12 20:28:00,2024-11-13 07:28:00,2024-11-15 20:28:00,2024-11-20 20:28:00,2024-12-01 20:28:00
ORD_001996,CUST_000781,delivered,2024-12-23 11:56:00,2024-12-24 01:56:00,2024-12-26 11:56:00,2025-01-01 11:56:00,2025-01-07 11:56:00
ORD_001997,CUST_000675,shipped,2024-11-28 12:49:00,2024-11-28 19:49:00,2024-11-30 12:49:00,2024-12-21 12:49:00,2024-12-09 12:49:00
ORD_001998,CUST_000311,shipped,2024-04-11 09:05:00,2024-04-11 16:05:00,2024-04-14 09:05:00,2024-04-16 09:05:00,2024-04-28 09:05:00
ORD_001999,CUST_000946,delivered,2024-01-19 17:21:00,2024-01-19 20:21:00,2024-01-22 17:21:00,2024-01-27 17:21:00,2024-01-30 17:21:00
ORD_002000,CUST_000404,delivered,2024-07-18 23:46:00,2024-07-19 16:46:00,2024-07-21 23:46:00,2024-08-02 23:46:00,2024-07-30 23:46:00
ORD_002001,CUST_000070,shipped,2024-03-05 16:34:00,2024-03-06 04:34:00,2024-03-08 16:34:00,2024-03-11 16:34:00,2024-03-17 16:34:00
ORD_002002,CUST_000939,processing,2024-05-25 06:05:00,2024-05-25 22:05:00,2024-05-27 06:05:00,2024-06-13 06:05:00,2024-06-06 06:05:00
ORD_002003,CUST_000860,shipped,2024-09-18 17:19:00,2024-09-19 02:19:00,2024-09-20 17:19:00,2024-09-25 17:19:00,2024-10-05 17:19:00
ORD_002004,CUST_000661,delivered,2024-09-23 10:48:00,2024-09-24 03:48:00,2024-09-26 10:48:00,2024-10-04 10:48:00,2024-10-09 10:48:00
ORD_002005,CUST_000496,delivered,2024-11-21 05:01:00,2024-11-21 09:01:00,2024-11-23 05:01:00,2024-12-12 05:01:00,2024-12-05 05:01:00
ORD_002006,CUST_000386,delivered,2024-01-15 17:37:00,2024-01-16 08:37:00,2024-01-16 17:37:00,2024-01-21 17:37:00,2024-01-28 17:37:00
ORD_002007,CUST_000986,delivered,2024-05-12 07:53:00,2024-05-12 08:53:00,2024-05-15 07:53:00,2024-05-30 07:53:00,2024-05-25 07:53:00
ORD_002008,CUST_000484,delivered,2024-06-04 23:27:00,2024-06-05 00:27:00,2024-06-06 23:27:00,2024-06-23 23:27:00,2024-06-22 23:27:00
ORD_002009,CUST_000621,shipped,2024-09-15 03:46:00,2024-09-15 16:46:00,2024-09-16 03:46:00,2024-09-23 03:46:00,2024-10-02 03:46:00
ORD_002010,CUST_000675,shipped,2024-01-31 11:16:00,2024-02-01 01:16:00,2024-02-01 11:16:00,2024-02-12 11:16:00,2024-02-12 11:16:00
ORD_002011,CUST_000185,delivered,2024-11-17 16:22:00,2024-11-18 05:22:00,2024-11-18 16:22:00,2024-11-23 16:22:00,2024-11-29 16:22:00
ORD_002012,CUST_000590,processing,2024-03-04 01:48:00,2024-03-04 05:48:00,2024-03-05 01:48:00,2024-03-23 01:48:00,2024-03-14 01:48:00
ORD_002013,CUST_000726,delivered,2024-11-29 03:28:00,2024-11-29 15:28:00,2024-12-02 03:28:00,2024-12-11 03:28:00,2024-12-14 03:28:00
ORD_002014,CUST_000950,delivered,2024-06-01 18:47:00,2024-06-02 06:47:00,2024-06-03 18:47:00,2024-06-16 18:47:00,2024-06-15 18:47:00
ORD_002015,CUST_000520,delivered,2024-01-03 14:21:00,2024-01-04 00:21:00,2024-01-05 14:21:00,2024-01-10 14:21:00,2024-01-15 14:21:00
ORD_002016,CUST_000795,delivered,2024-04-30 23:37:00,2024-05-01 02:37:00,2024-05-01 23:37:00,2024-05-06 23:37:00,2024-05-12 23:37:00
ORD_002017,CUST_000675,delivered,2024-10-16 22:57:00,2024-10-17 12:57:00,2024-10-19 22:57:00,2024-10-30 22:57:00,2024-10-27 22:57:00
ORD_002018,CUST_000539,delivered,2024-11-17 21:34:00,2024-11-18 18:34:00,2024-11-19 21:34:00,2024-12-03 21:34:00,2024-12-03 21:34:00
ORD_002019,CUST_000266,shipped,2024-10-31 07:22:00,2024-10-31 17:22:00,2024-11-02 07:22:00,2024-11-21 07:22:00,2024-11-12 07:22:00
ORD_002020,CUST_000133,delivered,2024-06-02 09:42:00,2024-06-02 17:42:00,2024-06-04 09:42:00,2024-06-15 09:42:00,2024-06-18 09:42:00
ORD_002021,CUST_000715,shipped,2024-10-20 21:08:00,2024-10-21 20:08:00,2024-10-22 21:08:00,2024-11-09 21:08:00,2024-11-09 21:08:00
ORD_002022,CUST_000332,delivered,2024-07-12 16:47:00,2024-07-12 19:47:00,2024-07-14 16:47:00,2024-07-26 16:47:00,2024-07-27 16:47:00
ORD_002023,CUST_000603,shipped,2024-05-06 03:20:00,2024-05-07 00:20:00,2024-05-07 03:20:00,2024-05-17 03:20:00,2024-05-26 03:20:00
ORD_002024,CUST_000979,delivered,2024-09-21 18:12:00,2024-09-22 15:12:00,2024-09-23 18:12:00,2024-10-08 18:12:00,2024-10-05 18:12:00
ORD_002025,CUST_000595,delivered,2024-07-03 14:06:00,2024-07-04 03:06:00,2024-07-05 14:06:00,2024-07-13 14:06:00,2024-07-22 14:06:00
ORD_002026,CUST_000357,cancelled,2024-03-16 22:27:00,2024-03-17 14:27:00,2024-03-17 22:27:00,2024-03-24 22:27:00,2024-04-05 22:27:00
ORD_002027,CUST_000599,delivered,2024-07-29 02:05:00,2024-07-29 03:05:00,2024-07-30 02:05:00,2024-08-09 02:05:00,2024-08-14 02:05:00
ORD_002028,CUST_000633,processing,2024-02-01 13:56:00,2024-02-01 22:56:00,2024-02-02 13:56:00,2024-02-06 13:56:00,2024-02-14 13:56:00
ORD_002029,CUST_000850,delivered,2024-03-07 15:13:00,2024-03-08 15:13:00,2024-03-09 15:13:00,2024-03-12 15:13:00,2024-03-20 15:13:00
ORD_002030,CUST_000414,cancelled,2024-08-16 02:23:00,2024-08-16 23:23:00,2024-08-19 02:23:00,2024-09-08 02:23:00,2024-08-26 02:23:00
ORD_002031,CUST_000070,shipped,2024-12-12 16:25:00,2024-12-13 03:25:00,2024-12-13 16:25:00,2024-12-30 16:25:00,2024-12-30 16:25:00
ORD_002032,CUST_000047,delivered,2024-10-28 17:33:00,2024-10-28 19:33:00,2024-10-30 17:33:00,2024-11-07 17:33:00,2024-11-10 17:33:00
ORD_002033,CUST_000031,shipped,2024-07-21 08:37:00,2024-07-21 13:37:00,2024-07-24 08:37:00,2024-08-06 08:37:00,2024-08-03 08:37:00
ORD_002034,CUST_000873,delivered,2024-09-12 20:27:00,2024-09-13 04:27:00,2024-09-15 20:27:00,2024-10-04 20:27:00,2024-09-26 20:27:00
ORD_002035,CUST_000751,delivered,2024-08-13 22:59:00,2024-08-14 04:59:00,2024-08-14 22:59:00,2024-09-03 22:59:00,2024-08-27 22:59:00
ORD_002036,CUST_000163,delivered,2024-09-07 23:26:00,2024-09-08 18:26:00,2024-09-10 23:26:00,2024-09-23 23:26:00,2024-09-21 23:26:00
ORD_002037,CUST_000238,cancelled,2024-03-24 04:32:00,2024-03-24 05:32:00,2024-03-26 04:32:00,2024-04-12 04:32:00,2024-04-10 04:32:00
ORD_002038,CUST_000099,cancelled,2024-03-06 15:45:00,2024-03-06 20:45:00,2024-03-08 15:45:00,2024-03-24 15:45:00,2024-03-16 15:45:00
ORD_002039,CUST_000682,delivered,2024-08-22 04:45:00,2024-08-22 21:45:00,2024-08-23 04:45:00,2024-09-09 04:45:00,2024-09-05 04:45:00
ORD_002040,CUST_000109,delivered,2024-09-19 16:07:00,2024-09-19 21:07:00,2024-09-20 16:07:00,2024-10-13 16:07:00,2024-10-07 16:07:00
ORD_002041,CUST_000512,delivered,2024-12-21 06:29:00,2024-12-21 11:29:00,2024-12-22 06:29:00,2025-01-03 06:29:00,2025-01-08 06:29:00
ORD_002042,CUST_000957,shipped,2024-08-30 01:47:00,2024-08-31 00:47:00,2024-08-31 01:47:00,2024-09-19 01:47:00,2024-09-16 01:47:00
ORD_002043,CUST_000696,processing,2024-03-21 17:23:00,2024-03-22 09:23:00,2024-03-23 17:23:00,2024-03-26 17:23:00,2024-04-08 17:23:00
ORD_002044,CUST_000488,cancelled,2024-03-01 19:54:00,2024-03-01 21:54:00,2024-03-03 19:54:00,2024-03-12 19:54:00,2024-03-20 19:54:00
ORD_002045,CUST_000332,cancelled,2024-07-28 03:07:00,2024-07-28 05:07:00,2024-07-30 03:07:00,2024-08-05 03:07:00,2024-08-16 03:07:00
ORD_002046,CUST_000779,delivered,2024-07-08 18:18:00,2024-07-09 14:18:00,2024-07-10 18:18:00,2024-07-30 18:18:00,2024-07-23 18:18:00
ORD_002047,CUST_000238,delivered,2024-01-21 16:09:00,2024-01-21 23:09:00,2024-01-23 16:09:00,2024-01-26 16:09:00,2024-01-31 16:09:00
ORD_002048,CUST_000791,delivered,2024-03-01 11:19:00,2024-03-02 11:19:00,2024-03-04 11:19:00,2024-03-16 11:19:00,2024-03-15 11:19:00
ORD_002049,CUST_000828,processing,2024-07-10 09:18:00,2024-07-11 07:18:00,2024-07-12 09:18:00,2024-07-21 09:18:00,2024-07-27 09:18:00
ORD_002050,CUST_000940,shipped,2024-09-05 00:50:00,2024-09-05 10:50:00,2024-09-07 00:50:00,2024-09-16 00:50:00,2024-09-15 00:50:00
ORD_002051,CUST_000751,shipped,2024-03-14 04:50:00,2024-03-14 16:50:00,2024-03-15 04:50:00,2024-04-07 04:50:00,2024-03-26 04:50:00
ORD_002052,CUST_000815,delivered,2024-10-28 13:03:00,2024-10-29 09:03:00,2024-10-30 13:03:00,2024-11-14 13:03:00,2024-11-07 13:03:00
ORD_002053,CUST_000243,cancelled,2024-06-05 09:13:00,2024-06-05 23:13:00,2024-06-06 09:13:00,2024-06-15 09:13:00,2024-06-20 09:13:00
ORD_002054,CUST_000108,delivered,2024-04-03 23:31:00,2024-04-04 05:31:00,2024-04-05 23:31:00,2024-04-22 23:31:00,2024-04-22 23:31:00
ORD_002055,CUST_000922,shipped,2024-01-02 03:35:00,2024-01-02 17:35:00,2024-01-03 03:35:00,2024-01-15 03:35:00,2024-01-22 03:35:00
ORD_002056,CUST_000902,processing,2024-06-27 02:55:00,2024-06-27 08:55:00,2024-06-28 02:55:00,2024-07-15 02:55:00,2024-07-13 02:55:00
ORD_002057,CUST_000179,delivered,2024-01-23 13:30:00,2024-01-23 19:30:00,2024-01-24 13:30:00,2024-02-09 13:30:00,2024-02-10 13:30:00
ORD_002058,CUST_000746,delivered,2024-10-20 09:36:00,2024-10-21 02:36:00,2024-10-23 09:36:00,2024-11-07 09:36:00,2024-11-09 09:36:00
ORD_002059,CUST_000914,delivered,2024-08-19 10:50:00,2024-08-19 15:50:00,2024-08-20 10:50:00,2024-08-28 10:50:00,2024-09-03 10:50:00
ORD_002060,CUST_000394,delivered,2024-07-12 15:53:00,2024-07-13 15:53:00,2024-07-14 15:53:00,2024-07-19 15:53:00,2024-07-23 15:53:00
ORD_002061,CUST_000774,cancelled,2024-11-06 04:48:00,2024-11-07 02:48:00,2024-11-08 04:48:00,2024-11-22 04:48:00,2024-11-25 04:48:00
ORD_002062,CUST_000997,delivered,2024-03-11 16:40:00,2024-03-11 22:40:00,2024-03-12 16:40:00,2024-04-03 16:40:00,2024-03-26 16:40:00
ORD_002063,CUST_000431,delivered,2024-08-23 14:42:00,2024-08-24 02:42:00,2024-08-25 14:42:00,2024-08-30 14:42:00,2024-09-05 14:42:00
ORD_002064,CUST_000945,shipped,2024-08-17 04:55:00,2024-08-17 08:55:00,2024-08-19 04:55:00,2024-09-07 04:55:00,2024-09-06 04:55:00
ORD_002065,CUST_000066,delivered,2024-06-15 02:51:00,2024-06-15 08:51:00,2024-06-17 02:51:00,2024-06-27 02:51:00,2024-07-02 02:51:00
ORD_002066,CUST_000064,processing,2024-11-15 21:39:00,2024-11-15 22:39:00,2024-11-18 21:39:00,2024-11-24 21:39:00,2024-12-02 21:39:00
ORD_002067,CUST_000627,delivered,2024-07-28 12:14:00,2024-07-29 04:14:00,2024-07-30 12:14:00,2024-08-17 12:14:00,2024-08-11 12:14:00
ORD_002068,CUST_000257,processing,2024-07-21 10:34:00,2024-07-21 17:34:00,2024-07-22 10:34:00,2024-07-26 10:34:00,2024-08-09 10:34:00
ORD_002069,CUST_000118,cancelled,2024-01-24 21:56:00,2024-01-25 07:56:00,2024-01-27 21:56:00,2024-01-30 21:56:00,2024-02-05 21:56:00
ORD_002070,CUST_000039,delivered,2024-08-14 23:17:00,2024-08-15 12:17:00,2024-08-16 23:17:00,2024-08-20 23:17:00,2024-08-30 23:17:00
ORD_002071,CUST_000868,delivered,2024-11-26 02:55:00,2024-11-26 23:55:00,2024-11-28 02:55:00,2024-12-09 02:55:00,2024-12-12 02:55:00
ORD_002072,CUST_000768,delivered,2024-03-25 22:01:00,2024-03-26 10:01:00,2024-03-28 22:01:00,2024-04-11 22:01:00,2024-04-14 22:01:00
ORD_002073,CUST_000075,cancelled,2024-10-19 20:50:00,2024-10-20 05:50:00,2024-10-22 20:50:00,2024-11-06 20:50:00,2024-11-08 20:50:00
ORD_002074,CUST_000453,delivered,2024-12-28 09:35:00,2024-12-29 05:35:00,2024-12-30 09:35:00,2025-01-15 09:35:00,2025-01-10 09:35:00
ORD_002075,CUST_000782,delivered,2024-11-26 03:41:00,2024-11-26 14:41:00,2024-11-27 03:41:00,2024-12-04 03:41:00,2024-12-08 03:41:00
ORD_002076,CUST_000384,cancelled,2024-10-13 02:12:00,2024-10-13 03:12:00,2024-10-15 02:12:00,2024-10-27 02:12:00,2024-11-01 02:12:00
ORD_002077,CUST_000622,processing,2024-11-12 17:36:00,2024-11-12 18:36:00,2024-11-13 17:36:00,2024-11-27 17:36:00,2024-11-27 17:36:00
ORD_002078,CUST_000647,shipped,2024-01-28 18:33:00,2024-01-29 05:33:00,2024-01-30 18:33:00,2024-02-22 18:33:00,2024-02-13 18:33:00
ORD_002079,CUST_000861,shipped,2024-04-06 15:32:00,2024-04-06 16:32:00,2024-04-08 15:32:00,2024-04-29 15:32:00,2024-04-19 15:32:00
ORD_002080,CUST_000031,processing,2024-01-10 03:42:00,2024-01-10 19:42:00,2024-01-11 03:42:00,2024-01-15 03:42:00,2024-01-24 03:42:00
ORD_002081,CUST_000946,delivered,2024-09-29 05:01:00,2024-09-29 07:01:00,2024-10-01 05:01:00,2024-10-06 05:01:00,2024-10-11 05:01:00
ORD_002082,CUST_000179,delivered,2024-05-20 06:15:00,2024-05-21 06:15:00,2024-05-23 06:15:00,2024-05-28 06:15:00,2024-06-06 06:15:00
ORD_002083,CUST_000329,delivered,2024-12-27 18:28:00,2024-12-27 23:28:00,2024-12-28 18:28:00,2025-01-02 18:28:00,2025-01-13 18:28:00
ORD_002084,CUST_000111,delivered,2024-02-13 17:38:00,2024-02-14 07:38:00,2024-02-14 17:38:00,2024-03-03 17:38:00,2024-03-01 17:38:00
ORD_002085,CUST_000716,delivered,2024-06-13 12:37:00,2024-06-13 14:37:00,2024-06-14 12:37:00,2024-07-06 12:37:00,2024-06-28 12:37:00
ORD_002086,CUST_000461,delivered,2024-01-24 15:55:00,2024-01-25 09:55:00,2024-01-25 15:55:00,2024-02-13 15:55:00,2024-02-05 15:55:00
ORD_002087,CUST_000387,delivered,2024-01-12 10:27:00,2024-01-12 23:27:00,2024-01-15 10:27:00,2024-01-31 10:27:00,2024-01-24 10:27:00
ORD_002088,CUST_000137,delivered,2024-04-02 13:01:00,2024-04-03 09:01:00,2024-04-05 13:01:00,2024-04-10 13:01:00,2024-04-17 13:01:00
ORD_002089,CUST_000653,processing,2024-09-27 10:24:00,2024-09-28 10:24:00,2024-09-30 10:24:00,2024-10-10 10:24:00,2024-10-16 10:24:00
ORD_002090,CUST_000588,delivered,2024-05-11 02:07:00,2024-05-11 19:07:00,2024-05-13 02:07:00,2024-05-17 02:07:00,2024-05-23 02:07:00
ORD_002091,CUST_000570,delivered,2024-02-20 17:10:00,2024-02-20 23:10:00,2024-02-21 17:10:00,2024-02-25 17:10:00,2024-03-01 17:10:00
ORD_002092,CUST_000205,processing,2024-05-26 04:11:00,2024-05-26 10:11:00,2024-05-27 04:11:00,2024-06-20 04:11:00,2024-06-11 04:11:00
ORD_002093,CUST_000201,delivered,2024-05-10 02:09:00,2024-05-10 06:09:00,2024-05-13 02:09:00,2024-05-23 02:09:00,2024-05-21 02:09:00
ORD_002094,CUST_000259,processing,2024-06-06 13:43:00,2024-06-06 14:43:00,2024-06-07 13:43:00,2024-06-29 13:43:00,2024-06-22 13:43:00
ORD_002095,CUST_000503,delivered,2024-03-27 01:39:00,2024-03-27 13:39:00,2024-03-30 01:39:00,2024-04-08 01:39:00,2024-04-11 01:39:00
ORD_002096,CUST_000449,delivered,2024-06-15 05:01:00,2024-06-15 13:01:00,2024-06-18 05:01:00,2024-07-07 05:01:00,2024-07-03 05:01:00
ORD_002097,CUST_000696,delivered,2024-01-30 09:24:00,2024-01-30 12:24:00,2024-02-01 09:24:00,2024-02-21 09:24:00,2024-02-10 09:24:00
ORD_002098,CUST_000293,delivered,2024-02-20 10:09:00,2024-02-21 00:09:00,2024-02-21 10:09:00,2024-02-27 10:09:00,2024-03-03 10:09:00
ORD_002099,CUST_000231,processing,2024-07-30 10:16:00,2024-07-30 13:16:00,2024-08-01 10:16:00,2024-08-22 10:16:00,2024-08-18 10:16:00
ORD_002100,CUST_000207,cancelled,2024-07-11 03:03:00,2024-07-11 07:03:00,2024-07-13 03:03:00,2024-08-05 03:03:00,2024-07-23 03:03:00
ORD_002101,CUST_000760,shipped,2024-04-13 07:48:00,2024-04-13 23:48:00,2024-04-15 07:48:00,2024-04-26 07:48:00,2024-04-23 07:48:00
ORD_002102,CUST_000166,delivered,2024-11-01 18:15:00,2024-11-02 09:15:00,2024-11-04 18:15:00,2024-11-24 18:15:00,2024-11-21 18:15:00
ORD_002103,CUST_000445,delivered,2024-09-09 16:48:00,2024-09-10 06:48:00,2024-09-11 16:48:00,2024-09-14 16:48:00,2024-09-24 16:48:00
ORD_002104,CUST_000834,delivered,2024-09-15 12:07:00,2024-09-16 06:07:00,2024-09-17 12:07:00,2024-09-30 12:07:00,2024-10-04 12:07:00
ORD_002105,CUST_000542,delivered,2024-05-17 01:20:00,2024-05-17 16:20:00,2024-05-20 01:20:00,2024-05-29 01:20:00,2024-05-29 01:20:00
ORD_002106,CUST_000829,delivered,2024-08-25 17:26:00,2024-08-25 22:26:00,2024-08-27 17:26:00,2024-09-01 17:26:00,2024-09-06 17:26:00
ORD_002107,CUST_000809,shipped,2024-02-03 15:01:00,2024-02-04 11:01:00,2024-02-05 15:01:00,2024-02-18 15:01:00,2024-02-22 15:01:00
ORD_002108,CUST_000197,delivered,2024-07-27 20:14:00,2024-07-28 17:14:00,2024-07-29 20:14:00,2024-08-06 20:14:00,2024-08-10 20:14:00
ORD_002109,CUST_000089,cancelled,2024-01-10 08:35:00,2024-01-10 09:35:00,2024-01-11 08:35:00,2024-01-16 08:35:00,2024-01-21 08:35:00
ORD_002110,CUST_000597,shipped,2024-10-27 21:06:00,2024-10-28 07:06:00,2024-10-30 21:06:00,2024-11-09 21:06:00,2024-11-07 21:06:00
ORD_002111,CUST_000025,delivered,2024-05-06 17:41:00,2024-05-07 09:41:00,2024-05-09 17:41:00,2024-05-30 17:41:00,2024-05-21 17:41:00
ORD_002112,CUST_000645,delivered,2024-03-05 09:36:00,2024-03-06 01:36:00,2024-03-06 09:36:00,2024-03-29 09:36:00,2024-03-21 09:36:00
ORD_002113,CUST_000983,processing,2024-07-27 14:05:00,2024-07-27 23:05:00,2024-07-29 14:05:00,2024-08-17 14:05:00,2024-08-09 14:05:00
ORD_002114,CUST_000685,cancelled,2024-11-21 16:13:00,2024-11-21 21:13:00,2024-11-23 16:13:00,2024-11-27 16:13:00,2024-12-01 16:13:00
ORD_002115,CUST_000099,cancelled,2024-03-13 11:34:00,2024-03-13 22:34:00,2024-03-15 11:34:00,2024-04-05 11:34:00,2024-03-25 11:34:00
ORD_002116,CUST_000209,delivered,2024-03-27 07:34:00,2024-03-28 05:34:00,2024-03-30 07:34:00,2024-04-10 07:34:00,2024-04-15 07:34:00
ORD_002117,CUST_000035,delivered,2024-08-04 17:28:00,2024-08-05 11:28:00,2024-08-05 17:28:00,2024-08-29 17:28:00,2024-08-19 17:28:00
ORD_002118,CUST_000830,delivered,2024-01-22 00:52:00,2024-01-22 12:52:00,2024-01-25 00:52:00,2024-02-15 00:52:00,2024-02-06 00:52:00
ORD_002119,CUST_000144,cancelled,2024-08-25 19:18:00,2024-08-26 15:18:00,2024-08-28 19:18:00,2024-09-14 19:18:00,2024-09-14 19:18:00
ORD_002120,CUST_000915,delivered,2024-11-30 05:00:00,2024-12-01 03:00:00,2024-12-03 05:00:00,2024-12-17 05:00:00,2024-12-19 05:00:00
ORD_002121,CUST_000006,delivered,2024-01-31 15:17:00,2024-02-01 14:17:00,2024-02-03 15:17:00,2024-02-24 15:17:00,2024-02-16 15:17:00
ORD_002122,CUST_000369,processing,2024-11-02 08:53:00,2024-11-02 12:53:00,2024-11-05 08:53:00,2024-11-23 08:53:00,2024-11-15 08:53:00
ORD_002123,CUST_000793,delivered,2024-12-14 12:22:00,2024-12-15 04:22:00,2024-12-17 12:22:00,2025-01-03 12:22:00,2024-12-30 12:22:00
ORD_002124,CUST_000418,shipped,2024-11-19 06:37:00,2024-11-19 22:37:00,2024-11-20 06:37:00,2024-12-14 06:37:00,2024-12-02 06:37:00
ORD_002125,CUST_000582,delivered,2024-09-18 09:02:00,2024-09-19 09:02:00,2024-09-19 09:02:00,2024-09-30 09:02:00,2024-10-05 09:02:00
ORD_002126,CUST_000560,delivered,2024-03-23 23:34:00,2024-03-24 18:34:00,2024-03-25 23:34:00,2024-04-17 23:34:00,2024-04-12 23:34:00
ORD_002127,CUST_000886,delivered,2024-10-15 02:19:00,2024-10-15 09:19:00,2024-10-17 02:19:00,2024-10-22 02:19:00,2024-10-27 02:19:00
ORD_002128,CUST_000074,shipped,2024-02-15 12:44:00,2024-02-15 17:44:00,2024-02-18 12:44:00,2024-02-26 12:44:00,2024-03-06 12:44:00
ORD_002129,CUST_000349,delivered,2024-03-03 04:46:00,2024-03-03 12:46:00,2024-03-06 04:46:00,2024-03-22 04:46:00,2024-03-19 04:46:00
ORD_002130,CUST_000190,cancelled,2024-10-11 08:56:00,2024-10-12 01:56:00,2024-10-13 08:56:00,2024-11-03 08:56:00,2024-10-23 08:56:00
ORD_002131,CUST_000699,cancelled,2024-08-09 06:39:00,2024-08-09 11:39:00,2024-08-12 06:39:00,2024-08-28 06:39:00,2024-08-28 06:39:00
ORD_002132,CUST_000748,cancelled,2024-09-15 10:56:00,2024-09-15 15:56:00,2024-09-18 10:56:00,2024-09-23 10:56:00,2024-09-29 10:56:00
ORD_002133,CUST_000981,shipped,2024-12-15 10:40:00,2024-12-15 18:40:00,2024-12-18 10:40:00,2025-01-02 10:40:00,2025-01-04 10:40:00
ORD_002134,CUST_000933,shipped,2024-05-13 22:28:00,2024-05-14 20:28:00,2024-05-15 22:28:00,2024-05-30 22:28:00,2024-05-25 22:28:00
ORD_002135,CUST_000746,delivered,2024-05-19 07:42:00,2024-05-19 10:42:00,2024-05-20 07:42:00,2024-06-12 07:42:00,2024-05-29 07:42:00
ORD_002136,CUST_000658,delivered,2024-06-13 10:13:00,2024-06-14 10:13:00,2024-06-14 10:13:00,2024-07-05 10:13:00,2024-06-29 10:13:00
ORD_002137,CUST_000541,delivered,2024-08-23 19:21:00,2024-08-23 23:21:00,2024-08-24 19:21:00,2024-09-06 19:21:00,2024-09-08 19:21:00
ORD_002138,CUST_000509,cancelled,2024-01-09 22:08:00,2024-01-10 21:08:00,2024-01-10 22:08:00,2024-01-17 22:08:00,2024-01-20 22:08:00
ORD_002139,CUST_000195,processing,2024-11-26 00:38:00,2024-11-26 13:38:00,2024-11-29 00:38:00,2024-12-14 00:38:00,2024-12-11 00:38:00
ORD_002140,CUST_000853,delivered,2024-08-31 00:57:00,2024-08-31 10:57:00,2024-09-02 00:57:00,2024-09-17 00:57:00,2024-09-20 00:57:00
ORD_002141,CUST_000213,processing,2024-01-05 21:11:00,2024-01-06 17:11:00,2024-01-07 21:11:00,2024-01-13 21:11:00,2024-01-19 21:11:00
ORD_002142,CUST_000585,delivered,2024-07-30 17:57:00,2024-07-30 21:57:00,2024-08-01 17:57:00,2024-08-08 17:57:00,2024-08-18 17:57:00
ORD_002143,CUST_000848,delivered,2024-12-22 22:31:00,2024-12-23 06:31:00,2024-12-23 22:31:00,2025-01-02 22:31:00,2025-01-09 22:31:00
ORD_002144,CUST_000486,delivered,2024-07-20 17:05:00,2024-07-21 01:05:00,2024-07-21 17:05:00,2024-08-09 17:05:00,2024-07-30 17:05:00
ORD_002145,CUST_000513,delivered,2024-11-28 20:04:00,2024-11-29 05:04:00,2024-11-29 20:04:00,2024-12-12 20:04:00,2024-12-18 20:04:00
ORD_002146,CUST_000361,processing,2024-10-02 00:57:00,2024-10-02 06:57:00,2024-10-04 00:57:00,2024-10-08 00:57:00,2024-10-22 00:57:00
ORD_002147,CUST_000366,delivered,2024-12-09 14:43:00,2024-12-10 14:43:00,2024-12-10 14:43:00,2024-12-29 14:43:00,2024-12-27 14:43:00
ORD_002148,CUST_000634,delivered,2024-03-04 11:52:00,2024-03-05 09:52:00,2024-03-05 11:52:00,2024-03-24 11:52:00,2024-03-19 11:52:00
ORD_002149,CUST_000922,shipped,2024-07-11 19:22:00,2024-07-12 05:22:00,2024-07-12 19:22:00,2024-08-03 19:22:00,2024-07-22 19:22:00
ORD_002150,CUST_000573,shipped,2024-07-17 05:53:00,2024-07-17 16:53:00,2024-07-19 05:53:00,2024-07-30 05:53:00,2024-07-30 05:53:00
ORD_002151,CUST_000874,cancelled,2024-12-22 00:07:00,2024-12-22 23:07:00,2024-12-25 00:07:00,2025-01-03 00:07:00,2025-01-04 00:07:00
ORD_002152,CUST_000142,shipped,2024-08-24 11:59:00,2024-08-25 02:59:00,2024-08-25 11:59:00,2024-09-05 11:59:00,2024-09-04 11:59:00
ORD_002153,CUST_000821,delivered,2024-04-08 14:00:00,2024-04-09 12:00:00,2024-04-10 14:00:00,2024-04-18 14:00:00,2024-04-21 14:00:00
ORD_002154,CUST_000069,delivered,2024-04-23 23:01:00,2024-04-24 18:01:00,2024-04-24 23:01:00,2024-05-08 23:01:00,2024-05-13 23:01:00
ORD_002155,CUST_000450,processing,2024-05-23 21:58:00,2024-05-24 14:58:00,2024-05-25 21:58:00,2024-06-10 21:58:00,2024-06-10 21:58:00
ORD_002156,CUST_000438,delivered,2024-12-29 11:12:00,2024-12-30 04:12:00,2025-01-01 11:12:00,2025-01-08 11:12:00,2025-01-08 11:12:00
ORD_002157,CUST_000641,delivered,2024-02-16 19:40:00,2024-02-17 14:40:00,2024-02-19 19:40:00,2024-02-27 19:40:00,2024-02-26 19:40:00
ORD_002158,CUST_000386,shipped,2024-06-04 22:14:00,2024-06-05 07:14:00,2024-06-06 22:14:00,2024-06-25 22:14:00,2024-06-18 22:14:00
ORD_002159,CUST_000895,delivered,2024-04-29 15:23:00,2024-04-29 20:23:00,2024-04-30 15:23:00,2024-05-22 15:23:00,2024-05-18 15:23:00
ORD_002160,CUST_000073,delivered,2024-01-19 08:31:00,2024-01-19 19:31:00,2024-01-20 08:31:00,2024-02-12 08:31:00,2024-02-06 08:31:00
ORD_002161,CUST_000583,delivered,2024-12-26 22:38:00,2024-12-27 12:38:00,2024-12-27 22:38:00,2025-01-09 22:38:00,2025-01-08 22:38:00
ORD_002162,CUST_000081,delivered,2024-04-17 00:12:00,2024-04-17 12:12:00,2024-04-18 00:12:00,2024-05-10 00:12:00,2024-04-29 00:12:00
ORD_002163,CUST_000131,delivered,2024-11-22 12:07:00,2024-11-23 10:07:00,2024-11-23 12:07:00,2024-12-15 12:07:00,2024-12-03 12:07:00
ORD_002164,CUST_000802,processing,2024-05-22 18:32:00,2024-05-22 23:32:00,2024-05-24 18:32:00,2024-05-30 18:32:00,2024-06-11 18:32:00
ORD_002165,CUST_000530,cancelled,2024-09-09 05:35:00,2024-09-10 00:35:00,2024-09-12 05:35:00,2024-10-03 05:35:00,2024-09-20 05:35:00
ORD_002166,CUST_000306,delivered,2024-04-09 21:47:00,2024-04-10 21:47:00,2024-04-11 21:47:00,2024-04-28 21:47:00,2024-04-21 21:47:00
ORD_002167,CUST_000104,shipped,2024-10-16 21:43:00,2024-10-16 23:43:00,2024-10-17 21:43:00,2024-10-21 21:43:00,2024-10-28 21:43:00
ORD_002168,CUST_000121,delivered,2024-11-04 18:11:00,2024-11-05 18:11:00,2024-11-05 18:11:00,2024-11-11 18:11:00,2024-11-15 18:11:00
ORD_002169,CUST_000511,delivered,2024-02-03 18:08:00,2024-02-04 07:08:00,2024-02-05 18:08:00,2024-02-16 18:08:00,2024-02-15 18:08:00
ORD_002170,CUST_000237,delivered,2024-02-03 04:16:00,2024-02-04 01:16:00,2024-02-04 04:16:00,2024-02-13 04:16:00,2024-02-14 04:16:00
ORD_002171,CUST_000053,delivered,2024-10-18 07:56:00,2024-10-18 09:56:00,2024-10-21 07:56:00,2024-11-05 07:56:00,2024-11-02 07:56:00
ORD_002172,CUST_000616,delivered,2024-09-24 23:50:00,2024-09-25 06:50:00,2024-09-26 23:50:00,2024-10-03 23:50:00,2024-10-08 23:50:00
ORD_002173,CUST_000554,cancelled,2024-05-20 06:54:00,2024-05-20 12:54:00,2024-05-21 06:54:00,2024-05-25 06:54:00,2024-06-07 06:54:00
ORD_002174,CUST_000339,delivered,2024-12-13 00:44:00,2024-12-13 01:44:00,2024-12-14 00:44:00,2024-12-24 00:44:00,2025-01-02 00:44:00
ORD_002175,CUST_000024,delivered,2024-12-13 17:39:00,2024-12-13 22:39:00,2024-12-16 17:39:00,2025-01-01 17:39:00,2024-12-24 17:39:00
ORD_002176,CUST_000230,delivered,2024-05-09 21:35:00,2024-05-10 18:35:00,2024-05-11 21:35:00,2024-05-15 21:35:00,2024-05-24 21:35:00
ORD_002177,CUST_000842,processing,2024-08-20 00:27:00,2024-08-20 02:27:00,2024-08-22 00:27:00,2024-09-10 00:27:00,2024-09-07 00:27:00
ORD_002178,CUST_000964,delivered,2024-11-24 21:41:00,2024-11-25 05:41:00,2024-11-27 21:41:00,2024-12-13 21:41:00,2024-12-06 21:41:00
ORD_002179,CUST_000297,delivered,2024-01-27 10:27:00,2024-01-27 16:27:00,2024-01-30 10:27:00,2024-02-18 10:27:00,2024-02-12 10:27:00
ORD_002180,CUST_000945,shipped,2024-07-27 08:07:00,2024-07-27 21:07:00,2024-07-29 08:07:00,2024-08-06 08:07:00,2024-08-14 08:07:00
ORD_002181,CUST_000849,shipped,2024-12-14 16:29:00,2024-12-15 03:29:00,2024-12-16 16:29:00,2024-12-22 16:29:00,2024-12-30 16:29:00
ORD_002182,CUST_000258,cancelled,2024-09-10 11:33:00,2024-09-10 12:33:00,2024-09-12 11:33:00,2024-09-17 11:33:00,2024-09-28 11:33:00
ORD_002183,CUST_000400,delivered,2024-01-23 23:14:00,2024-01-24 18:14:00,2024-01-26 23:14:00,2024-02-10 23:14:00,2024-02-09 23:14:00
ORD_002184,CUST_000721,processing,2024-01-25 08:58:00,2024-01-26 00:58:00,2024-01-28 08:58:00,2024-01-31 08:58:00,2024-02-10 08:58:00
ORD_002185,CUST_000367,delivered,2024-08-03 17:28:00,2024-08-04 09:28:00,2024-08-06 17:28:00,2024-08-13 17:28:00,2024-08-17 17:28:00
ORD_002186,CUST_000070,delivered,2024-06-10 00:25:00,2024-06-10 12:25:00,2024-06-13 00:25:00,2024-06-15 00:25:00,2024-06-20 00:25:00
ORD_002187,CUST_000894,cancelled,2024-04-09 10:05:00,2024-04-09 17:05:00,2024-04-11 10:05:00,2024-05-04 10:05:00,2024-04-20 10:05:00
ORD_002188,CUST_000893,delivered,2024-10-19 00:47:00,2024-10-19 21:47:00,2024-10-22 00:47:00,2024-11-13 00:47:00,2024-11-07 00:47:00
ORD_002189,CUST_000162,shipped,2024-04-25 22:27:00,2024-04-26 17:27:00,2024-04-28 22:27:00,2024-05-08 22:27:00,2024-05-06 22:27:00
ORD_002190,CUST_000992,delivered,2024-02-08 07:12:00,2024-02-08 20:12:00,2024-02-10 07:12:00,2024-02-16 07:12:00,2024-02-26 07:12:00
ORD_002191,CUST_000295,shipped,2024-03-25 10:19:00,2024-03-26 01:19:00,2024-03-28 10:19:00,2024-04-16 10:19:00,2024-04-09 10:19:00
ORD_002192,CUST_000077,delivered,2024-02-02 20:40:00,2024-02-03 03:40:00,2024-02-03 20:40:00,2024-02-09 20:40:00,2024-02-16 20:40:00
ORD_002193,CUST_000548,delivered,2024-02-19 00:30:00,2024-02-19 15:30:00,2024-02-22 00:30:00,2024-03-02 00:30:00,2024-03-08 00:30:00
ORD_002194,CUST_000590,delivered,2024-08-09 00:37:00,2024-08-09 20:37:00,2024-08-12 00:37:00,2024-08-25 00:37:00,2024-08-27 00:37:00
ORD_002195,CUST_000248,delivered,2024-11-16 10:53:00,2024-11-16 19:53:00,2024-11-19 10:53:00,2024-12-10 10:53:00,2024-11-26 10:53:00
ORD_002196,CUST_000874,processing,2024-05-08 07:06:00,2024-05-09 01:06:00,2024-05-11 07:06:00,2024-05-31 07:06:00,2024-05-24 07:06:00
ORD_002197,CUST_000531,cancelled,2024-08-30 07:21:00,2024-08-30 22:21:00,2024-09-02 07:21:00,2024-09-20 07:21:00,2024-09-13 07:21:00
ORD_002198,CUST_000955,delivered,2024-01-28 10:33:00,2024-01-28 14:33:00,2024-01-31 10:33:00,2024-02-21 10:33:00,2024-02-11 10:33:00
ORD_002199,CUST_000626,processing,2024-05-01 02:49:00,2024-05-02 02:49:00,2024-05-03 02:49:00,2024-05-22 02:49:00,2024-05-13 02:49:00
ORD_002200,CUST_000513,processing,2024-11-03 19:28:00,2024-11-04 04:28:00,2024-11-06 19:28:00,2024-11-26 19:28:00,2024-11-23 19:28:00
ORD_002201,CUST_000320,cancelled,2024-02-18 20:28:00,2024-02-19 17:28:00,2024-02-19 20:28:00,2024-03-08 20:28:00,2024-02-28 20:28:00
ORD_002202,CUST_000409,delivered,2024-10-23 03:05:00,2024-10-23 20:05:00,2024-10-24 03:05:00,2024-11-01 03:05:00,2024-11-02 03:05:00
ORD_002203,CUST_000634,processing,2024-02-01 01:24:00,2024-02-01 12:24:00,2024-02-02 01:24:00,2024-02-09 01:24:00,2024-02-17 01:24:00
ORD_002204,CUST_000059,delivered,2024-06-09 22:04:00,2024-06-10 09:04:00,2024-06-11 22:04:00,2024-06-16 22:04:00,2024-06-21 22:04:00
ORD_002205,CUST_000560,delivered,2024-03-06 01:58:00,2024-03-06 07:58:00,2024-03-08 01:58:00,2024-03-25 01:58:00,2024-03-25 01:58:00
ORD_002206,CUST_000715,delivered,2024-08-14 01:19:00,2024-08-14 10:19:00,2024-08-16 01:19:00,2024-08-19 01:19:00,2024-09-01 01:19:00
ORD_002207,CUST_000914,delivered,2024-11-08 20:27:00,2024-11-09 07:27:00,2024-11-10 20:27:00,2024-11-30 20:27:00,2024-11-25 20:27:00
ORD_002208,CUST_000114,processing,2024-02-03 03:43:00,2024-02-03 19:43:00,2024-02-06 03:43:00,2024-02-24 03:43:00,2024-02-20 03:43:00
ORD_002209,CUST_000597,delivered,2024-01-29 17:03:00,2024-01-30 11:03:00,2024-01-31 17:03:00,2024-02-23 17:03:00,2024-02-18 17:03:00
ORD_002210,CUST_000483,delivered,2024-05-30 12:25:00,2024-05-31 03:25:00,2024-06-01 12:25:00,2024-06-22 12:25:00,2024-06-17 12:25:00
ORD_002211,CUST_000960,cancelled,2024-02-19 19:48:00,2024-02-20 17:48:00,2024-02-22 19:48:00,2024-03-04 19:48:00,2024-03-07 19:48:00
ORD_002212,CUST_000940,processing,2024-07-29 07:55:00,2024-07-29 11:55:00,2024-07-31 07:55:00,2024-08-19 07:55:00,2024-08-11 07:55:00
ORD_002213,CUST_000270,processing,2024-11-02 21:39:00,2024-11-03 19:39:00,2024-11-03 21:39:00,2024-11-07 21:39:00,2024-11-17 21:39:00
ORD_002214,CUST_000669,shipped,2024-01-06 14:24:00,2024-01-07 01:24:00,2024-01-09 14:24:00,2024-01-13 14:24:00,2024-01-24 14:24:00
ORD_002215,CUST_000031,shipped,2024-08-25 13:56:00,2024-08-26 06:56:00,2024-08-27 13:56:00,2024-09-16 13:56:00,2024-09-09 13:56:00
ORD_002216,CUST_000034,delivered,2024-11-13 19:06:00,2024-11-14 04:06:00,2024-11-15 19:06:00,2024-11-30 19:06:00,2024-11-29 19:06:00
ORD_002217,CUST_000347,delivered,2024-06-22 20:43:00,2024-06-22 23:43:00,2024-06-23 20:43:00,2024-07-05 20:43:00,2024-07-12 20:43:00
ORD_002218,CUST_000432,shipped,2024-01-14 14:33:00,2024-01-15 02:33:00,2024-01-15 14:33:00,2024-01-28 14:33:00,2024-01-30 14:33:00
ORD_002219,CUST_000268,delivered,2024-06-17 18:12:00,2024-06-18 08:12:00,2024-06-20 18:12:00,2024-07-09 18:12:00,2024-07-01 18:12:00
ORD_002220,CUST_000206,shipped,2024-02-25 03:00:00,2024-02-26 00:00:00,2024-02-26 03:00:00,2024-03-05 03:00:00,2024-03-12 03:00:00
ORD_002221,CUST_000343,delivered,2024-10-31 22:04:00,2024-10-31 23:04:00,2024-11-01 22:04:00,2024-11-10 22:04:00,2024-11-14 22:04:00
ORD_002222,CUST_000910,processing,2024-10-30 06:57:00,2024-10-31 00:57:00,2024-10-31 06:57:00,2024-11-07 06:57:00,2024-11-10 06:57:00
ORD_002223,CUST_000784,delivered,2024-10-20 04:40:00,2024-10-20 09:40:00,2024-10-22 04:40:00,2024-11-08 04:40:00,2024-11-08 04:40:00
ORD_002224,CUST_000061,processing,2024-09-17 08:22:00,2024-09-17 12:22:00,2024-09-18 08:22:00,2024-10-03 08:22:00,2024-10-03 08:22:00
ORD_002225,CUST_000143,cancelled,2024-08-03 15:46:00,2024-08-03 23:46:00,2024-08-04 15:46:00,2024-08-24 15:46:00,2024-08-15 15:46:00
ORD_002226,CUST_000210,cancelled,2024-11-13 14:11:00,2024-11-14 05:11:00,2024-11-16 14:11:00,2024-12-04 14:11:00,2024-11-26 14:11:00
ORD_002227,CUST_000561,processing,2024-05-04 04:51:00,2024-05-04 08:51:00,2024-05-07 04:51:00,2024-05-16 04:51:00,2024-05-18 04:51:00
ORD_002228,CUST_000837,delivered,2024-01-23 01:08:00,2024-01-23 05:08:00,2024-01-26 01:08:00,2024-02-15 01:08:00,2024-02-12 01:08:00
ORD_002229,CUST_000752,shipped,2024-06-08 18:27:00,2024-06-09 12:27:00,2024-06-10 18:27:00,2024-06-27 18:27:00,2024-06-20 18:27:00
ORD_002230,CUST_000338,delivered,2024-09-19 20:48:00,2024-09-20 19:48:00,2024-09-21 20:48:00,2024-10-10 20:48:00,2024-09-30 20:48:00
ORD_002231,CUST_000947,delivered,2024-07-02 09:37:00,2024-07-02 19:37:00,2024-07-05 09:37:00,2024-07-18 09:37:00,2024-07-21 09:37:00
ORD_002232,CUST_000776,delivered,2024-10-04 04:09:00,2024-10-04 09:09:00,2024-10-06 04:09:00,2024-10-23 04:09:00,2024-10-16 04:09:00
ORD_002233,CUST_000680,processing,2024-08-28 09:38:00,2024-08-28 21:38:00,2024-08-30 09:38:00,2024-09-02 09:38:00,2024-09-13 09:38:00
ORD_002234,CUST_000935,delivered,2024-06-24 09:23:00,2024-06-24 19:23:00,2024-06-27 09:23:00,2024-07-16 09:23:00,2024-07-06 09:23:00
ORD_002235,CUST_000900,delivered,2024-01-05 16:37:00,2024-01-06 07:37:00,2024-01-07 16:37:00,2024-01-15 16:37:00,2024-01-17 16:37:00
ORD_002236,CUST_000064,processing,2024-12-02 21:09:00,2024-12-03 11:09:00,2024-12-04 21:09:00,2024-12-08 21:09:00,2024-12-13 21:09:00
ORD_002237,CUST_000242,delivered,2024-01-30 07:32:00,2024-01-31 01:32:00,2024-01-31 07:32:00,2024-02-04 07:32:00,2024-02-12 07:32:00
ORD_002238,CUST_000506,delivered,2024-10-13 01:27:00,2024-10-13 04:27:00,2024-10-14 01:27:00,2024-10-26 01:27:00,2024-10-25 01:27:00
ORD_002239,CUST_000075,delivered,2024-06-25 06:12:00,2024-06-25 23:12:00,2024-06-26 06:12:00,2024-07-17 06:12:00,2024-07-05 06:12:00
ORD_002240,CUST_000825,delivered,2024-11-23 06:50:00,2024-11-23 12:50:00,2024-11-26 06:50:00,2024-11-29 06:50:00,2024-12-07 06:50:00
ORD_002241,CUST_000971,delivered,2024-02-05 10:12:00,2024-02-05 23:12:00,2024-02-07 10:12:00,2024-02-23 10:12:00,2024-02-16 10:12:00
ORD_002242,CUST_000578,processing,2024-12-07 15:44:00,2024-12-08 08:44:00,2024-12-10 15:44:00,2024-12-27 15:44:00,2024-12-17 15:44:00
ORD_002243,CUST_000927,cancelled,2024-12-20 14:38:00,2024-12-20 21:38:00,2024-12-21 14:38:00,2025-01-04 14:38:00,2025-01-03 14:38:00
ORD_002244,CUST_000625,processing,2024-12-20 10:54:00,2024-12-20 15:54:00,2024-12-22 10:54:00,2025-01-09 10:54:00,2025-01-01 10:54:00
ORD_002245,CUST_000720,processing,2024-10-23 18:21:00,2024-10-24 16:21:00,2024-10-24 18:21:00,2024-10-30 18:21:00,2024-11-11 18:21:00
ORD_002246,CUST_000856,delivered,2024-11-11 09:26:00,2024-11-11 17:26:00,2024-11-13 09:26:00,2024-11-21 09:26:00,2024-11-25 09:26:00
ORD_002247,CUST_000784,delivered,2024-06-17 05:06:00,2024-06-17 06:06:00,2024-06-19 05:06:00,2024-06-28 05:06:00,2024-07-05 05:06:00
ORD_002248,CUST_000827,delivered,2024-08-20 01:31:00,2024-08-20 08:31:00,2024-08-22 01:31:00,2024-09-06 01:31:00,2024-09-02 01:31:00
ORD_002249,CUST_000037,delivered,2024-04-22 00:40:00,2024-04-23 00:40:00,2024-04-23 00:40:00,2024-05-15 00:40:00,2024-05-03 00:40:00
ORD_002250,CUST_000355,delivered,2024-04-24 22:14:00,2024-04-25 22:14:00,2024-04-26 22:14:00,2024-05-01 22:14:00,2024-05-08 22:14:00
ORD_002251,CUST_000073,delivered,2024-08-26 19:13:00,2024-08-27 07:13:00,2024-08-28 19:13:00,2024-09-09 19:13:00,2024-09-12 19:13:00
ORD_002252,CUST_000973,delivered,2024-05-02 15:47:00,2024-05-03 08:47:00,2024-05-03 15:47:00,2024-05-26 15:47:00,2024-05-20 15:47:00
ORD_002253,CUST_000427,delivered,2024-06-18 23:24:00,2024-06-19 19:24:00,2024-06-20 23:24:00,2024-07-05 23:24:00,2024-07-07 23:24:00
ORD_002254,CUST_000613,delivered,2024-04-15 12:11:00,2024-04-15 17:11:00,2024-04-17 12:11:00,2024-04-22 12:11:00,2024-04-26 12:11:00
ORD_002255,CUST_000758,delivered,2024-01-04 11:00:00,2024-01-05 06:00:00,2024-01-05 11:00:00,2024-01-29 11:00:00,2024-01-15 11:00:00
ORD_002256,CUST_000628,delivered,2024-02-07 11:01:00,2024-02-08 04:01:00,2024-02-09 11:01:00,2024-02-14 11:01:00,2024-02-24 11:01:00
ORD_002257,CUST_000952,shipped,2024-10-11 03:09:00,2024-10-11 20:09:00,2024-10-12 03:09:00,2024-10-21 03:09:00,2024-10-30 03:09:00
ORD_002258,CUST_000083,processing,2024-05-28 14:12:00,2024-05-28 16:12:00,2024-05-30 14:12:00,2024-06-18 14:12:00,2024-06-14 14:12:00
ORD_002259,CUST_000909,delivered,2024-11-19 18:58:00,2024-11-20 12:58:00,2024-11-21 18:58:00,2024-12-09 18:58:00,2024-12-01 18:58:00
ORD_002260,CUST_000565,shipped,2024-07-03 01:01:00,2024-07-03 13:01:00,2024-07-05 01:01:00,2024-07-26 01:01:00,2024-07-19 01:01:00
ORD_002261,CUST_000491,delivered,2024-04-11 06:18:00,2024-04-12 00:18:00,2024-04-14 06:18:00,2024-04-24 06:18:00,2024-04-30 06:18:00
ORD_002262,CUST_000970,delivered,2024-03-30 07:56:00,2024-03-30 15:56:00,2024-03-31 07:56:00,2024-04-09 07:56:00,2024-04-18 07:56:00
ORD_002263,CUST_000133,processing,2024-05-14 23:11:00,2024-05-15 22:11:00,2024-05-16 23:11:00,2024-06-07 23:11:00,2024-06-02 23:11:00
ORD_002264,CUST_000278,cancelled,2024-06-22 17:15:00,2024-06-23 10:15:00,2024-06-24 17:15:00,2024-07-10 17:15:00,2024-07-11 17:15:00
ORD_002265,CUST_000741,delivered,2024-04-01 06:01:00,2024-04-01 12:01:00,2024-04-02 06:01:00,2024-04-23 06:01:00,2024-04-15 06:01:00
ORD_002266,CUST_000043,processing,2024-03-31 08:58:00,2024-03-31 20:58:00,2024-04-02 08:58:00,2024-04-21 08:58:00,2024-04-19 08:58:00
ORD_002267,CUST_000107,cancelled,2024-02-21 00:53:00,2024-02-21 06:53:00,2024-02-22 00:53:00,2024-03-01 00:53:00,2024-03-10 00:53:00
ORD_002268,CUST_000037,delivered,2024-12-12 04:24:00,2024-12-12 08:24:00,2024-12-15 04:24:00,2024-12-31 04:24:00,2024-12-23 04:24:00
ORD_002269,CUST_000509,processing,2024-12-01 03:21:00,2024-12-02 01:21:00,2024-12-02 03:21:00,2024-12-18 03:21:00,2024-12-21 03:21:00
ORD_002270,CUST_000520,delivered,2024-04-17 09:29:00,2024-04-17 15:29:00,2024-04-19 09:29:00,2024-05-10 09:29:00,2024-04-29 09:29:00
ORD_002271,CUST_000231,delivered,2024-05-02 11:51:00,2024-05-03 08:51:00,2024-05-03 11:51:00,2024-05-22 11:51:00,2024-05-20 11:51:00
ORD_002272,CUST_000666,cancelled,2024-07-09 21:10:00,2024-07-10 18:10:00,2024-07-12 21:10:00,2024-08-03 21:10:00,2024-07-22 21:10:00
ORD_002273,CUST_000359,delivered,2024-09-26 19:56:00,2024-09-27 15:56:00,2024-09-28 19:56:00,2024-10-02 19:56:00,2024-10-07 19:56:00
ORD_002274,CUST_000442,delivered,2024-08-10 22:04:00,2024-08-11 06:04:00,2024-08-13 22:04:00,2024-08-23 22:04:00,2024-08-28 22:04:00
ORD_002275,CUST_000490,cancelled,2024-03-01 04:56:00,2024-03-02 03:56:00,2024-03-03 04:56:00,2024-03-07 04:56:00,2024-03-11 04:56:00
ORD_002276,CUST_000311,delivered,2024-03-07 06:12:00,2024-03-07 11:12:00,2024-03-08 06:12:00,2024-03-30 06:12:00,2024-03-17 06:12:00
ORD_002277,CUST_000801,delivered,2024-09-29 12:44:00,2024-09-30 06:44:00,2024-09-30 12:44:00,2024-10-15 12:44:00,2024-10-12 12:44:00
ORD_002278,CUST_000871,delivered,2024-07-10 10:38:00,2024-07-11 06:38:00,2024-07-11 10:38:00,2024-07-22 10:38:00,2024-07-26 10:38:00
ORD_002279,CUST_000898,shipped,2024-08-07 20:15:00,2024-08-08 10:15:00,2024-08-08 20:15:00,2024-08-15 20:15:00,2024-08-23 20:15:00
ORD_002280,CUST_000995,delivered,2024-01-24 19:37:00,2024-01-25 02:37:00,2024-01-27 19:37:00,2024-02-06 19:37:00,2024-02-09 19:37:00
ORD_002281,CUST_000234,delivered,2024-04-06 17:18:00,2024-04-07 02:18:00,2024-04-07 17:18:00,2024-04-13 17:18:00,2024-04-16 17:18:00
ORD_002282,CUST_000022,processing,2024-03-17 10:15:00,2024-03-17 12:15:00,2024-03-18 10:15:00,2024-04-09 10:15:00,2024-03-29 10:15:00
ORD_002283,CUST_000954,delivered,2024-01-28 20:50:00,2024-01-29 09:50:00,2024-01-31 20:50:00,2024-02-15 20:50:00,2024-02-07 20:50:00
ORD_002284,CUST_000057,processing,2024-05-23 04:54:00,2024-05-23 14:54:00,2024-05-25 04:54:00,2024-05-31 04:54:00,2024-06-02 04:54:00
ORD_002285,CUST_000027,delivered,2024-09-17 18:56:00,2024-09-18 07:56:00,2024-09-19 18:56:00,2024-10-03 18:56:00,2024-09-27 18:56:00
ORD_002286,CUST_000793,cancelled,2024-09-07 06:46:00,2024-09-07 23:46:00,2024-09-08 06:46:00,2024-09-25 06:46:00,2024-09-22 06:46:00
ORD_002287,CUST_000801,cancelled,2024-02-11 15:50:00,2024-02-12 05:50:00,2024-02-14 15:50:00,2024-02-17 15:50:00,2024-02-24 15:50:00
ORD_002288,CUST_000831,delivered,2024-12-05 19:04:00,2024-12-06 11:04:00,2024-12-08 19:04:00,2024-12-25 19:04:00,2024-12-17 19:04:00
ORD_002289,CUST_000201,delivered,2024-03-26 16:24:00,2024-03-27 07:24:00,2024-03-27 16:24:00,2024-04-17 16:24:00,2024-04-13 16:24:00
ORD_002290,CUST_000548,delivered,2024-11-26 16:23:00,2024-11-27 03:23:00,2024-11-27 16:23:00,2024-12-21 16:23:00,2024-12-11 16:23:00
ORD_002291,CUST_000623,delivered,2024-09-12 16:29:00,2024-09-12 21:29:00,2024-09-13 16:29:00,2024-09-24 16:29:00,2024-09-25 16:29:00
ORD_002292,CUST_000881,delivered,2024-04-01 10:45:00,2024-04-02 10:45:00,2024-04-03 10:45:00,2024-04-11 10:45:00,2024-04-19 10:45:00
ORD_002293,CUST_000389,processing,2024-07-10 16:44:00,2024-07-11 02:44:00,2024-07-11 16:44:00,2024-07-30 16:44:00,2024-07-26 16:44:00
ORD_002294,CUST_000699,delivered,2024-09-04 22:31:00,2024-09-04 23:31:00,2024-09-05 22:31:00,2024-09-18 22:31:00,2024-09-17 22:31:00
ORD_002295,CUST_000701,processing,2024-08-30 08:37:00,2024-08-30 11:37:00,2024-08-31 08:37:00,2024-09-21 08:37:00,2024-09-10 08:37:00
ORD_002296,CUST_000756,cancelled,2024-07-24 20:58:00,2024-07-25 05:58:00,2024-07-26 20:58:00,2024-08-15 20:58:00,2024-08-03 20:58:00
ORD_002297,CUST_000019,delivered,2024-10-25 20:02:00,2024-10-26 19:02:00,2024-10-27 20:02:00,2024-11-06 20:02:00,2024-11-09 20:02:00
ORD_002298,CUST_000566,cancelled,2024-04-16 07:57:00,2024-04-17 01:57:00,2024-04-19 07:57:00,2024-05-01 07:57:00,2024-05-06 07:57:00
ORD_002299,CUST_000494,cancelled,2024-04-13 14:55:00,2024-04-14 12:55:00,2024-04-16 14:55:00,2024-04-30 14:55:00,2024-04-23 14:55:00
ORD_002300,CUST_000054,delivered,2024-04-30 12:13:00,2024-04-30 22:13:00,2024-05-03 12:13:00,2024-05-16 12:13:00,2024-05-15 12:13:00
ORD_002301,CUST_000397,delivered,2024-06-05 13:56:00,2024-06-05 20:56:00,2024-06-07 13:56:00,2024-06-13 13:56:00,2024-06-17 13:56:00
ORD_002302,CUST_000785,delivered,2024-07-12 18:10:00,2024-07-13 18:10:00,2024-07-15 18:10:00,2024-07-31 18:10:00,2024-07-26 18:10:00
ORD_002303,CUST_000387,processing,2024-07-10 08:35:00,2024-07-11 04:35:00,2024-07-13 08:35:00,2024-08-02 08:35:00,2024-07-23 08:35:00
ORD_002304,CUST_000713,delivered,2024-02-13 04:48:00,2024-02-14 00:48:00,2024-02-14 04:48:00,2024-03-09 04:48:00,2024-03-02 04:48:00
ORD_002305,CUST_000129,processing,2024-02-13 09:28:00,2024-02-13 12:28:00,2024-02-14 09:28:00,2024-03-01 09:28:00,2024-02-26 09:28:00
ORD_002306,CUST_000441,delivered,2024-09-22 11:14:00,2024-09-22 13:14:00,2024-09-23 11:14:00,2024-10-02 11:14:00,2024-10-10 11:14:00
ORD_002307,CUST_000719,cancelled,2024-10-25 01:29:00,2024-10-25 15:29:00,2024-10-27 01:29:00,2024-11-08 01:29:00,2024-11-04 01:29:00
ORD_002308,CUST_000438,delivered,2024-09-19 19:21:00,2024-09-20 00:21:00,2024-09-21 19:21:00,2024-10-14 19:21:00,2024-10-04 19:21:00
ORD_002309,CUST_000563,cancelled,2024-08-06 14:29:00,2024-08-06 19:29:00,2024-08-07 14:29:00,2024-08-12 14:29:00,2024-08-24 14:29:00
ORD_002310,CUST_000142,delivered,2024-08-09 13:23:00,2024-08-10 05:23:00,2024-08-10 13:23:00,2024-09-02 13:23:00,2024-08-21 13:23:00
ORD_002311,CUST_000119,delivered,2024-09-11 10:17:00,2024-09-11 16:17:00,2024-09-14 10:17:00,2024-09-29 10:17:00,2024-09-27 10:17:00
ORD_002312,CUST_000449,delivered,2024-07-14 00:11:00,2024-07-14 08:11:00,2024-07-15 00:11:00,2024-08-08 00:11:00,2024-08-02 00:11:00
ORD_002313,CUST_000121,processing,2024-08-14 07:16:00,2024-08-14 20:16:00,2024-08-15 07:16:00,2024-08-28 07:16:00,2024-08-26 07:16:00
ORD_002314,CUST_000919,delivered,2024-11-26 02:22:00,2024-11-26 08:22:00,2024-11-29 02:22:00,2024-12-20 02:22:00,2024-12-16 02:22:00
ORD_002315,CUST_000631,delivered,2024-02-12 09:53:00,2024-02-13 06:53:00,2024-02-13 09:53:00,2024-02-29 09:53:00,2024-03-02 09:53:00
ORD_002316,CUST_000926,processing,2024-09-13 16:34:00,2024-09-14 06:34:00,2024-09-14 16:34:00,2024-09-30 16:34:00,2024-10-02 16:34:00
ORD_002317,CUST_000377,delivered,2024-11-25 02:50:00,2024-11-25 15:50:00,2024-11-26 02:50:00,2024-12-17 02:50:00,2024-12-05 02:50:00
ORD_002318,CUST_000361,cancelled,2024-05-21 07:06:00,2024-05-22 02:06:00,2024-05-23 07:06:00,2024-06-02 07:06:00,2024-05-31 07:06:00
ORD_002319,CUST_000199,delivered,2024-03-01 02:23:00,2024-03-01 09:23:00,2024-03-03 02:23:00,2024-03-14 02:23:00,2024-03-18 02:23:00
ORD_002320,CUST_000352,shipped,2024-01-20 17:12:00,2024-01-21 01:12:00,2024-01-21 17:12:00,2024-02-13 17:12:00,2024-02-05 17:12:00
ORD_002321,CUST_000448,delivered,2024-06-19 06:43:00,2024-06-19 18:43:00,2024-06-21 06:43:00,2024-07-07 06:43:00,2024-07-07 06:43:00
ORD_002322,CUST_000941,shipped,2024-06-17 08:19:00,2024-06-17 11:19:00,2024-06-20 08:19:00,2024-06-22 08:19:00,2024-07-03 08:19:00
ORD_002323,CUST_000060,delivered,2024-12-15 08:12:00,2024-12-15 16:12:00,2024-12-17 08:12:00,2024-12-28 08:12:00,2024-12-27 08:12:00
ORD_002324,CUST_000244,delivered,2024-12-27 19:08:00,2024-12-28 04:08:00,2024-12-30 19:08:00,2025-01-15 19:08:00,2025-01-13 19:08:00
ORD_002325,CUST_000238,delivered,2024-10-05 08:00:00,2024-10-05 13:00:00,2024-10-08 08:00:00,2024-10-26 08:00:00,2024-10-21 08:00:00
ORD_002326,CUST_000095,cancelled,2024-06-02 09:52:00,2024-06-02 22:52:00,2024-06-03 09:52:00,2024-06-16 09:52:00,2024-06-15 09:52:00
ORD_002327,CUST_000603,processing,2024-06-26 12:25:00,2024-06-26 16:25:00,2024-06-29 12:25:00,2024-07-05 12:25:00,2024-07-09 12:25:00
ORD_002328,CUST_000011,delivered,2024-10-23 20:00:00,2024-10-24 20:00:00,2024-10-25 20:00:00,2024-10-30 20:00:00,2024-11-04 20:00:00
ORD_002329,CUST_000233,shipped,2024-08-29 20:32:00,2024-08-30 20:32:00,2024-08-30 20:32:00,2024-09-17 20:32:00,2024-09-16 20:32:00
ORD_002330,CUST_000423,shipped,2024-03-17 12:14:00,2024-03-18 07:14:00,2024-03-18 12:14:00,2024-03-22 12:14:00,2024-03-30 12:14:00
ORD_002331,CUST_000766,cancelled,2024-04-26 23:47:00,2024-04-27 21:47:00,2024-04-28 23:47:00,2024-05-05 23:47:00,2024-05-14 23:47:00
ORD_002332,CUST_000771,shipped,2024-04-17 15:14:00,2024-04-17 20:14:00,2024-04-20 15:14:00,2024-05-09 15:14:00,2024-05-06 15:14:00
ORD_002333,CUST_000910,cancelled,2024-09-21 18:50:00,2024-09-22 01:50:00,2024-09-23 18:50:00,2024-10-06 18:50:00,2024-10-07 18:50:00
ORD_002334,CUST_000828,delivered,2024-10-09 14:46:00,2024-10-10 05:46:00,2024-10-10 14:46:00,2024-10-17 14:46:00,2024-10-29 14:46:00
ORD_002335,CUST_000813,delivered,2024-08-24 10:50:00,2024-08-24 15:50:00,2024-08-27 10:50:00,2024-09-10 10:50:00,2024-09-06 10:50:00
ORD_002336,CUST_000550,delivered,2024-02-13 10:54:00,2024-02-14 08:54:00,2024-02-16 10:54:00,2024-02-22 10:54:00,2024-02-26 10:54:00
ORD_002337,CUST_000582,processing,2024-04-06 13:49:00,2024-04-06 22:49:00,2024-04-09 13:49:00,2024-04-16 13:49:00,2024-04-23 13:49:00
ORD_002338,CUST_000047,delivered,2024-12-23 13:13:00,2024-12-24 00:13:00,2024-12-24 13:13:00,2025-01-08 13:13:00,2025-01-08 13:13:00
ORD_002339,CUST_000822,delivered,2024-08-12 14:54:00,2024-08-12 15:54:00,2024-08-14 14:54:00,2024-09-04 14:54:00,2024-08-23 14:54:00
ORD_002340,CUST_000016,processing,2024-10-12 00:23:00,2024-10-12 21:23:00,2024-10-15 00:23:00,2024-10-24 00:23:00,2024-10-30 00:23:00
ORD_002341,CUST_000895,shipped,2024-03-12 18:55:00,2024-03-12 22:55:00,2024-03-13 18:55:00,2024-04-06 18:55:00,2024-03-27 18:55:00
ORD_002342,CUST_000738,delivered,2024-03-06 09:47:00,2024-03-07 02:47:00,2024-03-09 09:47:00,2024-03-24 09:47:00,2024-03-26 09:47:00
ORD_002343,CUST_000256,delivered,2024-01-05 15:51:00,2024-01-06 01:51:00,2024-01-07 15:51:00,2024-01-18 15:51:00,2024-01-16 15:51:00
ORD_002344,CUST_000833,delivered,2024-12-03 11:21:00,2024-12-04 04:21:00,2024-12-04 11:21:00,2024-12-25 11:21:00,2024-12-23 11:21:00
ORD_002345,CUST_000059,delivered,2024-04-25 13:27:00,2024-04-25 17:27:00,2024-04-27 13:27:00,2024-05-17 13:27:00,2024-05-13 13:27:00
ORD_002346,CUST_000079,delivered,2024-12-17 12:48:00,2024-12-18 09:48:00,2024-12-19 12:48:00,2024-12-26 12:48:00,2025-01-02 12:48:00
ORD_002347,CUST_000059,delivered,2024-12-19 17:19:00,2024-12-20 13:19:00,2024-12-22 17:19:00,2024-12-24 17:19:00,2024-12-31 17:19:00
ORD_002348,CUST_000130,delivered,2024-06-15 18:01:00,2024-06-16 10:01:00,2024-06-16 18:01:00,2024-07-06 18:01:00,2024-07-01 18:01:00
ORD_002349,CUST_000450,shipped,2024-10-17 01:59:00,2024-10-17 09:59:00,2024-10-20 01:59:00,2024-11-09 01:59:00,2024-11-03 01:59:00
ORD_002350,CUST_000185,shipped,2024-03-12 04:21:00,2024-03-13 02:21:00,2024-03-14 04:21:00,2024-03-24 04:21:00,2024-03-23 04:21:00
ORD_002351,CUST_000290,processing,2024-10-17 20:51:00,2024-10-18 11:51:00,2024-10-19 20:51:00,2024-10-30 20:51:00,2024-10-30 20:51:00
ORD_002352,CUST_000045,cancelled,2024-11-04 19:36:00,2024-11-05 05:36:00,2024-11-06 19:36:00,2024-11-26 19:36:00,2024-11-20 19:36:00
ORD_002353,CUST_000322,cancelled,2024-07-19 12:13:00,2024-07-19 16:13:00,2024-07-22 12:13:00,2024-08-05 12:13:00,2024-08-06 12:13:00
ORD_002354,CUST_000359,delivered,2024-07-19 02:34:00,2024-07-19 20:34:00,2024-07-21 02:34:00,2024-08-10 02:34:00,2024-08-02 02:34:00
ORD_002355,CUST_000617,cancelled,2024-07-16 06:30:00,2024-07-17 06:30:00,2024-07-18 06:30:00,2024-08-06 06:30:00,2024-07-27 06:30:00
ORD_002356,CUST_000671,delivered,2024-02-25 10:36:00,2024-02-26 06:36:00,2024-02-28 10:36:00,2024-03-08 10:36:00,2024-03-06 10:36:00
ORD_002357,CUST_000912,delivered,2024-08-19 20:57:00,2024-08-20 11:57:00,2024-08-22 20:57:00,2024-09-12 20:57:00,2024-08-30 20:57:00
ORD_002358,CUST_000251,processing,2024-06-04 02:10:00,2024-06-04 07:10:00,2024-06-06 02:10:00,2024-06-10 02:10:00,2024-06-17 02:10:00
ORD_002359,CUST_000300,shipped,2024-02-23 21:35:00,2024-02-24 00:35:00,2024-02-25 21:35:00,2024-03-12 21:35:00,2024-03-06 21:35:00
ORD_002360,CUST_000133,cancelled,2024-03-31 01:52:00,2024-04-01 01:52:00,2024-04-01 01:52:00,2024-04-09 01:52:00,2024-04-20 01:52:00
ORD_002361,CUST_000621,delivered,2024-12-18 19:31:00,2024-12-19 06:31:00,2024-12-20 19:31:00,2024-12-31 19:31:00,2025-01-05 19:31:00
ORD_002362,CUST_000408,shipped,2024-01-14 05:12:00,2024-01-14 14:12:00,2024-01-17 05:12:00,2024-01-31 05:12:00,2024-01-26 05:12:00
ORD_002363,CUST_000491,delivered,2024-02-05 12:18:00,2024-02-05 14:18:00,2024-02-07 12:18:00,2024-02-25 12:18:00,2024-02-18 12:18:00
ORD_002364,CUST_000674,shipped,2024-04-15 07:18:00,2024-04-15 20:18:00,2024-04-16 07:18:00,2024-04-24 07:18:00,2024-04-28 07:18:00
ORD_002365,CUST_000126,delivered,2024-12-03 16:04:00,2024-12-04 01:04:00,2024-12-04 16:04:00,2024-12-24 16:04:00,2024-12-22 16:04:00
ORD_002366,CUST_000673,delivered,2024-08-20 01:23:00,2024-08-20 05:23:00,2024-08-22 01:23:00,2024-09-08 01:23:00,2024-09-01 01:23:00
ORD_002367,CUST_000079,delivered,2024-09-22 00:10:00,2024-09-22 21:10:00,2024-09-23 00:10:00,2024-10-16 00:10:00,2024-10-03 00:10:00
ORD_002368,CUST_000079,processing,2024-06-16 13:25:00,2024-06-17 04:25:00,2024-06-19 13:25:00,2024-07-09 13:25:00,2024-07-06 13:25:00
ORD_002369,CUST_000257,delivered,2024-03-21 03:08:00,2024-03-21 17:08:00,2024-03-22 03:08:00,2024-03-28 03:08:00,2024-04-08 03:08:00
ORD_002370,CUST_000961,delivered,2024-10-01 13:30:00,2024-10-02 08:30:00,2024-10-02 13:30:00,2024-10-19 13:30:00,2024-10-19 13:30:00
ORD_002371,CUST_000557,delivered,2024-02-05 12:57:00,2024-02-05 18:57:00,2024-02-06 12:57:00,2024-02-10 12:57:00,2024-02-18 12:57:00
ORD_002372,CUST_000211,delivered,2024-04-15 04:55:00,2024-04-16 03:55:00,2024-04-16 04:55:00,2024-05-09 04:55:00,2024-04-30 04:55:00
ORD_002373,CUST_000507,delivered,2024-04-15 09:27:00,2024-04-16 08:27:00,2024-04-18 09:27:00,2024-04-22 09:27:00,2024-04-27 09:27:00
ORD_002374,CUST_000723,delivered,2024-12-29 21:30:00,2024-12-30 13:30:00,2024-12-30 21:30:00,2025-01-05 21:30:00,2025-01-15 21:30:00
ORD_002375,CUST_000753,delivered,2024-03-22 19:36:00,2024-03-23 05:36:00,2024-03-23 19:36:00,2024-04-05 19:36:00,2024-04-10 19:36:00
ORD_002376,CUST_000833,delivered,2024-06-07 18:12:00,2024-06-08 02:12:00,2024-06-08 18:12:00,2024-06-14 18:12:00,2024-06-18 18:12:00
ORD_002377,CUST_000366,shipped,2024-09-14 22:43:00,2024-09-15 15:43:00,2024-09-16 22:43:00,2024-09-25 22:43:00,2024-10-02 22:43:00
ORD_002378,CUST_000920,delivered,2024-08-22 08:12:00,2024-08-22 12:12:00,2024-08-23 08:12:00,2024-08-30 08:12:00,2024-09-08 08:12:00
ORD_002379,CUST_000938,delivered,2024-01-04 04:28:00,2024-01-04 07:28:00,2024-01-05 04:28:00,2024-01-27 04:28:00,2024-01-19 04:28:00
ORD_002380,CUST_000880,delivered,2024-02-02 12:38:00,2024-02-03 12:38:00,2024-02-05 12:38:00,2024-02-14 12:38:00,2024-02-12 12:38:00
ORD_002381,CUST_000226,cancelled,2024-05-06 16:21:00,2024-05-07 12:21:00,2024-05-07 16:21:00,2024-05-22 16:21:00,2024-05-22 16:21:00
ORD_002382,CUST_000455,delivered,2024-10-18 15:29:00,2024-10-19 11:29:00,2024-10-20 15:29:00,2024-11-11 15:29:00,2024-11-04 15:29:00
ORD_002383,CUST_000731,delivered,2024-08-24 18:02:00,2024-08-25 06:02:00,2024-08-26 18:02:00,2024-09-18 18:02:00,2024-09-10 18:02:00
ORD_002384,CUST_000310,processing,2024-02-16 09:41:00,2024-02-16 17:41:00,2024-02-19 09:41:00,2024-02-26 09:41:00,2024-03-03 09:41:00
ORD_002385,CUST_000965,cancelled,2024-08-21 11:44:00,2024-08-22 09:44:00,2024-08-23 11:44:00,2024-09-01 11:44:00,2024-09-01 11:44:00
ORD_002386,CUST_000376,delivered,2024-12-30 09:25:00,2024-12-31 01:25:00,2025-01-02 09:25:00,2025-01-17 09:25:00,2025-01-19 09:25:00
ORD_002387,CUST_000799,delivered,2024-11-09 05:26:00,2024-11-10 04:26:00,2024-11-10 05:26:00,2024-11-17 05:26:00,2024-11-19 05:26:00
ORD_002388,CUST_000565,delivered,2024-05-07 05:57:00,2024-05-07 19:57:00,2024-05-10 05:57:00,2024-05-19 05:57:00,2024-05-23 05:57:00
ORD_002389,CUST_000300,delivered,2024-11-12 23:27:00,2024-11-13 13:27:00,2024-11-14 23:27:00,2024-11-23 23:27:00,2024-12-02 23:27:00
ORD_002390,CUST_000890,processing,2024-08-22 12:58:00,2024-08-22 14:58:00,2024-08-24 12:58:00,2024-09-11 12:58:00,2024-09-06 12:58:00
ORD_002391,CUST_000670,shipped,2024-12-03 05:44:00,2024-12-04 02:44:00,2024-12-05 05:44:00,2024-12-21 05:44:00,2024-12-22 05:44:00
ORD_002392,CUST_000251,delivered,2024-10-18 03:25:00,2024-10-18 07:25:00,2024-10-19 03:25:00,2024-10-23 03:25:00,2024-10-30 03:25:00
ORD_002393,CUST_000540,delivered,2024-12-23 01:15:00,2024-12-23 10:15:00,2024-12-26 01:15:00,2025-01-07 01:15:00,2025-01-02 01:15:00
ORD_002394,CUST_000915,shipped,2024-03-21 08:56:00,2024-03-22 08:56:00,2024-03-24 08:56:00,2024-03-31 08:56:00,2024-04-10 08:56:00
ORD_002395,CUST_000274,delivered,2024-11-17 17:18:00,2024-11-18 17:18:00,2024-11-20 17:18:00,2024-11-29 17:18:00,2024-12-05 17:18:00
ORD_002396,CUST_000327,shipped,2024-12-07 02:44:00,2024-12-07 11:44:00,2024-12-10 02:44:00,2024-12-13 02:44:00,2024-12-25 02:44:00
ORD_002397,CUST_000715,cancelled,2024-04-21 15:26:00,2024-04-22 00:26:00,2024-04-24 15:26:00,2024-05-04 15:26:00,2024-05-02 15:26:00
ORD_002398,CUST_000555,delivered,2024-10-10 03:23:00,2024-10-11 00:23:00,2024-10-13 03:23:00,2024-10-25 03:23:00,2024-10-30 03:23:00
ORD_002399,CUST_000516,delivered,2024-02-09 03:32:00,2024-02-09 20:32:00,2024-02-11 03:32:00,2024-03-02 03:32:00,2024-02-23 03:32:00
ORD_002400,CUST_000107,delivered,2024-06-15 13:28:00,2024-06-16 00:28:00,2024-06-18 13:28:00,2024-07-06 13:28:00,2024-06-28 13:28:00
ORD_002401,CUST_000056,delivered,2024-03-25 08:13:00,2024-03-25 22:13:00,2024-03-26 08:13:00,2024-04-02 08:13:00,2024-04-05 08:13:00
ORD_002402,CUST_000355,processing,2024-09-16 01:29:00,2024-09-16 23:29:00,2024-09-18 01:29:00,2024-10-03 01:29:00,2024-10-05 01:29:00
ORD_002403,CUST_000923,cancelled,2024-01-14 02:40:00,2024-01-14 11:40:00,2024-01-17 02:40:00,2024-01-29 02:40:00,2024-01-26 02:40:00
ORD_002404,CUST_000421,delivered,2024-12-21 21:47:00,2024-12-22 09:47:00,2024-12-22 21:47:00,2024-12-26 21:47:00,2025-01-07 21:47:00
ORD_002405,CUST_000723,delivered,2024-08-24 12:21:00,2024-08-24 15:21:00,2024-08-26 12:21:00,2024-09-03 12:21:00,2024-09-12 12:21:00
ORD_002406,CUST_000974,processing,2024-07-23 06:25:00,2024-07-23 07:25:00,2024-07-24 06:25:00,2024-08-08 06:25:00,2024-08-09 06:25:00
ORD_002407,CUST_000637,processing,2024-01-20 00:16:00,2024-01-20 04:16:00,2024-01-22 00:16:00,2024-02-02 00:16:00,2024-02-05 00:16:00
ORD_002408,CUST_000498,delivered,2024-02-28 22:58:00,2024-02-29 21:58:00,2024-02-29 22:58:00,2024-03-13 22:58:00,2024-03-10 22:58:00
ORD_002409,CUST_000287,cancelled,2024-03-10 10:42:00,2024-03-11 02:42:00,2024-03-12 10:42:00,2024-03-30 10:42:00,2024-03-27 10:42:00
ORD_002410,CUST_000081,shipped,2024-08-25 15:29:00,2024-08-25 23:29:00,2024-08-26 15:29:00,2024-09-03 15:29:00,2024-09-12 15:29:00
ORD_002411,CUST_000209,shipped,2024-02-04 02:35:00,2024-02-04 21:35:00,2024-02-05 02:35:00,2024-02-17 02:35:00,2024-02-15 02:35:00
ORD_002412,CUST_000934,processing,2024-12-02 07:45:00,2024-12-02 23:45:00,2024-12-03 07:45:00,2024-12-10 07:45:00,2024-12-17 07:45:00
ORD_002413,CUST_000141,shipped,2024-08-12 04:30:00,2024-08-12 12:30:00,2024-08-14 04:30:00,2024-09-05 04:30:00,2024-08-31 04:30:00
ORD_002414,CUST_000862,delivered,2024-05-22 05:10:00,2024-05-23 00:10:00,2024-05-24 05:10:00,2024-05-30 05:10:00,2024-06-07 05:10:00
ORD_002415,CUST_001000,processing,2024-01-10 19:06:00,2024-01-11 09:06:00,2024-01-11 19:06:00,2024-01-28 19:06:00,2024-01-29 19:06:00
ORD_002416,CUST_000534,processing,2024-03-31 09:07:00,2024-04-01 07:07:00,2024-04-02 09:07:00,2024-04-15 09:07:00,2024-04-18 09:07:00
ORD_002417,CUST_000237,delivered,2024-09-30 23:25:00,2024-10-01 08:25:00,2024-10-02 23:25:00,2024-10-25 23:25:00,2024-10-20 23:25:00
ORD_002418,CUST_000313,shipped,2024-03-27 02:42:00,2024-03-27 06:42:00,2024-03-30 02:42:00,2024-04-02 02:42:00,2024-04-09 02:42:00
ORD_002419,CUST_000760,cancelled,2024-01-06 21:17:00,2024-01-07 20:17:00,2024-01-08 21:17:00,2024-01-17 21:17:00,2024-01-24 21:17:00
ORD_002420,CUST_000567,processing,2024-03-19 14:22:00,2024-03-20 06:22:00,2024-03-22 14:22:00,2024-04-02 14:22:00,2024-04-02 14:22:00
ORD_002421,CUST_000216,cancelled,2024-04-01 06:45:00,2024-04-02 00:45:00,2024-04-03 06:45:00,2024-04-14 06:45:00,2024-04-16 06:45:00
ORD_002422,CUST_000126,delivered,2024-01-18 21:34:00,2024-01-19 17:34:00,2024-01-20 21:34:00,2024-01-23 21:34:00,2024-02-07 21:34:00
ORD_002423,CUST_000382,delivered,2024-04-20 14:44:00,2024-04-21 09:44:00,2024-04-21 14:44:00,2024-05-13 14:44:00,2024-05-07 14:44:00
ORD_002424,CUST_000743,delivered,2024-01-25 20:51:00,2024-01-26 09:51:00,2024-01-27 20:51:00,2024-02-12 20:51:00,2024-02-06 20:51:00
ORD_002425,CUST_000836,cancelled,2024-09-24 20:42:00,2024-09-25 16:42:00,2024-09-27 20:42:00,2024-10-11 20:42:00,2024-10-14 20:42:00
ORD_002426,CUST_000807,processing,2024-12-03 03:24:00,2024-12-03 20:24:00,2024-12-06 03:24:00,2024-12-10 03:24:00,2024-12-13 03:24:00
ORD_002427,CUST_000146,delivered,2024-12-19 09:28:00,2024-12-20 07:28:00,2024-12-21 09:28:00,2025-01-08 09:28:00,2024-12-31 09:28:00
ORD_002428,CUST_000037,delivered,2024-01-27 19:00:00,2024-01-28 08:00:00,2024-01-30 19:00:00,2024-02-16 19:00:00,2024-02-12 19:00:00
ORD_002429,CUST_000241,delivered,2024-01-25 12:49:00,2024-01-25 14:49:00,2024-01-27 12:49:00,2024-02-01 12:49:00,2024-02-10 12:49:00
ORD_002430,CUST_000716,delivered,2024-04-13 07:23:00,2024-04-14 03:23:00,2024-04-16 07:23:00,2024-05-04 07:23:00,2024-04-28 07:23:00
ORD_002431,CUST_000451,delivered,2024-05-02 06:05:00,2024-05-02 10:05:00,2024-05-05 06:05:00,2024-05-11 06:05:00,2024-05-18 06:05:00
ORD_002432,CUST_000666,delivered,2024-01-09 13:01:00,2024-01-10 08:01:00,2024-01-10 13:01:00,2024-01-22 13:01:00,2024-01-27 13:01:00
ORD_002433,CUST_000783,delivered,2024-01-08 10:52:00,2024-01-09 07:52:00,2024-01-09 10:52:00,2024-02-01 10:52:00,2024-01-24 10:52:00
ORD_002434,CUST_000465,shipped,2024-04-08 21:42:00,2024-04-09 01:42:00,2024-04-09 21:42:00,2024-04-30 21:42:00,2024-04-20 21:42:00
ORD_002435,CUST_000976,shipped,2024-02-02 07:56:00,2024-02-03 02:56:00,2024-02-04 07:56:00,2024-02-25 07:56:00,2024-02-21 07:56:00
ORD_002436,CUST_000117,cancelled,2024-02-19 21:10:00,2024-02-20 01:10:00,2024-02-21 21:10:00,2024-03-12 21:10:00,2024-03-05 21:10:00
ORD_002437,CUST_000022,delivered,2024-03-26 01:26:00,2024-03-26 05:26:00,2024-03-27 01:26:00,2024-04-20 01:26:00,2024-04-14 01:26:00
ORD_002438,CUST_000511,delivered,2024-09-19 03:52:00,2024-09-19 11:52:00,2024-09-21 03:52:00,2024-09-25 03:52:00,2024-09-30 03:52:00
ORD_002439,CUST_000857,delivered,2024-06-16 10:35:00,2024-06-16 22:35:00,2024-06-18 10:35:00,2024-07-08 10:35:00,2024-06-28 10:35:00
ORD_002440,CUST_000035,shipped,2024-11-16 06:39:00,2024-11-17 01:39:00,2024-11-17 06:39:00,2024-12-08 06:39:00,2024-12-01 06:39:00
ORD_002441,CUST_000277,cancelled,2024-04-16 17:25:00,2024-04-17 15:25:00,2024-04-17 17:25:00,2024-04-21 17:25:00,2024-05-03 17:25:00
ORD_002442,CUST_000285,cancelled,2024-08-07 03:14:00,2024-08-08 02:14:00,2024-08-08 03:14:00,2024-08-24 03:14:00,2024-08-20 03:14:00
ORD_002443,CUST_000603,cancelled,2024-04-19 03:22:00,2024-04-19 23:22:00,2024-04-20 03:22:00,2024-05-08 03:22:00,2024-05-03 03:22:00
ORD_002444,CUST_000394,delivered,2024-06-14 05:00:00,2024-06-14 19:00:00,2024-06-17 05:00:00,2024-07-06 05:00:00,2024-07-03 05:00:00
ORD_002445,CUST_000308,delivered,2024-07-24 20:20:00,2024-07-25 09:20:00,2024-07-27 20:20:00,2024-08-02 20:20:00,2024-08-11 20:20:00
ORD_002446,CUST_000848,delivered,2024-01-07 12:13:00,2024-01-08 11:13:00,2024-01-09 12:13:00,2024-01-15 12:13:00,2024-01-26 12:13:00
ORD_002447,CUST_000989,processing,2024-08-22 07:04:00,2024-08-23 07:04:00,2024-08-24 07:04:00,2024-09-04 07:04:00,2024-09-10 07:04:00
ORD_002448,CUST_000087,processing,2024-12-02 08:41:00,2024-12-02 10:41:00,2024-12-03 08:41:00,2024-12-09 08:41:00,2024-12-14 08:41:00
ORD_002449,CUST_000062,delivered,2024-11-15 11:02:00,2024-11-15 23:02:00,2024-11-18 11:02:00,2024-12-04 11:02:00,2024-11-30 11:02:00
ORD_002450,CUST_000286,shipped,2024-02-04 06:26:00,2024-02-05 03:26:00,2024-02-05 06:26:00,2024-02-17 06:26:00,2024-02-19 06:26:00
ORD_002451,CUST_000876,delivered,2024-06-03 19:31:00,2024-06-04 10:31:00,2024-06-05 19:31:00,2024-06-21 19:31:00,2024-06-16 19:31:00
ORD_002452,CUST_000625,delivered,2024-02-22 22:34:00,2024-02-23 13:34:00,2024-02-23 22:34:00,2024-03-14 22:34:00,2024-03-12 22:34:00
ORD_002453,CUST_000394,processing,2024-10-18 05:16:00,2024-10-19 00:16:00,2024-10-19 05:16:00,2024-10-26 05:16:00,2024-11-01 05:16:00
ORD_002454,CUST_000508,delivered,2024-02-18 19:20:00,2024-02-19 12:20:00,2024-02-21 19:20:00,2024-03-01 19:20:00,2024-03-09 19:20:00
ORD_002455,CUST_000020,delivered,2024-11-19 22:24:00,2024-11-20 00:24:00,2024-11-21 22:24:00,2024-12-04 22:24:00,2024-12-05 22:24:00
ORD_002456,CUST_000884,shipped,2024-12-13 22:08:00,2024-12-14 11:08:00,2024-12-16 22:08:00,2025-01-06 22:08:00,2025-01-02 22:08:00
ORD_002457,CUST_000392,delivered,2024-06-19 05:40:00,2024-06-20 02:40:00,2024-06-21 05:40:00,2024-06-29 05:40:00,2024-07-09 05:40:00
ORD_002458,CUST_000394,delivered,2024-12-18 10:54:00,2024-12-19 10:54:00,2024-12-21 10:54:00,2025-01-04 10:54:00,2024-12-28 10:54:00
ORD_002459,CUST_000455,delivered,2024-12-07 15:04:00,2024-12-08 05:04:00,2024-12-09 15:04:00,2025-01-01 15:04:00,2024-12-24 15:04:00
ORD_002460,CUST_000046,delivered,2024-06-20 00:38:00,2024-06-20 22:38:00,2024-06-22 00:38:00,2024-07-07 00:38:00,2024-07-04 00:38:00
ORD_002461,CUST_000230,delivered,2024-10-26 14:24:00,2024-10-26 15:24:00,2024-10-27 14:24:00,2024-11-08 14:24:00,2024-11-07 14:24:00
ORD_002462,CUST_000211,processing,2024-09-18 20:47:00,2024-09-19 03:47:00,2024-09-19 20:47:00,2024-10-10 20:47:00,2024-10-07 20:47:00
ORD_002463,CUST_000389,delivered,2024-04-29 16:37:00,2024-04-30 11:37:00,2024-05-01 16:37:00,2024-05-17 16:37:00,2024-05-18 16:37:00
ORD_002464,CUST_000189,delivered,2024-12-26 00:14:00,2024-12-26 06:14:00,2024-12-29 00:14:00,2025-01-19 00:14:00,2025-01-05 00:14:00
ORD_002465,CUST_000676,delivered,2024-01-11 19:48:00,2024-01-11 20:48:00,2024-01-12 19:48:00,2024-02-02 19:48:00,2024-01-28 19:48:00
ORD_002466,CUST_000442,delivered,2024-03-04 09:15:00,2024-03-05 06:15:00,2024-03-05 09:15:00,2024-03-28 09:15:00,2024-03-18 09:15:00
ORD_002467,CUST_000546,shipped,2024-08-07 07:39:00,2024-08-07 18:39:00,2024-08-08 07:39:00,2024-08-19 07:39:00,2024-08-27 07:39:00
ORD_002468,CUST_000054,cancelled,2024-02-10 01:08:00,2024-02-10 05:08:00,2024-02-12 01:08:00,2024-03-04 01:08:00,2024-02-27 01:08:00
ORD_002469,CUST_000677,shipped,2024-07-10 15:18:00,2024-07-11 01:18:00,2024-07-13 15:18:00,2024-07-27 15:18:00,2024-07-22 15:18:00
ORD_002470,CUST_000313,delivered,2024-04-13 04:24:00,2024-04-13 18:24:00,2024-04-16 04:24:00,2024-05-07 04:24:00,2024-05-02 04:24:00
ORD_002471,CUST_000033,shipped,2024-04-14 20:02:00,2024-04-14 21:02:00,2024-04-17 20:02:00,2024-05-06 20:02:00,2024-04-30 20:02:00
ORD_002472,CUST_000555,delivered,2024-05-01 23:38:00,2024-05-02 23:38:00,2024-05-04 23:38:00,2024-05-20 23:38:00,2024-05-17 23:38:00
ORD_002473,CUST_000782,delivered,2024-08-15 23:56:00,2024-08-16 14:56:00,2024-08-18 23:56:00,2024-08-29 23:56:00,2024-09-03 23:56:00
ORD_002474,CUST_000357,delivered,2024-06-17 04:17:00,2024-06-17 13:17:00,2024-06-19 04:17:00,2024-07-08 04:17:00,2024-07-01 04:17:00
ORD_002475,CUST_000960,delivered,2024-06-11 20:50:00,2024-06-12 08:50:00,2024-06-14 20:50:00,2024-06-28 20:50:00,2024-06-22 20:50:00
ORD_002476,CUST_000027,cancelled,2024-01-21 16:50:00,2024-01-22 14:50:00,2024-01-23 16:50:00,2024-02-13 16:50:00,2024-02-07 16:50:00
ORD_002477,CUST_000932,cancelled,2024-07-31 20:52:00,2024-08-01 08:52:00,2024-08-03 20:52:00,2024-08-14 20:52:00,2024-08-19 20:52:00
ORD_002478,CUST_000624,processing,2024-05-27 00:14:00,2024-05-27 12:14:00,2024-05-30 00:14:00,2024-06-03 00:14:00,2024-06-15 00:14:00
ORD_002479,CUST_000773,delivered,2024-06-18 10:15:00,2024-06-18 18:15:00,2024-06-21 10:15:00,2024-07-03 10:15:00,2024-07-04 10:15:00
ORD_002480,CUST_000915,delivered,2024-04-15 17:03:00,2024-04-16 02:03:00,2024-04-18 17:03:00,2024-04-30 17:03:00,2024-05-02 17:03:00
ORD_002481,CUST_000345,shipped,2024-12-06 07:51:00,2024-12-06 22:51:00,2024-12-07 07:51:00,2024-12-29 07:51:00,2024-12-16 07:51:00
ORD_002482,CUST_000945,delivered,2024-12-17 22:46:00,2024-12-18 00:46:00,2024-12-19 22:46:00,2024-12-30 22:46:00,2025-01-04 22:46:00
ORD_002483,CUST_000849,delivered,2024-04-23 19:55:00,2024-04-24 06:55:00,2024-04-26 19:55:00,2024-05-08 19:55:00,2024-05-03 19:55:00
ORD_002484,CUST_000930,processing,2024-07-14 16:20:00,2024-07-15 07:20:00,2024-07-15 16:20:00,2024-07-20 16:20:00,2024-08-01 16:20:00
ORD_002485,CUST_000269,delivered,2024-04-03 14:40:00,2024-04-04 13:40:00,2024-04-05 14:40:00,2024-04-11 14:40:00,2024-04-22 14:40:00
ORD_002486,CUST_000830,delivered,2024-01-04 02:55:00,2024-01-04 23:55:00,2024-01-07 02:55:00,2024-01-12 02:55:00,2024-01-21 02:55:00
ORD_002487,CUST_000772,cancelled,2024-09-08 02:12:00,2024-09-08 11:12:00,2024-09-11 02:12:00,2024-10-02 02:12:00,2024-09-22 02:12:00
ORD_002488,CUST_000606,shipped,2024-01-27 20:09:00,2024-01-28 02:09:00,2024-01-30 20:09:00,2024-02-05 20:09:00,2024-02-16 20:09:00
ORD_002489,CUST_000222,delivered,2024-04-14 04:05:00,2024-04-14 11:05:00,2024-04-16 04:05:00,2024-05-08 04:05:00,2024-05-04 04:05:00
ORD_002490,CUST_000776,delivered,2024-03-29 18:35:00,2024-03-30 12:35:00,2024-04-01 18:35:00,2024-04-08 18:35:00,2024-04-15 18:35:00
ORD_002491,CUST_000029,shipped,2024-04-14 07:32:00,2024-04-15 01:32:00,2024-04-16 07:32:00,2024-04-20 07:32:00,2024-04-28 07:32:00
ORD_002492,CUST_000350,delivered,2024-02-10 13:46:00,2024-02-11 10:46:00,2024-02-11 13:46:00,2024-03-01 13:46:00,2024-02-28 13:46:00
ORD_002493,CUST_000744,cancelled,2024-08-27 09:10:00,2024-08-27 20:10:00,2024-08-29 09:10:00,2024-09-12 09:10:00,2024-09-11 09:10:00
ORD_002494,CUST_000850,delivered,2024-04-11 07:27:00,2024-04-12 07:27:00,2024-04-13 07:27:00,2024-04-23 07:27:00,2024-05-01 07:27:00
ORD_002495,CUST_000637,processing,2024-03-31 19:15:00,2024-04-01 08:15:00,2024-04-01 19:15:00,2024-04-17 19:15:00,2024-04-19 19:15:00
ORD_002496,CUST_000445,shipped,2024-06-04 09:36:00,2024-06-04 21:36:00,2024-06-06 09:36:00,2024-06-10 09:36:00,2024-06-23 09:36:00
ORD_002497,CUST_000887,shipped,2024-08-17 20:12:00,2024-08-18 02:12:00,2024-08-20 20:12:00,2024-09-02 20:12:00,2024-08-31 20:12:00
ORD_002498,CUST_000438,delivered,2024-05-19 15:05:00,2024-05-20 07:05:00,2024-05-22 15:05:00,2024-05-27 15:05:00,2024-06-04 15:05:00
ORD_002499,CUST_000802,shipped,2024-07-03 12:24:00,2024-07-03 15:24:00,2024-07-04 12:24:00,2024-07-10 12:24:00,2024-07-17 12:24:00
ORD_002500,CUST_000747,delivered,2024-03-26 15:28:00,2024-03-27 02:28:00,2024-03-28 15:28:00,2024-04-15 15:28:00,2024-04-06 15:28:00
ORD_002501,CUST_000951,delivered,2024-08-04 16:39:00,2024-08-05 04:39:00,2024-08-06 16:39:00,2024-08-11 16:39:00,2024-08-22 16:39:00
ORD_002502,CUST_000754,delivered,2024-08-09 04:52:00,2024-08-10 00:52:00,2024-08-11 04:52:00,2024-08-27 04:52:00,2024-08-22 04:52:00
ORD_002503,CUST_000771,processing,2024-09-03 00:48:00,2024-09-03 18:48:00,2024-09-06 00:48:00,2024-09-09 00:48:00,2024-09-22 00:48:00
ORD_002504,CUST_000059,delivered,2024-07-14 13:54:00,2024-07-15 13:54:00,2024-07-17 13:54:00,2024-07-26 13:54:00,2024-08-01 13:54:00
ORD_002505,CUST_000827,delivered,2024-02-12 09:38:00,2024-02-12 17:38:00,2024-02-13 09:38:00,2024-03-07 09:38:00,2024-02-26 09:38:00
ORD_002506,CUST_000112,delivered,2024-10-02 04:35:00,2024-10-02 15:35:00,2024-10-04 04:35:00,2024-10-24 04:35:00,2024-10-13 04:35:00
ORD_002507,CUST_000567,shipped,2024-03-30 08:24:00,2024-03-30 18:24:00,2024-04-02 08:24:00,2024-04-21 08:24:00,2024-04-15 08:24:00
ORD_002508,CUST_000398,delivered,2024-08-25 09:29:00,2024-08-25 13:29:00,2024-08-26 09:29:00,2024-09-11 09:29:00,2024-09-11 09:29:00
ORD_002509,CUST_000976,delivered,2024-05-25 12:35:00,2024-05-26 12:35:00,2024-05-27 12:35:00,2024-06-05 12:35:00,2024-06-07 12:35:00
ORD_002510,CUST_000739,delivered,2024-11-06 15:04:00,2024-11-06 18:04:00,2024-11-08 15:04:00,2024-11-24 15:04:00,2024-11-20 15:04:00
ORD_002511,CUST_000955,processing,2024-06-19 04:45:00,2024-06-20 01:45:00,2024-06-21 04:45:00,2024-07-04 04:45:00,2024-07-06 04:45:00
ORD_002512,CUST_000695,delivered,2024-08-28 06:09:00,2024-08-28 19:09:00,2024-08-31 06:09:00,2024-09-09 06:09:00,2024-09-15 06:09:00
ORD_002513,CUST_000295,delivered,2024-04-07 00:00:00,2024-04-07 11:00:00,2024-04-08 00:00:00,2024-04-25 00:00:00,2024-04-27 00:00:00
ORD_002514,CUST_000880,delivered,2024-09-13 23:46:00,2024-09-14 19:46:00,2024-09-14 23:46:00,2024-10-08 23:46:00,2024-09-28 23:46:00
ORD_002515,CUST_000961,shipped,2024-07-10 15:25:00,2024-07-11 07:25:00,2024-07-13 15:25:00,2024-07-19 15:25:00,2024-07-23 15:25:00
ORD_002516,CUST_000548,delivered,2024-07-31 12:47:00,2024-08-01 09:47:00,2024-08-03 12:47:00,2024-08-08 12:47:00,2024-08-16 12:47:00
ORD_002517,CUST_000475,cancelled,2024-07-10 12:31:00,2024-07-10 18:31:00,2024-07-12 12:31:00,2024-07-31 12:31:00,2024-07-29 12:31:00
ORD_002518,CUST_000435,cancelled,2024-06-06 20:37:00,2024-06-07 09:37:00,2024-06-08 20:37:00,2024-06-29 20:37:00,2024-06-24 20:37:00
ORD_002519,CUST_000587,cancelled,2024-02-06 13:56:00,2024-02-06 20:56:00,2024-02-08 13:56:00,2024-02-19 13:56:00,2024-02-24 13:56:00
ORD_002520,CUST_000737,delivered,2024-01-20 03:24:00,2024-01-20 12:24:00,2024-01-21 03:24:00,2024-02-04 03:24:00,2024-01-31 03:24:00
ORD_002521,CUST_000582,delivered,2024-10-16 05:12:00,2024-10-17 04:12:00,2024-10-19 05:12:00,2024-11-01 05:12:00,2024-11-01 05:12:00
ORD_002522,CUST_000788,cancelled,2024-08-11 08:49:00,2024-08-12 00:49:00,2024-08-12 08:49:00,2024-09-04 08:49:00,2024-08-25 08:49:00
ORD_002523,CUST_000532,delivered,2024-06-27 16:45:00,2024-06-28 04:45:00,2024-06-28 16:45:00,2024-07-03 16:45:00,2024-07-16 16:45:00
ORD_002524,CUST_000267,processing,2024-09-07 20:44:00,2024-09-08 07:44:00,2024-09-08 20:44:00,2024-09-24 20:44:00,2024-09-25 20:44:00
ORD_002525,CUST_000167,delivered,2024-07-07 22:03:00,2024-07-08 13:03:00,2024-07-09 22:03:00,2024-07-27 22:03:00,2024-07-17 22:03:00
ORD_002526,CUST_000984,cancelled,2024-11-29 12:59:00,2024-11-30 00:59:00,2024-11-30 12:59:00,2024-12-04 12:59:00,2024-12-13 12:59:00
ORD_002527,CUST_000391,processing,2024-08-05 23:15:00,2024-08-06 05:15:00,2024-08-07 23:15:00,2024-08-11 23:15:00,2024-08-19 23:15:00
ORD_002528,CUST_000479,shipped,2024-05-04 15:02:00,2024-05-04 21:02:00,2024-05-05 15:02:00,2024-05-09 15:02:00,2024-05-19 15:02:00
ORD_002529,CUST_000764,delivered,2024-07-04 20:45:00,2024-07-05 07:45:00,2024-07-06 20:45:00,2024-07-28 20:45:00,2024-07-14 20:45:00
ORD_002530,CUST_000947,delivered,2024-12-12 00:44:00,2024-12-12 01:44:00,2024-12-13 00:44:00,2025-01-06 00:44:00,2024-12-31 00:44:00
ORD_002531,CUST_000244,delivered,2024-12-06 20:09:00,2024-12-07 00:09:00,2024-12-07 20:09:00,2024-12-31 20:09:00,2024-12-18 20:09:00
ORD_002532,CUST_000136,delivered,2024-05-13 19:29:00,2024-05-14 02:29:00,2024-05-15 19:29:00,2024-06-05 19:29:00,2024-06-02 19:29:00
ORD_002533,CUST_000930,cancelled,2024-12-14 04:16:00,2024-12-14 23:16:00,2024-12-17 04:16:00,2024-12-28 04:16:00,2025-01-03 04:16:00
ORD_002534,CUST_000016,delivered,2024-05-06 19:37:00,2024-05-07 05:37:00,2024-05-09 19:37:00,2024-05-15 19:37:00,2024-05-24 19:37:00
ORD_002535,CUST_000288,shipped,2024-12-05 05:00:00,2024-12-05 22:00:00,2024-12-07 05:00:00,2024-12-19 05:00:00,2024-12-21 05:00:00
ORD_002536,CUST_000819,delivered,2024-02-29 02:41:00,2024-03-01 01:41:00,2024-03-01 02:41:00,2024-03-21 02:41:00,2024-03-10 02:41:00
ORD_002537,CUST_000699,cancelled,2024-12-30 12:25:00,2024-12-31 09:25:00,2025-01-02 12:25:00,2025-01-22 12:25:00,2025-01-14 12:25:00
ORD_002538,CUST_000974,shipped,2024-12-27 18:57:00,2024-12-28 12:57:00,2024-12-30 18:57:00,2025-01-09 18:57:00,2025-01-08 18:57:00
ORD_002539,CUST_000281,processing,2024-02-11 16:58:00,2024-02-12 02:58:00,2024-02-14 16:58:00,2024-02-21 16:58:00,2024-02-22 16:58:00
ORD_002540,CUST_000088,shipped,2024-04-06 13:10:00,2024-04-07 07:10:00,2024-04-08 13:10:00,2024-04-12 13:10:00,2024-04-16 13:10:00
ORD_002541,CUST_000256,cancelled,2024-08-06 08:44:00,2024-08-07 02:44:00,2024-08-09 08:44:00,2024-08-20 08:44:00,2024-08-18 08:44:00
ORD_002542,CUST_000790,processing,2024-06-03 16:34:00,2024-06-03 22:34:00,2024-06-06 16:34:00,2024-06-20 16:34:00,2024-06-19 16:34:00
ORD_002543,CUST_000556,cancelled,2024-12-03 12:37:00,2024-12-04 01:37:00,2024-12-04 12:37:00,2024-12-20 12:37:00,2024-12-15 12:37:00
ORD_002544,CUST_000303,delivered,2024-06-06 23:26:00,2024-06-07 19:26:00,2024-06-08 23:26:00,2024-06-19 23:26:00,2024-06-23 23:26:00
ORD_002545,CUST_000346,delivered,2024-02-15 03:40:00,2024-02-16 02:40:00,2024-02-18 03:40:00,2024-03-08 03:40:00,2024-02-25 03:40:00
ORD_002546,CUST_000585,cancelled,2024-10-20 11:52:00,2024-10-20 14:52:00,2024-10-21 11:52:00,2024-11-13 11:52:00,2024-11-05 11:52:00
ORD_002547,CUST_000405,cancelled,2024-03-14 08:47:00,2024-03-14 15:47:00,2024-03-17 08:47:00,2024-04-01 08:47:00,2024-03-30 08:47:00
ORD_002548,CUST_000040,delivered,2024-04-17 23:25:00,2024-04-18 02:25:00,2024-04-20 23:25:00,2024-05-05 23:25:00,2024-05-01 23:25:00
ORD_002549,CUST_000631,delivered,2024-12-23 09:00:00,2024-12-23 12:00:00,2024-12-26 09:00:00,2025-01-12 09:00:00,2025-01-10 09:00:00
ORD_002550,CUST_000281,delivered,2024-03-27 15:00:00,2024-03-28 14:00:00,2024-03-29 15:00:00,2024-04-14 15:00:00,2024-04-15 15:00:00
ORD_002551,CUST_000371,processing,2024-02-19 02:49:00,2024-02-19 22:49:00,2024-02-20 02:49:00,2024-02-25 02:49:00,2024-02-29 02:49:00
ORD_002552,CUST_000276,delivered,2024-12-22 13:33:00,2024-12-23 11:33:00,2024-12-23 13:33:00,2025-01-06 13:33:00,2025-01-01 13:33:00
ORD_002553,CUST_000676,delivered,2024-08-01 20:18:00,2024-08-02 09:18:00,2024-08-03 20:18:00,2024-08-19 20:18:00,2024-08-19 20:18:00
ORD_002554,CUST_000257,delivered,2024-08-08 05:11:00,2024-08-08 14:11:00,2024-08-11 05:11:00,2024-08-21 05:11:00,2024-08-20 05:11:00
ORD_002555,CUST_000802,delivered,2024-07-10 05:45:00,2024-07-10 10:45:00,2024-07-13 05:45:00,2024-07-20 05:45:00,2024-07-24 05:45:00
ORD_002556,CUST_000669,cancelled,2024-03-09 06:31:00,2024-03-10 05:31:00,2024-03-11 06:31:00,2024-03-14 06:31:00,2024-03-27 06:31:00
ORD_002557,CUST_000830,delivered,2024-04-03 16:07:00,2024-04-04 03:07:00,2024-04-04 16:07:00,2024-04-17 16:07:00,2024-04-17 16:07:00
ORD_002558,CUST_000791,delivered,2024-08-18 18:52:00,2024-08-19 12:52:00,2024-08-21 18:52:00,2024-09-02 18:52:00,2024-09-02 18:52:00
ORD_002559,CUST_000623,delivered,2024-04-18 05:12:00,2024-04-18 17:12:00,2024-04-21 05:12:00,2024-05-06 05:12:00,2024-05-06 05:12:00
ORD_002560,CUST_000013,delivered,2024-01-31 23:11:00,2024-02-01 12:11:00,2024-02-01 23:11:00,2024-02-16 23:11:00,2024-02-11 23:11:00
ORD_002561,CUST_000128,processing,2024-04-08 08:57:00,2024-04-08 13:57:00,2024-04-09 08:57:00,2024-04-28 08:57:00,2024-04-21 08:57:00
ORD_002562,CUST_000315,delivered,2024-07-28 14:40:00,2024-07-29 03:40:00,2024-07-31 14:40:00,2024-08-16 14:40:00,2024-08-07 14:40:00
ORD_002563,CUST_000583,delivered,2024-11-15 03:55:00,2024-11-15 07:55:00,2024-11-17 03:55:00,2024-11-30 03:55:00,2024-12-03 03:55:00
ORD_002564,CUST_000677,delivered,2024-11-21 05:05:00,2024-11-22 05:05:00,2024-11-22 05:05:00,2024-12-13 05:05:00,2024-12-09 05:05:00
ORD_002565,CUST_000329,delivered,2024-05-30 02:24:00,2024-05-30 12:24:00,2024-06-01 02:24:00,2024-06-04 02:24:00,2024-06-18 02:24:00
ORD_002566,CUST_000857,cancelled,2024-03-04 08:04:00,2024-03-05 04:04:00,2024-03-07 08:04:00,2024-03-27 08:04:00,2024-03-22 08:04:00
ORD_002567,CUST_000271,processing,2024-06-24 00:37:00,2024-06-24 19:37:00,2024-06-25 00:37:00,2024-07-13 00:37:00,2024-07-07 00:37:00
ORD_002568,CUST_000868,shipped,2024-04-30 15:31:00,2024-04-30 18:31:00,2024-05-02 15:31:00,2024-05-14 15:31:00,2024-05-20 15:31:00
ORD_002569,CUST_000184,shipped,2024-12-10 03:00:00,2024-12-10 14:00:00,2024-12-11 03:00:00,2024-12-25 03:00:00,2024-12-20 03:00:00
ORD_002570,CUST_000455,delivered,2024-02-01 08:48:00,2024-02-01 16:48:00,2024-02-02 08:48:00,2024-02-13 08:48:00,2024-02-16 08:48:00
ORD_002571,CUST_000474,delivered,2024-01-04 21:37:00,2024-01-05 12:37:00,2024-01-05 21:37:00,2024-01-15 21:37:00,2024-01-21 21:37:00
ORD_002572,CUST_000018,processing,2024-01-22 03:13:00,2024-01-22 05:13:00,2024-01-25 03:13:00,2024-02-12 03:13:00,2024-02-05 03:13:00
ORD_002573,CUST_000451,delivered,2024-09-24 00:24:00,2024-09-24 08:24:00,2024-09-27 00:24:00,2024-10-18 00:24:00,2024-10-14 00:24:00
ORD_002574,CUST_000010,delivered,2024-11-04 16:48:00,2024-11-05 10:48:00,2024-11-06 16:48:00,2024-11-09 16:48:00,2024-11-22 16:48:00
ORD_002575,CUST_000478,delivered,2024-05-16 15:30:00,2024-05-16 20:30:00,2024-05-17 15:30:00,2024-06-03 15:30:00,2024-06-03 15:30:00
ORD_002576,CUST_000038,processing,2024-06-21 19:27:00,2024-06-22 17:27:00,2024-06-24 19:27:00,2024-06-30 19:27:00,2024-07-04 19:27:00
ORD_002577,CUST_000990,cancelled,2024-06-21 11:43:00,2024-06-21 20:43:00,2024-06-23 11:43:00,2024-07-03 11:43:00,2024-07-10 11:43:00
ORD_002578,CUST_000368,delivered,2024-06-24 10:52:00,2024-06-24 11:52:00,2024-06-27 10:52:00,2024-07-10 10:52:00,2024-07-13 10:52:00
ORD_002579,CUST_000492,delivered,2024-05-02 11:42:00,2024-05-03 03:42:00,2024-05-04 11:42:00,2024-05-15 11:42:00,2024-05-19 11:42:00
ORD_002580,CUST_000654,delivered,2024-07-23 12:39:00,2024-07-23 20:39:00,2024-07-25 12:39:00,2024-08-09 12:39:00,2024-08-06 12:39:00
ORD_002581,CUST_000865,delivered,2024-01-30 11:55:00,2024-01-31 10:55:00,2024-01-31 11:55:00,2024-02-16 11:55:00,2024-02-10 11:55:00
ORD_002582,CUST_000570,shipped,2024-06-18 03:00:00,2024-06-18 11:00:00,2024-06-20 03:00:00,2024-06-27 03:00:00,2024-07-06 03:00:00
ORD_002583,CUST_000224,delivered,2024-08-21 22:25:00,2024-08-22 06:25:00,2024-08-22 22:25:00,2024-09-15 22:25:00,2024-09-05 22:25:00
ORD_002584,CUST_000419,shipped,2024-03-12 00:38:00,2024-03-12 08:38:00,2024-03-15 00:38:00,2024-03-22 00:38:00,2024-03-28 00:38:00
ORD_002585,CUST_000060,shipped,2024-03-03 16:17:00,2024-03-04 07:17:00,2024-03-04 16:17:00,2024-03-21 16:17:00,2024-03-16 16:17:00
ORD_002586,CUST_000594,cancelled,2024-12-24 07:23:00,2024-12-25 04:23:00,2024-12-26 07:23:00,2025-01-08 07:23:00,2025-01-03 07:23:00
ORD_002587,CUST_000962,delivered,2024-08-19 19:43:00,2024-08-20 02:43:00,2024-08-20 19:43:00,2024-09-02 19:43:00,2024-08-31 19:43:00
ORD_002588,CUST_000082,delivered,2024-12-03 15:32:00,2024-12-03 20:32:00,2024-12-05 15:32:00,2024-12-09 15:32:00,2024-12-20 15:32:00
ORD_002589,CUST_000284,delivered,2024-07-30 21:12:00,2024-07-30 22:12:00,2024-08-01 21:12:00,2024-08-07 21:12:00,2024-08-14 21:12:00
ORD_002590,CUST_000919,delivered,2024-01-02 20:52:00,2024-01-03 06:52:00,2024-01-05 20:52:00,2024-01-19 20:52:00,2024-01-12 20:52:00
ORD_002591,CUST_000625,shipped,2024-06-13 00:40:00,2024-06-13 08:40:00,2024-06-16 00:40:00,2024-07-08 00:40:00,2024-06-23 00:40:00
ORD_002592,CUST_000565,processing,2024-07-03 01:51:00,2024-07-03 02:51:00,2024-07-06 01:51:00,2024-07-18 01:51:00,2024-07-13 01:51:00
ORD_002593,CUST_000322,processing,2024-06-15 21:28:00,2024-06-16 17:28:00,2024-06-18 21:28:00,2024-07-09 21:28:00,2024-06-28 21:28:00
ORD_002594,CUST_000977,delivered,2024-04-29 19:31:00,2024-04-30 11:31:00,2024-04-30 19:31:00,2024-05-23 19:31:00,2024-05-09 19:31:00
ORD_002595,CUST_000066,processing,2024-07-23 23:39:00,2024-07-24 14:39:00,2024-07-24 23:39:00,2024-08-08 23:39:00,2024-08-12 23:39:00
ORD_002596,CUST_000452,delivered,2024-02-11 11:27:00,2024-02-12 01:27:00,2024-02-12 11:27:00,2024-02-23 11:27:00,2024-02-26 11:27:00
ORD_002597,CUST_000185,processing,2024-08-31 21:54:00,2024-09-01 15:54:00,2024-09-01 21:54:00,2024-09-06 21:54:00,2024-09-16 21:54:00
ORD_002598,CUST_000265,delivered,2024-12-24 03:46:00,2024-12-24 21:46:00,2024-12-25 03:46:00,2024-12-29 03:46:00,2025-01-13 03:46:00
ORD_002599,CUST_000785,delivered,2024-07-16 09:38:00,2024-07-17 04:38:00,2024-07-17 09:38:00,2024-08-03 09:38:00,2024-08-01 09:38:00
ORD_002600,CUST_000806,shipped,2024-04-09 22:09:00,2024-04-10 05:09:00,2024-04-10 22:09:00,2024-04-19 22:09:00,2024-04-20 22:09:00
ORD_002601,CUST_000283,delivered,2024-09-23 18:50:00,2024-09-24 08:50:00,2024-09-25 18:50:00,2024-10-03 18:50:00,2024-10-12 18:50:00
ORD_002602,CUST_000266,cancelled,2024-09-15 01:08:00,2024-09-15 07:08:00,2024-09-16 01:08:00,2024-09-23 01:08:00,2024-10-04 01:08:00
ORD_002603,CUST_000890,delivered,2024-09-11 02:19:00,2024-09-11 19:19:00,2024-09-12 02:19:00,2024-09-21 02:19:00,2024-09-26 02:19:00
ORD_002604,CUST_000507,shipped,2024-12-10 17:55:00,2024-12-11 12:55:00,2024-12-12 17:55:00,2024-12-19 17:55:00,2024-12-30 17:55:00
ORD_002605,CUST_000131,delivered,2024-08-27 05:57:00,2024-08-27 18:57:00,2024-08-29 05:57:00,2024-09-10 05:57:00,2024-09-09 05:57:00
ORD_002606,CUST_000233,delivered,2024-08-16 03:30:00,2024-08-17 00:30:00,2024-08-17 03:30:00,2024-08-26 03:30:00,2024-08-26 03:30:00
ORD_002607,CUST_000646,processing,2024-12-05 17:15:00,2024-12-06 12:15:00,2024-12-08 17:15:00,2024-12-24 17:15:00,2024-12-20 17:15:00
ORD_002608,CUST_000179,processing,2024-05-04 06:10:00,2024-05-04 19:10:00,2024-05-07 06:10:00,2024-05-22 06:10:00,2024-05-20 06:10:00
ORD_002609,CUST_000151,cancelled,2024-12-03 22:05:00,2024-12-04 22:05:00,2024-12-05 22:05:00,2024-12-23 22:05:00,2024-12-17 22:05:00
ORD_002610,CUST_000893,delivered,2024-02-24 13:45:00,2024-02-24 22:45:00,2024-02-27 13:45:00,2024-03-15 13:45:00,2024-03-06 13:45:00
ORD_002611,CUST_000633,shipped,2024-01-15 05:59:00,2024-01-16 04:59:00,2024-01-16 05:59:00,2024-01-29 05:59:00,2024-02-02 05:59:00
ORD_002612,CUST_000672,cancelled,2024-06-16 12:49:00,2024-06-17 00:49:00,2024-06-18 12:49:00,2024-07-03 12:49:00,2024-06-30 12:49:00
ORD_002613,CUST_000051,delivered,2024-05-23 07:46:00,2024-05-23 16:46:00,2024-05-26 07:46:00,2024-06-01 07:46:00,2024-06-11 07:46:00
ORD_002614,CUST_000239,delivered,2024-05-11 21:30:00,2024-05-12 11:30:00,2024-05-14 21:30:00,2024-05-26 21:30:00,2024-05-24 21:30:00
ORD_002615,CUST_000118,delivered,2024-12-09 03:42:00,2024-12-09 15:42:00,2024-12-11 03:42:00,2025-01-02 03:42:00,2024-12-26 03:42:00
ORD_002616,CUST_000671,cancelled,2024-03-10 17:40:00,2024-03-11 05:40:00,2024-03-11 17:40:00,2024-03-17 17:40:00,2024-03-28 17:40:00
ORD_002617,CUST_000040,cancelled,2024-09-08 02:50:00,2024-09-08 10:50:00,2024-09-10 02:50:00,2024-09-25 02:50:00,2024-09-28 02:50:00
ORD_002618,CUST_000189,shipped,2024-12-20 10:55:00,2024-12-20 21:55:00,2024-12-21 10:55:00,2024-12-25 10:55:00,2025-01-03 10:55:00
ORD_002619,CUST_000701,delivered,2024-04-24 18:49:00,2024-04-25 12:49:00,2024-04-26 18:49:00,2024-05-02 18:49:00,2024-05-10 18:49:00
ORD_002620,CUST_000519,delivered,2024-11-03 02:41:00,2024-11-03 14:41:00,2024-11-04 02:41:00,2024-11-10 02:41:00,2024-11-20 02:41:00
ORD_002621,CUST_000882,shipped,2024-06-24 12:58:00,2024-06-24 15:58:00,2024-06-26 12:58:00,2024-07-04 12:58:00,2024-07-13 12:58:00
ORD_002622,CUST_000451,delivered,2024-07-14 20:41:00,2024-07-15 19:41:00,2024-07-15 20:41:00,2024-07-27 20:41:00,2024-07-24 20:41:00
ORD_002623,CUST_000594,delivered,2024-10-14 13:51:00,2024-10-14 18:51:00,2024-10-17 13:51:00,2024-10-22 13:51:00,2024-11-01 13:51:00
ORD_002624,CUST_000325,delivered,2024-04-29 07:16:00,2024-04-29 18:16:00,2024-05-01 07:16:00,2024-05-06 07:16:00,2024-05-16 07:16:00
ORD_002625,CUST_000043,delivered,2024-02-29 09:05:00,2024-03-01 08:05:00,2024-03-03 09:05:00,2024-03-16 09:05:00,2024-03-10 09:05:00
ORD_002626,CUST_000567,delivered,2024-02-27 02:21:00,2024-02-27 10:21:00,2024-02-28 02:21:00,2024-03-19 02:21:00,2024-03-18 02:21:00
ORD_002627,CUST_000735,delivered,2024-10-30 06:47:00,2024-10-31 00:47:00,2024-11-02 06:47:00,2024-11-12 06:47:00,2024-11-10 06:47:00
ORD_002628,CUST_000234,processing,2024-02-29 18:23:00,2024-03-01 13:23:00,2024-03-01 18:23:00,2024-03-22 18:23:00,2024-03-18 18:23:00
ORD_002629,CUST_000063,delivered,2024-03-06 10:24:00,2024-03-06 15:24:00,2024-03-07 10:24:00,2024-03-27 10:24:00,2024-03-23 10:24:00
ORD_002630,CUST_000975,delivered,2024-10-22 23:00:00,2024-10-23 03:00:00,2024-10-23 23:00:00,2024-11-16 23:00:00,2024-11-03 23:00:00
ORD_002631,CUST_000732,delivered,2024-06-08 01:37:00,2024-06-08 18:37:00,2024-06-09 01:37:00,2024-06-25 01:37:00,2024-06-24 01:37:00
ORD_002632,CUST_000266,processing,2024-10-01 06:54:00,2024-10-02 05:54:00,2024-10-03 06:54:00,2024-10-07 06:54:00,2024-10-21 06:54:00
ORD_002633,CUST_000999,processing,2024-07-17 13:20:00,2024-07-18 05:20:00,2024-07-18 13:20:00,2024-07-22 13:20:00,2024-07-27 13:20:00
ORD_002634,CUST_000264,delivered,2024-07-05 21:59:00,2024-07-06 15:59:00,2024-07-08 21:59:00,2024-07-27 21:59:00,2024-07-15 21:59:00
ORD_002635,CUST_000017,delivered,2024-03-05 16:42:00,2024-03-06 03:42:00,2024-03-08 16:42:00,2024-03-10 16:42:00,2024-03-16 16:42:00
ORD_002636,CUST_000695,processing,2024-11-04 18:14:00,2024-11-04 22:14:00,2024-11-07 18:14:00,2024-11-12 18:14:00,2024-11-24 18:14:00
ORD_002637,CUST_000866,delivered,2024-02-24 12:00:00,2024-02-25 08:00:00,2024-02-25 12:00:00,2024-03-15 12:00:00,2024-03-08 12:00:00
ORD_002638,CUST_000879,delivered,2024-10-02 14:20:00,2024-10-02 22:20:00,2024-10-04 14:20:00,2024-10-25 14:20:00,2024-10-18 14:20:00
ORD_002639,CUST_000870,shipped,2024-03-15 09:53:00,2024-03-16 09:53:00,2024-03-18 09:53:00,2024-04-05 09:53:00,2024-03-30 09:53:00
ORD_002640,CUST_000362,delivered,2024-04-22 15:43:00,2024-04-23 03:43:00,2024-04-24 15:43:00,2024-05-09 15:43:00,2024-05-03 15:43:00
ORD_002641,CUST_000554,delivered,2024-08-21 04:38:00,2024-08-22 03:38:00,2024-08-22 04:38:00,2024-09-10 04:38:00,2024-08-31 04:38:00
ORD_002642,CUST_000736,processing,2024-05-25 04:47:00,2024-05-26 03:47:00,2024-05-27 04:47:00,2024-06-14 04:47:00,2024-06-07 04:47:00
ORD_002643,CUST_000046,delivered,2024-12-06 22:02:00,2024-12-07 19:02:00,2024-12-08 22:02:00,2024-12-28 22:02:00,2024-12-20 22:02:00
ORD_002644,CUST_000615,shipped,2024-11-02 10:19:00,2024-11-03 04:19:00,2024-11-04 10:19:00,2024-11-11 10:19:00,2024-11-16 10:19:00
ORD_002645,CUST_000241,shipped,2024-09-14 22:07:00,2024-09-15 06:07:00,2024-09-15 22:07:00,2024-09-25 22:07:00,2024-09-28 22:07:00
ORD_002646,CUST_000359,delivered,2024-05-20 22:36:00,2024-05-21 13:36:00,2024-05-23 22:36:00,2024-05-27 22:36:00,2024-06-03 22:36:00
ORD_002647,CUST_000112,delivered,2024-09-01 20:53:00,2024-09-02 05:53:00,2024-09-03 20:53:00,2024-09-11 20:53:00,2024-09-13 20:53:00
ORD_002648,CUST_000080,delivered,2024-04-20 15:18:00,2024-04-21 10:18:00,2024-04-21 15:18:00,2024-05-13 15:18:00,2024-05-09 15:18:00
ORD_002649,CUST_000520,shipped,2024-12-26 12:03:00,2024-12-26 14:03:00,2024-12-27 12:03:00,2025-01-19 12:03:00,2025-01-14 12:03:00
ORD_002650,CUST_000455,delivered,2024-06-19 04:52:00,2024-06-19 19:52:00,2024-06-20 04:52:00,2024-07-05 04:52:00,2024-06-29 04:52:00
ORD_002651,CUST_000116,shipped,2024-04-17 23:59:00,2024-04-18 19:59:00,2024-04-20 23:59:00,2024-05-06 23:59:00,2024-05-03 23:59:00
ORD_002652,CUST_000524,cancelled,2024-04-25 22:47:00,2024-04-26 13:47:00,2024-04-28 22:47:00,2024-04-30 22:47:00,2024-05-12 22:47:00
ORD_002653,CUST_000080,delivered,2024-01-27 05:54:00,2024-01-27 21:54:00,2024-01-29 05:54:00,2024-02-09 05:54:00,2024-02-10 05:54:00
ORD_002654,CUST_000243,delivered,2024-09-06 23:25:00,2024-09-07 18:25:00,2024-09-09 23:25:00,2024-09-25 23:25:00,2024-09-26 23:25:00
ORD_002655,CUST_000209,cancelled,2024-06-02 21:58:00,2024-06-03 11:58:00,2024-06-05 21:58:00,2024-06-11 21:58:00,2024-06-17 21:58:00
ORD_002656,CUST_000334,delivered,2024-03-22 00:35:00,2024-03-22 03:35:00,2024-03-25 00:35:00,2024-04-09 00:35:00,2024-04-07 00:35:00
ORD_002657,CUST_000585,cancelled,2024-07-19 10:27:00,2024-07-19 16:27:00,2024-07-20 10:27:00,2024-08-01 10:27:00,2024-08-06 10:27:00
ORD_002658,CUST_000381,processing,2024-12-13 15:22:00,2024-12-13 16:22:00,2024-12-16 15:22:00,2024-12-23 15:22:00,2024-12-29 15:22:00
ORD_002659,CUST_000850,processing,2024-07-19 12:04:00,2024-07-20 06:04:00,2024-07-20 12:04:00,2024-08-13 12:04:00,2024-08-03 12:04:00
ORD_002660,CUST_000843,delivered,2024-09-27 23:18:00,2024-09-28 14:18:00,2024-09-30 23:18:00,2024-10-15 23:18:00,2024-10-09 23:18:00
ORD_002661,CUST_000698,delivered,2024-05-24 22:59:00,2024-05-25 16:59:00,2024-05-26 22:59:00,2024-05-31 22:59:00,2024-06-07 22:59:00
ORD_002662,CUST_000426,delivered,2024-04-09 22:54:00,2024-04-10 19:54:00,2024-04-12 22:54:00,2024-04-18 22:54:00,2024-04-19 22:54:00
ORD_002663,CUST_000074,delivered,2024-10-07 12:06:00,2024-10-07 14:06:00,2024-10-09 12:06:00,2024-10-15 12:06:00,2024-10-23 12:06:00
ORD_002664,CUST_000658,shipped,2024-03-08 10:48:00,2024-03-08 22:48:00,2024-03-10 10:48:00,2024-03-18 10:48:00,2024-03-20 10:48:00
ORD_002665,CUST_000437,shipped,2024-10-24 01:54:00,2024-10-24 17:54:00,2024-10-26 01:54:00,2024-10-30 01:54:00,2024-11-05 01:54:00
ORD_002666,CUST_000897,cancelled,2024-12-29 09:29:00,2024-12-30 08:29:00,2025-01-01 09:29:00,2025-01-09 09:29:00,2025-01-09 09:29:00
ORD_002667,CUST_000290,delivered,2024-12-01 05:36:00,2024-12-01 10:36:00,2024-12-03 05:36:00,2024-12-22 05:36:00,2024-12-16 05:36:00
ORD_002668,CUST_000147,cancelled,2024-03-11 14:44:00,2024-03-11 17:44:00,2024-03-12 14:44:00,2024-03-24 14:44:00,2024-03-26 14:44:00
ORD_002669,CUST_000026,cancelled,2024-09-04 09:57:00,2024-09-05 07:57:00,2024-09-05 09:57:00,2024-09-16 09:57:00,2024-09-23 09:57:00
ORD_002670,CUST_000335,shipped,2024-03-15 06:13:00,2024-03-15 18:13:00,2024-03-16 06:13:00,2024-04-04 06:13:00,2024-04-03 06:13:00
ORD_002671,CUST_000622,delivered,2024-04-10 23:41:00,2024-04-11 02:41:00,2024-04-12 23:41:00,2024-04-25 23:41:00,2024-04-26 23:41:00
ORD_002672,CUST_000808,cancelled,2024-01-05 11:46:00,2024-01-06 11:46:00,2024-01-06 11:46:00,2024-01-17 11:46:00,2024-01-22 11:46:00
ORD_002673,CUST_000369,delivered,2024-10-21 03:43:00,2024-10-21 12:43:00,2024-10-22 03:43:00,2024-11-08 03:43:00,2024-11-02 03:43:00
ORD_002674,CUST_000344,delivered,2024-03-16 12:27:00,2024-03-17 07:27:00,2024-03-19 12:27:00,2024-04-01 12:27:00,2024-03-31 12:27:00
ORD_002675,CUST_000999,delivered,2024-12-13 05:59:00,2024-12-13 14:59:00,2024-12-15 05:59:00,2025-01-05 05:59:00,2024-12-29 05:59:00
ORD_002676,CUST_000418,delivered,2024-01-29 03:22:00,2024-01-30 03:22:00,2024-01-30 03:22:00,2024-02-15 03:22:00,2024-02-10 03:22:00
ORD_002677,CUST_000919,cancelled,2024-08-30 05:03:00,2024-08-30 06:03:00,2024-09-02 05:03:00,2024-09-21 05:03:00,2024-09-11 05:03:00
ORD_002678,CUST_000668,delivered,2024-03-01 16:41:00,2024-03-02 15:41:00,2024-03-03 16:41:00,2024-03-07 16:41:00,2024-03-13 16:41:00
ORD_002679,CUST_000384,shipped,2024-06-22 18:27:00,2024-06-23 14:27:00,2024-06-25 18:27:00,2024-07-11 18:27:00,2024-07-03 18:27:00
ORD_002680,CUST_000482,shipped,2024-03-17 20:46:00,2024-03-18 12:46:00,2024-03-19 20:46:00,2024-04-08 20:46:00,2024-04-05 20:46:00
ORD_002681,CUST_000966,processing,2024-07-25 07:02:00,2024-07-25 21:02:00,2024-07-27 07:02:00,2024-08-10 07:02:00,2024-08-04 07:02:00
ORD_002682,CUST_000997,delivered,2024-03-01 07:25:00,2024-03-02 06:25:00,2024-03-04 07:25:00,2024-03-26 07:25:00,2024-03-16 07:25:00
ORD_002683,CUST_000302,delivered,2024-09-07 09:44:00,2024-09-07 14:44:00,2024-09-08 09:44:00,2024-09-17 09:44:00,2024-09-20 09:44:00
ORD_002684,CUST_000637,processing,2024-11-01 05:41:00,2024-11-01 18:41:00,2024-11-03 05:41:00,2024-11-17 05:41:00,2024-11-14 05:41:00
ORD_002685,CUST_000032,shipped,2024-07-11 22:50:00,2024-07-12 05:50:00,2024-07-13 22:50:00,2024-07-24 22:50:00,2024-07-31 22:50:00
ORD_002686,CUST_000165,delivered,2024-12-09 21:05:00,2024-12-10 19:05:00,2024-12-10 21:05:00,2024-12-30 21:05:00,2024-12-29 21:05:00
ORD_002687,CUST_000378,shipped,2024-08-25 20:24:00,2024-08-26 11:24:00,2024-08-26 20:24:00,2024-09-04 20:24:00,2024-09-14 20:24:00
ORD_002688,CUST_000046,delivered,2024-05-20 20:41:00,2024-05-21 06:41:00,2024-05-21 20:41:00,2024-06-03 20:41:00,2024-06-03 20:41:00
ORD_002689,CUST_000298,processing,2024-08-15 11:00:00,2024-08-16 05:00:00,2024-08-18 11:00:00,2024-08-24 11:00:00,2024-09-01 11:00:00
ORD_002690,CUST_000953,delivered,2024-03-02 03:05:00,2024-03-03 02:05:00,2024-03-05 03:05:00,2024-03-10 03:05:00,2024-03-12 03:05:00
ORD_002691,CUST_000154,shipped,2024-03-03 15:41:00,2024-03-04 13:41:00,2024-03-06 15:41:00,2024-03-25 15:41:00,2024-03-17 15:41:00
ORD_002692,CUST_000934,cancelled,2024-12-08 16:14:00,2024-12-09 02:14:00,2024-12-09 16:14:00,2024-12-20 16:14:00,2024-12-25 16:14:00
ORD_002693,CUST_000606,delivered,2024-01-12 18:36:00,2024-01-13 05:36:00,2024-01-15 18:36:00,2024-02-02 18:36:00,2024-01-26 18:36:00
ORD_002694,CUST_000027,delivered,2024-10-20 15:17:00,2024-10-20 23:17:00,2024-10-21 15:17:00,2024-11-04 15:17:00,2024-11-06 15:17:00
ORD_002695,CUST_000109,delivered,2024-12-21 23:06:00,2024-12-22 18:06:00,2024-12-23 23:06:00,2025-01-03 23:06:00,2025-01-06 23:06:00
ORD_002696,CUST_000624,delivered,2024-10-30 05:24:00,2024-10-30 22:24:00,2024-11-01 05:24:00,2024-11-15 05:24:00,2024-11-13 05:24:00
ORD_002697,CUST_000217,processing,2024-09-04 20:44:00,2024-09-05 10:44:00,2024-09-07 20:44:00,2024-09-17 20:44:00,2024-09-22 20:44:00
ORD_002698,CUST_000828,delivered,2024-08-10 09:36:00,2024-08-10 14:36:00,2024-08-13 09:36:00,2024-08-16 09:36:00,2024-08-24 09:36:00
ORD_002699,CUST_000321,delivered,2024-03-05 03:20:00,2024-03-05 21:20:00,2024-03-08 03:20:00,2024-03-11 03:20:00,2024-03-25 03:20:00
ORD_002700,CUST_000524,delivered,2024-02-02 22:58:00,2024-02-03 20:58:00,2024-02-04 22:58:00,2024-02-20 22:58:00,2024-02-17 22:58:00
ORD_002701,CUST_000733,shipped,2024-10-02 05:25:00,2024-10-03 00:25:00,2024-10-03 05:25:00,2024-10-15 05:25:00,2024-10-17 05:25:00
ORD_002702,CUST_000800,delivered,2024-12-24 00:25:00,2024-12-24 11:25:00,2024-12-27 00:25:00,2025-01-07 00:25:00,2025-01-12 00:25:00
ORD_002703,CUST_000760,delivered,2024-10-11 17:50:00,2024-10-11 18:50:00,2024-10-12 17:50:00,2024-11-05 17:50:00,2024-10-24 17:50:00
ORD_002704,CUST_000521,delivered,2024-09-28 15:04:00,2024-09-29 11:04:00,2024-10-01 15:04:00,2024-10-14 15:04:00,2024-10-17 15:04:00
ORD_002705,CUST_000803,processing,2024-09-22 18:34:00,2024-09-22 20:34:00,2024-09-24 18:34:00,2024-10-06 18:34:00,2024-10-08 18:34:00
ORD_002706,CUST_000596,delivered,2024-11-29 03:48:00,2024-11-30 02:48:00,2024-11-30 03:48:00,2024-12-24 03:48:00,2024-12-14 03:48:00
ORD_002707,CUST_000730,cancelled,2024-04-16 21:57:00,2024-04-17 09:57:00,2024-04-18 21:57:00,2024-05-05 21:57:00,2024-04-28 21:57:00
ORD_002708,CUST_000353,cancelled,2024-03-01 05:55:00,2024-03-02 00:55:00,2024-03-04 05:55:00,2024-03-16 05:55:00,2024-03-12 05:55:00
ORD_002709,CUST_000963,delivered,2024-11-02 22:11:00,2024-11-03 02:11:00,2024-11-04 22:11:00,2024-11-11 22:11:00,2024-11-15 22:11:00
ORD_002710,CUST_000221,delivered,2024-01-03 17:28:00,2024-01-03 20:28:00,2024-01-05 17:28:00,2024-01-14 17:28:00,2024-01-21 17:28:00
ORD_002711,CUST_000388,cancelled,2024-06-09 03:02:00,2024-06-09 23:02:00,2024-06-10 03:02:00,2024-06-16 03:02:00,2024-06-22 03:02:00
ORD_002712,CUST_000851,shipped,2024-03-06 18:13:00,2024-03-06 21:13:00,2024-03-07 18:13:00,2024-03-14 18:13:00,2024-03-21 18:13:00
ORD_002713,CUST_000597,cancelled,2024-11-30 05:05:00,2024-11-30 22:05:00,2024-12-01 05:05:00,2024-12-09 05:05:00,2024-12-10 05:05:00
ORD_002714,CUST_000034,cancelled,2024-10-14 08:54:00,2024-10-14 22:54:00,2024-10-16 08:54:00,2024-10-25 08:54:00,2024-10-31 08:54:00
ORD_002715,CUST_000673,cancelled,2024-01-18 02:07:00,2024-01-19 02:07:00,2024-01-21 02:07:00,2024-01-27 02:07:00,2024-01-29 02:07:00
ORD_002716,CUST_000744,delivered,2024-09-16 09:23:00,2024-09-16 15:23:00,2024-09-17 09:23:00,2024-10-05 09:23:00,2024-09-28 09:23:00
ORD_002717,CUST_000154,delivered,2024-10-05 05:27:00,2024-10-06 05:27:00,2024-10-08 05:27:00,2024-10-19 05:27:00,2024-10-19 05:27:00
ORD_002718,CUST_000391,shipped,2024-12-02 00:15:00,2024-12-02 07:15:00,2024-12-04 00:15:00,2024-12-24 00:15:00,2024-12-17 00:15:00
ORD_002719,CUST_000781,delivered,2024-06-02 01:33:00,2024-06-02 09:33:00,2024-06-04 01:33:00,2024-06-26 01:33:00,2024-06-17 01:33:00
ORD_002720,CUST_000665,delivered,2024-05-30 21:34:00,2024-05-31 17:34:00,2024-05-31 21:34:00,2024-06-19 21:34:00,2024-06-12 21:34:00
ORD_002721,CUST_000081,delivered,2024-08-15 04:36:00,2024-08-15 10:36:00,2024-08-17 04:36:00,2024-09-08 04:36:00,2024-08-26 04:36:00
ORD_002722,CUST_000979,delivered,2024-09-08 22:20:00,2024-09-09 04:20:00,2024-09-10 22:20:00,2024-09-15 22:20:00,2024-09-20 22:20:00
ORD_002723,CUST_000080,processing,2024-09-24 11:38:00,2024-09-24 12:38:00,2024-09-26 11:38:00,2024-10-13 11:38:00,2024-10-13 11:38:00
ORD_002724,CUST_000982,cancelled,2024-10-02 16:13:00,2024-10-03 13:13:00,2024-10-03 16:13:00,2024-10-21 16:13:00,2024-10-12 16:13:00
ORD_002725,CUST_000958,processing,2024-12-18 03:42:00,2024-12-18 19:42:00,2024-12-21 03:42:00,2025-01-04 03:42:00,2024-12-28 03:42:00
ORD_002726,CUST_000230,delivered,2024-01-23 07:02:00,2024-01-24 07:02:00,2024-01-25 07:02:00,2024-02-03 07:02:00,2024-02-05 07:02:00
ORD_002727,CUST_000579,delivered,2024-04-06 04:19:00,2024-04-06 08:19:00,2024-04-07 04:19:00,2024-04-18 04:19:00,2024-04-22 04:19:00
ORD_002728,CUST_000516,shipped,2024-04-20 04:38:00,2024-04-20 15:38:00,2024-04-22 04:38:00,2024-05-04 04:38:00,2024-05-02 04:38:00
ORD_002729,CUST_000589,delivered,2024-10-09 06:37:00,2024-10-09 09:37:00,2024-10-11 06:37:00,2024-11-03 06:37:00,2024-10-29 06:37:00
ORD_002730,CUST_000646,cancelled,2024-07-02 08:08:00,2024-07-02 12:08:00,2024-07-05 08:08:00,2024-07-27 08:08:00,2024-07-14 08:08:00
ORD_002731,CUST_000562,delivered,2024-11-14 13:04:00,2024-11-15 02:04:00,2024-11-16 13:04:00,2024-11-24 13:04:00,2024-11-25 13:04:00
ORD_002732,CUST_000752,shipped,2024-10-08 08:16:00,2024-10-09 03:16:00,2024-10-10 08:16:00,2024-10-28 08:16:00,2024-10-19 08:16:00
ORD_002733,CUST_000429,cancelled,2024-07-14 20:57:00,2024-07-15 19:57:00,2024-07-15 20:57:00,2024-07-24 20:57:00,2024-07-31 20:57:00
ORD_002734,CUST_000552,processing,2024-03-24 12:29:00,2024-03-25 10:29:00,2024-03-25 12:29:00,2024-03-29 12:29:00,2024-04-06 12:29:00
ORD_002735,CUST_000751,processing,2024-02-12 08:43:00,2024-02-12 21:43:00,2024-02-14 08:43:00,2024-02-23 08:43:00,2024-03-03 08:43:00
ORD_002736,CUST_000125,shipped,2024-08-05 22:09:00,2024-08-06 12:09:00,2024-08-07 22:09:00,2024-08-27 22:09:00,2024-08-17 22:09:00
ORD_002737,CUST_000868,processing,2024-10-01 06:04:00,2024-10-01 19:04:00,2024-10-02 06:04:00,2024-10-23 06:04:00,2024-10-21 06:04:00
ORD_002738,CUST_000900,delivered,2024-11-18 23:17:00,2024-11-19 22:17:00,2024-11-21 23:17:00,2024-12-05 23:17:00,2024-12-05 23:17:00
ORD_002739,CUST_000541,delivered,2024-11-20 22:41:00,2024-11-21 14:41:00,2024-11-21 22:41:00,2024-11-30 22:41:00,2024-12-07 22:41:00
ORD_002740,CUST_000818,delivered,2024-04-08 22:23:00,2024-04-09 03:23:00,2024-04-09 22:23:00,2024-04-15 22:23:00,2024-04-20 22:23:00
ORD_002741,CUST_000053,delivered,2024-10-15 21:41:00,2024-10-16 08:41:00,2024-10-18 21:41:00,2024-11-04 21:41:00,2024-10-31 21:41:00
ORD_002742,CUST_000622,cancelled,2024-09-18 19:10:00,2024-09-19 01:10:00,2024-09-21 19:10:00,2024-10-04 19:10:00,2024-10-02 19:10:00
ORD_002743,CUST_000484,delivered,2024-08-02 04:20:00,2024-08-02 08:20:00,2024-08-05 04:20:00,2024-08-07 04:20:00,2024-08-20 04:20:00
ORD_002744,CUST_000676,delivered,2024-08-10 12:01:00,2024-08-10 22:01:00,2024-08-11 12:01:00,2024-09-04 12:01:00,2024-08-30 12:01:00
ORD_002745,CUST_000538,delivered,2024-11-05 07:04:00,2024-11-05 19:04:00,2024-11-07 07:04:00,2024-11-27 07:04:00,2024-11-23 07:04:00
ORD_002746,CUST_000533,shipped,2024-05-18 03:34:00,2024-05-18 09:34:00,2024-05-19 03:34:00,2024-05-24 03:34:00,2024-05-31 03:34:00
ORD_002747,CUST_000452,delivered,2024-02-26 21:35:00,2024-02-27 20:35:00,2024-02-27 21:35:00,2024-03-04 21:35:00,2024-03-16 21:35:00
ORD_002748,CUST_000325,delivered,2024-07-27 02:21:00,2024-07-27 16:21:00,2024-07-29 02:21:00,2024-08-20 02:21:00,2024-08-11 02:21:00
ORD_002749,CUST_000276,delivered,2024-11-23 02:23:00,2024-11-23 11:23:00,2024-11-25 02:23:00,2024-12-10 02:23:00,2024-12-11 02:23:00
ORD_002750,CUST_000200,delivered,2024-06-19 08:09:00,2024-06-20 00:09:00,2024-06-21 08:09:00,2024-07-01 08:09:00,2024-07-04 08:09:00
ORD_002751,CUST_000857,shipped,2024-04-25 08:00:00,2024-04-25 11:00:00,2024-04-26 08:00:00,2024-05-01 08:00:00,2024-05-15 08:00:00
ORD_002752,CUST_000590,delivered,2024-02-20 12:14:00,2024-02-20 18:14:00,2024-02-21 12:14:00,2024-03-04 12:14:00,2024-03-06 12:14:00
ORD_002753,CUST_000301,delivered,2024-07-12 03:50:00,2024-07-12 12:50:00,2024-07-15 03:50:00,2024-07-27 03:50:00,2024-07-30 03:50:00
ORD_002754,CUST_000933,delivered,2024-03-04 05:33:00,2024-03-04 18:33:00,2024-03-05 05:33:00,2024-03-29 05:33:00,2024-03-19 05:33:00
ORD_002755,CUST_000250,delivered,2024-06-05 18:52:00,2024-06-06 01:52:00,2024-06-08 18:52:00,2024-06-16 18:52:00,2024-06-17 18:52:00
ORD_002756,CUST_000337,delivered,2024-09-07 03:33:00,2024-09-07 11:33:00,2024-09-08 03:33:00,2024-09-13 03:33:00,2024-09-19 03:33:00
ORD_002757,CUST_000249,cancelled,2024-06-27 22:36:00,2024-06-28 10:36:00,2024-06-28 22:36:00,2024-07-14 22:36:00,2024-07-16 22:36:00
ORD_002758,CUST_000819,delivered,2024-05-24 17:17:00,2024-05-25 14:17:00,2024-05-25 17:17:00,2024-06-17 17:17:00,2024-06-13 17:17:00
ORD_002759,CUST_000787,delivered,2024-11-07 03:57:00,2024-11-08 00:57:00,2024-11-09 03:57:00,2024-11-19 03:57:00,2024-11-21 03:57:00
ORD_002760,CUST_000371,delivered,2024-01-25 05:20:00,2024-01-25 08:20:00,2024-01-27 05:20:00,2024-02-09 05:20:00,2024-02-06 05:20:00
ORD_002761,CUST_000237,delivered,2024-07-18 05:22:00,2024-07-18 16:22:00,2024-07-21 05:22:00,2024-08-09 05:22:00,2024-08-07 05:22:00
ORD_002762,CUST_000467,delivered,2024-12-13 17:35:00,2024-12-14 08:35:00,2024-12-16 17:35:00,2025-01-03 17:35:00,2024-12-28 17:35:00
ORD_002763,CUST_000323,delivered,2024-10-31 12:30:00,2024-10-31 16:30:00,2024-11-01 12:30:00,2024-11-09 12:30:00,2024-11-12 12:30:00
ORD_002764,CUST_000767,delivered,2024-10-30 04:16:00,2024-10-30 21:16:00,2024-11-02 04:16:00,2024-11-12 04:16:00,2024-11-14 04:16:00
ORD_002765,CUST_000996,cancelled,2024-01-05 21:32:00,2024-01-06 06:32:00,2024-01-08 21:32:00,2024-01-29 21:32:00,2024-01-16 21:32:00
ORD_002766,CUST_000119,delivered,2024-03-20 21:08:00,2024-03-20 22:08:00,2024-03-23 21:08:00,2024-04-01 21:08:00,2024-04-05 21:08:00
ORD_002767,CUST_000710,shipped,2024-03-14 12:36:00,2024-03-15 08:36:00,2024-03-17 12:36:00,2024-03-29 12:36:00,2024-03-25 12:36:00
ORD_002768,CUST_000247,cancelled,2024-05-16 01:58:00,2024-05-16 03:58:00,2024-05-19 01:58:00,2024-05-28 01:58:00,2024-06-03 01:58:00
ORD_002769,CUST_000456,delivered,2024-11-23 11:45:00,2024-11-24 05:45:00,2024-11-25 11:45:00,2024-12-07 11:45:00,2024-12-08 11:45:00
ORD_002770,CUST_000751,delivered,2024-05-07 21:38:00,2024-05-07 23:38:00,2024-05-10 21:38:00,2024-05-12 21:38:00,2024-05-24 21:38:00
ORD_002771,CUST_000981,delivered,2024-08-02 22:29:00,2024-08-03 20:29:00,2024-08-05 22:29:00,2024-08-08 22:29:00,2024-08-17 22:29:00
ORD_002772,CUST_000902,delivered,2024-04-03 14:22:00,2024-04-04 02:22:00,2024-04-05 14:22:00,2024-04-28 14:22:00,2024-04-22 14:22:00
ORD_002773,CUST_000420,delivered,2024-08-27 16:18:00,2024-08-27 20:18:00,2024-08-28 16:18:00,2024-09-04 16:18:00,2024-09-07 16:18:00
ORD_002774,CUST_000371,cancelled,2024-05-21 13:33:00,2024-05-21 19:33:00,2024-05-23 13:33:00,2024-06-11 13:33:00,2024-06-07 13:33:00
ORD_002775,CUST_000082,shipped,2024-04-27 09:40:00,2024-04-27 10:40:00,2024-04-28 09:40:00,2024-05-04 09:40:00,2024-05-08 09:40:00
ORD_002776,CUST_000361,delivered,2024-02-14 09:26:00,2024-02-15 02:26:00,2024-02-16 09:26:00,2024-03-02 09:26:00,2024-02-24 09:26:00
ORD_002777,CUST_000574,processing,2024-06-09 02:40:00,2024-06-09 03:40:00,2024-06-11 02:40:00,2024-06-28 02:40:00,2024-06-24 02:40:00
ORD_002778,CUST_000518,shipped,2024-02-10 02:46:00,2024-02-10 03:46:00,2024-02-11 02:46:00,2024-03-01 02:46:00,2024-02-20 02:46:00
ORD_002779,CUST_000079,cancelled,2024-05-02 02:10:00,2024-05-02 13:10:00,2024-05-05 02:10:00,2024-05-23 02:10:00,2024-05-20 02:10:00
ORD_002780,CUST_000937,delivered,2024-10-21 01:05:00,2024-10-21 14:05:00,2024-10-23 01:05:00,2024-11-04 01:05:00,2024-11-10 01:05:00
ORD_002781,CUST_000371,delivered,2024-05-26 17:59:00,2024-05-27 03:59:00,2024-05-28 17:59:00,2024-06-16 17:59:00,2024-06-05 17:59:00
ORD_002782,CUST_000670,cancelled,2024-09-09 00:27:00,2024-09-09 01:27:00,2024-09-12 00:27:00,2024-09-16 00:27:00,2024-09-24 00:27:00
ORD_002783,CUST_000496,delivered,2024-12-12 16:59:00,2024-12-13 11:59:00,2024-12-13 16:59:00,2024-12-30 16:59:00,2024-12-26 16:59:00
ORD_002784,CUST_000620,delivered,2024-03-10 15:31:00,2024-03-11 10:31:00,2024-03-11 15:31:00,2024-03-26 15:31:00,2024-03-29 15:31:00
ORD_002785,CUST_000236,delivered,2024-09-20 21:43:00,2024-09-21 09:43:00,2024-09-21 21:43:00,2024-09-30 21:43:00,2024-10-01 21:43:00
ORD_002786,CUST_000460,processing,2024-09-29 22:07:00,2024-09-30 01:07:00,2024-09-30 22:07:00,2024-10-12 22:07:00,2024-10-13 22:07:00
ORD_002787,CUST_000806,shipped,2024-07-26 00:39:00,2024-07-26 06:39:00,2024-07-29 00:39:00,2024-08-08 00:39:00,2024-08-12 00:39:00
ORD_002788,CUST_000429,shipped,2024-04-07 23:00:00,2024-04-08 06:00:00,2024-04-08 23:00:00,2024-04-20 23:00:00,2024-04-24 23:00:00
ORD_002789,CUST_000236,delivered,2024-08-05 22:34:00,2024-08-06 19:34:00,2024-08-06 22:34:00,2024-08-21 22:34:00,2024-08-19 22:34:00
ORD_002790,CUST_000584,processing,2024-06-25 07:47:00,2024-06-26 03:47:00,2024-06-27 07:47:00,2024-07-08 07:47:00,2024-07-09 07:47:00
ORD_002791,CUST_000848,delivered,2024-12-04 16:43:00,2024-12-05 08:43:00,2024-12-05 16:43:00,2024-12-17 16:43:00,2024-12-21 16:43:00
ORD_002792,CUST_000847,delivered,2024-11-07 01:38:00,2024-11-07 07:38:00,2024-11-09 01:38:00,2024-11-25 01:38:00,2024-11-20 01:38:00
ORD_002793,CUST_000129,delivered,2024-08-17 05:43:00,2024-08-17 23:43:00,2024-08-19 05:43:00,2024-08-23 05:43:00,2024-09-01 05:43:00
ORD_002794,CUST_000948,cancelled,2024-09-25 07:11:00,2024-09-25 14:11:00,2024-09-27 07:11:00,2024-10-17 07:11:00,2024-10-15 07:11:00
ORD_002795,CUST_000551,shipped,2024-02-08 11:53:00,2024-02-08 23:53:00,2024-02-11 11:53:00,2024-02-19 11:53:00,2024-02-21 11:53:00
ORD_002796,CUST_000251,delivered,2024-03-09 16:22:00,2024-03-09 20:22:00,2024-03-10 16:22:00,2024-03-31 16:22:00,2024-03-24 16:22:00
ORD_002797,CUST_000796,delivered,2024-01-27 13:31:00,2024-01-28 11:31:00,2024-01-29 13:31:00,2024-02-12 13:31:00,2024-02-08 13:31:00
ORD_002798,CUST_000932,delivered,2024-07-13 05:23:00,2024-07-13 10:23:00,2024-07-14 05:23:00,2024-07-20 05:23:00,2024-07-27 05:23:00
ORD_002799,CUST_000418,processing,2024-02-27 10:58:00,2024-02-28 06:58:00,2024-03-01 10:58:00,2024-03-18 10:58:00,2024-03-15 10:58:00
ORD_002800,CUST_000691,shipped,2024-12-13 07:53:00,2024-12-13 19:53:00,2024-12-16 07:53:00,2025-01-06 07:53:00,2024-12-31 07:53:00
ORD_002801,CUST_000599,cancelled,2024-10-03 03:18:00,2024-10-03 22:18:00,2024-10-04 03:18:00,2024-10-27 03:18:00,2024-10-17 03:18:00
ORD_002802,CUST_000682,delivered,2024-06-02 15:18:00,2024-06-02 21:18:00,2024-06-03 15:18:00,2024-06-13 15:18:00,2024-06-13 15:18:00
ORD_002803,CUST_000142,delivered,2024-05-15 06:00:00,2024-05-15 21:00:00,2024-05-17 06:00:00,2024-06-03 06:00:00,2024-06-01 06:00:00
ORD_002804,CUST_000621,delivered,2024-11-19 18:25:00,2024-11-20 17:25:00,2024-11-20 18:25:00,2024-12-11 18:25:00,2024-11-30 18:25:00
ORD_002805,CUST_000267,cancelled,2024-04-21 09:59:00,2024-04-21 15:59:00,2024-04-22 09:59:00,2024-04-29 09:59:00,2024-05-06 09:59:00
ORD_002806,CUST_000815,delivered,2024-11-25 16:52:00,2024-11-26 09:52:00,2024-11-28 16:52:00,2024-11-30 16:52:00,2024-12-14 16:52:00
ORD_002807,CUST_000294,processing,2024-01-19 14:57:00,2024-01-19 19:57:00,2024-01-22 14:57:00,2024-02-13 14:57:00,2024-02-02 14:57:00
ORD_002808,CUST_000350,delivered,2024-11-12 15:03:00,2024-11-13 06:03:00,2024-11-15 15:03:00,2024-12-07 15:03:00,2024-12-01 15:03:00
ORD_002809,CUST_000322,delivered,2024-07-01 00:39:00,2024-07-01 01:39:00,2024-07-02 00:39:00,2024-07-16 00:39:00,2024-07-18 00:39:00
ORD_002810,CUST_000121,delivered,2024-08-23 10:19:00,2024-08-24 06:19:00,2024-08-26 10:19:00,2024-09-04 10:19:00,2024-09-05 10:19:00
ORD_002811,CUST_000084,processing,2024-06-30 03:00:00,2024-06-30 05:00:00,2024-07-01 03:00:00,2024-07-25 03:00:00,2024-07-14 03:00:00
ORD_002812,CUST_000419,delivered,2024-06-28 23:11:00,2024-06-29 17:11:00,2024-06-30 23:11:00,2024-07-22 23:11:00,2024-07-12 23:11:00
ORD_002813,CUST_000432,cancelled,2024-07-24 11:00:00,2024-07-24 15:00:00,2024-07-25 11:00:00,2024-08-01 11:00:00,2024-08-12 11:00:00
ORD_002814,CUST_000518,shipped,2024-02-21 13:31:00,2024-02-21 23:31:00,2024-02-24 13:31:00,2024-03-01 13:31:00,2024-03-05 13:31:00
ORD_002815,CUST_000152,processing,2024-04-11 02:33:00,2024-04-11 12:33:00,2024-04-14 02:33:00,2024-05-03 02:33:00,2024-04-21 02:33:00
ORD_002816,CUST_000590,delivered,2024-09-20 04:26:00,2024-09-20 08:26:00,2024-09-21 04:26:00,2024-10-09 04:26:00,2024-10-05 04:26:00
ORD_002817,CUST_000507,shipped,2024-03-04 15:00:00,2024-03-05 03:00:00,2024-03-05 15:00:00,2024-03-25 15:00:00,2024-03-17 15:00:00
ORD_002818,CUST_000648,delivered,2024-03-20 21:16:00,2024-03-21 19:16:00,2024-03-23 21:16:00,2024-04-10 21:16:00,2024-04-06 21:16:00
ORD_002819,CUST_000903,delivered,2024-04-25 15:25:00,2024-04-25 21:25:00,2024-04-28 15:25:00,2024-05-08 15:25:00,2024-05-13 15:25:00
ORD_002820,CUST_000792,delivered,2024-07-10 09:23:00,2024-07-11 04:23:00,2024-07-13 09:23:00,2024-08-01 09:23:00,2024-07-28 09:23:00
ORD_002821,CUST_000203,delivered,2024-08-07 05:34:00,2024-08-07 22:34:00,2024-08-08 05:34:00,2024-08-24 05:34:00,2024-08-17 05:34:00
ORD_002822,CUST_000922,delivered,2024-05-17 03:28:00,2024-05-17 09:28:00,2024-05-19 03:28:00,2024-06-10 03:28:00,2024-05-30 03:28:00
ORD_002823,CUST_000185,delivered,2024-12-02 14:10:00,2024-12-02 18:10:00,2024-12-03 14:10:00,2024-12-25 14:10:00,2024-12-15 14:10:00
ORD_002824,CUST_000898,processing,2024-03-12 11:47:00,2024-03-13 03:47:00,2024-03-15 11:47:00,2024-04-04 11:47:00,2024-03-23 11:47:00
ORD_002825,CUST_000465,delivered,2024-08-10 00:22:00,2024-08-10 07:22:00,2024-08-13 00:22:00,2024-08-28 00:22:00,2024-08-28 00:22:00
ORD_002826,CUST_000016,cancelled,2024-12-29 06:07:00,2024-12-30 02:07:00,2024-12-31 06:07:00,2025-01-21 06:07:00,2025-01-11 06:07:00
ORD_002827,CUST_000171,delivered,2024-04-07 09:02:00,2024-04-07 14:02:00,2024-04-10 09:02:00,2024-04-28 09:02:00,2024-04-23 09:02:00
ORD_002828,CUST_000124,shipped,2024-03-09 12:26:00,2024-03-10 08:26:00,2024-03-12 12:26:00,2024-03-30 12:26:00,2024-03-20 12:26:00
ORD_002829,CUST_000429,delivered,2024-06-18 01:10:00,2024-06-18 12:10:00,2024-06-19 01:10:00,2024-06-27 01:10:00,2024-06-29 01:10:00
ORD_002830,CUST_000270,delivered,2024-12-07 06:30:00,2024-12-07 21:30:00,2024-12-09 06:30:00,2024-12-31 06:30:00,2024-12-20 06:30:00
ORD_002831,CUST_000784,delivered,2024-12-06 08:07:00,2024-12-07 06:07:00,2024-12-09 08:07:00,2024-12-12 08:07:00,2024-12-19 08:07:00
ORD_002832,CUST_000568,delivered,2024-08-03 15:35:00,2024-08-04 09:35:00,2024-08-04 15:35:00,2024-08-17 15:35:00,2024-08-23 15:35:00
ORD_002833,CUST_000729,shipped,2024-09-10 21:45:00,2024-09-11 10:45:00,2024-09-11 21:45:00,2024-09-25 21:45:00,2024-09-28 21:45:00
ORD_002834,CUST_000953,delivered,2024-03-06 10:48:00,2024-03-07 01:48:00,2024-03-08 10:48:00,2024-03-26 10:48:00,2024-03-25 10:48:00
ORD_002835,CUST_000482,delivered,2024-07-23 16:46:00,2024-07-23 20:46:00,2024-07-24 16:46:00,2024-08-15 16:46:00,2024-08-04 16:46:00
ORD_002836,CUST_000761,shipped,2024-07-18 04:07:00,2024-07-19 02:07:00,2024-07-21 04:07:00,2024-07-27 04:07:00,2024-08-03 04:07:00
ORD_002837,CUST_000104,processing,2024-02-25 00:08:00,2024-02-25 18:08:00,2024-02-28 00:08:00,2024-03-16 00:08:00,2024-03-06 00:08:00
ORD_002838,CUST_000130,delivered,2024-03-20 11:32:00,2024-03-20 14:32:00,2024-03-22 11:32:00,2024-03-28 11:32:00,2024-04-07 11:32:00
ORD_002839,CUST_000891,delivered,2024-01-07 21:15:00,2024-01-08 08:15:00,2024-01-08 21:15:00,2024-01-20 21:15:00,2024-01-24 21:15:00
ORD_002840,CUST_000035,processing,2024-01-27 21:53:00,2024-01-28 05:53:00,2024-01-30 21:53:00,2024-02-15 21:53:00,2024-02-14 21:53:00
ORD_002841,CUST_000854,delivered,2024-06-24 13:38:00,2024-06-25 01:38:00,2024-06-26 13:38:00,2024-07-03 13:38:00,2024-07-12 13:38:00
ORD_002842,CUST_000442,shipped,2024-01-05 13:30:00,2024-01-05 18:30:00,2024-01-07 13:30:00,2024-01-18 13:30:00,2024-01-17 13:30:00
ORD_002843,CUST_000025,delivered,2024-05-28 09:31:00,2024-05-28 17:31:00,2024-05-29 09:31:00,2024-06-14 09:31:00,2024-06-15 09:31:00
ORD_002844,CUST_000707,delivered,2024-02-12 13:15:00,2024-02-13 05:15:00,2024-02-14 13:15:00,2024-02-24 13:15:00,2024-02-23 13:15:00
ORD_002845,CUST_000171,processing,2024-11-12 04:46:00,2024-11-12 11:46:00,2024-11-15 04:46:00,2024-11-18 04:46:00,2024-11-27 04:46:00
ORD_002846,CUST_000075,processing,2024-09-18 05:15:00,2024-09-18 18:15:00,2024-09-20 05:15:00,2024-09-25 05:15:00,2024-09-30 05:15:00
ORD_002847,CUST_000136,delivered,2024-05-23 03:55:00,2024-05-23 05:55:00,2024-05-26 03:55:00,2024-06-16 03:55:00,2024-06-09 03:55:00
ORD_002848,CUST_000528,cancelled,2024-05-14 22:15:00,2024-05-15 10:15:00,2024-05-16 22:15:00,2024-06-05 22:15:00,2024-06-01 22:15:00
ORD_002849,CUST_000888,delivered,2024-12-07 13:12:00,2024-12-07 15:12:00,2024-12-09 13:12:00,2024-12-24 13:12:00,2024-12-24 13:12:00
ORD_002850,CUST_000543,delivered,2024-08-30 22:50:00,2024-08-31 14:50:00,2024-08-31 22:50:00,2024-09-12 22:50:00,2024-09-12 22:50:00
ORD_002851,CUST_000941,processing,2024-02-22 22:46:00,2024-02-23 20:46:00,2024-02-25 22:46:00,2024-03-03 22:46:00,2024-03-03 22:46:00
ORD_002852,CUST_000398,delivered,2024-09-14 19:11:00,2024-09-15 18:11:00,2024-09-15 19:11:00,2024-09-27 19:11:00,2024-09-28 19:11:00
ORD_002853,CUST_000926,delivered,2024-04-06 18:40:00,2024-04-07 13:40:00,2024-04-09 18:40:00,2024-04-15 18:40:00,2024-04-24 18:40:00
ORD_002854,CUST_000433,delivered,2024-11-20 04:14:00,2024-11-20 08:14:00,2024-11-22 04:14:00,2024-12-01 04:14:00,2024-12-06 04:14:00
ORD_002855,CUST_000363,cancelled,2024-03-02 04:25:00,2024-03-02 21:25:00,2024-03-04 04:25:00,2024-03-24 04:25:00,2024-03-14 04:25:00
ORD_002856,CUST_000131,processing,2024-01-20 08:12:00,2024-01-20 11:12:00,2024-01-23 08:12:00,2024-02-14 08:12:00,2024-02-04 08:12:00
ORD_002857,CUST_000412,delivered,2024-03-15 13:01:00,2024-03-16 11:01:00,2024-03-18 13:01:00,2024-03-27 13:01:00,2024-04-04 13:01:00
ORD_002858,CUST_000714,processing,2024-11-11 06:05:00,2024-11-12 03:05:00,2024-11-13 06:05:00,2024-12-04 06:05:00,2024-11-22 06:05:00
ORD_002859,CUST_000571,delivered,2024-01-27 12:26:00,2024-01-27 23:26:00,2024-01-28 12:26:00,2024-02-15 12:26:00,2024-02-11 12:26:00
ORD_002860,CUST_000248,delivered,2024-09-25 09:44:00,2024-09-26 02:44:00,2024-09-26 09:44:00,2024-10-05 09:44:00,2024-10-07 09:44:00
ORD_002861,CUST_000730,delivered,2024-11-20 07:14:00,2024-11-21 02:14:00,2024-11-22 07:14:00,2024-12-11 07:14:00,2024-12-01 07:14:00
ORD_002862,CUST_000301,shipped,2024-06-21 13:30:00,2024-06-22 08:30:00,2024-06-24 13:30:00,2024-07-03 13:30:00,2024-07-08 13:30:00
ORD_002863,CUST_000122,shipped,2024-02-01 16:27:00,2024-02-02 15:27:00,2024-02-02 16:27:00,2024-02-13 16:27:00,2024-02-15 16:27:00
ORD_002864,CUST_000345,shipped,2024-11-25 01:19:00,2024-11-25 19:19:00,2024-11-28 01:19:00,2024-12-18 01:19:00,2024-12-11 01:19:00
ORD_002865,CUST_000919,cancelled,2024-02-26 08:23:00,2024-02-27 01:23:00,2024-02-28 08:23:00,2024-03-05 08:23:00,2024-03-12 08:23:00
ORD_002866,CUST_000845,cancelled,2024-05-23 11:45:00,2024-05-24 00:45:00,2024-05-26 11:45:00,2024-06-01 11:45:00,2024-06-12 11:45:00
ORD_002867,CUST_000920,delivered,2024-08-02 07:20:00,2024-08-03 01:20:00,2024-08-03 07:20:00,2024-08-10 07:20:00,2024-08-15 07:20:00
ORD_002868,CUST_000345,cancelled,2024-01-25 05:02:00,2024-01-26 02:02:00,2024-01-28 05:02:00,2024-02-19 05:02:00,2024-02-09 05:02:00
ORD_002869,CUST_000606,delivered,2024-01-01 01:42:00,2024-01-01 08:42:00,2024-01-02 01:42:00,2024-01-23 01:42:00,2024-01-14 01:42:00
ORD_002870,CUST_000624,processing,2024-06-13 06:18:00,2024-06-13 16:18:00,2024-06-16 06:18:00,2024-07-03 06:18:00,2024-06-30 06:18:00
ORD_002871,CUST_000632,processing,2024-08-29 08:58:00,2024-08-29 19:58:00,2024-09-01 08:58:00,2024-09-03 08:58:00,2024-09-16 08:58:00
ORD_002872,CUST_000111,delivered,2024-11-06 03:27:00,2024-11-06 08:27:00,2024-11-07 03:27:00,2024-11-23 03:27:00,2024-11-16 03:27:00
ORD_002873,CUST_000740,cancelled,2024-04-04 08:31:00,2024-04-04 23:31:00,2024-04-07 08:31:00,2024-04-14 08:31:00,2024-04-15 08:31:00
ORD_002874,CUST_000047,delivered,2024-07-05 10:19:00,2024-07-05 17:19:00,2024-07-06 10:19:00,2024-07-28 10:19:00,2024-07-23 10:19:00
ORD_002875,CUST_000076,delivered,2024-02-27 03:42:00,2024-02-27 13:42:00,2024-02-28 03:42:00,2024-03-09 03:42:00,2024-03-17 03:42:00
ORD_002876,CUST_000757,delivered,2024-01-07 21:35:00,2024-01-08 18:35:00,2024-01-10 21:35:00,2024-01-17 21:35:00,2024-01-18 21:35:00
ORD_002877,CUST_000943,delivered,2024-03-07 10:23:00,2024-03-08 00:23:00,2024-03-08 10:23:00,2024-03-28 10:23:00,2024-03-22 10:23:00
ORD_002878,CUST_000364,delivered,2024-07-04 23:49:00,2024-07-05 12:49:00,2024-07-05 23:49:00,2024-07-25 23:49:00,2024-07-20 23:49:00
ORD_002879,CUST_000973,processing,2024-10-28 16:38:00,2024-10-29 06:38:00,2024-10-29 16:38:00,2024-11-03 16:38:00,2024-11-17 16:38:00
ORD_002880,CUST_000460,shipped,2024-07-09 07:41:00,2024-07-09 20:41:00,2024-07-12 07:41:00,2024-08-01 07:41:00,2024-07-26 07:41:00
ORD_002881,CUST_000933,cancelled,2024-05-21 06:37:00,2024-05-21 09:37:00,2024-05-22 06:37:00,2024-06-12 06:37:00,2024-06-03 06:37:00
ORD_002882,CUST_000419,delivered,2024-07-15 02:56:00,2024-07-15 18:56:00,2024-07-18 02:56:00,2024-07-26 02:56:00,2024-07-29 02:56:00
ORD_002883,CUST_000646,delivered,2024-02-24 04:40:00,2024-02-24 05:40:00,2024-02-25 04:40:00,2024-03-05 04:40:00,2024-03-09 04:40:00
ORD_002884,CUST_000461,processing,2024-11-04 03:02:00,2024-11-04 19:02:00,2024-11-07 03:02:00,2024-11-13 03:02:00,2024-11-20 03:02:00
ORD_002885,CUST_000759,shipped,2024-10-27 20:52:00,2024-10-28 00:52:00,2024-10-29 20:52:00,2024-11-04 20:52:00,2024-11-13 20:52:00
ORD_002886,CUST_000855,delivered,2024-04-07 06:45:00,2024-04-07 17:45:00,2024-04-08 06:45:00,2024-04-13 06:45:00,2024-04-18 06:45:00
ORD_002887,CUST_000447,delivered,2024-08-16 03:04:00,2024-08-16 21:04:00,2024-08-17 03:04:00,2024-08-24 03:04:00,2024-09-02 03:04:00
ORD_002888,CUST_000297,delivered,2024-10-06 19:21:00,2024-10-07 11:21:00,2024-10-08 19:21:00,2024-10-11 19:21:00,2024-10-23 19:21:00
ORD_002889,CUST_000776,delivered,2024-06-03 23:30:00,2024-06-04 19:30:00,2024-06-04 23:30:00,2024-06-13 23:30:00,2024-06-19 23:30:00
ORD_002890,CUST_000489,processing,2024-04-13 17:46:00,2024-04-14 06:46:00,2024-04-16 17:46:00,2024-04-25 17:46:00,2024-04-25 17:46:00
ORD_002891,CUST_000717,shipped,2024-03-19 01:08:00,2024-03-19 11:08:00,2024-03-20 01:08:00,2024-03-29 01:08:00,2024-04-07 01:08:00
ORD_002892,CUST_000138,delivered,2024-04-08 13:35:00,2024-04-09 05:35:00,2024-04-11 13:35:00,2024-04-13 13:35:00,2024-04-24 13:35:00
ORD_002893,CUST_000752,processing,2024-12-30 08:57:00,2024-12-30 18:57:00,2024-12-31 08:57:00,2025-01-04 08:57:00,2025-01-18 08:57:00
ORD_002894,CUST_000188,processing,2024-10-13 11:57:00,2024-10-14 09:57:00,2024-10-16 11:57:00,2024-10-20 11:57:00,2024-10-24 11:57:00
ORD_002895,CUST_000742,delivered,2024-07-06 14:40:00,2024-07-07 13:40:00,2024-07-07 14:40:00,2024-07-27 14:40:00,2024-07-20 14:40:00
ORD_002896,CUST_000785,cancelled,2024-03-01 13:04:00,2024-03-01 15:04:00,2024-03-04 13:04:00,2024-03-18 13:04:00,2024-03-14 13:04:00
ORD_002897,CUST_000604,delivered,2024-09-04 13:33:00,2024-09-05 06:33:00,2024-09-05 13:33:00,2024-09-23 13:33:00,2024-09-17 13:33:00
ORD_002898,CUST_000939,shipped,2024-09-14 00:10:00,2024-09-14 02:10:00,2024-09-16 00:10:00,2024-10-02 00:10:00,2024-09-30 00:10:00
ORD_002899,CUST_000840,delivered,2024-11-02 08:44:00,2024-11-02 15:44:00,2024-11-03 08:44:00,2024-11-19 08:44:00,2024-11-14 08:44:00
ORD_002900,CUST_000960,processing,2024-03-07 09:02:00,2024-03-07 12:02:00,2024-03-09 09:02:00,2024-03-15 09:02:00,2024-03-26 09:02:00
ORD_002901,CUST_000522,delivered,2024-10-16 01:50:00,2024-10-16 11:50:00,2024-10-17 01:50:00,2024-10-22 01:50:00,2024-11-04 01:50:00
ORD_002902,CUST_000086,delivered,2024-12-21 06:47:00,2024-12-22 01:47:00,2024-12-23 06:47:00,2024-12-26 06:47:00,2025-01-09 06:47:00
ORD_002903,CUST_000156,shipped,2024-07-22 15:43:00,2024-07-23 15:43:00,2024-07-23 15:43:00,2024-08-12 15:43:00,2024-08-05 15:43:00
ORD_002904,CUST_000918,processing,2024-09-29 16:04:00,2024-09-30 11:04:00,2024-09-30 16:04:00,2024-10-24 16:04:00,2024-10-15 16:04:00
ORD_002905,CUST_000008,delivered,2024-03-25 14:48:00,2024-03-26 08:48:00,2024-03-28 14:48:00,2024-04-18 14:48:00,2024-04-14 14:48:00
ORD_002906,CUST_000608,delivered,2024-09-17 12:35:00,2024-09-17 18:35:00,2024-09-20 12:35:00,2024-10-09 12:35:00,2024-10-03 12:35:00
ORD_002907,CUST_000608,cancelled,2024-07-18 12:38:00,2024-07-19 09:38:00,2024-07-19 12:38:00,2024-08-07 12:38:00,2024-08-01 12:38:00
ORD_002908,CUST_000379,delivered,2024-05-19 06:11:00,2024-05-19 17:11:00,2024-05-21 06:11:00,2024-06-05 06:11:00,2024-06-03 06:11:00
ORD_002909,CUST_000691,shipped,2024-01-02 05:36:00,2024-01-03 05:36:00,2024-01-04 05:36:00,2024-01-10 05:36:00,2024-01-12 05:36:00
ORD_002910,CUST_000665,delivered,2024-04-21 18:44:00,2024-04-21 20:44:00,2024-04-23 18:44:00,2024-04-26 18:44:00,2024-05-10 18:44:00
ORD_002911,CUST_000465,delivered,2024-01-05 16:29:00,2024-01-06 10:29:00,2024-01-07 16:29:00,2024-01-27 16:29:00,2024-01-24 16:29:00
ORD_002912,CUST_000389,shipped,2024-09-14 22:46:00,2024-09-14 23:46:00,2024-09-17 22:46:00,2024-09-21 22:46:00,2024-10-03 22:46:00
ORD_002913,CUST_000329,delivered,2024-09-25 08:19:00,2024-09-25 10:19:00,2024-09-28 08:19:00,2024-10-09 08:19:00,2024-10-14 08:19:00
ORD_002914,CUST_000450,delivered,2024-04-22 09:45:00,2024-04-22 19:45:00,2024-04-25 09:45:00,2024-05-03 09:45:00,2024-05-02 09:45:00
ORD_002915,CUST_000181,delivered,2024-05-17 17:07:00,2024-05-18 06:07:00,2024-05-19 17:07:00,2024-06-02 17:07:00,2024-05-27 17:07:00
ORD_002916,CUST_000521,delivered,2024-03-28 07:02:00,2024-03-28 14:02:00,2024-03-30 07:02:00,2024-04-14 07:02:00,2024-04-08 07:02:00
ORD_002917,CUST_000740,delivered,2024-09-30 07:18:00,2024-09-30 19:18:00,2024-10-03 07:18:00,2024-10-07 07:18:00,2024-10-10 07:18:00
ORD_002918,CUST_000603,delivered,2024-01-21 20:09:00,2024-01-22 14:09:00,2024-01-22 20:09:00,2024-02-04 20:09:00,2024-02-08 20:09:00
ORD_002919,CUST_000287,delivered,2024-05-22 04:17:00,2024-05-22 06:17:00,2024-05-25 04:17:00,2024-05-28 04:17:00,2024-06-10 04:17:00
ORD_002920,CUST_000968,delivered,2024-01-27 20:15:00,2024-01-28 18:15:00,2024-01-28 20:15:00,2024-02-08 20:15:00,2024-02-14 20:15:00
ORD_002921,CUST_000792,processing,2024-04-17 17:07:00,2024-04-18 07:07:00,2024-04-18 17:07:00,2024-05-09 17:07:00,2024-05-02 17:07:00
ORD_002922,CUST_000100,cancelled,2024-01-01 20:22:00,2024-01-02 20:22:00,2024-01-03 20:22:00,2024-01-15 20:22:00,2024-01-18 20:22:00
ORD_002923,CUST_000238,delivered,2024-11-19 19:23:00,2024-11-20 12:23:00,2024-11-21 19:23:00,2024-12-04 19:23:00,2024-12-02 19:23:00
ORD_002924,CUST_000305,delivered,2024-06-15 02:45:00,2024-06-15 19:45:00,2024-06-16 02:45:00,2024-07-10 02:45:00,2024-07-04 02:45:00
ORD_002925,CUST_000506,delivered,2024-10-08 08:46:00,2024-10-08 14:46:00,2024-10-11 08:46:00,2024-10-20 08:46:00,2024-10-18 08:46:00
ORD_002926,CUST_000350,cancelled,2024-03-09 13:57:00,2024-03-10 06:57:00,2024-03-12 13:57:00,2024-04-03 13:57:00,2024-03-27 13:57:00
ORD_002927,CUST_000050,processing,2024-11-09 09:20:00,2024-11-09 21:20:00,2024-11-10 09:20:00,2024-11-16 09:20:00,2024-11-22 09:20:00
ORD_002928,CUST_000578,delivered,2024-01-30 20:52:00,2024-01-31 18:52:00,2024-02-01 20:52:00,2024-02-22 20:52:00,2024-02-19 20:52:00
ORD_002929,CUST_000531,processing,2024-01-06 11:14:00,2024-01-07 10:14:00,2024-01-08 11:14:00,2024-01-27 11:14:00,2024-01-21 11:14:00
ORD_002930,CUST_000919,delivered,2024-05-23 05:16:00,2024-05-23 07:16:00,2024-05-25 05:16:00,2024-05-29 05:16:00,2024-06-04 05:16:00
ORD_002931,CUST_000538,cancelled,2024-01-09 17:42:00,2024-01-10 00:42:00,2024-01-11 17:42:00,2024-01-29 17:42:00,2024-01-20 17:42:00
ORD_002932,CUST_000594,processing,2024-10-25 03:46:00,2024-10-25 07:46:00,2024-10-26 03:46:00,2024-11-07 03:46:00,2024-11-05 03:46:00
ORD_002933,CUST_000521,delivered,2024-12-18 12:41:00,2024-12-19 03:41:00,2024-12-20 12:41:00,2025-01-05 12:41:00,2025-01-05 12:41:00
ORD_002934,CUST_000865,shipped,2024-05-11 20:40:00,2024-05-12 02:40:00,2024-05-12 20:40:00,2024-06-02 20:40:00,2024-05-30 20:40:00
ORD_002935,CUST_000951,delivered,2024-11-05 17:13:00,2024-11-06 01:13:00,2024-11-07 17:13:00,2024-11-30 17:13:00,2024-11-21 17:13:00
ORD_002936,CUST_000437,delivered,2024-08-14 07:20:00,2024-08-15 06:20:00,2024-08-16 07:20:00,2024-08-23 07:20:00,2024-09-03 07:20:00
ORD_002937,CUST_000293,delivered,2024-05-17 06:37:00,2024-05-17 17:37:00,2024-05-18 06:37:00,2024-05-28 06:37:00,2024-06-04 06:37:00
ORD_002938,CUST_000331,cancelled,2024-11-18 12:09:00,2024-11-18 15:09:00,2024-11-19 12:09:00,2024-12-03 12:09:00,2024-12-02 12:09:00
ORD_002939,CUST_000394,delivered,2024-08-16 07:46:00,2024-08-17 06:46:00,2024-08-17 07:46:00,2024-08-30 07:46:00,2024-08-30 07:46:00
ORD_002940,CUST_000327,delivered,2024-08-10 11:09:00,2024-08-10 18:09:00,2024-08-13 11:09:00,2024-08-28 11:09:00,2024-08-22 11:09:00
ORD_002941,CUST_000776,processing,2024-09-02 02:31:00,2024-09-02 18:31:00,2024-09-04 02:31:00,2024-09-25 02:31:00,2024-09-22 02:31:00
ORD_002942,CUST_000183,delivered,2024-04-02 14:11:00,2024-04-02 21:11:00,2024-04-05 14:11:00,2024-04-17 14:11:00,2024-04-16 14:11:00
ORD_002943,CUST_000977,shipped,2024-03-31 06:36:00,2024-04-01 01:36:00,2024-04-02 06:36:00,2024-04-08 06:36:00,2024-04-16 06:36:00
ORD_002944,CUST_000147,delivered,2024-09-08 23:11:00,2024-09-09 20:11:00,2024-09-09 23:11:00,2024-09-14 23:11:00,2024-09-22 23:11:00
ORD_002945,CUST_000043,processing,2024-11-27 09:01:00,2024-11-28 05:01:00,2024-11-29 09:01:00,2024-12-02 09:01:00,2024-12-15 09:01:00
ORD_002946,CUST_000834,delivered,2024-06-07 05:56:00,2024-06-07 06:56:00,2024-06-08 05:56:00,2024-06-18 05:56:00,2024-06-25 05:56:00
ORD_002947,CUST_000968,processing,2024-03-31 12:43:00,2024-03-31 14:43:00,2024-04-02 12:43:00,2024-04-05 12:43:00,2024-04-14 12:43:00
ORD_002948,CUST_000753,processing,2024-11-07 06:04:00,2024-11-07 19:04:00,2024-11-08 06:04:00,2024-11-26 06:04:00,2024-11-26 06:04:00
ORD_002949,CUST_000904,processing,2024-03-14 02:27:00,2024-03-14 09:27:00,2024-03-16 02:27:00,2024-03-31 02:27:00,2024-04-03 02:27:00
ORD_002950,CUST_000749,delivered,2024-05-05 14:58:00,2024-05-06 13:58:00,2024-05-07 14:58:00,2024-05-15 14:58:00,2024-05-24 14:58:00
ORD_002951,CUST_000216,cancelled,2024-11-26 12:06:00,2024-11-26 16:06:00,2024-11-27 12:06:00,2024-12-01 12:06:00,2024-12-13 12:06:00
ORD_002952,CUST_000441,delivered,2024-09-26 04:46:00,2024-09-26 14:46:00,2024-09-28 04:46:00,2024-10-12 04:46:00,2024-10-15 04:46:00
ORD_002953,CUST_000532,processing,2024-01-07 19:06:00,2024-01-07 20:06:00,2024-01-08 19:06:00,2024-01-20 19:06:00,2024-01-22 19:06:00
ORD_002954,CUST_000285,delivered,2024-07-12 12:01:00,2024-07-12 20:01:00,2024-07-14 12:01:00,2024-07-27 12:01:00,2024-07-29 12:01:00
ORD_002955,CUST_000589,cancelled,2024-02-26 00:48:00,2024-02-26 22:48:00,2024-02-29 00:48:00,2024-03-20 00:48:00,2024-03-09 00:48:00
ORD_002956,CUST_000901,shipped,2024-11-25 01:08:00,2024-11-25 12:08:00,2024-11-26 01:08:00,2024-12-12 01:08:00,2024-12-13 01:08:00
ORD_002957,CUST_000631,delivered,2024-05-07 02:17:00,2024-05-07 08:17:00,2024-05-10 02:17:00,2024-05-26 02:17:00,2024-05-22 02:17:00
ORD_002958,CUST_000322,delivered,2024-03-14 20:38:00,2024-03-15 09:38:00,2024-03-16 20:38:00,2024-03-21 20:38:00,2024-03-31 20:38:00
ORD_002959,CUST_000102,delivered,2024-01-07 00:50:00,2024-01-07 08:50:00,2024-01-09 00:50:00,2024-01-22 00:50:00,2024-01-22 00:50:00
ORD_002960,CUST_000356,delivered,2024-02-24 17:47:00,2024-02-25 05:47:00,2024-02-26 17:47:00,2024-02-29 17:47:00,2024-03-15 17:47:00
ORD_002961,CUST_000292,delivered,2024-06-22 22:05:00,2024-06-23 11:05:00,2024-06-25 22:05:00,2024-06-28 22:05:00,2024-07-11 22:05:00
ORD_002962,CUST_000170,delivered,2024-04-13 04:30:00,2024-04-13 06:30:00,2024-04-14 04:30:00,2024-05-01 04:30:00,2024-04-28 04:30:00
ORD_002963,CUST_000122,processing,2024-10-15 14:52:00,2024-10-15 19:52:00,2024-10-17 14:52:00,2024-11-02 14:52:00,2024-11-02 14:52:00
ORD_002964,CUST_000295,delivered,2024-03-24 09:21:00,2024-03-24 14:21:00,2024-03-25 09:21:00,2024-04-10 09:21:00,2024-04-05 09:21:00
ORD_002965,CUST_000281,delivered,2024-09-02 04:15:00,2024-09-03 00:15:00,2024-09-05 04:15:00,2024-09-20 04:15:00,2024-09-20 04:15:00
ORD_002966,CUST_000499,delivered,2024-01-29 17:44:00,2024-01-30 01:44:00,2024-01-31 17:44:00,2024-02-11 17:44:00,2024-02-09 17:44:00
ORD_002967,CUST_000450,delivered,2024-05-16 20:34:00,2024-05-17 16:34:00,2024-05-18 20:34:00,2024-05-23 20:34:00,2024-06-04 20:34:00
ORD_002968,CUST_000230,delivered,2024-03-04 00:52:00,2024-03-04 22:52:00,2024-03-06 00:52:00,2024-03-11 00:52:00,2024-03-14 00:52:00
ORD_002969,CUST_000907,delivered,2024-01-23 03:34:00,2024-01-23 12:34:00,2024-01-25 03:34:00,2024-01-28 03:34:00,2024-02-04 03:34:00
ORD_002970,CUST_000174,shipped,2024-05-31 03:32:00,2024-05-31 17:32:00,2024-06-01 03:32:00,2024-06-25 03:32:00,2024-06-12 03:32:00
ORD_002971,CUST_000296,processing,2024-07-31 04:00:00,2024-08-01 02:00:00,2024-08-02 04:00:00,2024-08-17 04:00:00,2024-08-11 04:00:00
ORD_002972,CUST_000962,delivered,2024-04-24 00:14:00,2024-04-24 19:14:00,2024-04-25 00:14:00,2024-05-10 00:14:00,2024-05-11 00:14:00
ORD_002973,CUST_000940,delivered,2024-08-06 12:09:00,2024-08-07 11:09:00,2024-08-08 12:09:00,2024-08-20 12:09:00,2024-08-25 12:09:00
ORD_002974,CUST_000266,cancelled,2024-06-29 20:18:00,2024-06-30 17:18:00,2024-06-30 20:18:00,2024-07-06 20:18:00,2024-07-16 20:18:00
ORD_002975,CUST_000621,processing,2024-04-25 21:24:00,2024-04-26 07:24:00,2024-04-26 21:24:00,2024-05-02 21:24:00,2024-05-13 21:24:00
ORD_002976,CUST_000772,delivered,2024-12-17 22:52:00,2024-12-18 05:52:00,2024-12-18 22:52:00,2024-12-29 22:52:00,2025-01-05 22:52:00
ORD_002977,CUST_000109,processing,2024-02-27 15:10:00,2024-02-28 12:10:00,2024-03-01 15:10:00,2024-03-12 15:10:00,2024-03-18 15:10:00
ORD_002978,CUST_000947,processing,2024-02-26 07:06:00,2024-02-27 07:06:00,2024-02-28 07:06:00,2024-03-02 07:06:00,2024-03-17 07:06:00
ORD_002979,CUST_000238,processing,2024-05-24 11:04:00,2024-05-24 20:04:00,2024-05-26 11:04:00,2024-06-12 11:04:00,2024-06-13 11:04:00
ORD_002980,CUST_000683,shipped,2024-11-11 10:07:00,2024-11-12 00:07:00,2024-11-12 10:07:00,2024-12-03 10:07:00,2024-11-22 10:07:00
ORD_002981,CUST_000286,delivered,2024-07-03 02:57:00,2024-07-04 01:57:00,2024-07-06 02:57:00,2024-07-18 02:57:00,2024-07-15 02:57:00
ORD_002982,CUST_000145,delivered,2024-01-23 19:09:00,2024-01-23 20:09:00,2024-01-26 19:09:00,2024-01-31 19:09:00,2024-02-06 19:09:00
ORD_002983,CUST_000099,delivered,2024-04-01 13:33:00,2024-04-02 03:33:00,2024-04-04 13:33:00,2024-04-18 13:33:00,2024-04-19 13:33:00
ORD_002984,CUST_000212,delivered,2024-06-20 19:11:00,2024-06-21 09:11:00,2024-06-21 19:11:00,2024-07-14 19:11:00,2024-07-08 19:11:00
ORD_002985,CUST_000566,processing,2024-12-13 13:09:00,2024-12-14 02:09:00,2024-12-14 13:09:00,2025-01-05 13:09:00,2024-12-26 13:09:00
ORD_002986,CUST_000859,delivered,2024-12-07 21:19:00,2024-12-08 06:19:00,2024-12-09 21:19:00,2024-12-20 21:19:00,2024-12-27 21:19:00
ORD_002987,CUST_000521,shipped,2024-11-15 09:22:00,2024-11-15 16:22:00,2024-11-18 09:22:00,2024-12-09 09:22:00,2024-12-04 09:22:00
ORD_002988,CUST_000773,shipped,2024-02-23 08:58:00,2024-02-24 00:58:00,2024-02-25 08:58:00,2024-03-14 08:58:00,2024-03-11 08:58:00
ORD_002989,CUST_000173,delivered,2024-09-12 21:23:00,2024-09-13 06:23:00,2024-09-15 21:23:00,2024-09-18 21:23:00,2024-09-23 21:23:00
ORD_002990,CUST_000029,shipped,2024-05-15 22:51:00,2024-05-16 18:51:00,2024-05-17 22:51:00,2024-06-05 22:51:00,2024-06-01 22:51:00
ORD_002991,CUST_000613,delivered,2024-02-09 00:55:00,2024-02-09 01:55:00,2024-02-12 00:55:00,2024-03-04 00:55:00,2024-02-19 00:55:00
ORD_002992,CUST_000925,delivered,2024-03-17 20:09:00,2024-03-18 17:09:00,2024-03-18 20:09:00,2024-03-22 20:09:00,2024-04-01 20:09:00
ORD_002993,CUST_000041,delivered,2024-06-12 04:24:00,2024-06-13 03:24:00,2024-06-14 04:24:00,2024-06-28 04:24:00,2024-07-01 04:24:00
ORD_002994,CUST_000983,cancelled,2024-08-16 23:50:00,2024-08-17 12:50:00,2024-08-19 23:50:00,2024-09-07 23:50:00,2024-09-03 23:50:00
ORD_002995,CUST_000913,delivered,2024-09-01 02:07:00,2024-09-01 04:07:00,2024-09-04 02:07:00,2024-09-12 02:07:00,2024-09-15 02:07:00
ORD_002996,CUST_000553,shipped,2024-10-22 13:46:00,2024-10-23 12:46:00,2024-10-24 13:46:00,2024-11-09 13:46:00,2024-11-05 13:46:00
ORD_002997,CUST_000551,delivered,2024-05-22 04:05:00,2024-05-22 19:05:00,2024-05-25 04:05:00,2024-06-09 04:05:00,2024-06-06 04:05:00
ORD_002998,CUST_000819,delivered,2024-06-14 04:11:00,2024-06-14 09:11:00,2024-06-16 04:11:00,2024-07-06 04:11:00,2024-06-25 04:11:00
ORD_002999,CUST_000200,delivered,2024-07-16 11:20:00,2024-07-17 09:20:00,2024-07-17 11:20:00,2024-07-27 11:20:00,2024-07-30 11:20:00
ORD_003000,CUST_000007,shipped,2024-09-10 13:30:00,2024-09-11 12:30:00,2024-09-11 13:30:00,2024-09-24 13:30:00,2024-09-23 13:30:00
