order_id,order_item_id,product_id,seller_id,shipping_limit_date,price,freight_value
ORD_000001,1,PROD_000387,SELL_000006,2024-03-14,477.63,46.12
ORD_000001,2,PROD_000341,SELL_000047,2024-01-10,295.84,18.73
ORD_000001,3,PROD_000422,SELL_000029,2024-08-31,442.82,21.91
ORD_000002,1,PROD_000107,SELL_000044,2024-04-04,216.13,33.15
ORD_000003,1,PROD_000049,SELL_000015,2024-03-08,240.46,8.55
ORD_000003,2,PROD_000239,SELL_000039,2024-06-03,362.9,6.08
ORD_000003,3,PROD_000497,SELL_000044,2024-03-10,142.47,20.52
ORD_000004,1,PROD_000300,SELL_000035,2024-06-29,64.85,6.67
ORD_000004,2,PROD_000055,SELL_000007,2024-10-22,337.03,19.39
ORD_000004,3,PROD_000477,SELL_000035,2024-10-25,461.87,9.09
ORD_000005,1,PROD_000277,SELL_000026,2024-12-26,149.91,32.3
ORD_000005,2,PROD_000275,SELL_000027,2024-05-11,244.7,24.26
ORD_000005,3,PROD_000450,SELL_000033,2024-12-12,216.44,14.63
ORD_000005,4,PROD_000195,SELL_000004,2024-01-06,255.1,17.12
ORD_000006,1,PROD_000133,SELL_000002,2024-09-19,377.11,24.72
ORD_000006,2,PROD_000337,SELL_000036,2024-02-16,488.59,9.93
ORD_000006,3,PROD_000017,SELL_000032,2024-05-30,313.66,30.53
ORD_000006,4,PROD_000044,SELL_000028,2024-06-03,31.37,23.16
ORD_000007,1,PROD_000478,SELL_000050,2024-04-14,202.59,48.29
ORD_000007,2,PROD_000321,SELL_000009,2024-04-12,394.86,49.08
ORD_000007,3,PROD_000143,SELL_000035,2024-05-18,259.83,17.17
ORD_000007,4,PROD_000484,SELL_000003,2024-09-16,87.28,15.08
ORD_000007,5,PROD_000495,SELL_000034,2024-07-30,166.09,24.43
ORD_000008,1,PROD_000366,SELL_000001,2024-03-28,42.3,12.49
ORD_000008,2,PROD_000381,SELL_000047,2024-09-09,346.3,38.41
ORD_000009,1,PROD_000184,SELL_000022,2024-01-02,440.54,39.26
ORD_000010,1,PROD_000032,SELL_000002,2024-01-11,278.79,21.96
ORD_000011,1,PROD_000381,SELL_000046,2024-07-26,232.18,31.72
ORD_000011,2,PROD_000314,SELL_000001,2024-01-03,262.92,30.73
ORD_000011,3,PROD_000399,SELL_000037,2024-02-17,69.45,10.36
ORD_000012,1,PROD_000012,SELL_000038,2024-02-18,198.4,38.88
ORD_000013,1,PROD_000421,SELL_000016,2024-03-13,345.9,14.07
ORD_000013,2,PROD_000234,SELL_000048,2024-10-25,339.89,47.53
ORD_000014,1,PROD_000373,SELL_000030,2024-11-13,31.92,5.4
ORD_000014,2,PROD_000408,SELL_000047,2024-06-22,157.1,49.5
ORD_000014,3,PROD_000487,SELL_000006,2024-10-08,218.38,50.0
ORD_000014,4,PROD_000199,SELL_000016,2024-01-22,34.82,46.46
ORD_000014,5,PROD_000418,SELL_000038,2024-09-21,145.89,14.86
ORD_000015,1,PROD_000061,SELL_000007,2024-05-06,477.02,8.71
ORD_000015,2,PROD_000050,SELL_000034,2024-02-14,165.99,34.8
ORD_000015,3,PROD_000285,SELL_000042,2024-07-09,350.21,19.84
ORD_000015,4,PROD_000073,SELL_000049,2024-10-21,481.8,18.91
ORD_000016,1,PROD_000097,SELL_000041,2024-05-14,404.41,34.91
ORD_000017,1,PROD_000186,SELL_000014,2024-06-15,383.69,17.5
ORD_000018,1,PROD_000016,SELL_000029,2024-06-14,193.78,30.86
ORD_000018,2,PROD_000306,SELL_000017,2024-05-26,295.18,36.68
ORD_000018,3,PROD_000442,SELL_000026,2024-08-10,226.39,37.23
ORD_000018,4,PROD_000049,SELL_000004,2024-10-09,77.59,44.66
ORD_000019,1,PROD_000415,SELL_000009,2024-12-28,387.3,45.96
ORD_000020,1,PROD_000078,SELL_000009,2024-12-01,119.02,25.1
ORD_000020,2,PROD_000473,SELL_000050,2024-05-28,484.39,11.72
ORD_000020,3,PROD_000457,SELL_000026,2024-03-14,26.5,20.6
ORD_000020,4,PROD_000455,SELL_000005,2024-09-12,138.42,19.61
ORD_000020,5,PROD_000070,SELL_000030,2024-04-27,396.94,21.13
ORD_000021,1,PROD_000211,SELL_000020,2024-03-23,476.01,15.0
ORD_000021,2,PROD_000233,SELL_000002,2024-01-06,154.38,12.18
ORD_000022,1,PROD_000396,SELL_000036,2024-03-13,280.31,19.94
ORD_000023,1,PROD_000060,SELL_000044,2024-08-03,469.75,33.28
ORD_000023,2,PROD_000403,SELL_000041,2024-06-17,179.52,5.81
ORD_000023,3,PROD_000341,SELL_000026,2024-02-29,442.85,7.74
ORD_000023,4,PROD_000309,SELL_000012,2024-04-23,37.14,24.19
ORD_000023,5,PROD_000013,SELL_000004,2024-02-14,72.62,15.9
ORD_000024,1,PROD_000235,SELL_000006,2024-01-17,53.97,44.55
ORD_000024,2,PROD_000465,SELL_000012,2024-04-13,491.97,10.72
ORD_000025,1,PROD_000036,SELL_000023,2024-02-16,71.3,34.47
ORD_000025,2,PROD_000136,SELL_000035,2024-07-11,15.65,38.09
ORD_000025,3,PROD_000223,SELL_000049,2024-06-16,119.95,41.67
ORD_000025,4,PROD_000457,SELL_000047,2024-05-13,162.91,37.64
ORD_000026,1,PROD_000336,SELL_000012,2024-03-15,489.45,23.85
ORD_000026,2,PROD_000113,SELL_000041,2024-06-03,197.58,48.49
ORD_000026,3,PROD_000055,SELL_000040,2024-02-16,173.12,5.31
ORD_000027,1,PROD_000369,SELL_000048,2024-11-17,491.69,48.38
ORD_000027,2,PROD_000159,SELL_000032,2024-03-18,137.14,20.74
ORD_000027,3,PROD_000493,SELL_000027,2024-02-13,250.67,23.44
ORD_000027,4,PROD_000087,SELL_000011,2024-06-12,380.86,38.73
ORD_000028,1,PROD_000423,SELL_000030,2024-12-09,476.83,22.74
ORD_000028,2,PROD_000002,SELL_000033,2024-07-20,425.18,36.66
ORD_000029,1,PROD_000479,SELL_000023,2024-12-24,393.75,47.87
ORD_000029,2,PROD_000439,SELL_000009,2024-05-22,491.95,48.04
ORD_000029,3,PROD_000319,SELL_000029,2024-07-29,427.63,24.89
ORD_000029,4,PROD_000439,SELL_000018,2024-11-16,153.79,26.02
ORD_000030,1,PROD_000340,SELL_000011,2024-10-24,39.44,14.35
ORD_000031,1,PROD_000019,SELL_000027,2024-02-26,405.08,18.65
ORD_000032,1,PROD_000248,SELL_000020,2024-03-16,71.52,19.09
ORD_000032,2,PROD_000140,SELL_000014,2024-06-07,36.29,37.67
ORD_000032,3,PROD_000450,SELL_000048,2024-07-13,278.37,47.64
ORD_000032,4,PROD_000078,SELL_000006,2024-06-22,397.41,24.48
ORD_000032,5,PROD_000130,SELL_000039,2024-07-02,90.18,16.56
ORD_000033,1,PROD_000009,SELL_000026,2024-12-04,348.57,41.05
ORD_000033,2,PROD_000330,SELL_000006,2024-03-05,59.53,36.96
ORD_000034,1,PROD_000397,SELL_000013,2024-10-07,279.71,28.9
ORD_000034,2,PROD_000238,SELL_000016,2024-01-03,430.02,24.31
ORD_000034,3,PROD_000158,SELL_000015,2024-06-22,341.81,40.5
ORD_000034,4,PROD_000257,SELL_000033,2024-04-02,364.77,28.77
ORD_000035,1,PROD_000301,SELL_000027,2024-10-02,21.37,23.23
ORD_000035,2,PROD_000133,SELL_000050,2024-01-11,180.19,9.43
ORD_000035,3,PROD_000052,SELL_000003,2024-04-04,54.64,41.68
ORD_000036,1,PROD_000160,SELL_000013,2024-12-03,377.38,8.7
ORD_000036,2,PROD_000372,SELL_000012,2024-05-07,432.96,10.33
ORD_000036,3,PROD_000206,SELL_000004,2024-06-09,309.54,47.8
ORD_000037,1,PROD_000003,SELL_000016,2024-09-12,79.72,37.11
ORD_000037,2,PROD_000329,SELL_000033,2024-07-17,35.91,7.63
ORD_000037,3,PROD_000084,SELL_000004,2024-12-24,108.81,31.76
ORD_000037,4,PROD_000282,SELL_000038,2024-11-15,306.15,48.11
ORD_000038,1,PROD_000046,SELL_000018,2024-01-18,469.8,14.44
ORD_000039,1,PROD_000417,SELL_000008,2024-05-04,62.4,36.04
ORD_000039,2,PROD_000383,SELL_000007,2024-10-29,413.09,39.29
ORD_000039,3,PROD_000285,SELL_000027,2024-01-25,392.53,9.72
ORD_000039,4,PROD_000323,SELL_000049,2024-07-18,443.21,12.0
ORD_000040,1,PROD_000351,SELL_000046,2024-11-12,489.11,49.58
ORD_000040,2,PROD_000370,SELL_000033,2024-05-13,58.28,34.16
ORD_000040,3,PROD_000433,SELL_000041,2024-08-27,412.52,19.79
ORD_000041,1,PROD_000472,SELL_000001,2024-11-18,69.04,14.27
ORD_000041,2,PROD_000225,SELL_000022,2024-04-25,175.47,12.45
ORD_000041,3,PROD_000062,SELL_000002,2024-08-30,462.09,30.12
ORD_000042,1,PROD_000268,SELL_000048,2024-01-03,241.12,40.07
ORD_000042,2,PROD_000307,SELL_000049,2024-01-30,360.38,26.06
ORD_000042,3,PROD_000485,SELL_000027,2024-02-25,219.11,29.86
ORD_000042,4,PROD_000263,SELL_000008,2024-11-12,240.29,42.57
ORD_000043,1,PROD_000458,SELL_000013,2024-12-13,301.9,39.12
ORD_000043,2,PROD_000325,SELL_000025,2024-05-09,245.75,39.87
ORD_000044,1,PROD_000102,SELL_000032,2024-06-23,420.38,6.81
ORD_000044,2,PROD_000450,SELL_000027,2024-10-14,433.01,45.49
ORD_000044,3,PROD_000004,SELL_000012,2024-05-27,278.04,35.32
ORD_000044,4,PROD_000367,SELL_000036,2024-07-07,394.35,25.95
ORD_000044,5,PROD_000497,SELL_000033,2024-01-18,17.22,34.31
ORD_000045,1,PROD_000100,SELL_000050,2024-03-11,114.51,22.79
ORD_000045,2,PROD_000096,SELL_000011,2024-03-04,201.44,6.71
ORD_000045,3,PROD_000197,SELL_000039,2024-12-09,384.07,29.82
ORD_000046,1,PROD_000133,SELL_000026,2024-12-08,241.36,22.5
ORD_000046,2,PROD_000227,SELL_000044,2024-12-16,184.69,24.66
ORD_000046,3,PROD_000354,SELL_000008,2024-05-06,293.25,49.21
ORD_000046,4,PROD_000477,SELL_000024,2024-12-23,376.8,44.49
ORD_000047,1,PROD_000046,SELL_000021,2024-01-30,370.54,42.74
ORD_000047,2,PROD_000459,SELL_000020,2024-03-16,200.31,5.2
ORD_000048,1,PROD_000112,SELL_000013,2024-07-06,32.75,47.35
ORD_000049,1,PROD_000393,SELL_000017,2024-03-22,148.21,14.53
ORD_000049,2,PROD_000384,SELL_000045,2024-02-28,313.8,43.96
ORD_000049,3,PROD_000296,SELL_000009,2024-05-28,275.5,18.18
ORD_000049,4,PROD_000034,SELL_000015,2024-01-14,15.01,46.08
ORD_000049,5,PROD_000379,SELL_000028,2024-11-04,406.59,8.36
ORD_000050,1,PROD_000162,SELL_000015,2024-01-25,82.21,21.57
ORD_000051,1,PROD_000194,SELL_000031,2024-07-06,384.19,37.14
ORD_000052,1,PROD_000358,SELL_000019,2024-07-26,359.33,16.03
ORD_000052,2,PROD_000342,SELL_000040,2024-06-18,124.01,29.75
ORD_000052,3,PROD_000048,SELL_000001,2024-06-16,18.37,10.33
ORD_000052,4,PROD_000390,SELL_000018,2024-09-13,216.1,39.59
ORD_000053,1,PROD_000252,SELL_000033,2024-10-27,395.75,43.5
ORD_000053,2,PROD_000063,SELL_000021,2024-08-30,130.92,20.16
ORD_000054,1,PROD_000071,SELL_000035,2024-02-10,453.86,45.84
ORD_000055,1,PROD_000414,SELL_000007,2024-03-10,124.76,21.75
ORD_000055,2,PROD_000289,SELL_000032,2024-09-17,58.25,21.3
ORD_000055,3,PROD_000080,SELL_000025,2024-11-24,32.35,35.22
ORD_000056,1,PROD_000237,SELL_000011,2024-04-27,369.83,5.85
ORD_000056,2,PROD_000152,SELL_000019,2024-08-11,381.61,42.92
ORD_000056,3,PROD_000190,SELL_000050,2024-05-24,217.2,25.82
ORD_000056,4,PROD_000073,SELL_000003,2024-07-03,41.68,9.58
ORD_000056,5,PROD_000236,SELL_000014,2024-02-02,415.19,25.87
ORD_000057,1,PROD_000197,SELL_000017,2024-11-30,245.54,49.77
ORD_000057,2,PROD_000386,SELL_000015,2024-09-04,335.64,7.75
ORD_000057,3,PROD_000051,SELL_000032,2024-06-12,160.38,15.27
ORD_000058,1,PROD_000398,SELL_000012,2024-08-15,155.29,8.28
ORD_000059,1,PROD_000258,SELL_000021,2024-12-28,234.92,13.15
ORD_000059,2,PROD_000026,SELL_000011,2024-10-16,94.65,16.68
ORD_000059,3,PROD_000385,SELL_000026,2024-12-17,268.76,49.16
ORD_000060,1,PROD_000096,SELL_000036,2024-09-22,418.61,49.87
ORD_000060,2,PROD_000230,SELL_000027,2024-08-08,132.83,5.46
ORD_000060,3,PROD_000335,SELL_000025,2024-12-16,111.37,26.52
ORD_000060,4,PROD_000035,SELL_000046,2024-04-16,472.11,14.37
ORD_000061,1,PROD_000496,SELL_000026,2024-09-01,214.61,11.23
ORD_000061,2,PROD_000310,SELL_000009,2024-04-22,447.63,24.41
ORD_000061,3,PROD_000259,SELL_000031,2024-11-07,35.54,45.32
ORD_000061,4,PROD_000356,SELL_000002,2024-05-15,263.34,47.13
ORD_000061,5,PROD_000202,SELL_000038,2024-12-14,124.54,7.59
ORD_000062,1,PROD_000400,SELL_000024,2024-05-01,137.26,20.61
ORD_000062,2,PROD_000014,SELL_000044,2024-09-26,472.36,32.18
ORD_000062,3,PROD_000075,SELL_000031,2024-04-13,293.08,38.4
ORD_000063,1,PROD_000306,SELL_000029,2024-08-08,476.26,39.94
ORD_000063,2,PROD_000161,SELL_000013,2024-12-16,331.56,19.48
ORD_000063,3,PROD_000231,SELL_000004,2024-08-31,255.09,44.68
ORD_000064,1,PROD_000364,SELL_000022,2024-06-26,134.8,24.64
ORD_000064,2,PROD_000040,SELL_000038,2024-12-27,432.7,15.86
ORD_000064,3,PROD_000401,SELL_000034,2024-05-13,82.11,13.14
ORD_000064,4,PROD_000108,SELL_000026,2024-03-08,233.17,14.28
ORD_000065,1,PROD_000362,SELL_000012,2024-03-31,472.41,11.63
ORD_000066,1,PROD_000055,SELL_000049,2024-02-09,419.6,42.36
ORD_000067,1,PROD_000219,SELL_000039,2024-03-03,484.67,9.8
ORD_000067,2,PROD_000085,SELL_000004,2024-05-31,87.23,44.74
ORD_000067,3,PROD_000191,SELL_000008,2024-05-28,141.42,29.86
ORD_000067,4,PROD_000296,SELL_000036,2024-04-30,25.87,12.91
ORD_000068,1,PROD_000428,SELL_000028,2024-10-24,13.85,31.3
ORD_000069,1,PROD_000096,SELL_000002,2024-04-03,375.97,49.77
ORD_000069,2,PROD_000292,SELL_000036,2024-01-09,56.87,49.07
ORD_000070,1,PROD_000095,SELL_000044,2024-07-23,141.63,42.3
ORD_000070,2,PROD_000032,SELL_000028,2024-10-07,22.38,8.22
ORD_000070,3,PROD_000238,SELL_000049,2024-01-11,461.58,41.28
ORD_000071,1,PROD_000205,SELL_000013,2024-08-17,444.68,6.77
ORD_000072,1,PROD_000351,SELL_000001,2024-01-18,152.69,13.92
ORD_000072,2,PROD_000095,SELL_000027,2024-08-23,99.93,46.26
ORD_000072,3,PROD_000193,SELL_000037,2024-04-25,427.88,43.84
ORD_000073,1,PROD_000082,SELL_000037,2024-05-23,393.43,24.5
ORD_000073,2,PROD_000124,SELL_000036,2024-01-04,274.57,48.11
ORD_000073,3,PROD_000017,SELL_000048,2024-07-23,380.55,19.63
ORD_000073,4,PROD_000032,SELL_000011,2024-06-29,311.73,32.57
ORD_000074,1,PROD_000167,SELL_000007,2024-12-24,305.78,38.22
ORD_000074,2,PROD_000116,SELL_000009,2024-08-25,353.35,49.61
ORD_000074,3,PROD_000253,SELL_000012,2024-10-04,431.98,12.2
ORD_000074,4,PROD_000294,SELL_000008,2024-07-18,118.88,34.35
ORD_000074,5,PROD_000153,SELL_000050,2024-10-16,410.38,7.68
ORD_000075,1,PROD_000368,SELL_000027,2024-08-20,203.62,19.9
ORD_000075,2,PROD_000088,SELL_000030,2024-03-27,280.95,18.67
ORD_000075,3,PROD_000106,SELL_000038,2024-09-08,139.74,38.7
ORD_000075,4,PROD_000301,SELL_000024,2024-01-13,231.8,5.03
ORD_000076,1,PROD_000223,SELL_000020,2024-01-03,215.16,27.28
ORD_000076,2,PROD_000187,SELL_000049,2024-07-31,424.78,5.98
ORD_000076,3,PROD_000023,SELL_000035,2024-01-07,335.9,46.51
ORD_000076,4,PROD_000290,SELL_000011,2024-11-01,32.76,13.38
ORD_000076,5,PROD_000040,SELL_000024,2024-06-03,442.24,15.72
ORD_000077,1,PROD_000144,SELL_000017,2024-10-05,290.49,6.56
ORD_000078,1,PROD_000089,SELL_000011,2024-06-28,478.99,16.13
ORD_000078,2,PROD_000089,SELL_000001,2024-03-27,129.89,8.03
ORD_000079,1,PROD_000415,SELL_000024,2024-11-30,404.63,20.48
ORD_000079,2,PROD_000499,SELL_000004,2024-02-29,312.91,37.82
ORD_000080,1,PROD_000146,SELL_000022,2024-12-16,449.76,15.17
ORD_000080,2,PROD_000208,SELL_000038,2024-09-16,408.45,41.38
ORD_000080,3,PROD_000146,SELL_000045,2024-04-17,315.65,38.98
ORD_000081,1,PROD_000099,SELL_000011,2024-05-31,426.4,22.74
ORD_000081,2,PROD_000084,SELL_000038,2024-08-07,74.81,41.53
ORD_000082,1,PROD_000178,SELL_000037,2024-10-03,499.91,15.37
ORD_000083,1,PROD_000426,SELL_000018,2024-05-19,54.33,44.59
ORD_000083,2,PROD_000030,SELL_000029,2024-06-20,378.16,22.68
ORD_000084,1,PROD_000308,SELL_000040,2024-03-10,476.18,10.31
ORD_000084,2,PROD_000125,SELL_000032,2024-07-25,107.06,26.65
ORD_000084,3,PROD_000159,SELL_000038,2024-07-10,146.15,7.95
ORD_000084,4,PROD_000008,SELL_000025,2024-04-04,301.7,44.01
ORD_000084,5,PROD_000329,SELL_000006,2024-10-17,109.54,25.17
ORD_000085,1,PROD_000408,SELL_000007,2024-10-28,74.9,22.8
ORD_000085,2,PROD_000039,SELL_000045,2024-04-28,58.94,21.76
ORD_000085,3,PROD_000370,SELL_000026,2024-03-07,472.64,43.47
ORD_000085,4,PROD_000141,SELL_000031,2024-06-13,84.06,43.39
ORD_000085,5,PROD_000323,SELL_000026,2024-05-09,197.72,45.38
ORD_000086,1,PROD_000360,SELL_000002,2024-11-14,218.6,25.19
ORD_000086,2,PROD_000393,SELL_000015,2024-01-15,12.21,31.69
ORD_000087,1,PROD_000463,SELL_000018,2024-06-11,438.53,17.17
ORD_000087,2,PROD_000098,SELL_000011,2024-12-28,61.89,20.92
ORD_000087,3,PROD_000118,SELL_000022,2024-07-01,14.87,9.23
ORD_000087,4,PROD_000108,SELL_000047,2024-03-13,59.18,33.79
ORD_000087,5,PROD_000154,SELL_000016,2024-12-08,422.24,28.28
ORD_000088,1,PROD_000249,SELL_000038,2024-08-25,322.48,16.74
ORD_000088,2,PROD_000310,SELL_000009,2024-07-11,349.29,16.31
ORD_000088,3,PROD_000068,SELL_000010,2024-02-18,255.84,15.63
ORD_000088,4,PROD_000420,SELL_000017,2024-11-18,400.97,19.46
ORD_000089,1,PROD_000406,SELL_000008,2024-10-30,98.36,46.75
ORD_000089,2,PROD_000004,SELL_000020,2024-10-05,246.72,6.87
ORD_000089,3,PROD_000253,SELL_000041,2024-07-15,416.46,13.92
ORD_000089,4,PROD_000107,SELL_000016,2024-03-29,298.57,49.38
ORD_000089,5,PROD_000221,SELL_000023,2024-02-19,185.4,32.79
ORD_000090,1,PROD_000085,SELL_000022,2024-08-28,361.04,34.95
ORD_000091,1,PROD_000141,SELL_000004,2024-09-24,173.44,27.66
ORD_000091,2,PROD_000402,SELL_000023,2024-09-27,269.9,42.33
ORD_000091,3,PROD_000278,SELL_000011,2024-06-14,352.74,36.98
ORD_000091,4,PROD_000245,SELL_000009,2024-07-27,396.38,5.81
ORD_000092,1,PROD_000137,SELL_000026,2024-09-04,71.41,31.3
ORD_000092,2,PROD_000087,SELL_000024,2024-06-06,462.75,43.8
ORD_000092,3,PROD_000327,SELL_000021,2024-07-11,49.28,31.35
ORD_000092,4,PROD_000087,SELL_000036,2024-03-23,94.58,44.13
ORD_000092,5,PROD_000005,SELL_000049,2024-02-25,271.31,20.87
ORD_000093,1,PROD_000087,SELL_000049,2024-06-03,229.14,29.86
ORD_000093,2,PROD_000097,SELL_000038,2024-05-09,441.6,34.08
ORD_000093,3,PROD_000047,SELL_000011,2024-03-25,130.39,17.31
ORD_000093,4,PROD_000148,SELL_000037,2024-10-21,95.75,5.52
ORD_000094,1,PROD_000311,SELL_000045,2024-12-02,214.58,12.66
ORD_000095,1,PROD_000021,SELL_000009,2024-07-29,205.27,16.8
ORD_000095,2,PROD_000426,SELL_000022,2024-01-28,481.81,21.26
ORD_000095,3,PROD_000100,SELL_000012,2024-02-05,243.83,17.83
ORD_000095,4,PROD_000021,SELL_000002,2024-04-29,311.12,7.25
ORD_000096,1,PROD_000295,SELL_000015,2024-05-06,191.66,14.04
ORD_000097,1,PROD_000091,SELL_000009,2024-03-24,155.96,25.87
ORD_000097,2,PROD_000045,SELL_000038,2024-04-24,197.34,5.26
ORD_000097,3,PROD_000024,SELL_000027,2024-01-12,466.56,11.46
ORD_000097,4,PROD_000249,SELL_000043,2024-01-21,166.98,17.64
ORD_000097,5,PROD_000057,SELL_000044,2024-08-03,417.17,7.47
ORD_000098,1,PROD_000446,SELL_000009,2024-07-20,147.88,36.89
ORD_000098,2,PROD_000366,SELL_000023,2024-01-07,17.22,19.65
ORD_000098,3,PROD_000238,SELL_000012,2024-04-13,142.97,9.06
ORD_000098,4,PROD_000423,SELL_000028,2024-12-04,81.84,15.03
ORD_000099,1,PROD_000106,SELL_000013,2024-07-30,66.19,33.93
ORD_000100,1,PROD_000133,SELL_000019,2024-12-31,55.65,24.59
ORD_000100,2,PROD_000071,SELL_000013,2024-02-21,200.65,17.42
ORD_000100,3,PROD_000419,SELL_000019,2024-03-01,458.54,13.85
ORD_000100,4,PROD_000092,SELL_000030,2024-08-29,332.66,22.48
ORD_000100,5,PROD_000186,SELL_000031,2024-08-04,448.2,38.84
ORD_000101,1,PROD_000440,SELL_000045,2024-04-17,397.12,32.2
ORD_000101,2,PROD_000093,SELL_000040,2024-01-25,411.21,44.6
ORD_000101,3,PROD_000415,SELL_000005,2024-08-31,170.62,20.31
ORD_000101,4,PROD_000262,SELL_000036,2024-08-14,19.69,8.89
ORD_000102,1,PROD_000318,SELL_000040,2024-10-17,102.5,18.49
ORD_000102,2,PROD_000094,SELL_000003,2024-03-28,150.65,14.86
ORD_000102,3,PROD_000158,SELL_000018,2024-05-17,48.11,27.33
ORD_000102,4,PROD_000113,SELL_000018,2024-06-26,219.92,20.09
ORD_000103,1,PROD_000257,SELL_000025,2024-10-21,135.21,30.66
ORD_000103,2,PROD_000006,SELL_000011,2024-07-03,438.33,39.77
ORD_000104,1,PROD_000382,SELL_000015,2024-07-13,422.61,11.16
ORD_000104,2,PROD_000287,SELL_000037,2024-01-23,147.63,26.04
ORD_000104,3,PROD_000102,SELL_000034,2024-08-11,369.63,16.98
ORD_000105,1,PROD_000491,SELL_000001,2024-11-01,176.06,27.54
ORD_000106,1,PROD_000321,SELL_000021,2024-09-04,373.54,17.06
ORD_000106,2,PROD_000047,SELL_000026,2024-05-23,124.88,40.11
ORD_000106,3,PROD_000309,SELL_000002,2024-01-18,294.96,14.92
ORD_000107,1,PROD_000040,SELL_000017,2024-12-11,219.4,18.71
ORD_000107,2,PROD_000434,SELL_000042,2024-11-22,211.18,9.22
ORD_000107,3,PROD_000114,SELL_000030,2024-09-16,478.53,28.51
ORD_000107,4,PROD_000142,SELL_000014,2024-08-23,35.1,37.75
ORD_000107,5,PROD_000043,SELL_000035,2024-08-20,423.19,48.34
ORD_000108,1,PROD_000450,SELL_000027,2024-05-12,449.09,43.21
ORD_000108,2,PROD_000068,SELL_000044,2024-07-18,379.96,23.19
ORD_000108,3,PROD_000474,SELL_000005,2024-07-08,332.97,44.7
ORD_000109,1,PROD_000266,SELL_000024,2024-09-22,375.81,30.71
ORD_000110,1,PROD_000077,SELL_000029,2024-09-01,463.01,12.51
ORD_000111,1,PROD_000006,SELL_000050,2024-09-22,160.95,6.85
ORD_000112,1,PROD_000333,SELL_000036,2024-07-17,20.01,48.93
ORD_000112,2,PROD_000187,SELL_000027,2024-08-08,26.3,45.47
ORD_000112,3,PROD_000117,SELL_000046,2024-05-07,227.66,46.17
ORD_000112,4,PROD_000304,SELL_000033,2024-05-06,113.52,22.84
ORD_000113,1,PROD_000341,SELL_000014,2024-01-13,410.54,26.2
ORD_000113,2,PROD_000406,SELL_000008,2024-10-08,467.18,13.24
ORD_000113,3,PROD_000094,SELL_000027,2024-07-30,445.05,26.39
ORD_000113,4,PROD_000295,SELL_000042,2024-05-24,390.29,32.64
ORD_000114,1,PROD_000232,SELL_000033,2024-11-28,258.46,19.81
ORD_000114,2,PROD_000258,SELL_000049,2024-06-18,341.36,41.38
ORD_000114,3,PROD_000024,SELL_000025,2024-08-30,378.2,30.77
ORD_000114,4,PROD_000105,SELL_000020,2024-12-15,408.47,36.34
ORD_000114,5,PROD_000356,SELL_000040,2024-09-15,380.41,49.43
ORD_000115,1,PROD_000380,SELL_000021,2024-11-23,168.1,5.99
ORD_000116,1,PROD_000293,SELL_000009,2024-03-13,415.93,36.25
ORD_000116,2,PROD_000031,SELL_000017,2024-11-28,429.66,24.02
ORD_000116,3,PROD_000359,SELL_000049,2024-02-10,277.08,23.07
ORD_000117,1,PROD_000016,SELL_000027,2024-07-20,110.91,42.75
ORD_000117,2,PROD_000391,SELL_000005,2024-07-25,383.87,31.0
ORD_000117,3,PROD_000493,SELL_000044,2024-01-09,242.54,47.46
ORD_000117,4,PROD_000298,SELL_000038,2024-04-01,385.7,27.9
ORD_000118,1,PROD_000042,SELL_000044,2024-10-18,410.04,46.87
ORD_000118,2,PROD_000252,SELL_000008,2024-10-15,85.42,36.61
ORD_000118,3,PROD_000495,SELL_000050,2024-04-15,388.58,15.5
ORD_000118,4,PROD_000047,SELL_000030,2024-01-05,271.61,42.01
ORD_000118,5,PROD_000158,SELL_000040,2024-05-15,94.09,31.43
ORD_000119,1,PROD_000016,SELL_000014,2024-12-23,299.77,35.91
ORD_000119,2,PROD_000341,SELL_000016,2024-02-15,340.54,15.68
ORD_000120,1,PROD_000155,SELL_000044,2024-11-24,304.74,5.87
ORD_000120,2,PROD_000145,SELL_000023,2024-10-17,309.14,23.83
ORD_000120,3,PROD_000014,SELL_000025,2024-11-03,98.02,32.76
ORD_000121,1,PROD_000225,SELL_000013,2024-01-03,190.25,49.83
ORD_000121,2,PROD_000272,SELL_000011,2024-05-20,123.68,46.06
ORD_000121,3,PROD_000381,SELL_000050,2024-05-23,332.76,16.04
ORD_000121,4,PROD_000028,SELL_000045,2024-03-17,393.58,36.22
ORD_000121,5,PROD_000421,SELL_000048,2024-02-09,238.3,29.24
ORD_000122,1,PROD_000242,SELL_000033,2024-01-04,199.32,21.96
ORD_000122,2,PROD_000329,SELL_000018,2024-12-06,118.68,10.13
ORD_000122,3,PROD_000453,SELL_000042,2024-09-28,294.15,39.0
ORD_000122,4,PROD_000463,SELL_000004,2024-02-23,196.01,43.29
ORD_000123,1,PROD_000472,SELL_000047,2024-12-03,79.54,43.25
ORD_000123,2,PROD_000262,SELL_000006,2024-06-18,10.72,47.28
ORD_000123,3,PROD_000397,SELL_000003,2024-02-29,243.22,47.16
ORD_000123,4,PROD_000080,SELL_000027,2024-11-19,156.19,25.08
ORD_000123,5,PROD_000025,SELL_000014,2024-01-17,261.46,29.27
ORD_000124,1,PROD_000328,SELL_000005,2024-08-21,88.07,11.76
ORD_000124,2,PROD_000085,SELL_000039,2024-08-01,279.63,34.31
ORD_000124,3,PROD_000395,SELL_000019,2024-06-03,422.8,19.68
ORD_000124,4,PROD_000485,SELL_000002,2024-12-05,426.82,25.59
ORD_000124,5,PROD_000265,SELL_000033,2024-12-04,293.93,20.25
ORD_000125,1,PROD_000095,SELL_000042,2024-11-28,238.79,17.4
ORD_000125,2,PROD_000039,SELL_000027,2024-10-04,11.07,47.17
ORD_000125,3,PROD_000351,SELL_000008,2024-11-04,443.43,22.32
ORD_000125,4,PROD_000057,SELL_000011,2024-08-30,209.01,10.96
ORD_000125,5,PROD_000286,SELL_000003,2024-09-29,75.4,5.75
ORD_000126,1,PROD_000062,SELL_000030,2024-01-31,321.45,41.2
ORD_000126,2,PROD_000473,SELL_000027,2024-04-10,339.53,44.71
ORD_000126,3,PROD_000144,SELL_000018,2024-04-22,169.77,31.77
ORD_000126,4,PROD_000323,SELL_000042,2024-04-05,324.54,20.03
ORD_000126,5,PROD_000268,SELL_000044,2024-09-06,451.0,8.66
ORD_000127,1,PROD_000377,SELL_000048,2024-06-01,407.15,46.87
ORD_000128,1,PROD_000153,SELL_000011,2024-12-03,439.68,14.67
ORD_000128,2,PROD_000306,SELL_000002,2024-10-27,54.11,46.67
ORD_000129,1,PROD_000235,SELL_000024,2024-05-08,14.39,29.81
ORD_000129,2,PROD_000137,SELL_000037,2024-08-20,208.48,41.74
ORD_000130,1,PROD_000128,SELL_000040,2024-07-12,328.02,25.2
ORD_000131,1,PROD_000471,SELL_000049,2024-05-31,128.72,19.32
ORD_000131,2,PROD_000433,SELL_000049,2024-12-20,161.09,20.84
ORD_000132,1,PROD_000358,SELL_000049,2024-08-06,135.36,38.93
ORD_000132,2,PROD_000359,SELL_000035,2024-08-14,396.99,40.05
ORD_000133,1,PROD_000348,SELL_000002,2024-05-05,438.11,42.22
ORD_000133,2,PROD_000140,SELL_000033,2024-10-07,81.97,20.85
ORD_000133,3,PROD_000368,SELL_000037,2024-08-20,499.06,16.19
ORD_000134,1,PROD_000142,SELL_000046,2024-07-24,211.45,49.96
ORD_000134,2,PROD_000492,SELL_000009,2024-04-29,219.66,22.15
ORD_000134,3,PROD_000414,SELL_000030,2024-11-06,389.98,48.66
ORD_000135,1,PROD_000146,SELL_000038,2024-02-08,73.38,31.17
ORD_000135,2,PROD_000291,SELL_000032,2024-12-08,453.49,11.07
ORD_000135,3,PROD_000026,SELL_000017,2024-04-06,306.37,22.41
ORD_000135,4,PROD_000085,SELL_000027,2024-10-16,313.74,5.5
ORD_000136,1,PROD_000204,SELL_000005,2024-08-21,474.83,30.61
ORD_000136,2,PROD_000209,SELL_000012,2024-04-07,447.34,21.96
ORD_000136,3,PROD_000303,SELL_000039,2024-12-03,412.35,31.46
ORD_000136,4,PROD_000378,SELL_000039,2024-10-08,131.49,19.43
ORD_000137,1,PROD_000377,SELL_000031,2024-07-24,282.43,25.88
ORD_000137,2,PROD_000254,SELL_000029,2024-11-09,101.77,46.24
ORD_000137,3,PROD_000223,SELL_000001,2024-06-04,69.49,16.47
ORD_000137,4,PROD_000089,SELL_000004,2024-09-25,474.29,41.34
ORD_000137,5,PROD_000459,SELL_000039,2024-05-07,56.87,14.01
ORD_000138,1,PROD_000382,SELL_000013,2024-11-03,51.47,49.6
ORD_000138,2,PROD_000207,SELL_000001,2024-01-17,12.17,7.99
ORD_000138,3,PROD_000153,SELL_000004,2024-12-01,489.66,36.43
ORD_000138,4,PROD_000477,SELL_000026,2024-03-17,421.64,37.6
ORD_000138,5,PROD_000484,SELL_000005,2024-06-06,373.18,34.76
ORD_000139,1,PROD_000446,SELL_000019,2024-10-16,44.65,18.52
ORD_000140,1,PROD_000105,SELL_000034,2024-10-22,252.9,11.85
ORD_000141,1,PROD_000241,SELL_000009,2024-01-18,299.8,29.31
ORD_000141,2,PROD_000330,SELL_000021,2024-12-10,198.03,12.19
ORD_000141,3,PROD_000403,SELL_000043,2024-12-24,76.36,45.89
ORD_000141,4,PROD_000169,SELL_000040,2024-12-30,327.99,7.5
ORD_000141,5,PROD_000094,SELL_000015,2024-06-22,417.51,6.39
ORD_000142,1,PROD_000219,SELL_000028,2024-11-08,471.78,9.6
ORD_000142,2,PROD_000483,SELL_000017,2024-10-14,453.81,23.03
ORD_000142,3,PROD_000469,SELL_000037,2024-10-07,461.4,49.05
ORD_000142,4,PROD_000018,SELL_000042,2024-07-09,207.13,10.93
ORD_000143,1,PROD_000044,SELL_000031,2024-12-04,188.6,33.26
ORD_000144,1,PROD_000230,SELL_000040,2024-07-29,210.43,47.14
ORD_000145,1,PROD_000293,SELL_000022,2024-09-03,84.94,39.4
ORD_000145,2,PROD_000469,SELL_000047,2024-11-25,482.16,18.07
ORD_000145,3,PROD_000434,SELL_000001,2024-06-08,131.48,47.27
ORD_000145,4,PROD_000252,SELL_000017,2024-03-03,358.3,19.31
ORD_000146,1,PROD_000337,SELL_000013,2024-09-04,333.63,19.21
ORD_000147,1,PROD_000050,SELL_000001,2024-01-28,253.14,27.31
ORD_000147,2,PROD_000329,SELL_000011,2024-02-08,253.2,48.68
ORD_000147,3,PROD_000032,SELL_000015,2024-08-03,52.22,30.9
ORD_000147,4,PROD_000340,SELL_000012,2024-01-25,81.84,20.01
ORD_000148,1,PROD_000382,SELL_000038,2024-11-02,363.89,31.59
ORD_000148,2,PROD_000265,SELL_000031,2024-04-10,112.88,6.81
ORD_000148,3,PROD_000153,SELL_000047,2024-04-05,407.08,43.33
ORD_000148,4,PROD_000159,SELL_000018,2024-08-18,150.44,32.4
ORD_000148,5,PROD_000400,SELL_000018,2024-09-10,221.31,24.98
ORD_000149,1,PROD_000213,SELL_000009,2024-04-26,164.45,7.96
ORD_000149,2,PROD_000496,SELL_000001,2024-12-21,420.1,23.61
ORD_000149,3,PROD_000040,SELL_000050,2024-11-08,44.93,26.2
ORD_000149,4,PROD_000018,SELL_000045,2024-10-13,428.13,48.87
ORD_000149,5,PROD_000046,SELL_000031,2024-12-22,127.06,34.58
ORD_000150,1,PROD_000304,SELL_000023,2024-02-11,141.31,22.26
ORD_000150,2,PROD_000498,SELL_000017,2024-01-20,306.46,8.3
ORD_000150,3,PROD_000407,SELL_000023,2024-09-18,10.71,20.58
ORD_000150,4,PROD_000380,SELL_000006,2024-02-19,167.27,42.58
ORD_000150,5,PROD_000134,SELL_000018,2024-11-14,202.28,21.46
ORD_000151,1,PROD_000342,SELL_000008,2024-07-23,32.98,27.14
ORD_000151,2,PROD_000243,SELL_000001,2024-01-27,149.68,31.45
ORD_000151,3,PROD_000457,SELL_000001,2024-06-09,166.28,19.03
ORD_000151,4,PROD_000277,SELL_000018,2024-01-11,497.29,16.19
ORD_000151,5,PROD_000473,SELL_000046,2024-10-07,83.31,8.66
ORD_000152,1,PROD_000013,SELL_000044,2024-04-18,298.4,22.71
ORD_000152,2,PROD_000083,SELL_000050,2024-01-22,126.89,21.73
ORD_000152,3,PROD_000421,SELL_000035,2024-10-11,205.68,47.68
ORD_000152,4,PROD_000322,SELL_000045,2024-01-12,333.44,29.04
ORD_000152,5,PROD_000007,SELL_000010,2024-07-20,167.63,32.36
ORD_000153,1,PROD_000047,SELL_000025,2024-05-25,349.1,36.92
ORD_000153,2,PROD_000106,SELL_000014,2024-05-02,177.85,23.79
ORD_000153,3,PROD_000103,SELL_000004,2024-04-08,306.4,26.08
ORD_000154,1,PROD_000436,SELL_000002,2024-09-15,454.86,45.5
ORD_000154,2,PROD_000391,SELL_000050,2024-08-10,248.82,27.75
ORD_000154,3,PROD_000495,SELL_000039,2024-10-13,246.65,48.6
ORD_000155,1,PROD_000087,SELL_000003,2024-12-14,360.66,31.98
ORD_000155,2,PROD_000315,SELL_000006,2024-10-04,421.16,42.0
ORD_000155,3,PROD_000323,SELL_000019,2024-04-24,48.64,13.99
ORD_000155,4,PROD_000439,SELL_000010,2024-07-19,195.5,9.33
ORD_000155,5,PROD_000276,SELL_000018,2024-10-11,175.87,7.12
ORD_000156,1,PROD_000410,SELL_000026,2024-05-04,101.37,10.37
ORD_000156,2,PROD_000305,SELL_000042,2024-07-26,25.85,49.74
ORD_000157,1,PROD_000076,SELL_000002,2024-06-10,120.69,45.72
ORD_000157,2,PROD_000348,SELL_000001,2024-09-01,243.93,17.27
ORD_000158,1,PROD_000152,SELL_000031,2024-12-24,479.7,7.55
ORD_000158,2,PROD_000273,SELL_000044,2024-12-14,388.56,46.33
ORD_000158,3,PROD_000459,SELL_000013,2024-02-11,227.46,7.86
ORD_000159,1,PROD_000382,SELL_000005,2024-11-13,290.42,37.81
ORD_000159,2,PROD_000296,SELL_000018,2024-08-04,439.44,26.87
ORD_000159,3,PROD_000199,SELL_000027,2024-03-09,437.66,13.09
ORD_000159,4,PROD_000168,SELL_000045,2024-10-23,194.2,5.12
ORD_000160,1,PROD_000500,SELL_000001,2024-03-12,377.03,8.32
ORD_000160,2,PROD_000274,SELL_000020,2024-01-10,73.57,26.88
ORD_000161,1,PROD_000465,SELL_000029,2024-01-05,115.88,22.47
ORD_000161,2,PROD_000206,SELL_000004,2024-06-19,464.78,7.33
ORD_000161,3,PROD_000122,SELL_000003,2024-07-22,203.95,24.53
ORD_000161,4,PROD_000005,SELL_000024,2024-01-24,73.34,28.89
ORD_000161,5,PROD_000329,SELL_000006,2024-11-28,320.31,16.97
ORD_000162,1,PROD_000320,SELL_000035,2024-10-28,69.13,43.68
ORD_000163,1,PROD_000023,SELL_000038,2024-03-02,494.33,7.64
ORD_000163,2,PROD_000380,SELL_000016,2024-11-24,24.12,21.42
ORD_000163,3,PROD_000012,SELL_000039,2024-05-15,176.09,35.99
ORD_000163,4,PROD_000393,SELL_000030,2024-07-09,288.53,36.33
ORD_000163,5,PROD_000188,SELL_000015,2024-02-28,291.49,42.1
ORD_000164,1,PROD_000022,SELL_000004,2024-11-16,361.14,24.37
ORD_000164,2,PROD_000069,SELL_000030,2024-06-28,459.44,47.64
ORD_000164,3,PROD_000479,SELL_000019,2024-12-05,167.62,41.51
ORD_000164,4,PROD_000323,SELL_000038,2024-03-12,31.48,17.86
ORD_000165,1,PROD_000493,SELL_000039,2024-05-25,349.81,46.66
ORD_000165,2,PROD_000116,SELL_000033,2024-02-17,70.93,5.73
ORD_000165,3,PROD_000288,SELL_000008,2024-10-08,301.67,20.65
ORD_000165,4,PROD_000180,SELL_000034,2024-04-19,148.86,42.75
ORD_000165,5,PROD_000145,SELL_000049,2024-06-19,205.09,23.28
ORD_000166,1,PROD_000306,SELL_000044,2024-07-09,83.21,27.2
ORD_000166,2,PROD_000254,SELL_000004,2024-06-11,352.71,22.09
ORD_000167,1,PROD_000497,SELL_000027,2024-02-23,407.32,42.82
ORD_000167,2,PROD_000159,SELL_000035,2024-08-05,24.94,5.47
ORD_000168,1,PROD_000443,SELL_000041,2024-03-20,381.31,45.58
ORD_000168,2,PROD_000208,SELL_000002,2024-03-09,106.4,40.99
ORD_000168,3,PROD_000033,SELL_000024,2024-09-16,188.93,8.2
ORD_000168,4,PROD_000489,SELL_000013,2024-12-15,12.14,24.85
ORD_000169,1,PROD_000217,SELL_000032,2024-02-19,164.86,7.43
ORD_000170,1,PROD_000226,SELL_000037,2024-02-02,192.98,13.07
ORD_000170,2,PROD_000155,SELL_000005,2024-04-18,130.19,19.69
ORD_000170,3,PROD_000227,SELL_000037,2024-05-16,37.74,21.89
ORD_000170,4,PROD_000136,SELL_000047,2024-07-07,114.76,35.6
ORD_000170,5,PROD_000164,SELL_000045,2024-08-28,295.93,19.37
ORD_000171,1,PROD_000064,SELL_000037,2024-02-11,381.65,46.96
ORD_000171,2,PROD_000327,SELL_000037,2024-09-30,204.95,48.4
ORD_000171,3,PROD_000480,SELL_000020,2024-07-27,294.56,24.34
ORD_000171,4,PROD_000199,SELL_000008,2024-10-11,125.18,44.65
ORD_000172,1,PROD_000254,SELL_000017,2024-11-18,338.57,25.7
ORD_000172,2,PROD_000281,SELL_000001,2024-07-11,346.47,7.21
ORD_000172,3,PROD_000096,SELL_000016,2024-12-22,244.35,26.33
ORD_000172,4,PROD_000375,SELL_000006,2024-10-05,140.03,43.5
ORD_000172,5,PROD_000413,SELL_000042,2024-02-22,286.19,12.38
ORD_000173,1,PROD_000185,SELL_000028,2024-09-08,128.53,13.53
ORD_000173,2,PROD_000419,SELL_000010,2024-12-20,356.17,36.44
ORD_000173,3,PROD_000109,SELL_000044,2024-03-10,113.06,49.92
ORD_000173,4,PROD_000208,SELL_000019,2024-05-13,29.56,44.09
ORD_000173,5,PROD_000472,SELL_000009,2024-06-14,127.64,12.37
ORD_000174,1,PROD_000479,SELL_000030,2024-07-12,312.48,31.72
ORD_000174,2,PROD_000096,SELL_000017,2024-03-26,225.26,46.33
ORD_000174,3,PROD_000319,SELL_000046,2024-03-23,119.68,29.07
ORD_000174,4,PROD_000174,SELL_000042,2024-03-14,32.9,15.72
ORD_000175,1,PROD_000012,SELL_000037,2024-02-19,133.17,49.62
ORD_000175,2,PROD_000034,SELL_000028,2024-11-12,102.56,39.25
ORD_000176,1,PROD_000265,SELL_000018,2024-05-31,77.77,48.27
ORD_000176,2,PROD_000254,SELL_000043,2024-02-07,306.28,28.64
ORD_000177,1,PROD_000005,SELL_000044,2024-09-05,172.39,19.45
ORD_000177,2,PROD_000044,SELL_000022,2024-05-18,348.12,10.71
ORD_000177,3,PROD_000200,SELL_000004,2024-08-15,168.57,30.58
ORD_000177,4,PROD_000312,SELL_000040,2024-02-06,108.85,48.17
ORD_000177,5,PROD_000064,SELL_000002,2024-01-03,361.14,22.7
ORD_000178,1,PROD_000126,SELL_000014,2024-12-11,85.82,39.81
ORD_000178,2,PROD_000222,SELL_000041,2024-03-19,457.67,27.17
ORD_000178,3,PROD_000240,SELL_000030,2024-04-22,109.84,8.39
ORD_000179,1,PROD_000359,SELL_000003,2024-07-23,206.89,18.44
ORD_000179,2,PROD_000245,SELL_000002,2024-08-15,11.69,30.13
ORD_000179,3,PROD_000027,SELL_000016,2024-07-13,400.81,20.08
ORD_000179,4,PROD_000161,SELL_000011,2024-11-16,256.68,18.69
ORD_000179,5,PROD_000323,SELL_000019,2024-02-14,366.68,6.69
ORD_000180,1,PROD_000406,SELL_000046,2024-06-02,366.68,10.95
ORD_000180,2,PROD_000254,SELL_000018,2024-01-11,340.94,44.08
ORD_000180,3,PROD_000243,SELL_000049,2024-07-07,258.11,24.26
ORD_000180,4,PROD_000216,SELL_000009,2024-07-10,288.9,5.11
ORD_000181,1,PROD_000426,SELL_000011,2024-01-09,422.96,16.03
ORD_000181,2,PROD_000208,SELL_000013,2024-09-18,334.56,21.06
ORD_000181,3,PROD_000434,SELL_000026,2024-05-15,473.47,37.8
ORD_000181,4,PROD_000145,SELL_000037,2024-08-18,140.96,31.78
ORD_000182,1,PROD_000107,SELL_000007,2024-09-25,463.4,49.14
ORD_000182,2,PROD_000358,SELL_000050,2024-10-20,342.9,38.69
ORD_000182,3,PROD_000430,SELL_000035,2024-12-29,146.12,49.88
ORD_000182,4,PROD_000405,SELL_000005,2024-05-12,303.38,36.77
ORD_000182,5,PROD_000219,SELL_000003,2024-10-29,372.65,44.99
ORD_000183,1,PROD_000008,SELL_000019,2024-11-02,354.08,34.78
ORD_000183,2,PROD_000074,SELL_000027,2024-08-12,155.33,10.74
ORD_000183,3,PROD_000382,SELL_000015,2024-10-30,136.06,22.15
ORD_000184,1,PROD_000052,SELL_000011,2024-10-08,297.0,47.06
ORD_000184,2,PROD_000274,SELL_000042,2024-02-09,333.66,45.96
ORD_000185,1,PROD_000316,SELL_000019,2024-10-15,467.06,15.26
ORD_000185,2,PROD_000009,SELL_000001,2024-12-25,45.88,35.83
ORD_000185,3,PROD_000224,SELL_000048,2024-12-24,493.98,44.41
ORD_000186,1,PROD_000466,SELL_000013,2024-10-30,486.36,36.64
ORD_000186,2,PROD_000156,SELL_000032,2024-06-03,94.59,45.03
ORD_000187,1,PROD_000175,SELL_000026,2024-08-25,375.8,36.32
ORD_000187,2,PROD_000033,SELL_000033,2024-09-14,267.91,45.9
ORD_000188,1,PROD_000105,SELL_000029,2024-09-27,325.05,34.2
ORD_000188,2,PROD_000030,SELL_000022,2024-12-03,277.86,43.15
ORD_000189,1,PROD_000199,SELL_000034,2024-01-27,198.37,8.47
ORD_000190,1,PROD_000358,SELL_000047,2024-05-11,292.01,21.65
ORD_000190,2,PROD_000157,SELL_000030,2024-10-22,303.73,48.76
ORD_000191,1,PROD_000201,SELL_000002,2024-12-14,169.04,24.28
ORD_000191,2,PROD_000228,SELL_000040,2024-05-18,288.01,40.86
ORD_000191,3,PROD_000099,SELL_000044,2024-10-05,128.31,5.17
ORD_000192,1,PROD_000440,SELL_000029,2024-03-20,108.65,41.18
ORD_000192,2,PROD_000026,SELL_000035,2024-02-01,291.23,11.33
ORD_000192,3,PROD_000043,SELL_000025,2024-07-25,74.88,9.45
ORD_000192,4,PROD_000166,SELL_000023,2024-06-13,368.9,35.8
ORD_000192,5,PROD_000209,SELL_000018,2024-06-19,254.64,46.71
ORD_000193,1,PROD_000166,SELL_000021,2024-07-03,445.35,20.84
ORD_000193,2,PROD_000495,SELL_000012,2024-05-11,240.43,17.36
ORD_000193,3,PROD_000004,SELL_000004,2024-07-17,266.65,20.19
ORD_000193,4,PROD_000403,SELL_000027,2024-09-29,429.36,18.1
ORD_000194,1,PROD_000183,SELL_000005,2024-08-01,197.48,16.49
ORD_000195,1,PROD_000079,SELL_000012,2024-05-12,432.17,16.7
ORD_000196,1,PROD_000302,SELL_000040,2024-08-30,467.15,5.22
ORD_000196,2,PROD_000411,SELL_000013,2024-04-14,269.35,46.05
ORD_000196,3,PROD_000219,SELL_000002,2024-09-20,390.01,42.64
ORD_000196,4,PROD_000421,SELL_000031,2024-01-23,367.79,25.37
ORD_000196,5,PROD_000491,SELL_000016,2024-07-29,105.05,44.69
ORD_000197,1,PROD_000415,SELL_000018,2024-03-20,458.99,28.07
ORD_000197,2,PROD_000211,SELL_000004,2024-03-30,32.16,36.22
ORD_000197,3,PROD_000375,SELL_000004,2024-10-04,309.62,29.06
ORD_000198,1,PROD_000312,SELL_000050,2024-05-23,375.89,14.57
ORD_000199,1,PROD_000007,SELL_000038,2024-08-10,322.61,42.07
ORD_000199,2,PROD_000244,SELL_000039,2024-09-06,435.32,46.37
ORD_000199,3,PROD_000459,SELL_000037,2024-09-07,76.12,17.27
ORD_000199,4,PROD_000079,SELL_000036,2024-05-18,63.66,21.32
ORD_000199,5,PROD_000313,SELL_000018,2024-09-27,16.46,19.3
ORD_000200,1,PROD_000238,SELL_000014,2024-07-01,379.22,21.99
ORD_000201,1,PROD_000154,SELL_000033,2024-01-09,290.79,27.42
ORD_000201,2,PROD_000328,SELL_000015,2024-10-21,133.1,5.85
ORD_000201,3,PROD_000173,SELL_000038,2024-11-18,383.02,7.03
ORD_000201,4,PROD_000337,SELL_000028,2024-01-02,92.61,32.76
ORD_000202,1,PROD_000076,SELL_000042,2024-01-24,402.7,48.63
ORD_000202,2,PROD_000182,SELL_000034,2024-11-04,487.73,11.3
ORD_000202,3,PROD_000267,SELL_000018,2024-11-09,422.35,5.79
ORD_000203,1,PROD_000433,SELL_000020,2024-03-20,30.03,9.34
ORD_000203,2,PROD_000381,SELL_000029,2024-12-07,235.32,17.86
ORD_000204,1,PROD_000236,SELL_000024,2024-11-09,189.0,47.69
ORD_000204,2,PROD_000337,SELL_000020,2024-02-05,261.61,24.14
ORD_000204,3,PROD_000137,SELL_000044,2024-09-25,363.6,14.07
ORD_000204,4,PROD_000257,SELL_000034,2024-03-08,421.16,19.4
ORD_000205,1,PROD_000448,SELL_000026,2024-12-23,262.01,47.19
ORD_000205,2,PROD_000055,SELL_000037,2024-08-04,88.0,34.1
ORD_000205,3,PROD_000113,SELL_000011,2024-08-08,25.25,33.93
ORD_000205,4,PROD_000370,SELL_000036,2024-07-12,361.05,39.05
ORD_000205,5,PROD_000085,SELL_000030,2024-08-04,420.94,18.16
ORD_000206,1,PROD_000108,SELL_000007,2024-08-16,104.31,5.11
ORD_000206,2,PROD_000207,SELL_000012,2024-10-30,114.68,48.5
ORD_000206,3,PROD_000469,SELL_000044,2024-02-15,192.05,49.18
ORD_000206,4,PROD_000272,SELL_000049,2024-02-17,239.68,27.53
ORD_000206,5,PROD_000151,SELL_000050,2024-03-17,444.31,42.05
ORD_000207,1,PROD_000289,SELL_000020,2024-08-01,315.2,31.72
ORD_000207,2,PROD_000012,SELL_000027,2024-03-20,125.43,25.71
ORD_000207,3,PROD_000074,SELL_000015,2024-12-01,242.14,25.26
ORD_000208,1,PROD_000485,SELL_000038,2024-01-15,490.54,44.78
ORD_000208,2,PROD_000117,SELL_000031,2024-12-14,415.49,7.55
ORD_000208,3,PROD_000363,SELL_000049,2024-08-08,165.02,17.27
ORD_000208,4,PROD_000410,SELL_000046,2024-10-05,317.57,25.16
ORD_000208,5,PROD_000344,SELL_000036,2024-05-24,406.86,49.3
ORD_000209,1,PROD_000166,SELL_000046,2024-05-13,44.59,40.6
ORD_000209,2,PROD_000216,SELL_000032,2024-06-10,163.8,31.7
ORD_000209,3,PROD_000040,SELL_000035,2024-10-04,315.91,6.79
ORD_000209,4,PROD_000232,SELL_000048,2024-04-18,236.76,7.98
ORD_000209,5,PROD_000299,SELL_000005,2024-06-14,252.12,7.61
ORD_000210,1,PROD_000155,SELL_000024,2024-09-19,493.91,39.29
ORD_000210,2,PROD_000322,SELL_000025,2024-03-27,208.44,29.75
ORD_000210,3,PROD_000259,SELL_000017,2024-10-09,260.75,23.5
ORD_000210,4,PROD_000269,SELL_000002,2024-03-21,480.15,35.84
ORD_000210,5,PROD_000205,SELL_000006,2024-03-19,126.52,22.96
ORD_000211,1,PROD_000093,SELL_000008,2024-11-20,395.31,32.12
ORD_000212,1,PROD_000378,SELL_000006,2024-10-08,440.46,29.61
ORD_000212,2,PROD_000080,SELL_000037,2024-11-28,396.66,28.53
ORD_000212,3,PROD_000199,SELL_000042,2024-02-21,260.26,11.02
ORD_000213,1,PROD_000333,SELL_000032,2024-01-05,458.55,22.46
ORD_000214,1,PROD_000019,SELL_000008,2024-01-26,232.79,10.94
ORD_000214,2,PROD_000247,SELL_000050,2024-03-17,298.85,11.48
ORD_000214,3,PROD_000284,SELL_000039,2024-04-29,119.71,45.74
ORD_000214,4,PROD_000262,SELL_000043,2024-08-12,334.06,32.34
ORD_000214,5,PROD_000233,SELL_000003,2024-05-05,359.79,6.99
ORD_000215,1,PROD_000168,SELL_000030,2024-09-19,310.95,43.8
ORD_000215,2,PROD_000401,SELL_000047,2024-04-26,498.31,13.6
ORD_000215,3,PROD_000182,SELL_000045,2024-08-17,16.5,26.91
ORD_000215,4,PROD_000121,SELL_000048,2024-02-22,385.31,42.79
ORD_000216,1,PROD_000052,SELL_000021,2024-06-18,176.73,6.92
ORD_000216,2,PROD_000433,SELL_000050,2024-06-12,225.59,45.73
ORD_000217,1,PROD_000066,SELL_000042,2024-02-18,267.15,32.8
ORD_000217,2,PROD_000346,SELL_000048,2024-04-24,263.12,36.99
ORD_000217,3,PROD_000144,SELL_000017,2024-01-24,162.48,49.18
ORD_000218,1,PROD_000108,SELL_000007,2024-02-10,162.57,18.89
ORD_000218,2,PROD_000248,SELL_000004,2024-11-30,460.68,9.61
ORD_000218,3,PROD_000079,SELL_000015,2024-11-28,398.71,43.29
ORD_000218,4,PROD_000102,SELL_000026,2024-10-02,495.34,10.12
ORD_000218,5,PROD_000322,SELL_000049,2024-07-21,411.38,39.94
ORD_000219,1,PROD_000039,SELL_000048,2024-01-21,295.56,24.71
ORD_000219,2,PROD_000447,SELL_000029,2024-11-13,228.74,7.4
ORD_000219,3,PROD_000452,SELL_000010,2024-04-29,323.02,18.61
ORD_000219,4,PROD_000399,SELL_000041,2024-05-17,185.01,28.06
ORD_000219,5,PROD_000135,SELL_000027,2024-08-31,291.51,18.21
ORD_000220,1,PROD_000420,SELL_000050,2024-08-05,365.56,24.23
ORD_000220,2,PROD_000153,SELL_000002,2024-02-04,221.68,47.19
ORD_000221,1,PROD_000164,SELL_000031,2024-04-22,381.61,27.77
ORD_000221,2,PROD_000107,SELL_000008,2024-07-01,295.32,27.42
ORD_000221,3,PROD_000232,SELL_000046,2024-03-24,304.7,36.65
ORD_000221,4,PROD_000076,SELL_000043,2024-08-13,124.43,27.91
ORD_000221,5,PROD_000493,SELL_000036,2024-04-17,358.23,11.15
ORD_000222,1,PROD_000170,SELL_000036,2024-07-08,461.67,34.78
ORD_000223,1,PROD_000421,SELL_000015,2024-04-27,95.77,9.07
ORD_000223,2,PROD_000438,SELL_000048,2024-07-10,43.8,20.61
ORD_000224,1,PROD_000276,SELL_000016,2024-10-26,222.1,22.51
ORD_000224,2,PROD_000485,SELL_000030,2024-04-17,156.95,40.76
ORD_000224,3,PROD_000434,SELL_000031,2024-12-30,134.76,12.95
ORD_000225,1,PROD_000177,SELL_000048,2024-11-20,290.43,29.51
ORD_000226,1,PROD_000472,SELL_000041,2024-09-07,141.19,46.94
ORD_000227,1,PROD_000059,SELL_000028,2024-02-03,226.56,20.15
ORD_000227,2,PROD_000486,SELL_000011,2024-03-26,47.69,34.9
ORD_000227,3,PROD_000208,SELL_000037,2024-10-10,45.18,42.54
ORD_000227,4,PROD_000147,SELL_000007,2024-04-27,395.99,18.49
ORD_000227,5,PROD_000141,SELL_000043,2024-09-03,199.44,45.02
ORD_000228,1,PROD_000131,SELL_000036,2024-04-15,350.06,41.49
ORD_000228,2,PROD_000148,SELL_000002,2024-03-07,299.83,37.35
ORD_000228,3,PROD_000065,SELL_000035,2024-07-27,151.42,33.66
ORD_000228,4,PROD_000124,SELL_000013,2024-01-16,407.83,24.11
ORD_000228,5,PROD_000437,SELL_000041,2024-06-28,484.93,38.71
ORD_000229,1,PROD_000372,SELL_000042,2024-10-27,198.39,41.86
ORD_000229,2,PROD_000060,SELL_000036,2024-04-07,213.65,25.36
ORD_000229,3,PROD_000064,SELL_000039,2024-07-13,495.07,23.62
ORD_000229,4,PROD_000488,SELL_000005,2024-01-02,78.38,19.11
ORD_000229,5,PROD_000202,SELL_000016,2024-05-23,95.21,47.76
ORD_000230,1,PROD_000069,SELL_000009,2024-03-10,343.22,49.05
ORD_000231,1,PROD_000315,SELL_000038,2024-10-06,29.41,45.48
ORD_000231,2,PROD_000107,SELL_000047,2024-08-13,486.26,29.92
ORD_000231,3,PROD_000457,SELL_000027,2024-09-07,185.46,38.32
ORD_000232,1,PROD_000243,SELL_000029,2024-11-11,45.36,11.74
ORD_000233,1,PROD_000142,SELL_000026,2024-03-03,144.43,6.21
ORD_000233,2,PROD_000085,SELL_000014,2024-05-06,390.66,20.77
ORD_000233,3,PROD_000235,SELL_000020,2024-07-22,454.9,24.54
ORD_000234,1,PROD_000072,SELL_000025,2024-01-28,63.92,22.27
ORD_000234,2,PROD_000251,SELL_000049,2024-03-07,196.01,7.99
ORD_000234,3,PROD_000300,SELL_000049,2024-07-02,370.18,33.93
ORD_000235,1,PROD_000325,SELL_000022,2024-07-02,295.5,12.11
ORD_000235,2,PROD_000094,SELL_000032,2024-12-17,224.95,43.29
ORD_000235,3,PROD_000135,SELL_000006,2024-06-02,307.85,6.18
ORD_000235,4,PROD_000475,SELL_000036,2024-06-15,11.22,13.05
ORD_000235,5,PROD_000411,SELL_000022,2024-06-25,41.14,37.49
ORD_000236,1,PROD_000426,SELL_000018,2024-05-28,463.43,16.51
ORD_000236,2,PROD_000282,SELL_000026,2024-09-04,78.93,29.01
ORD_000237,1,PROD_000118,SELL_000037,2024-01-02,157.34,38.98
ORD_000237,2,PROD_000490,SELL_000015,2024-02-04,133.82,21.25
ORD_000237,3,PROD_000194,SELL_000047,2024-12-23,51.01,35.9
ORD_000237,4,PROD_000150,SELL_000038,2024-04-12,82.92,9.18
ORD_000237,5,PROD_000134,SELL_000045,2024-10-29,234.41,28.27
ORD_000238,1,PROD_000422,SELL_000021,2024-04-20,41.13,44.37
ORD_000238,2,PROD_000005,SELL_000019,2024-01-09,295.75,17.84
ORD_000238,3,PROD_000226,SELL_000032,2024-11-30,223.37,9.26
ORD_000238,4,PROD_000100,SELL_000004,2024-12-24,268.88,21.83
ORD_000238,5,PROD_000027,SELL_000004,2024-02-22,364.31,29.12
ORD_000239,1,PROD_000044,SELL_000020,2024-04-16,295.33,19.61
ORD_000239,2,PROD_000481,SELL_000005,2024-05-09,122.13,26.66
ORD_000240,1,PROD_000088,SELL_000041,2024-02-24,473.19,5.67
ORD_000240,2,PROD_000409,SELL_000036,2024-02-10,278.91,9.38
ORD_000240,3,PROD_000315,SELL_000043,2024-07-27,319.12,19.4
ORD_000240,4,PROD_000155,SELL_000009,2024-06-19,382.88,42.75
ORD_000241,1,PROD_000329,SELL_000036,2024-11-30,420.55,11.43
ORD_000241,2,PROD_000220,SELL_000038,2024-12-03,106.98,46.6
ORD_000241,3,PROD_000370,SELL_000005,2024-07-10,471.61,13.06
ORD_000241,4,PROD_000381,SELL_000013,2024-01-08,208.08,7.38
ORD_000242,1,PROD_000028,SELL_000012,2024-09-15,221.55,20.09
ORD_000242,2,PROD_000332,SELL_000045,2024-06-21,455.88,5.85
ORD_000243,1,PROD_000469,SELL_000009,2024-03-28,151.27,9.3
ORD_000243,2,PROD_000149,SELL_000010,2024-01-15,207.82,26.62
ORD_000243,3,PROD_000053,SELL_000021,2024-02-09,135.49,38.23
ORD_000244,1,PROD_000073,SELL_000002,2024-02-19,491.72,23.08
ORD_000244,2,PROD_000458,SELL_000016,2024-04-16,425.91,28.37
ORD_000244,3,PROD_000066,SELL_000009,2024-03-11,146.16,6.42
ORD_000244,4,PROD_000164,SELL_000015,2024-10-28,73.94,34.92
ORD_000244,5,PROD_000025,SELL_000024,2024-07-13,78.52,6.24
ORD_000245,1,PROD_000388,SELL_000003,2024-02-09,65.8,14.35
ORD_000245,2,PROD_000274,SELL_000020,2024-04-18,119.58,9.55
ORD_000245,3,PROD_000117,SELL_000042,2024-03-31,188.17,28.27
ORD_000245,4,PROD_000490,SELL_000008,2024-04-20,87.58,37.98
ORD_000245,5,PROD_000131,SELL_000022,2024-07-30,342.84,20.0
ORD_000246,1,PROD_000156,SELL_000012,2024-09-14,205.87,39.76
ORD_000246,2,PROD_000153,SELL_000040,2024-08-15,219.82,5.22
ORD_000247,1,PROD_000299,SELL_000033,2024-08-09,220.41,17.04
ORD_000247,2,PROD_000382,SELL_000004,2024-10-26,475.87,16.14
ORD_000247,3,PROD_000385,SELL_000030,2024-11-22,338.31,33.13
ORD_000248,1,PROD_000142,SELL_000043,2024-10-21,279.57,33.13
ORD_000248,2,PROD_000091,SELL_000040,2024-08-30,416.88,21.03
ORD_000249,1,PROD_000172,SELL_000045,2024-04-01,498.67,49.18
ORD_000250,1,PROD_000190,SELL_000022,2024-10-16,425.06,17.04
ORD_000250,2,PROD_000392,SELL_000025,2024-03-22,191.17,16.08
ORD_000250,3,PROD_000328,SELL_000033,2024-02-02,313.6,23.75
ORD_000250,4,PROD_000154,SELL_000007,2024-05-17,241.64,49.67
ORD_000251,1,PROD_000128,SELL_000026,2024-10-25,352.0,12.17
ORD_000251,2,PROD_000450,SELL_000029,2024-05-19,462.66,22.72
ORD_000252,1,PROD_000342,SELL_000015,2024-06-23,112.11,31.13
ORD_000252,2,PROD_000353,SELL_000045,2024-07-28,72.37,33.52
ORD_000252,3,PROD_000393,SELL_000037,2024-10-10,445.23,38.66
ORD_000253,1,PROD_000149,SELL_000013,2024-12-29,379.94,22.47
ORD_000253,2,PROD_000473,SELL_000038,2024-03-19,155.93,20.24
ORD_000254,1,PROD_000081,SELL_000042,2024-08-23,433.07,36.4
ORD_000255,1,PROD_000487,SELL_000013,2024-11-17,278.06,15.11
ORD_000255,2,PROD_000139,SELL_000014,2024-12-04,150.44,29.68
ORD_000255,3,PROD_000257,SELL_000048,2024-08-08,130.71,31.0
ORD_000255,4,PROD_000212,SELL_000007,2024-07-21,368.06,11.62
ORD_000256,1,PROD_000241,SELL_000038,2024-11-24,125.82,32.38
ORD_000256,2,PROD_000456,SELL_000049,2024-10-07,395.79,8.47
ORD_000256,3,PROD_000050,SELL_000023,2024-04-25,340.17,27.5
ORD_000256,4,PROD_000052,SELL_000026,2024-09-21,331.33,36.26
ORD_000256,5,PROD_000046,SELL_000002,2024-05-06,21.33,41.29
ORD_000257,1,PROD_000067,SELL_000025,2024-02-01,241.05,12.47
ORD_000257,2,PROD_000426,SELL_000050,2024-01-04,472.06,17.32
ORD_000257,3,PROD_000315,SELL_000028,2024-09-04,479.87,45.67
ORD_000257,4,PROD_000010,SELL_000036,2024-03-13,199.43,17.38
ORD_000258,1,PROD_000061,SELL_000009,2024-03-04,489.73,22.92
ORD_000258,2,PROD_000101,SELL_000038,2024-06-02,393.67,24.89
ORD_000259,1,PROD_000166,SELL_000042,2024-05-23,420.78,38.69
ORD_000259,2,PROD_000426,SELL_000041,2024-03-26,200.41,36.61
ORD_000260,1,PROD_000385,SELL_000026,2024-04-16,459.41,13.61
ORD_000260,2,PROD_000056,SELL_000030,2024-03-13,376.55,31.33
ORD_000260,3,PROD_000413,SELL_000038,2024-11-19,450.65,5.51
ORD_000261,1,PROD_000421,SELL_000037,2024-05-15,257.76,34.92
ORD_000261,2,PROD_000342,SELL_000008,2024-04-03,324.6,36.61
ORD_000261,3,PROD_000197,SELL_000046,2024-05-30,287.91,8.98
ORD_000261,4,PROD_000210,SELL_000029,2024-12-11,22.53,35.69
ORD_000262,1,PROD_000115,SELL_000014,2024-06-18,118.13,9.99
ORD_000262,2,PROD_000054,SELL_000025,2024-02-26,93.21,40.34
ORD_000262,3,PROD_000293,SELL_000002,2024-02-29,206.66,37.33
ORD_000262,4,PROD_000291,SELL_000039,2024-05-20,368.38,6.52
ORD_000262,5,PROD_000387,SELL_000006,2024-04-10,120.95,17.25
ORD_000263,1,PROD_000111,SELL_000031,2024-12-07,215.44,26.69
ORD_000263,2,PROD_000410,SELL_000014,2024-12-18,144.08,40.76
ORD_000263,3,PROD_000145,SELL_000003,2024-10-16,277.29,36.11
ORD_000264,1,PROD_000373,SELL_000004,2024-02-07,433.84,27.21
ORD_000265,1,PROD_000020,SELL_000005,2024-05-09,455.27,9.1
ORD_000265,2,PROD_000206,SELL_000001,2024-05-25,293.39,36.97
ORD_000266,1,PROD_000396,SELL_000002,2024-01-26,425.73,34.53
ORD_000267,1,PROD_000458,SELL_000003,2024-03-19,269.52,42.39
ORD_000267,2,PROD_000214,SELL_000027,2024-03-02,208.06,29.49
ORD_000268,1,PROD_000383,SELL_000005,2024-11-14,305.09,16.09
ORD_000269,1,PROD_000063,SELL_000050,2024-04-13,136.33,45.29
ORD_000269,2,PROD_000479,SELL_000022,2024-06-04,281.22,44.97
ORD_000270,1,PROD_000108,SELL_000021,2024-04-12,46.6,7.76
ORD_000271,1,PROD_000290,SELL_000043,2024-02-20,247.98,47.26
ORD_000271,2,PROD_000303,SELL_000007,2024-04-16,461.18,22.2
ORD_000271,3,PROD_000041,SELL_000021,2024-09-04,58.45,36.59
ORD_000271,4,PROD_000045,SELL_000032,2024-03-01,109.61,11.09
ORD_000272,1,PROD_000299,SELL_000044,2024-06-08,463.85,41.76
ORD_000273,1,PROD_000156,SELL_000030,2024-12-09,435.04,12.27
ORD_000273,2,PROD_000478,SELL_000034,2024-10-12,403.47,8.97
ORD_000274,1,PROD_000062,SELL_000009,2024-10-01,235.09,33.44
ORD_000275,1,PROD_000070,SELL_000032,2024-12-23,46.79,46.82
ORD_000275,2,PROD_000110,SELL_000028,2024-09-01,426.08,21.58
ORD_000275,3,PROD_000195,SELL_000019,2024-08-08,101.89,8.23
ORD_000276,1,PROD_000404,SELL_000006,2024-01-21,459.81,27.47
ORD_000276,2,PROD_000315,SELL_000008,2024-12-03,493.08,10.5
ORD_000276,3,PROD_000296,SELL_000019,2024-03-28,132.26,11.83
ORD_000276,4,PROD_000179,SELL_000019,2024-01-26,47.31,15.69
ORD_000276,5,PROD_000472,SELL_000022,2024-04-22,172.43,23.49
ORD_000277,1,PROD_000495,SELL_000043,2024-04-05,200.38,23.29
ORD_000277,2,PROD_000130,SELL_000023,2024-06-22,91.94,19.54
ORD_000277,3,PROD_000388,SELL_000042,2024-09-12,372.4,45.2
ORD_000277,4,PROD_000002,SELL_000009,2024-11-21,188.01,26.9
ORD_000278,1,PROD_000479,SELL_000046,2024-08-27,296.04,31.87
ORD_000279,1,PROD_000142,SELL_000034,2024-09-27,458.3,21.15
ORD_000279,2,PROD_000200,SELL_000039,2024-05-25,258.27,49.19
ORD_000279,3,PROD_000307,SELL_000015,2024-01-31,25.01,9.77
ORD_000279,4,PROD_000322,SELL_000045,2024-06-24,222.02,20.65
ORD_000279,5,PROD_000340,SELL_000026,2024-04-17,189.15,40.02
ORD_000280,1,PROD_000454,SELL_000010,2024-04-05,229.64,37.6
ORD_000280,2,PROD_000234,SELL_000010,2024-07-19,208.06,39.22
ORD_000280,3,PROD_000186,SELL_000026,2024-07-07,22.69,22.23
ORD_000281,1,PROD_000244,SELL_000002,2024-12-06,30.99,18.23
ORD_000282,1,PROD_000057,SELL_000015,2024-01-04,493.55,22.01
ORD_000282,2,PROD_000332,SELL_000027,2024-04-03,137.73,40.44
ORD_000282,3,PROD_000263,SELL_000029,2024-02-23,439.7,5.15
ORD_000283,1,PROD_000210,SELL_000035,2024-11-03,38.91,17.24
ORD_000283,2,PROD_000498,SELL_000049,2024-02-22,248.07,29.13
ORD_000283,3,PROD_000004,SELL_000031,2024-07-28,92.57,27.57
ORD_000283,4,PROD_000057,SELL_000008,2024-06-29,436.39,34.68
ORD_000284,1,PROD_000118,SELL_000010,2024-10-10,82.56,12.87
ORD_000284,2,PROD_000080,SELL_000019,2024-01-08,272.66,26.2
ORD_000285,1,PROD_000270,SELL_000013,2024-07-03,499.96,31.6
ORD_000285,2,PROD_000153,SELL_000003,2024-01-02,143.73,6.76
ORD_000286,1,PROD_000138,SELL_000029,2024-11-06,403.24,15.27
ORD_000286,2,PROD_000456,SELL_000007,2024-12-27,66.58,16.08
ORD_000286,3,PROD_000342,SELL_000002,2024-06-10,105.18,48.52
ORD_000286,4,PROD_000484,SELL_000029,2024-03-16,90.72,33.94
ORD_000286,5,PROD_000304,SELL_000009,2024-01-05,397.86,24.65
ORD_000287,1,PROD_000328,SELL_000045,2024-12-07,186.1,27.02
ORD_000288,1,PROD_000307,SELL_000049,2024-08-26,266.85,6.31
ORD_000289,1,PROD_000009,SELL_000005,2024-01-14,448.53,9.6
ORD_000289,2,PROD_000148,SELL_000046,2024-06-18,128.87,8.47
ORD_000289,3,PROD_000171,SELL_000049,2024-03-06,395.46,27.97
ORD_000289,4,PROD_000465,SELL_000007,2024-12-02,138.69,26.13
ORD_000289,5,PROD_000210,SELL_000030,2024-05-28,369.05,33.3
ORD_000290,1,PROD_000019,SELL_000012,2024-02-14,324.36,35.34
ORD_000290,2,PROD_000475,SELL_000040,2024-04-25,21.06,14.99
ORD_000290,3,PROD_000177,SELL_000032,2024-10-14,324.81,48.56
ORD_000290,4,PROD_000345,SELL_000015,2024-08-26,283.57,39.79
ORD_000290,5,PROD_000342,SELL_000010,2024-02-20,118.74,34.73
ORD_000291,1,PROD_000129,SELL_000016,2024-07-26,302.17,5.62
ORD_000291,2,PROD_000417,SELL_000022,2024-10-10,168.35,20.5
ORD_000291,3,PROD_000253,SELL_000024,2024-10-31,290.36,36.4
ORD_000291,4,PROD_000011,SELL_000035,2024-05-23,101.42,45.27
ORD_000292,1,PROD_000428,SELL_000027,2024-11-05,482.73,30.49
ORD_000293,1,PROD_000354,SELL_000020,2024-07-03,447.99,28.39
ORD_000294,1,PROD_000220,SELL_000001,2024-07-13,42.67,7.18
ORD_000294,2,PROD_000170,SELL_000027,2024-08-24,127.89,25.36
ORD_000294,3,PROD_000140,SELL_000024,2024-08-16,447.9,8.73
ORD_000294,4,PROD_000163,SELL_000010,2024-08-16,213.04,46.69
ORD_000294,5,PROD_000215,SELL_000043,2024-10-14,43.86,31.45
ORD_000295,1,PROD_000030,SELL_000009,2024-07-03,117.78,5.92
ORD_000295,2,PROD_000144,SELL_000013,2024-09-03,364.21,32.72
ORD_000295,3,PROD_000083,SELL_000041,2024-11-10,425.95,18.31
ORD_000295,4,PROD_000155,SELL_000030,2024-09-13,431.24,13.12
ORD_000295,5,PROD_000411,SELL_000001,2024-09-30,148.17,13.29
ORD_000296,1,PROD_000462,SELL_000017,2024-03-31,114.17,28.05
ORD_000296,2,PROD_000393,SELL_000003,2024-05-21,49.21,36.92
ORD_000297,1,PROD_000057,SELL_000047,2024-06-19,177.58,47.4
ORD_000297,2,PROD_000204,SELL_000039,2024-02-26,170.54,20.21
ORD_000297,3,PROD_000235,SELL_000019,2024-10-27,464.8,22.29
ORD_000298,1,PROD_000289,SELL_000025,2024-01-09,89.45,12.4
ORD_000298,2,PROD_000232,SELL_000004,2024-05-03,498.41,14.58
ORD_000298,3,PROD_000337,SELL_000010,2024-11-14,399.47,35.4
ORD_000298,4,PROD_000150,SELL_000023,2024-04-03,466.15,43.17
ORD_000299,1,PROD_000328,SELL_000035,2024-03-13,267.43,15.19
ORD_000299,2,PROD_000144,SELL_000002,2024-03-13,306.5,22.65
ORD_000299,3,PROD_000464,SELL_000045,2024-11-13,304.05,24.92
ORD_000300,1,PROD_000249,SELL_000019,2024-03-22,304.12,42.31
ORD_000301,1,PROD_000155,SELL_000006,2024-07-28,237.37,46.74
ORD_000302,1,PROD_000464,SELL_000008,2024-07-03,345.4,31.57
ORD_000302,2,PROD_000461,SELL_000026,2024-07-15,306.02,26.37
ORD_000303,1,PROD_000203,SELL_000015,2024-03-06,411.51,38.82
ORD_000304,1,PROD_000063,SELL_000015,2024-10-28,86.88,7.03
ORD_000304,2,PROD_000273,SELL_000050,2024-07-03,13.72,11.81
ORD_000305,1,PROD_000049,SELL_000043,2024-10-27,33.89,30.94
ORD_000305,2,PROD_000330,SELL_000016,2024-04-19,193.1,15.16
ORD_000305,3,PROD_000310,SELL_000032,2024-02-14,305.81,5.09
ORD_000305,4,PROD_000331,SELL_000002,2024-04-05,357.28,34.16
ORD_000306,1,PROD_000051,SELL_000025,2024-03-16,100.26,20.32
ORD_000306,2,PROD_000367,SELL_000046,2024-12-13,147.58,27.15
ORD_000306,3,PROD_000264,SELL_000048,2024-07-08,183.41,31.99
ORD_000306,4,PROD_000002,SELL_000047,2024-08-19,293.89,32.97
ORD_000307,1,PROD_000117,SELL_000001,2024-05-27,399.02,20.49
ORD_000307,2,PROD_000412,SELL_000014,2024-03-11,374.02,8.73
ORD_000308,1,PROD_000334,SELL_000041,2024-08-28,238.08,40.18
ORD_000308,2,PROD_000394,SELL_000005,2024-05-26,172.43,18.03
ORD_000308,3,PROD_000376,SELL_000019,2024-05-06,227.53,40.21
ORD_000308,4,PROD_000061,SELL_000040,2024-06-01,473.04,20.87
ORD_000309,1,PROD_000359,SELL_000007,2024-02-12,338.34,48.83
ORD_000309,2,PROD_000220,SELL_000027,2024-12-31,219.73,7.63
ORD_000309,3,PROD_000091,SELL_000043,2024-08-30,327.57,39.18
ORD_000309,4,PROD_000035,SELL_000009,2024-01-15,394.04,12.21
ORD_000309,5,PROD_000045,SELL_000045,2024-11-28,167.36,29.63
ORD_000310,1,PROD_000340,SELL_000005,2024-11-16,39.34,10.94
ORD_000310,2,PROD_000036,SELL_000044,2024-02-29,201.49,33.17
ORD_000310,3,PROD_000349,SELL_000029,2024-01-14,199.33,42.17
ORD_000310,4,PROD_000324,SELL_000028,2024-04-15,174.3,11.1
ORD_000311,1,PROD_000351,SELL_000032,2024-03-05,274.18,31.36
ORD_000311,2,PROD_000037,SELL_000009,2024-07-13,411.18,28.26
ORD_000312,1,PROD_000332,SELL_000033,2024-07-08,212.9,46.02
ORD_000312,2,PROD_000043,SELL_000006,2024-05-27,424.44,32.28
ORD_000312,3,PROD_000099,SELL_000002,2024-01-22,24.17,38.59
ORD_000313,1,PROD_000426,SELL_000022,2024-05-06,289.2,29.2
ORD_000313,2,PROD_000465,SELL_000045,2024-03-18,438.11,36.64
ORD_000313,3,PROD_000038,SELL_000014,2024-03-15,137.23,20.51
ORD_000313,4,PROD_000338,SELL_000041,2024-09-15,427.21,22.1
ORD_000314,1,PROD_000065,SELL_000031,2024-10-02,359.67,9.65
ORD_000314,2,PROD_000338,SELL_000036,2024-04-14,402.71,27.36
ORD_000315,1,PROD_000292,SELL_000005,2024-06-24,448.8,46.37
ORD_000315,2,PROD_000072,SELL_000003,2024-02-19,58.2,17.37
ORD_000315,3,PROD_000446,SELL_000002,2024-07-18,403.88,12.37
ORD_000316,1,PROD_000202,SELL_000019,2024-04-05,221.23,43.96
ORD_000316,2,PROD_000449,SELL_000015,2024-07-08,41.17,11.5
ORD_000316,3,PROD_000094,SELL_000018,2024-06-11,472.1,14.93
ORD_000316,4,PROD_000414,SELL_000016,2024-09-08,475.59,21.44
ORD_000317,1,PROD_000161,SELL_000049,2024-07-17,310.66,48.98
ORD_000317,2,PROD_000134,SELL_000034,2024-08-14,260.54,31.49
ORD_000317,3,PROD_000082,SELL_000011,2024-05-23,408.93,31.0
ORD_000317,4,PROD_000363,SELL_000024,2024-03-03,20.62,23.31
ORD_000318,1,PROD_000162,SELL_000001,2024-07-31,293.51,48.68
ORD_000318,2,PROD_000215,SELL_000021,2024-07-16,271.58,20.02
ORD_000319,1,PROD_000074,SELL_000044,2024-01-29,434.52,39.47
ORD_000320,1,PROD_000449,SELL_000027,2024-12-31,251.17,31.88
ORD_000320,2,PROD_000119,SELL_000048,2024-06-13,354.06,32.63
ORD_000320,3,PROD_000300,SELL_000050,2024-04-21,136.13,44.48
ORD_000320,4,PROD_000444,SELL_000009,2024-02-08,74.19,9.96
ORD_000321,1,PROD_000445,SELL_000043,2024-07-10,451.51,13.37
ORD_000321,2,PROD_000404,SELL_000013,2024-05-30,447.56,25.77
ORD_000321,3,PROD_000439,SELL_000045,2024-12-25,337.38,36.46
ORD_000321,4,PROD_000147,SELL_000023,2024-09-10,364.29,25.86
ORD_000322,1,PROD_000192,SELL_000008,2024-09-24,152.74,34.49
ORD_000322,2,PROD_000235,SELL_000002,2024-04-15,122.79,32.49
ORD_000323,1,PROD_000048,SELL_000019,2024-08-20,282.2,42.84
ORD_000323,2,PROD_000484,SELL_000010,2024-05-05,104.6,34.03
ORD_000324,1,PROD_000356,SELL_000004,2024-10-18,352.37,17.14
ORD_000324,2,PROD_000033,SELL_000046,2024-07-22,249.24,39.47
ORD_000325,1,PROD_000007,SELL_000026,2024-04-11,209.43,14.89
ORD_000325,2,PROD_000072,SELL_000034,2024-08-07,108.23,10.08
ORD_000325,3,PROD_000071,SELL_000010,2024-01-15,412.64,42.85
ORD_000325,4,PROD_000457,SELL_000047,2024-12-13,263.82,27.65
ORD_000326,1,PROD_000065,SELL_000025,2024-05-10,388.89,44.14
ORD_000326,2,PROD_000105,SELL_000014,2024-04-19,217.2,25.31
ORD_000326,3,PROD_000296,SELL_000025,2024-01-13,474.03,27.93
ORD_000327,1,PROD_000310,SELL_000026,2024-09-13,364.65,33.72
ORD_000327,2,PROD_000358,SELL_000014,2024-07-15,14.28,20.1
ORD_000327,3,PROD_000347,SELL_000017,2024-11-07,459.5,45.08
ORD_000327,4,PROD_000449,SELL_000039,2024-03-10,21.77,49.34
ORD_000327,5,PROD_000470,SELL_000027,2024-05-24,288.45,42.53
ORD_000328,1,PROD_000444,SELL_000013,2024-03-16,138.16,21.63
ORD_000329,1,PROD_000465,SELL_000037,2024-04-21,193.36,42.12
ORD_000330,1,PROD_000040,SELL_000007,2024-06-19,152.97,9.94
ORD_000331,1,PROD_000403,SELL_000034,2024-12-20,448.34,33.9
ORD_000331,2,PROD_000277,SELL_000004,2024-04-21,476.31,38.02
ORD_000331,3,PROD_000296,SELL_000041,2024-01-20,150.06,33.71
ORD_000332,1,PROD_000145,SELL_000004,2024-05-20,128.58,20.69
ORD_000333,1,PROD_000458,SELL_000033,2024-06-24,47.17,14.61
ORD_000333,2,PROD_000170,SELL_000013,2024-09-25,320.81,9.64
ORD_000333,3,PROD_000264,SELL_000042,2024-04-22,243.88,25.61
ORD_000333,4,PROD_000181,SELL_000033,2024-01-27,106.57,33.1
ORD_000334,1,PROD_000053,SELL_000026,2024-09-22,466.38,22.16
ORD_000335,1,PROD_000057,SELL_000032,2024-08-19,278.97,6.62
ORD_000335,2,PROD_000493,SELL_000039,2024-01-21,85.84,25.82
ORD_000335,3,PROD_000467,SELL_000043,2024-02-23,208.35,32.28
ORD_000335,4,PROD_000356,SELL_000036,2024-11-27,354.61,26.77
ORD_000336,1,PROD_000224,SELL_000006,2024-02-25,189.25,46.75
ORD_000337,1,PROD_000410,SELL_000034,2024-08-05,65.28,30.59
ORD_000337,2,PROD_000241,SELL_000025,2024-08-13,184.56,38.11
ORD_000337,3,PROD_000267,SELL_000013,2024-12-06,107.61,23.62
ORD_000337,4,PROD_000244,SELL_000003,2024-06-14,433.77,19.98
ORD_000338,1,PROD_000107,SELL_000024,2024-04-08,135.24,33.96
ORD_000338,2,PROD_000035,SELL_000038,2024-06-28,216.77,24.79
ORD_000338,3,PROD_000077,SELL_000035,2024-07-09,130.99,47.83
ORD_000338,4,PROD_000127,SELL_000038,2024-12-02,300.7,39.25
ORD_000338,5,PROD_000084,SELL_000019,2024-03-23,200.07,34.68
ORD_000339,1,PROD_000240,SELL_000050,2024-12-25,246.17,30.18
ORD_000340,1,PROD_000349,SELL_000022,2024-10-04,409.05,46.81
ORD_000341,1,PROD_000281,SELL_000032,2024-11-06,435.81,5.19
ORD_000341,2,PROD_000448,SELL_000050,2024-04-14,13.17,40.49
ORD_000341,3,PROD_000175,SELL_000014,2024-03-22,451.47,25.79
ORD_000341,4,PROD_000246,SELL_000049,2024-07-16,220.7,30.21
ORD_000342,1,PROD_000131,SELL_000021,2024-02-06,322.61,41.5
ORD_000342,2,PROD_000364,SELL_000004,2024-03-26,166.77,44.37
ORD_000343,1,PROD_000484,SELL_000020,2024-08-07,62.18,15.73
ORD_000343,2,PROD_000412,SELL_000035,2024-08-28,410.91,47.36
ORD_000343,3,PROD_000004,SELL_000035,2024-10-16,462.69,10.63
ORD_000344,1,PROD_000328,SELL_000030,2024-04-25,282.23,37.18
ORD_000345,1,PROD_000487,SELL_000031,2024-09-01,239.88,46.39
ORD_000345,2,PROD_000487,SELL_000049,2024-03-01,69.23,39.2
ORD_000346,1,PROD_000072,SELL_000021,2024-03-07,349.71,26.63
ORD_000346,2,PROD_000259,SELL_000025,2024-04-12,10.54,32.11
ORD_000346,3,PROD_000005,SELL_000029,2024-02-13,81.75,7.16
ORD_000347,1,PROD_000367,SELL_000018,2024-03-14,104.8,35.38
ORD_000347,2,PROD_000251,SELL_000014,2024-12-14,482.51,20.7
ORD_000348,1,PROD_000435,SELL_000045,2024-12-06,229.05,26.13
ORD_000348,2,PROD_000388,SELL_000040,2024-12-31,452.61,47.06
ORD_000348,3,PROD_000348,SELL_000038,2024-10-26,319.14,9.88
ORD_000348,4,PROD_000187,SELL_000046,2024-11-09,222.91,39.73
ORD_000349,1,PROD_000395,SELL_000030,2024-07-28,155.04,32.33
ORD_000349,2,PROD_000371,SELL_000044,2024-07-13,266.77,15.55
ORD_000349,3,PROD_000148,SELL_000050,2024-05-17,17.88,32.67
ORD_000349,4,PROD_000188,SELL_000010,2024-03-24,468.72,42.78
ORD_000350,1,PROD_000346,SELL_000025,2024-12-16,359.2,13.83
ORD_000350,2,PROD_000235,SELL_000040,2024-04-13,479.02,13.2
ORD_000351,1,PROD_000297,SELL_000005,2024-05-13,129.5,33.07
ORD_000352,1,PROD_000235,SELL_000002,2024-07-05,349.71,26.52
ORD_000353,1,PROD_000216,SELL_000004,2024-02-29,173.94,40.49
ORD_000353,2,PROD_000301,SELL_000008,2024-02-13,454.86,19.79
ORD_000354,1,PROD_000023,SELL_000005,2024-07-23,357.33,45.93
ORD_000355,1,PROD_000005,SELL_000002,2024-09-16,26.02,23.06
ORD_000355,2,PROD_000287,SELL_000037,2024-04-17,338.02,43.01
ORD_000355,3,PROD_000466,SELL_000022,2024-11-03,233.3,30.03
ORD_000355,4,PROD_000438,SELL_000014,2024-04-23,166.14,27.84
ORD_000356,1,PROD_000184,SELL_000032,2024-02-16,304.06,9.85
ORD_000356,2,PROD_000293,SELL_000026,2024-08-30,289.37,41.82
ORD_000357,1,PROD_000125,SELL_000046,2024-09-16,462.82,49.32
ORD_000357,2,PROD_000199,SELL_000019,2024-12-14,417.56,41.55
ORD_000357,3,PROD_000012,SELL_000014,2024-02-17,471.78,47.74
ORD_000357,4,PROD_000355,SELL_000009,2024-12-03,209.76,21.42
ORD_000358,1,PROD_000073,SELL_000020,2024-07-21,273.98,16.87
ORD_000358,2,PROD_000456,SELL_000038,2024-03-27,494.37,27.41
ORD_000358,3,PROD_000066,SELL_000019,2024-01-03,29.3,6.55
ORD_000358,4,PROD_000451,SELL_000048,2024-12-12,332.34,5.94
ORD_000358,5,PROD_000201,SELL_000043,2024-01-27,52.32,34.99
ORD_000359,1,PROD_000405,SELL_000002,2024-06-13,52.15,6.08
ORD_000359,2,PROD_000393,SELL_000022,2024-05-24,112.15,11.45
ORD_000359,3,PROD_000450,SELL_000008,2024-07-25,477.64,14.13
ORD_000359,4,PROD_000030,SELL_000042,2024-12-23,365.49,49.48
ORD_000360,1,PROD_000461,SELL_000027,2024-12-02,455.69,22.16
ORD_000360,2,PROD_000365,SELL_000049,2024-04-13,407.79,9.02
ORD_000360,3,PROD_000030,SELL_000004,2024-01-21,298.77,28.68
ORD_000361,1,PROD_000302,SELL_000016,2024-02-04,280.99,28.45
ORD_000361,2,PROD_000373,SELL_000001,2024-06-08,428.27,28.93
ORD_000361,3,PROD_000023,SELL_000012,2024-09-27,325.41,47.68
ORD_000361,4,PROD_000172,SELL_000045,2024-05-23,41.59,29.47
ORD_000361,5,PROD_000483,SELL_000039,2024-04-03,316.25,7.28
ORD_000362,1,PROD_000026,SELL_000017,2024-12-28,118.11,24.96
ORD_000362,2,PROD_000218,SELL_000006,2024-05-05,387.45,22.73
ORD_000363,1,PROD_000470,SELL_000042,2024-01-14,260.8,41.48
ORD_000363,2,PROD_000072,SELL_000009,2024-12-12,321.24,28.4
ORD_000363,3,PROD_000179,SELL_000049,2024-10-20,158.52,25.65
ORD_000363,4,PROD_000358,SELL_000017,2024-08-23,424.93,44.23
ORD_000363,5,PROD_000467,SELL_000046,2024-04-23,46.09,42.27
ORD_000364,1,PROD_000019,SELL_000023,2024-12-15,278.76,14.54
ORD_000365,1,PROD_000005,SELL_000040,2024-08-10,253.63,14.13
ORD_000365,2,PROD_000230,SELL_000040,2024-09-15,152.21,11.28
ORD_000366,1,PROD_000300,SELL_000008,2024-06-07,78.57,24.0
ORD_000366,2,PROD_000120,SELL_000031,2024-07-28,369.39,21.02
ORD_000366,3,PROD_000015,SELL_000049,2024-02-24,208.71,26.86
ORD_000366,4,PROD_000246,SELL_000045,2024-02-21,259.45,26.54
ORD_000366,5,PROD_000446,SELL_000009,2024-12-03,270.08,41.47
ORD_000367,1,PROD_000210,SELL_000016,2024-08-10,276.93,45.77
ORD_000367,2,PROD_000342,SELL_000023,2024-01-14,53.01,34.46
ORD_000368,1,PROD_000236,SELL_000026,2024-03-30,300.14,13.28
ORD_000368,2,PROD_000222,SELL_000028,2024-08-16,262.21,36.1
ORD_000369,1,PROD_000292,SELL_000045,2024-12-19,105.41,33.96
ORD_000370,1,PROD_000487,SELL_000026,2024-06-16,92.81,29.76
ORD_000371,1,PROD_000347,SELL_000046,2024-10-03,484.05,5.03
ORD_000371,2,PROD_000150,SELL_000038,2024-10-26,128.5,19.31
ORD_000371,3,PROD_000275,SELL_000007,2024-03-11,168.49,33.01
ORD_000371,4,PROD_000246,SELL_000030,2024-03-19,222.58,48.85
ORD_000371,5,PROD_000429,SELL_000032,2024-07-14,155.23,29.71
ORD_000372,1,PROD_000468,SELL_000036,2024-07-09,480.2,28.95
ORD_000372,2,PROD_000163,SELL_000002,2024-02-08,460.04,47.35
ORD_000373,1,PROD_000064,SELL_000050,2024-08-14,63.59,47.63
ORD_000373,2,PROD_000199,SELL_000022,2024-09-05,280.2,13.48
ORD_000373,3,PROD_000036,SELL_000009,2024-10-30,479.06,43.83
ORD_000374,1,PROD_000180,SELL_000006,2024-10-01,271.11,8.61
ORD_000374,2,PROD_000059,SELL_000020,2024-09-27,219.98,7.52
ORD_000374,3,PROD_000334,SELL_000024,2024-01-24,12.14,32.16
ORD_000374,4,PROD_000135,SELL_000018,2024-11-01,354.96,13.14
ORD_000375,1,PROD_000288,SELL_000032,2024-06-28,323.33,49.66
ORD_000375,2,PROD_000321,SELL_000015,2024-11-25,18.16,11.36
ORD_000375,3,PROD_000101,SELL_000002,2024-03-05,59.82,44.47
ORD_000375,4,PROD_000175,SELL_000041,2024-01-08,41.27,27.82
ORD_000376,1,PROD_000253,SELL_000018,2024-03-29,290.09,48.61
ORD_000377,1,PROD_000339,SELL_000042,2024-11-04,178.87,49.8
ORD_000377,2,PROD_000083,SELL_000015,2024-04-07,209.96,14.49
ORD_000377,3,PROD_000061,SELL_000041,2024-10-15,17.68,12.57
ORD_000377,4,PROD_000022,SELL_000001,2024-09-13,323.08,5.89
ORD_000378,1,PROD_000416,SELL_000017,2024-03-30,453.3,34.3
ORD_000378,2,PROD_000217,SELL_000009,2024-05-13,353.86,30.84
ORD_000379,1,PROD_000123,SELL_000031,2024-11-22,151.26,6.12
ORD_000379,2,PROD_000415,SELL_000021,2024-09-11,443.22,36.07
ORD_000379,3,PROD_000414,SELL_000042,2024-05-22,159.49,47.57
ORD_000380,1,PROD_000189,SELL_000027,2024-12-14,390.72,27.32
ORD_000380,2,PROD_000026,SELL_000047,2024-07-14,275.95,27.18
ORD_000380,3,PROD_000107,SELL_000024,2024-11-27,158.93,47.29
ORD_000380,4,PROD_000113,SELL_000017,2024-06-19,365.03,17.63
ORD_000380,5,PROD_000336,SELL_000028,2024-10-09,487.84,34.82
ORD_000381,1,PROD_000182,SELL_000033,2024-04-12,336.47,44.27
ORD_000381,2,PROD_000260,SELL_000013,2024-06-01,285.17,43.53
ORD_000381,3,PROD_000339,SELL_000023,2024-12-02,278.05,24.3
ORD_000381,4,PROD_000082,SELL_000027,2024-09-11,115.76,49.04
ORD_000382,1,PROD_000266,SELL_000021,2024-05-04,85.59,43.73
ORD_000382,2,PROD_000416,SELL_000030,2024-08-31,188.81,26.19
ORD_000382,3,PROD_000474,SELL_000033,2024-11-08,152.46,12.16
ORD_000383,1,PROD_000395,SELL_000040,2024-10-15,117.04,42.31
ORD_000383,2,PROD_000129,SELL_000020,2024-05-05,436.92,37.8
ORD_000383,3,PROD_000306,SELL_000045,2024-06-22,434.6,6.43
ORD_000383,4,PROD_000013,SELL_000049,2024-06-06,166.37,7.68
ORD_000384,1,PROD_000306,SELL_000012,2024-09-30,141.88,25.86
ORD_000385,1,PROD_000027,SELL_000030,2024-04-11,147.38,46.3
ORD_000386,1,PROD_000389,SELL_000013,2024-10-18,32.38,26.03
ORD_000386,2,PROD_000117,SELL_000048,2024-09-08,454.42,43.0
ORD_000386,3,PROD_000303,SELL_000021,2024-05-19,321.12,46.49
ORD_000386,4,PROD_000342,SELL_000041,2024-12-18,12.35,30.3
ORD_000386,5,PROD_000015,SELL_000005,2024-08-04,77.48,30.16
ORD_000387,1,PROD_000057,SELL_000023,2024-01-21,341.53,36.01
ORD_000387,2,PROD_000326,SELL_000001,2024-06-03,496.3,6.04
ORD_000387,3,PROD_000095,SELL_000036,2024-02-19,162.71,20.45
ORD_000388,1,PROD_000072,SELL_000030,2024-11-02,139.76,35.77
ORD_000389,1,PROD_000423,SELL_000015,2024-09-09,314.02,42.46
ORD_000389,2,PROD_000170,SELL_000013,2024-02-11,400.77,37.62
ORD_000390,1,PROD_000058,SELL_000010,2024-05-03,331.84,30.92
ORD_000391,1,PROD_000445,SELL_000011,2024-07-25,185.41,44.82
ORD_000391,2,PROD_000419,SELL_000017,2024-03-18,280.17,42.82
ORD_000391,3,PROD_000195,SELL_000012,2024-12-08,178.53,36.14
ORD_000392,1,PROD_000187,SELL_000032,2024-04-25,268.98,29.93
ORD_000392,2,PROD_000347,SELL_000023,2024-06-28,153.35,47.96
ORD_000392,3,PROD_000133,SELL_000041,2024-08-09,488.63,40.92
ORD_000392,4,PROD_000422,SELL_000041,2024-02-12,296.45,19.59
ORD_000392,5,PROD_000041,SELL_000031,2024-12-07,451.92,18.7
ORD_000393,1,PROD_000161,SELL_000049,2024-12-17,117.76,25.42
ORD_000393,2,PROD_000017,SELL_000049,2024-08-02,76.5,13.39
ORD_000393,3,PROD_000433,SELL_000007,2024-08-01,233.26,16.14
ORD_000394,1,PROD_000198,SELL_000007,2024-03-13,424.47,35.05
ORD_000394,2,PROD_000426,SELL_000031,2024-07-11,482.03,37.36
ORD_000394,3,PROD_000391,SELL_000048,2024-03-27,382.91,16.58
ORD_000395,1,PROD_000089,SELL_000049,2024-08-06,24.09,16.59
ORD_000396,1,PROD_000262,SELL_000042,2024-08-15,202.2,5.64
ORD_000397,1,PROD_000478,SELL_000004,2024-08-06,289.8,8.77
ORD_000397,2,PROD_000427,SELL_000028,2024-05-04,19.89,42.98
ORD_000397,3,PROD_000473,SELL_000040,2024-11-03,174.65,8.32
ORD_000397,4,PROD_000382,SELL_000032,2024-02-01,162.27,6.46
ORD_000397,5,PROD_000169,SELL_000047,2024-11-12,412.54,29.29
ORD_000398,1,PROD_000469,SELL_000044,2024-12-27,364.55,24.83
ORD_000398,2,PROD_000347,SELL_000007,2024-03-30,476.61,14.69
ORD_000399,1,PROD_000424,SELL_000050,2024-09-29,460.68,28.88
ORD_000399,2,PROD_000020,SELL_000020,2024-09-15,178.64,47.11
ORD_000400,1,PROD_000333,SELL_000010,2024-01-31,81.17,32.35
ORD_000400,2,PROD_000125,SELL_000026,2024-06-02,189.47,43.66
ORD_000400,3,PROD_000075,SELL_000036,2024-03-31,394.86,15.69
ORD_000401,1,PROD_000131,SELL_000009,2024-08-30,187.29,21.7
ORD_000401,2,PROD_000194,SELL_000030,2024-04-05,307.13,7.88
ORD_000402,1,PROD_000150,SELL_000038,2024-01-14,376.76,33.29
ORD_000402,2,PROD_000100,SELL_000006,2024-09-24,426.91,14.14
ORD_000402,3,PROD_000154,SELL_000016,2024-08-12,442.64,21.76
ORD_000403,1,PROD_000454,SELL_000003,2024-12-18,330.06,12.06
ORD_000404,1,PROD_000248,SELL_000031,2024-03-02,342.32,9.82
ORD_000404,2,PROD_000009,SELL_000027,2024-03-17,344.83,10.16
ORD_000404,3,PROD_000345,SELL_000030,2024-11-06,71.99,45.65
ORD_000404,4,PROD_000492,SELL_000022,2024-02-03,455.75,14.61
ORD_000404,5,PROD_000083,SELL_000033,2024-02-28,422.51,11.36
ORD_000405,1,PROD_000043,SELL_000048,2024-01-29,368.27,27.01
ORD_000405,2,PROD_000420,SELL_000040,2024-03-21,86.8,31.72
ORD_000405,3,PROD_000127,SELL_000026,2024-10-18,450.95,40.41
ORD_000405,4,PROD_000227,SELL_000014,2024-12-14,235.65,40.01
ORD_000405,5,PROD_000059,SELL_000050,2024-01-15,185.9,30.42
ORD_000406,1,PROD_000250,SELL_000001,2024-08-15,325.3,20.58
ORD_000406,2,PROD_000305,SELL_000048,2024-11-13,421.84,8.64
ORD_000406,3,PROD_000443,SELL_000013,2024-01-30,134.6,19.3
ORD_000406,4,PROD_000006,SELL_000012,2024-01-05,74.16,34.08
ORD_000407,1,PROD_000125,SELL_000036,2024-09-11,281.93,6.54
ORD_000407,2,PROD_000110,SELL_000048,2024-06-08,322.6,44.62
ORD_000407,3,PROD_000088,SELL_000039,2024-06-11,256.47,25.37
ORD_000407,4,PROD_000204,SELL_000004,2024-05-02,327.8,7.14
ORD_000407,5,PROD_000005,SELL_000039,2024-04-16,143.84,35.82
ORD_000408,1,PROD_000348,SELL_000023,2024-06-02,316.46,29.14
ORD_000408,2,PROD_000371,SELL_000010,2024-05-03,396.52,29.38
ORD_000408,3,PROD_000050,SELL_000003,2024-02-09,445.45,42.35
ORD_000408,4,PROD_000341,SELL_000009,2024-08-17,94.54,7.18
ORD_000409,1,PROD_000052,SELL_000016,2024-05-06,147.6,7.7
ORD_000409,2,PROD_000280,SELL_000020,2024-03-23,82.96,9.43
ORD_000409,3,PROD_000275,SELL_000043,2024-10-08,92.84,40.82
ORD_000410,1,PROD_000017,SELL_000050,2024-10-09,372.71,35.83
ORD_000410,2,PROD_000040,SELL_000049,2024-12-11,199.5,10.47
ORD_000411,1,PROD_000114,SELL_000027,2024-01-06,126.4,30.44
ORD_000411,2,PROD_000342,SELL_000044,2024-02-15,327.77,36.56
ORD_000411,3,PROD_000126,SELL_000048,2024-07-14,304.11,25.96
ORD_000411,4,PROD_000262,SELL_000038,2024-12-28,160.07,26.87
ORD_000412,1,PROD_000095,SELL_000003,2024-01-23,21.34,10.82
ORD_000412,2,PROD_000132,SELL_000045,2024-02-22,392.47,48.49
ORD_000412,3,PROD_000468,SELL_000001,2024-08-22,65.93,15.86
ORD_000412,4,PROD_000288,SELL_000024,2024-01-16,399.28,35.21
ORD_000413,1,PROD_000165,SELL_000007,2024-04-03,116.18,5.29
ORD_000413,2,PROD_000191,SELL_000006,2024-02-27,442.25,31.29
ORD_000413,3,PROD_000042,SELL_000040,2024-05-16,401.29,18.68
ORD_000413,4,PROD_000133,SELL_000024,2024-08-04,306.7,11.38
ORD_000413,5,PROD_000203,SELL_000023,2024-06-23,200.85,10.17
ORD_000414,1,PROD_000233,SELL_000028,2024-09-13,48.34,24.76
ORD_000414,2,PROD_000376,SELL_000044,2024-03-01,347.17,35.41
ORD_000415,1,PROD_000213,SELL_000049,2024-03-14,424.76,15.82
ORD_000415,2,PROD_000182,SELL_000026,2024-02-25,75.89,23.08
ORD_000415,3,PROD_000425,SELL_000025,2024-08-14,276.51,47.3
ORD_000415,4,PROD_000191,SELL_000024,2024-09-11,111.66,9.43
ORD_000415,5,PROD_000279,SELL_000034,2024-09-02,376.25,42.04
ORD_000416,1,PROD_000085,SELL_000047,2024-03-13,116.53,34.49
ORD_000417,1,PROD_000342,SELL_000025,2024-02-06,157.94,40.44
ORD_000417,2,PROD_000454,SELL_000025,2024-04-01,252.18,14.22
ORD_000417,3,PROD_000112,SELL_000001,2024-06-01,476.2,9.97
ORD_000418,1,PROD_000214,SELL_000050,2024-02-20,345.26,12.84
ORD_000418,2,PROD_000344,SELL_000007,2024-07-11,100.93,28.01
ORD_000418,3,PROD_000058,SELL_000039,2024-07-23,495.27,38.17
ORD_000418,4,PROD_000107,SELL_000027,2024-05-15,244.81,42.88
ORD_000419,1,PROD_000161,SELL_000025,2024-10-03,488.71,22.44
ORD_000419,2,PROD_000262,SELL_000031,2024-01-13,116.06,29.8
ORD_000419,3,PROD_000400,SELL_000015,2024-01-03,23.87,29.36
ORD_000419,4,PROD_000250,SELL_000044,2024-11-05,461.06,15.25
ORD_000420,1,PROD_000354,SELL_000006,2024-06-26,292.56,13.15
ORD_000420,2,PROD_000488,SELL_000010,2024-12-28,494.04,31.72
ORD_000421,1,PROD_000248,SELL_000004,2024-07-16,171.62,15.04
ORD_000421,2,PROD_000033,SELL_000003,2024-05-16,34.44,38.43
ORD_000422,1,PROD_000297,SELL_000007,2024-02-12,276.18,12.67
ORD_000422,2,PROD_000263,SELL_000011,2024-05-24,245.11,28.34
ORD_000423,1,PROD_000045,SELL_000035,2024-02-29,228.71,31.25
ORD_000424,1,PROD_000334,SELL_000004,2024-09-03,173.99,25.17
ORD_000424,2,PROD_000314,SELL_000047,2024-09-24,331.52,42.47
ORD_000424,3,PROD_000245,SELL_000019,2024-10-25,311.01,33.09
ORD_000424,4,PROD_000030,SELL_000021,2024-03-24,465.63,11.07
ORD_000425,1,PROD_000064,SELL_000008,2024-05-23,277.68,23.41
ORD_000425,2,PROD_000172,SELL_000027,2024-07-02,263.22,9.27
ORD_000425,3,PROD_000318,SELL_000035,2024-12-06,59.98,47.32
ORD_000425,4,PROD_000496,SELL_000001,2024-08-10,47.72,14.51
ORD_000426,1,PROD_000209,SELL_000016,2024-02-19,496.65,14.01
ORD_000426,2,PROD_000049,SELL_000011,2024-11-02,235.89,47.98
ORD_000426,3,PROD_000427,SELL_000023,2024-08-18,410.81,38.52
ORD_000427,1,PROD_000053,SELL_000027,2024-11-02,159.49,23.47
ORD_000427,2,PROD_000250,SELL_000036,2024-09-17,44.8,30.83
ORD_000427,3,PROD_000457,SELL_000014,2024-09-27,427.94,36.97
ORD_000427,4,PROD_000332,SELL_000038,2024-10-27,36.24,28.87
ORD_000428,1,PROD_000358,SELL_000004,2024-02-29,384.17,33.94
ORD_000428,2,PROD_000007,SELL_000032,2024-02-10,218.75,27.22
ORD_000429,1,PROD_000408,SELL_000044,2024-12-23,94.15,22.51
ORD_000429,2,PROD_000411,SELL_000045,2024-04-10,216.58,10.42
ORD_000430,1,PROD_000040,SELL_000031,2024-11-11,431.88,19.82
ORD_000430,2,PROD_000297,SELL_000003,2024-01-25,162.13,32.09
ORD_000431,1,PROD_000125,SELL_000031,2024-12-11,90.04,21.08
ORD_000432,1,PROD_000191,SELL_000034,2024-06-20,256.73,20.38
ORD_000432,2,PROD_000216,SELL_000016,2024-12-15,302.87,31.37
ORD_000432,3,PROD_000389,SELL_000008,2024-03-20,246.1,17.53
ORD_000433,1,PROD_000310,SELL_000041,2024-03-20,81.29,19.5
ORD_000433,2,PROD_000493,SELL_000022,2024-02-25,224.59,17.25
ORD_000434,1,PROD_000359,SELL_000048,2024-04-05,168.11,44.63
ORD_000434,2,PROD_000035,SELL_000041,2024-05-11,417.71,44.04
ORD_000434,3,PROD_000460,SELL_000012,2024-02-25,411.26,49.62
ORD_000434,4,PROD_000362,SELL_000013,2024-07-27,407.44,10.47
ORD_000434,5,PROD_000278,SELL_000026,2024-04-30,290.01,16.75
ORD_000435,1,PROD_000051,SELL_000014,2024-10-12,133.33,15.52
ORD_000435,2,PROD_000161,SELL_000025,2024-04-22,390.23,32.14
ORD_000435,3,PROD_000005,SELL_000050,2024-08-29,302.93,28.46
ORD_000436,1,PROD_000397,SELL_000040,2024-01-25,328.8,24.29
ORD_000436,2,PROD_000339,SELL_000020,2024-07-05,442.15,31.07
ORD_000436,3,PROD_000238,SELL_000009,2024-11-19,146.01,37.82
ORD_000437,1,PROD_000384,SELL_000040,2024-11-06,434.46,36.62
ORD_000437,2,PROD_000236,SELL_000031,2024-11-22,390.44,13.47
ORD_000437,3,PROD_000334,SELL_000049,2024-02-18,215.08,27.87
ORD_000437,4,PROD_000035,SELL_000014,2024-04-21,481.87,26.17
ORD_000437,5,PROD_000479,SELL_000028,2024-08-20,24.1,36.16
ORD_000438,1,PROD_000246,SELL_000043,2024-04-26,356.24,48.86
ORD_000439,1,PROD_000157,SELL_000009,2024-11-30,94.11,12.68
ORD_000439,2,PROD_000436,SELL_000018,2024-02-19,347.29,28.63
ORD_000440,1,PROD_000416,SELL_000004,2024-07-30,340.12,16.05
ORD_000440,2,PROD_000376,SELL_000016,2024-08-11,163.21,45.58
ORD_000441,1,PROD_000457,SELL_000035,2024-02-22,327.92,18.95
ORD_000442,1,PROD_000087,SELL_000019,2024-10-11,437.58,17.18
ORD_000442,2,PROD_000343,SELL_000043,2024-01-17,87.1,17.58
ORD_000442,3,PROD_000414,SELL_000049,2024-07-08,13.59,32.04
ORD_000443,1,PROD_000211,SELL_000023,2024-12-26,448.28,9.09
ORD_000443,2,PROD_000343,SELL_000048,2024-09-21,218.64,7.93
ORD_000443,3,PROD_000173,SELL_000027,2024-05-21,13.95,41.12
ORD_000443,4,PROD_000146,SELL_000007,2024-06-08,252.55,13.66
ORD_000444,1,PROD_000318,SELL_000046,2024-02-04,449.65,26.04
ORD_000444,2,PROD_000164,SELL_000020,2024-11-22,75.78,42.74
ORD_000444,3,PROD_000048,SELL_000044,2024-11-21,315.56,27.89
ORD_000444,4,PROD_000423,SELL_000012,2024-07-17,431.44,35.03
ORD_000444,5,PROD_000421,SELL_000050,2024-02-07,23.31,13.98
ORD_000445,1,PROD_000164,SELL_000040,2024-05-17,98.81,31.01
ORD_000445,2,PROD_000090,SELL_000003,2024-11-21,478.84,15.88
ORD_000445,3,PROD_000196,SELL_000046,2024-07-15,222.06,34.88
ORD_000445,4,PROD_000217,SELL_000039,2024-03-30,389.93,30.64
ORD_000446,1,PROD_000119,SELL_000035,2024-07-16,55.7,16.25
ORD_000446,2,PROD_000428,SELL_000005,2024-11-17,413.13,40.21
ORD_000447,1,PROD_000312,SELL_000044,2024-01-10,419.53,40.69
ORD_000447,2,PROD_000402,SELL_000020,2024-03-06,147.42,33.39
ORD_000448,1,PROD_000151,SELL_000001,2024-07-13,218.07,13.0
ORD_000448,2,PROD_000382,SELL_000013,2024-05-19,210.95,14.07
ORD_000449,1,PROD_000346,SELL_000034,2024-10-03,306.21,47.85
ORD_000449,2,PROD_000132,SELL_000014,2024-08-30,191.75,47.26
ORD_000449,3,PROD_000378,SELL_000034,2024-07-15,223.73,32.55
ORD_000450,1,PROD_000260,SELL_000028,2024-07-05,407.85,12.91
ORD_000451,1,PROD_000373,SELL_000036,2024-04-01,198.02,32.91
ORD_000451,2,PROD_000069,SELL_000036,2024-06-18,178.33,25.24
ORD_000452,1,PROD_000175,SELL_000002,2024-10-23,432.36,12.34
ORD_000452,2,PROD_000389,SELL_000036,2024-11-21,452.68,28.54
ORD_000453,1,PROD_000192,SELL_000039,2024-05-20,440.78,46.45
ORD_000453,2,PROD_000432,SELL_000041,2024-01-06,131.88,24.21
ORD_000453,3,PROD_000464,SELL_000039,2024-08-05,148.86,14.43
ORD_000453,4,PROD_000308,SELL_000007,2024-08-29,208.38,7.02
ORD_000453,5,PROD_000235,SELL_000008,2024-10-09,266.29,5.2
ORD_000454,1,PROD_000409,SELL_000038,2024-06-24,144.24,29.77
ORD_000454,2,PROD_000487,SELL_000030,2024-04-19,467.94,49.37
ORD_000454,3,PROD_000379,SELL_000047,2024-11-09,326.08,35.01
ORD_000454,4,PROD_000265,SELL_000028,2024-08-09,230.49,29.25
ORD_000454,5,PROD_000297,SELL_000017,2024-08-22,18.04,36.54
ORD_000455,1,PROD_000359,SELL_000042,2024-01-13,437.37,43.99
ORD_000455,2,PROD_000222,SELL_000038,2024-01-28,51.65,16.74
ORD_000455,3,PROD_000226,SELL_000006,2024-02-12,22.9,39.14
ORD_000455,4,PROD_000409,SELL_000034,2024-05-14,400.1,47.8
ORD_000456,1,PROD_000053,SELL_000022,2024-07-20,245.41,21.13
ORD_000456,2,PROD_000222,SELL_000047,2024-06-16,10.03,20.24
ORD_000456,3,PROD_000278,SELL_000047,2024-09-16,216.96,5.9
ORD_000456,4,PROD_000050,SELL_000025,2024-09-09,334.47,16.73
ORD_000457,1,PROD_000105,SELL_000019,2024-12-22,111.67,48.45
ORD_000457,2,PROD_000313,SELL_000041,2024-08-11,291.99,19.74
ORD_000458,1,PROD_000166,SELL_000049,2024-01-10,326.4,40.17
ORD_000458,2,PROD_000210,SELL_000046,2024-10-23,397.58,15.32
ORD_000458,3,PROD_000176,SELL_000020,2024-01-25,76.5,37.04
ORD_000459,1,PROD_000462,SELL_000012,2024-10-15,222.97,26.22
ORD_000459,2,PROD_000360,SELL_000035,2024-10-28,92.23,19.9
ORD_000459,3,PROD_000229,SELL_000008,2024-06-03,479.89,43.0
ORD_000460,1,PROD_000029,SELL_000044,2024-05-04,274.07,44.21
ORD_000460,2,PROD_000252,SELL_000028,2024-03-30,380.23,44.35
ORD_000460,3,PROD_000155,SELL_000033,2024-02-07,318.3,39.23
ORD_000461,1,PROD_000265,SELL_000042,2024-05-28,290.76,39.14
ORD_000461,2,PROD_000209,SELL_000036,2024-01-28,338.87,13.81
ORD_000462,1,PROD_000180,SELL_000015,2024-01-11,362.84,8.81
ORD_000462,2,PROD_000395,SELL_000006,2024-03-14,225.24,31.01
ORD_000462,3,PROD_000308,SELL_000022,2024-02-14,483.75,32.47
ORD_000462,4,PROD_000107,SELL_000001,2024-05-31,324.92,27.67
ORD_000462,5,PROD_000189,SELL_000010,2024-12-29,249.97,20.76
ORD_000463,1,PROD_000389,SELL_000031,2024-01-26,446.85,22.43
ORD_000463,2,PROD_000213,SELL_000010,2024-01-28,473.22,38.63
ORD_000463,3,PROD_000111,SELL_000017,2024-06-05,343.2,14.51
ORD_000463,4,PROD_000305,SELL_000017,2024-07-26,259.25,31.9
ORD_000464,1,PROD_000120,SELL_000007,2024-10-03,45.25,48.34
ORD_000464,2,PROD_000101,SELL_000015,2024-07-09,225.47,23.98
ORD_000465,1,PROD_000366,SELL_000048,2024-01-26,229.76,14.89
ORD_000465,2,PROD_000064,SELL_000029,2024-06-04,147.17,21.08
ORD_000465,3,PROD_000237,SELL_000028,2024-03-30,340.85,45.06
ORD_000465,4,PROD_000199,SELL_000016,2024-07-20,227.8,19.09
ORD_000466,1,PROD_000261,SELL_000040,2024-10-11,458.27,32.25
ORD_000467,1,PROD_000136,SELL_000032,2024-07-11,310.51,35.79
ORD_000467,2,PROD_000333,SELL_000016,2024-05-27,421.26,37.08
ORD_000467,3,PROD_000071,SELL_000038,2024-07-01,425.74,25.08
ORD_000467,4,PROD_000236,SELL_000017,2024-01-16,481.53,40.28
ORD_000468,1,PROD_000200,SELL_000030,2024-08-03,283.21,17.66
ORD_000468,2,PROD_000136,SELL_000010,2024-01-13,479.57,26.6
ORD_000468,3,PROD_000240,SELL_000023,2024-02-12,160.98,25.03
ORD_000468,4,PROD_000103,SELL_000020,2024-02-16,47.26,38.95
ORD_000469,1,PROD_000334,SELL_000050,2024-04-17,39.1,31.48
ORD_000469,2,PROD_000404,SELL_000003,2024-11-26,361.64,30.69
ORD_000470,1,PROD_000379,SELL_000003,2024-07-29,192.57,21.07
ORD_000470,2,PROD_000260,SELL_000010,2024-05-04,374.98,37.51
ORD_000470,3,PROD_000176,SELL_000016,2024-09-26,491.76,41.02
ORD_000471,1,PROD_000188,SELL_000016,2024-06-25,477.38,46.12
ORD_000471,2,PROD_000443,SELL_000044,2024-03-08,471.33,24.34
ORD_000471,3,PROD_000017,SELL_000041,2024-12-16,458.56,35.2
ORD_000471,4,PROD_000007,SELL_000003,2024-05-14,238.54,43.5
ORD_000472,1,PROD_000378,SELL_000006,2024-02-06,39.37,16.05
ORD_000472,2,PROD_000158,SELL_000038,2024-12-07,187.22,23.96
ORD_000472,3,PROD_000041,SELL_000039,2024-12-19,385.04,27.58
ORD_000472,4,PROD_000303,SELL_000048,2024-07-24,418.44,49.71
ORD_000472,5,PROD_000045,SELL_000036,2024-02-23,344.6,19.32
ORD_000473,1,PROD_000384,SELL_000029,2024-05-22,206.88,8.44
ORD_000473,2,PROD_000374,SELL_000020,2024-08-29,229.85,46.55
ORD_000474,1,PROD_000330,SELL_000049,2024-11-28,210.1,26.91
ORD_000474,2,PROD_000001,SELL_000018,2024-08-25,369.21,23.52
ORD_000474,3,PROD_000344,SELL_000042,2024-07-16,278.3,11.63
ORD_000474,4,PROD_000315,SELL_000002,2024-07-10,358.89,21.6
ORD_000474,5,PROD_000176,SELL_000039,2024-10-28,193.71,28.7
ORD_000475,1,PROD_000035,SELL_000018,2024-03-26,353.68,36.12
ORD_000475,2,PROD_000002,SELL_000047,2024-04-03,291.38,13.37
ORD_000475,3,PROD_000217,SELL_000019,2024-01-10,164.62,42.72
ORD_000475,4,PROD_000349,SELL_000016,2024-11-16,272.16,12.86
ORD_000475,5,PROD_000080,SELL_000005,2024-05-10,36.85,8.03
ORD_000476,1,PROD_000273,SELL_000025,2024-07-12,25.79,26.8
ORD_000477,1,PROD_000445,SELL_000016,2024-04-20,280.36,42.71
ORD_000477,2,PROD_000130,SELL_000030,2024-09-14,176.4,16.75
ORD_000477,3,PROD_000154,SELL_000020,2024-03-07,11.3,19.73
ORD_000477,4,PROD_000135,SELL_000019,2024-02-23,18.18,45.37
ORD_000478,1,PROD_000470,SELL_000047,2024-04-26,393.71,26.64
ORD_000478,2,PROD_000116,SELL_000023,2024-02-13,273.26,38.65
ORD_000479,1,PROD_000212,SELL_000020,2024-09-12,244.74,9.3
ORD_000479,2,PROD_000047,SELL_000014,2024-07-07,47.41,35.34
ORD_000479,3,PROD_000005,SELL_000010,2024-07-01,261.92,13.8
ORD_000479,4,PROD_000462,SELL_000027,2024-06-12,271.91,8.53
ORD_000480,1,PROD_000487,SELL_000040,2024-09-27,390.15,21.41
ORD_000480,2,PROD_000086,SELL_000045,2024-03-02,249.59,32.1
ORD_000481,1,PROD_000449,SELL_000040,2024-11-14,38.36,30.98
ORD_000481,2,PROD_000156,SELL_000046,2024-12-13,398.89,8.42
ORD_000481,3,PROD_000088,SELL_000036,2024-07-12,171.84,41.34
ORD_000482,1,PROD_000193,SELL_000030,2024-06-26,381.37,13.0
ORD_000483,1,PROD_000106,SELL_000007,2024-10-28,117.97,28.96
ORD_000483,2,PROD_000489,SELL_000037,2024-02-17,278.39,37.24
ORD_000483,3,PROD_000022,SELL_000047,2024-01-30,496.45,48.22
ORD_000483,4,PROD_000034,SELL_000017,2024-07-17,102.65,10.72
ORD_000483,5,PROD_000311,SELL_000012,2024-06-09,458.22,9.63
ORD_000484,1,PROD_000449,SELL_000024,2024-10-22,237.02,42.85
ORD_000484,2,PROD_000391,SELL_000004,2024-10-28,370.4,9.57
ORD_000484,3,PROD_000033,SELL_000033,2024-06-10,85.82,45.71
ORD_000484,4,PROD_000152,SELL_000006,2024-02-15,154.9,23.07
ORD_000484,5,PROD_000101,SELL_000016,2024-02-13,172.85,33.85
ORD_000485,1,PROD_000101,SELL_000004,2024-02-03,167.16,6.75
ORD_000485,2,PROD_000031,SELL_000020,2024-06-01,15.03,24.84
ORD_000485,3,PROD_000046,SELL_000043,2024-12-31,58.91,7.14
ORD_000486,1,PROD_000185,SELL_000040,2024-10-09,158.51,39.56
ORD_000486,2,PROD_000164,SELL_000030,2024-07-28,373.3,36.86
ORD_000486,3,PROD_000122,SELL_000048,2024-06-06,169.51,44.89
ORD_000486,4,PROD_000062,SELL_000036,2024-04-05,302.84,9.42
ORD_000487,1,PROD_000481,SELL_000040,2024-11-03,140.78,11.87
ORD_000487,2,PROD_000214,SELL_000020,2024-12-17,50.2,32.82
ORD_000487,3,PROD_000376,SELL_000007,2024-01-13,215.48,9.71
ORD_000487,4,PROD_000356,SELL_000048,2024-07-15,491.28,22.12
ORD_000488,1,PROD_000048,SELL_000002,2024-02-01,448.63,44.97
ORD_000488,2,PROD_000436,SELL_000045,2024-09-27,321.86,12.2
ORD_000488,3,PROD_000129,SELL_000009,2024-03-05,208.2,11.36
ORD_000488,4,PROD_000423,SELL_000033,2024-03-06,84.45,8.77
ORD_000488,5,PROD_000416,SELL_000032,2024-07-02,464.66,23.09
ORD_000489,1,PROD_000428,SELL_000040,2024-10-19,391.76,47.96
ORD_000489,2,PROD_000016,SELL_000034,2024-04-10,319.4,27.35
ORD_000489,3,PROD_000410,SELL_000046,2024-02-15,375.42,5.5
ORD_000489,4,PROD_000292,SELL_000015,2024-03-13,334.4,33.54
ORD_000490,1,PROD_000253,SELL_000009,2024-03-09,280.12,25.51
ORD_000490,2,PROD_000361,SELL_000013,2024-03-22,81.43,7.1
ORD_000490,3,PROD_000331,SELL_000043,2024-08-26,457.31,17.03
ORD_000491,1,PROD_000316,SELL_000032,2024-03-07,134.5,13.61
ORD_000491,2,PROD_000238,SELL_000008,2024-03-16,308.93,8.98
ORD_000491,3,PROD_000172,SELL_000012,2024-01-24,172.28,49.81
ORD_000492,1,PROD_000362,SELL_000010,2024-11-20,474.39,22.97
ORD_000493,1,PROD_000023,SELL_000019,2024-10-10,24.05,40.61
ORD_000493,2,PROD_000426,SELL_000012,2024-05-15,16.27,40.24
ORD_000493,3,PROD_000434,SELL_000020,2024-09-02,139.11,47.96
ORD_000493,4,PROD_000205,SELL_000045,2024-11-07,483.36,6.87
ORD_000494,1,PROD_000012,SELL_000017,2024-02-13,320.94,48.74
ORD_000494,2,PROD_000300,SELL_000033,2024-06-19,223.47,48.33
ORD_000494,3,PROD_000133,SELL_000014,2024-01-20,55.95,22.5
ORD_000494,4,PROD_000322,SELL_000023,2024-08-09,404.58,14.93
ORD_000494,5,PROD_000287,SELL_000032,2024-09-29,259.24,27.97
ORD_000495,1,PROD_000178,SELL_000028,2024-12-23,491.44,48.95
ORD_000495,2,PROD_000320,SELL_000016,2024-02-08,110.94,34.66
ORD_000495,3,PROD_000027,SELL_000027,2024-11-28,72.71,46.74
ORD_000495,4,PROD_000432,SELL_000038,2024-01-13,443.51,49.65
ORD_000496,1,PROD_000285,SELL_000025,2024-01-06,461.83,26.69
ORD_000496,2,PROD_000302,SELL_000018,2024-12-07,379.09,45.61
ORD_000497,1,PROD_000386,SELL_000037,2024-11-12,17.56,27.9
ORD_000498,1,PROD_000169,SELL_000008,2024-05-12,429.85,28.45
ORD_000498,2,PROD_000409,SELL_000049,2024-06-15,367.63,30.21
ORD_000499,1,PROD_000149,SELL_000020,2024-02-08,298.67,38.91
ORD_000499,2,PROD_000133,SELL_000030,2024-10-16,368.23,48.07
ORD_000499,3,PROD_000120,SELL_000020,2024-08-14,72.79,15.77
ORD_000499,4,PROD_000184,SELL_000006,2024-07-29,242.37,33.78
ORD_000499,5,PROD_000420,SELL_000037,2024-06-19,367.07,10.67
ORD_000500,1,PROD_000253,SELL_000001,2024-10-12,135.37,27.97
ORD_000500,2,PROD_000265,SELL_000026,2024-11-17,269.07,39.66
ORD_000500,3,PROD_000428,SELL_000022,2024-07-14,347.5,11.72
ORD_000500,4,PROD_000457,SELL_000011,2024-07-08,389.41,47.27
ORD_000501,1,PROD_000340,SELL_000012,2024-03-23,267.51,12.41
ORD_000501,2,PROD_000275,SELL_000001,2024-02-27,268.2,11.94
ORD_000501,3,PROD_000192,SELL_000014,2024-01-23,224.03,27.95
ORD_000501,4,PROD_000176,SELL_000028,2024-10-02,366.47,35.67
ORD_000501,5,PROD_000426,SELL_000028,2024-09-06,454.26,33.76
ORD_000502,1,PROD_000010,SELL_000040,2024-07-24,146.49,41.08
ORD_000502,2,PROD_000113,SELL_000031,2024-05-18,369.69,30.85
ORD_000502,3,PROD_000426,SELL_000037,2024-09-01,174.01,8.57
ORD_000502,4,PROD_000183,SELL_000041,2024-04-13,49.77,26.49
ORD_000502,5,PROD_000460,SELL_000023,2024-12-17,395.77,19.84
ORD_000503,1,PROD_000473,SELL_000033,2024-12-25,315.1,17.35
ORD_000503,2,PROD_000363,SELL_000030,2024-05-22,52.62,35.86
ORD_000504,1,PROD_000498,SELL_000034,2024-07-17,345.11,49.22
ORD_000504,2,PROD_000081,SELL_000028,2024-08-16,168.38,10.41
ORD_000504,3,PROD_000384,SELL_000042,2024-03-02,397.06,32.85
ORD_000505,1,PROD_000132,SELL_000022,2024-04-25,141.43,23.28
ORD_000505,2,PROD_000404,SELL_000021,2024-02-07,386.08,40.04
ORD_000505,3,PROD_000224,SELL_000020,2024-02-28,309.57,24.83
ORD_000505,4,PROD_000307,SELL_000028,2024-05-02,468.33,5.36
ORD_000506,1,PROD_000290,SELL_000014,2024-06-29,370.84,41.82
ORD_000507,1,PROD_000428,SELL_000008,2024-07-22,394.3,42.67
ORD_000508,1,PROD_000389,SELL_000048,2024-06-17,292.05,34.35
ORD_000509,1,PROD_000089,SELL_000018,2024-03-16,71.86,17.63
ORD_000509,2,PROD_000278,SELL_000048,2024-04-21,159.6,34.83
ORD_000510,1,PROD_000246,SELL_000025,2024-07-30,281.12,30.55
ORD_000510,2,PROD_000267,SELL_000050,2024-05-11,223.59,36.24
ORD_000511,1,PROD_000412,SELL_000041,2024-09-17,485.71,17.36
ORD_000512,1,PROD_000101,SELL_000020,2024-10-11,12.45,42.73
ORD_000512,2,PROD_000171,SELL_000015,2024-08-13,376.4,21.86
ORD_000513,1,PROD_000205,SELL_000026,2024-09-06,61.12,20.57
ORD_000513,2,PROD_000134,SELL_000018,2024-08-02,441.57,20.53
ORD_000513,3,PROD_000300,SELL_000010,2024-07-21,30.04,45.07
ORD_000513,4,PROD_000249,SELL_000018,2024-07-26,320.17,11.2
ORD_000513,5,PROD_000070,SELL_000004,2024-11-19,173.05,14.28
ORD_000514,1,PROD_000320,SELL_000037,2024-02-03,62.47,36.09
ORD_000514,2,PROD_000364,SELL_000034,2024-06-28,210.3,38.25
ORD_000514,3,PROD_000474,SELL_000044,2024-03-20,403.48,21.4
ORD_000515,1,PROD_000088,SELL_000006,2024-07-02,485.23,37.52
ORD_000516,1,PROD_000286,SELL_000016,2024-01-12,340.05,25.43
ORD_000516,2,PROD_000448,SELL_000021,2024-10-09,77.99,46.14
ORD_000517,1,PROD_000094,SELL_000027,2024-05-14,116.6,32.33
ORD_000517,2,PROD_000204,SELL_000031,2024-11-25,260.88,17.99
ORD_000517,3,PROD_000203,SELL_000001,2024-08-17,284.98,39.95
ORD_000517,4,PROD_000012,SELL_000031,2024-06-25,50.27,40.16
ORD_000518,1,PROD_000357,SELL_000037,2024-02-22,307.5,7.91
ORD_000518,2,PROD_000248,SELL_000024,2024-07-09,43.58,30.77
ORD_000518,3,PROD_000353,SELL_000018,2024-06-03,57.03,18.81
ORD_000518,4,PROD_000400,SELL_000011,2024-06-23,110.94,9.51
ORD_000518,5,PROD_000470,SELL_000018,2024-11-14,275.33,28.4
ORD_000519,1,PROD_000265,SELL_000050,2024-11-26,174.81,30.67
ORD_000519,2,PROD_000140,SELL_000029,2024-08-16,222.84,22.07
ORD_000520,1,PROD_000299,SELL_000003,2024-09-04,19.18,19.68
ORD_000520,2,PROD_000372,SELL_000040,2024-05-15,327.83,36.88
ORD_000520,3,PROD_000327,SELL_000020,2024-04-24,492.16,24.44
ORD_000521,1,PROD_000337,SELL_000032,2024-02-23,174.78,23.47
ORD_000521,2,PROD_000289,SELL_000012,2024-03-14,365.7,42.35
ORD_000521,3,PROD_000137,SELL_000050,2024-11-10,430.71,7.42
ORD_000521,4,PROD_000208,SELL_000045,2024-05-04,156.24,10.06
ORD_000522,1,PROD_000185,SELL_000038,2024-08-26,238.64,49.73
ORD_000522,2,PROD_000340,SELL_000004,2024-02-27,70.3,19.99
ORD_000523,1,PROD_000237,SELL_000030,2024-04-28,385.58,32.66
ORD_000523,2,PROD_000135,SELL_000016,2024-12-06,45.16,45.25
ORD_000523,3,PROD_000135,SELL_000045,2024-10-02,247.04,12.78
ORD_000524,1,PROD_000240,SELL_000033,2024-06-22,206.63,9.67
ORD_000524,2,PROD_000176,SELL_000018,2024-11-28,483.54,33.52
ORD_000524,3,PROD_000159,SELL_000007,2024-07-21,271.64,44.4
ORD_000525,1,PROD_000240,SELL_000014,2024-11-14,335.94,11.82
ORD_000525,2,PROD_000441,SELL_000010,2024-10-02,189.69,21.78
ORD_000525,3,PROD_000283,SELL_000002,2024-12-12,377.44,40.36
ORD_000526,1,PROD_000249,SELL_000048,2024-11-03,157.69,26.95
ORD_000526,2,PROD_000476,SELL_000033,2024-02-21,330.27,23.11
ORD_000526,3,PROD_000080,SELL_000034,2024-05-15,317.75,10.29
ORD_000527,1,PROD_000211,SELL_000011,2024-05-03,114.57,38.12
ORD_000527,2,PROD_000403,SELL_000041,2024-06-04,227.58,18.53
ORD_000528,1,PROD_000053,SELL_000017,2024-07-25,405.36,49.87
ORD_000528,2,PROD_000228,SELL_000041,2024-02-20,134.7,49.06
ORD_000528,3,PROD_000343,SELL_000038,2024-09-08,362.98,41.3
ORD_000528,4,PROD_000356,SELL_000016,2024-05-29,71.0,20.72
ORD_000529,1,PROD_000293,SELL_000022,2024-01-23,263.92,14.75
ORD_000529,2,PROD_000481,SELL_000019,2024-07-10,359.8,23.11
ORD_000529,3,PROD_000063,SELL_000030,2024-01-15,103.57,42.11
ORD_000530,1,PROD_000010,SELL_000005,2024-08-24,180.49,35.5
ORD_000531,1,PROD_000389,SELL_000007,2024-08-13,377.36,47.31
ORD_000532,1,PROD_000294,SELL_000042,2024-05-19,291.57,27.0
ORD_000532,2,PROD_000222,SELL_000045,2024-11-02,97.27,28.81
ORD_000532,3,PROD_000161,SELL_000044,2024-02-21,204.96,36.66
ORD_000532,4,PROD_000057,SELL_000048,2024-07-06,293.37,40.13
ORD_000533,1,PROD_000395,SELL_000038,2024-08-06,228.13,35.46
ORD_000533,2,PROD_000181,SELL_000013,2024-08-08,248.54,15.81
ORD_000533,3,PROD_000451,SELL_000044,2024-07-02,354.58,31.75
ORD_000533,4,PROD_000024,SELL_000032,2024-01-31,232.68,10.98
ORD_000533,5,PROD_000276,SELL_000014,2024-05-19,391.75,48.52
ORD_000534,1,PROD_000411,SELL_000023,2024-02-25,379.11,32.54
ORD_000534,2,PROD_000039,SELL_000018,2024-04-08,33.09,26.06
ORD_000535,1,PROD_000085,SELL_000032,2024-11-22,161.78,32.65
ORD_000535,2,PROD_000222,SELL_000026,2024-12-11,462.21,19.11
ORD_000535,3,PROD_000365,SELL_000050,2024-10-18,212.88,39.59
ORD_000536,1,PROD_000487,SELL_000045,2024-05-18,264.88,6.01
ORD_000537,1,PROD_000341,SELL_000004,2024-08-22,340.04,15.27
ORD_000538,1,PROD_000397,SELL_000041,2024-08-12,423.31,30.23
ORD_000538,2,PROD_000079,SELL_000025,2024-01-14,261.7,48.84
ORD_000538,3,PROD_000176,SELL_000012,2024-12-09,213.39,45.36
ORD_000539,1,PROD_000415,SELL_000038,2024-05-16,356.7,41.0
ORD_000539,2,PROD_000073,SELL_000033,2024-09-25,201.27,47.25
ORD_000539,3,PROD_000054,SELL_000006,2024-03-06,339.39,48.06
ORD_000539,4,PROD_000408,SELL_000011,2024-02-09,139.29,34.6
ORD_000540,1,PROD_000444,SELL_000011,2024-07-13,50.48,9.87
ORD_000540,2,PROD_000251,SELL_000042,2024-10-07,288.13,49.03
ORD_000540,3,PROD_000432,SELL_000022,2024-11-13,433.92,22.74
ORD_000541,1,PROD_000232,SELL_000017,2024-11-19,318.27,21.99
ORD_000541,2,PROD_000191,SELL_000045,2024-04-20,98.62,35.89
ORD_000541,3,PROD_000163,SELL_000018,2024-05-27,463.02,9.92
ORD_000542,1,PROD_000409,SELL_000050,2024-12-19,270.84,43.25
ORD_000543,1,PROD_000044,SELL_000014,2024-07-15,461.47,13.44
ORD_000543,2,PROD_000495,SELL_000002,2024-12-18,175.68,7.61
ORD_000543,3,PROD_000283,SELL_000042,2024-11-26,274.54,36.05
ORD_000544,1,PROD_000228,SELL_000047,2024-08-08,261.37,40.11
ORD_000544,2,PROD_000275,SELL_000050,2024-05-24,432.36,47.26
ORD_000545,1,PROD_000196,SELL_000043,2024-03-10,91.25,47.58
ORD_000545,2,PROD_000134,SELL_000043,2024-09-25,129.48,15.93
ORD_000545,3,PROD_000137,SELL_000004,2024-02-20,64.53,24.93
ORD_000546,1,PROD_000107,SELL_000025,2024-01-07,105.84,27.87
ORD_000546,2,PROD_000450,SELL_000050,2024-07-22,460.87,26.09
ORD_000546,3,PROD_000248,SELL_000003,2024-10-21,15.18,23.98
ORD_000546,4,PROD_000341,SELL_000031,2024-08-11,63.12,29.46
ORD_000546,5,PROD_000398,SELL_000030,2024-07-13,80.75,32.17
ORD_000547,1,PROD_000248,SELL_000027,2024-12-01,246.56,42.73
ORD_000548,1,PROD_000095,SELL_000007,2024-09-13,82.17,17.69
ORD_000548,2,PROD_000269,SELL_000034,2024-07-22,284.85,34.55
ORD_000548,3,PROD_000053,SELL_000033,2024-07-19,408.82,15.01
ORD_000548,4,PROD_000116,SELL_000043,2024-03-24,199.69,18.38
ORD_000549,1,PROD_000408,SELL_000026,2024-05-12,311.23,26.03
ORD_000549,2,PROD_000056,SELL_000038,2024-11-10,50.82,6.67
ORD_000549,3,PROD_000368,SELL_000044,2024-04-29,308.52,5.92
ORD_000550,1,PROD_000408,SELL_000037,2024-01-18,482.98,37.37
ORD_000550,2,PROD_000385,SELL_000032,2024-11-27,17.58,18.43
ORD_000550,3,PROD_000173,SELL_000043,2024-02-29,355.53,31.83
ORD_000551,1,PROD_000064,SELL_000036,2024-02-06,371.32,21.82
ORD_000552,1,PROD_000052,SELL_000013,2024-07-23,496.8,11.4
ORD_000552,2,PROD_000201,SELL_000030,2024-01-07,236.56,12.88
ORD_000552,3,PROD_000492,SELL_000022,2024-05-07,42.82,16.2
ORD_000552,4,PROD_000462,SELL_000026,2024-03-12,392.67,20.34
ORD_000552,5,PROD_000088,SELL_000026,2024-01-03,78.89,10.09
ORD_000553,1,PROD_000377,SELL_000049,2024-01-14,279.7,27.95
ORD_000553,2,PROD_000188,SELL_000018,2024-09-21,15.13,43.92
ORD_000553,3,PROD_000476,SELL_000039,2024-04-29,107.5,49.71
ORD_000553,4,PROD_000280,SELL_000015,2024-09-15,415.5,13.65
ORD_000553,5,PROD_000430,SELL_000040,2024-11-24,50.51,23.37
ORD_000554,1,PROD_000123,SELL_000021,2024-02-14,245.21,20.21
ORD_000554,2,PROD_000130,SELL_000025,2024-10-21,116.66,36.06
ORD_000554,3,PROD_000177,SELL_000008,2024-01-15,439.28,38.05
ORD_000554,4,PROD_000156,SELL_000004,2024-02-16,83.77,29.44
ORD_000555,1,PROD_000045,SELL_000037,2024-06-19,190.15,47.82
ORD_000555,2,PROD_000299,SELL_000046,2024-09-04,287.47,5.54
ORD_000556,1,PROD_000174,SELL_000049,2024-11-05,232.36,27.18
ORD_000556,2,PROD_000253,SELL_000006,2024-09-06,352.64,13.65
ORD_000557,1,PROD_000211,SELL_000033,2024-08-20,454.7,45.2
ORD_000557,2,PROD_000156,SELL_000005,2024-03-08,134.29,46.98
ORD_000557,3,PROD_000196,SELL_000001,2024-06-18,55.68,22.65
ORD_000558,1,PROD_000415,SELL_000015,2024-11-21,319.29,31.58
ORD_000558,2,PROD_000107,SELL_000016,2024-08-18,198.74,16.65
ORD_000558,3,PROD_000388,SELL_000036,2024-08-21,384.34,23.17
ORD_000558,4,PROD_000238,SELL_000043,2024-08-12,430.28,5.42
ORD_000558,5,PROD_000144,SELL_000015,2024-06-08,169.05,47.94
ORD_000559,1,PROD_000410,SELL_000046,2024-08-21,341.4,35.07
ORD_000559,2,PROD_000120,SELL_000006,2024-11-24,383.65,39.21
ORD_000559,3,PROD_000023,SELL_000015,2024-04-26,96.75,31.11
ORD_000559,4,PROD_000216,SELL_000048,2024-08-20,173.33,38.97
ORD_000559,5,PROD_000256,SELL_000017,2024-06-24,66.99,5.01
ORD_000560,1,PROD_000144,SELL_000035,2024-01-24,297.46,36.54
ORD_000560,2,PROD_000225,SELL_000047,2024-04-22,423.41,29.36
ORD_000560,3,PROD_000177,SELL_000025,2024-01-12,429.66,43.03
ORD_000560,4,PROD_000084,SELL_000031,2024-01-28,232.96,40.08
ORD_000560,5,PROD_000299,SELL_000024,2024-10-24,361.88,18.45
ORD_000561,1,PROD_000212,SELL_000008,2024-02-24,62.68,26.79
ORD_000561,2,PROD_000295,SELL_000031,2024-07-20,160.27,25.23
ORD_000561,3,PROD_000149,SELL_000044,2024-06-29,214.98,25.76
ORD_000561,4,PROD_000263,SELL_000037,2024-08-22,84.33,22.43
ORD_000562,1,PROD_000108,SELL_000019,2024-09-17,175.55,47.45
ORD_000562,2,PROD_000349,SELL_000002,2024-04-15,294.19,32.4
ORD_000562,3,PROD_000133,SELL_000044,2024-07-14,268.93,20.7
ORD_000562,4,PROD_000214,SELL_000001,2024-08-11,195.69,31.56
ORD_000562,5,PROD_000306,SELL_000012,2024-11-29,361.74,23.35
ORD_000563,1,PROD_000266,SELL_000009,2024-07-29,393.08,26.44
ORD_000563,2,PROD_000320,SELL_000050,2024-08-15,442.74,45.07
ORD_000564,1,PROD_000306,SELL_000024,2024-08-28,30.03,34.44
ORD_000564,2,PROD_000292,SELL_000037,2024-07-28,80.71,15.03
ORD_000564,3,PROD_000240,SELL_000038,2024-04-05,440.88,41.36
ORD_000564,4,PROD_000473,SELL_000029,2024-02-06,338.34,8.84
ORD_000565,1,PROD_000389,SELL_000016,2024-07-03,70.37,29.93
ORD_000565,2,PROD_000215,SELL_000012,2024-04-06,333.74,6.46
ORD_000565,3,PROD_000277,SELL_000042,2024-03-27,150.84,12.38
ORD_000565,4,PROD_000099,SELL_000044,2024-05-04,35.42,11.44
ORD_000566,1,PROD_000302,SELL_000015,2024-05-10,147.16,6.02
ORD_000566,2,PROD_000206,SELL_000046,2024-01-16,418.91,47.84
ORD_000566,3,PROD_000194,SELL_000037,2024-05-13,356.78,35.6
ORD_000566,4,PROD_000002,SELL_000026,2024-11-10,178.46,10.87
ORD_000566,5,PROD_000175,SELL_000029,2024-10-03,441.18,19.54
ORD_000567,1,PROD_000307,SELL_000020,2024-02-17,76.9,20.46
ORD_000567,2,PROD_000247,SELL_000046,2024-01-26,26.17,22.21
ORD_000568,1,PROD_000130,SELL_000034,2024-10-12,174.8,28.93
ORD_000568,2,PROD_000400,SELL_000022,2024-05-06,62.25,48.28
ORD_000568,3,PROD_000324,SELL_000049,2024-09-24,393.82,16.52
ORD_000569,1,PROD_000180,SELL_000020,2024-03-15,269.41,5.29
ORD_000569,2,PROD_000127,SELL_000029,2024-07-30,382.46,18.62
ORD_000569,3,PROD_000068,SELL_000024,2024-06-20,402.35,26.59
ORD_000570,1,PROD_000282,SELL_000034,2024-11-23,480.69,29.5
ORD_000570,2,PROD_000015,SELL_000044,2024-04-03,30.6,37.49
ORD_000570,3,PROD_000487,SELL_000009,2024-03-28,69.95,44.95
ORD_000570,4,PROD_000470,SELL_000031,2024-01-19,451.96,9.19
ORD_000571,1,PROD_000287,SELL_000026,2024-08-01,462.03,47.81
ORD_000571,2,PROD_000398,SELL_000037,2024-12-05,74.54,41.5
ORD_000571,3,PROD_000290,SELL_000034,2024-09-05,88.14,44.85
ORD_000572,1,PROD_000104,SELL_000045,2024-02-10,133.28,12.09
ORD_000572,2,PROD_000159,SELL_000037,2024-07-05,400.63,12.82
ORD_000572,3,PROD_000419,SELL_000008,2024-08-31,458.7,30.98
ORD_000572,4,PROD_000159,SELL_000020,2024-02-29,219.28,15.55
ORD_000573,1,PROD_000278,SELL_000036,2024-09-17,13.25,5.2
ORD_000573,2,PROD_000166,SELL_000006,2024-12-26,30.25,28.72
ORD_000574,1,PROD_000174,SELL_000044,2024-02-11,83.53,5.95
ORD_000574,2,PROD_000349,SELL_000011,2024-12-27,331.48,5.16
ORD_000574,3,PROD_000371,SELL_000032,2024-07-04,155.8,47.62
ORD_000575,1,PROD_000204,SELL_000018,2024-09-29,254.16,11.19
ORD_000576,1,PROD_000029,SELL_000018,2024-07-27,213.38,44.35
ORD_000577,1,PROD_000333,SELL_000048,2024-01-11,392.16,21.0
ORD_000577,2,PROD_000208,SELL_000044,2024-12-15,289.86,16.38
ORD_000577,3,PROD_000088,SELL_000004,2024-04-28,435.18,22.92
ORD_000578,1,PROD_000274,SELL_000050,2024-06-24,153.25,29.43
ORD_000578,2,PROD_000481,SELL_000013,2024-04-14,16.56,48.54
ORD_000578,3,PROD_000260,SELL_000032,2024-03-14,452.02,36.0
ORD_000578,4,PROD_000111,SELL_000026,2024-10-01,356.54,5.47
ORD_000579,1,PROD_000408,SELL_000006,2024-05-13,174.43,49.0
ORD_000580,1,PROD_000118,SELL_000009,2024-07-25,247.86,17.06
ORD_000580,2,PROD_000340,SELL_000035,2024-06-25,255.08,9.49
ORD_000581,1,PROD_000004,SELL_000007,2024-07-06,31.7,9.81
ORD_000581,2,PROD_000222,SELL_000032,2024-11-08,490.8,48.89
ORD_000581,3,PROD_000343,SELL_000009,2024-01-16,312.54,20.77
ORD_000581,4,PROD_000293,SELL_000009,2024-01-25,68.39,30.31
ORD_000582,1,PROD_000371,SELL_000047,2024-06-30,71.9,15.21
ORD_000582,2,PROD_000077,SELL_000037,2024-08-19,422.47,42.41
ORD_000582,3,PROD_000295,SELL_000042,2024-04-12,379.44,31.35
ORD_000582,4,PROD_000259,SELL_000011,2024-10-31,455.65,20.47
ORD_000582,5,PROD_000494,SELL_000041,2024-07-10,458.1,41.47
ORD_000583,1,PROD_000220,SELL_000014,2024-11-06,326.5,8.75
ORD_000584,1,PROD_000085,SELL_000002,2024-08-27,173.78,47.13
ORD_000584,2,PROD_000155,SELL_000045,2024-02-27,497.51,48.34
ORD_000584,3,PROD_000469,SELL_000012,2024-06-03,285.03,26.05
ORD_000584,4,PROD_000122,SELL_000038,2024-07-30,87.64,10.86
ORD_000584,5,PROD_000308,SELL_000006,2024-09-22,463.58,15.7
ORD_000585,1,PROD_000092,SELL_000020,2024-12-01,291.8,48.95
ORD_000586,1,PROD_000373,SELL_000029,2024-05-01,382.27,34.06
ORD_000586,2,PROD_000363,SELL_000030,2024-09-03,94.21,38.82
ORD_000586,3,PROD_000153,SELL_000013,2024-11-22,159.8,33.33
ORD_000586,4,PROD_000176,SELL_000020,2024-11-15,449.4,28.35
ORD_000587,1,PROD_000310,SELL_000025,2024-07-05,243.51,20.19
ORD_000587,2,PROD_000208,SELL_000049,2024-12-31,427.19,15.03
ORD_000588,1,PROD_000444,SELL_000044,2024-11-28,31.08,12.05
ORD_000588,2,PROD_000469,SELL_000037,2024-01-26,383.82,15.19
ORD_000588,3,PROD_000476,SELL_000035,2024-11-28,19.19,18.36
ORD_000588,4,PROD_000151,SELL_000031,2024-10-25,433.43,48.25
ORD_000588,5,PROD_000321,SELL_000002,2024-01-27,288.14,5.43
ORD_000589,1,PROD_000215,SELL_000045,2024-07-01,246.64,26.5
ORD_000590,1,PROD_000148,SELL_000011,2024-07-27,197.15,40.06
ORD_000590,2,PROD_000356,SELL_000009,2024-03-06,189.32,31.73
ORD_000591,1,PROD_000114,SELL_000027,2024-11-03,123.16,31.79
ORD_000592,1,PROD_000368,SELL_000018,2024-11-19,487.53,46.06
ORD_000593,1,PROD_000076,SELL_000030,2024-05-04,63.28,36.98
ORD_000593,2,PROD_000386,SELL_000030,2024-04-05,411.6,22.82
ORD_000593,3,PROD_000467,SELL_000005,2024-05-13,250.76,43.98
ORD_000594,1,PROD_000293,SELL_000001,2024-01-07,320.73,28.48
ORD_000594,2,PROD_000065,SELL_000040,2024-04-25,116.54,19.85
ORD_000594,3,PROD_000271,SELL_000048,2024-05-20,229.7,18.78
ORD_000594,4,PROD_000081,SELL_000037,2024-10-03,322.31,42.53
ORD_000595,1,PROD_000316,SELL_000027,2024-12-17,213.56,36.21
ORD_000595,2,PROD_000404,SELL_000031,2024-02-13,491.64,16.21
ORD_000595,3,PROD_000305,SELL_000002,2024-03-28,91.42,39.61
ORD_000596,1,PROD_000380,SELL_000020,2024-08-27,367.01,15.63
ORD_000596,2,PROD_000167,SELL_000001,2024-01-23,362.65,11.45
ORD_000597,1,PROD_000009,SELL_000037,2024-01-21,354.55,33.63
ORD_000597,2,PROD_000222,SELL_000020,2024-08-21,209.22,43.91
ORD_000597,3,PROD_000331,SELL_000020,2024-06-04,81.37,27.65
ORD_000597,4,PROD_000128,SELL_000048,2024-12-28,169.19,16.69
ORD_000597,5,PROD_000481,SELL_000004,2024-05-26,96.26,16.19
ORD_000598,1,PROD_000318,SELL_000032,2024-11-03,80.37,36.74
ORD_000598,2,PROD_000032,SELL_000048,2024-08-10,227.01,21.37
ORD_000598,3,PROD_000442,SELL_000018,2024-10-20,120.07,13.84
ORD_000598,4,PROD_000490,SELL_000015,2024-12-17,291.54,31.44
ORD_000599,1,PROD_000164,SELL_000014,2024-12-10,299.08,13.25
ORD_000599,2,PROD_000353,SELL_000023,2024-03-31,261.56,30.11
ORD_000599,3,PROD_000114,SELL_000022,2024-08-22,107.08,42.23
ORD_000600,1,PROD_000051,SELL_000015,2024-05-07,19.65,26.66
ORD_000600,2,PROD_000142,SELL_000022,2024-05-08,318.24,42.72
ORD_000600,3,PROD_000107,SELL_000004,2024-04-03,493.02,24.04
ORD_000600,4,PROD_000052,SELL_000012,2024-03-20,153.63,26.4
ORD_000600,5,PROD_000130,SELL_000002,2024-11-21,289.33,21.84
ORD_000601,1,PROD_000081,SELL_000004,2024-05-04,122.77,7.02
ORD_000601,2,PROD_000469,SELL_000005,2024-07-24,33.62,16.18
ORD_000601,3,PROD_000068,SELL_000021,2024-02-20,411.24,26.94
ORD_000601,4,PROD_000046,SELL_000024,2024-07-02,168.89,43.66
ORD_000602,1,PROD_000412,SELL_000038,2024-05-17,320.68,36.42
ORD_000603,1,PROD_000078,SELL_000010,2024-11-28,410.73,35.38
ORD_000603,2,PROD_000485,SELL_000022,2024-07-21,159.72,8.54
ORD_000603,3,PROD_000318,SELL_000011,2024-07-10,408.38,43.51
ORD_000604,1,PROD_000165,SELL_000015,2024-09-19,402.38,6.6
ORD_000604,2,PROD_000249,SELL_000050,2024-09-22,46.93,9.1
ORD_000605,1,PROD_000422,SELL_000047,2024-06-26,452.68,20.72
ORD_000605,2,PROD_000381,SELL_000015,2024-12-19,161.93,48.24
ORD_000606,1,PROD_000316,SELL_000046,2024-08-29,63.94,36.14
ORD_000607,1,PROD_000184,SELL_000032,2024-03-04,448.13,22.65
ORD_000607,2,PROD_000409,SELL_000015,2024-03-30,479.81,33.43
ORD_000607,3,PROD_000068,SELL_000018,2024-07-29,130.56,42.8
ORD_000608,1,PROD_000062,SELL_000048,2024-07-30,75.72,43.34
ORD_000608,2,PROD_000344,SELL_000043,2024-10-02,332.0,45.13
ORD_000608,3,PROD_000367,SELL_000028,2024-05-02,164.81,5.42
ORD_000608,4,PROD_000399,SELL_000001,2024-08-23,223.55,8.29
ORD_000609,1,PROD_000149,SELL_000010,2024-01-30,164.05,30.31
ORD_000610,1,PROD_000257,SELL_000023,2024-12-08,329.54,31.8
ORD_000610,2,PROD_000236,SELL_000005,2024-06-06,103.03,14.71
ORD_000610,3,PROD_000494,SELL_000028,2024-01-14,457.32,27.73
ORD_000610,4,PROD_000382,SELL_000049,2024-10-31,28.59,6.99
ORD_000611,1,PROD_000392,SELL_000049,2024-08-02,369.04,43.23
ORD_000611,2,PROD_000376,SELL_000014,2024-11-04,82.91,42.4
ORD_000611,3,PROD_000269,SELL_000033,2024-10-13,58.1,31.73
ORD_000612,1,PROD_000144,SELL_000026,2024-12-03,66.14,47.22
ORD_000613,1,PROD_000268,SELL_000008,2024-07-28,483.77,26.29
ORD_000613,2,PROD_000275,SELL_000047,2024-06-30,53.41,41.78
ORD_000613,3,PROD_000181,SELL_000027,2024-11-02,32.42,20.77
ORD_000613,4,PROD_000019,SELL_000043,2024-10-30,197.09,49.7
ORD_000613,5,PROD_000389,SELL_000036,2024-10-02,381.75,22.11
ORD_000614,1,PROD_000269,SELL_000003,2024-01-08,244.79,12.02
ORD_000614,2,PROD_000250,SELL_000011,2024-01-02,364.76,49.26
ORD_000615,1,PROD_000345,SELL_000043,2024-05-29,229.24,33.45
ORD_000616,1,PROD_000108,SELL_000023,2024-08-04,148.53,25.97
ORD_000616,2,PROD_000115,SELL_000047,2024-12-31,392.72,48.17
ORD_000616,3,PROD_000114,SELL_000004,2024-07-24,305.79,47.85
ORD_000616,4,PROD_000267,SELL_000049,2024-11-03,296.15,49.49
ORD_000617,1,PROD_000053,SELL_000042,2024-05-11,179.87,17.78
ORD_000617,2,PROD_000281,SELL_000014,2024-07-30,236.11,8.57
ORD_000617,3,PROD_000199,SELL_000031,2024-05-15,286.51,47.47
ORD_000618,1,PROD_000270,SELL_000033,2024-08-02,230.23,8.08
ORD_000618,2,PROD_000288,SELL_000022,2024-09-09,447.68,8.78
ORD_000618,3,PROD_000156,SELL_000023,2024-08-09,32.26,35.1
ORD_000618,4,PROD_000408,SELL_000024,2024-07-25,111.54,18.67
ORD_000619,1,PROD_000258,SELL_000004,2024-11-17,331.35,14.43
ORD_000620,1,PROD_000009,SELL_000047,2024-01-18,76.0,28.82
ORD_000620,2,PROD_000493,SELL_000023,2024-08-08,172.33,40.6
ORD_000621,1,PROD_000395,SELL_000031,2024-12-27,243.64,40.76
ORD_000621,2,PROD_000010,SELL_000044,2024-04-13,58.72,27.28
ORD_000622,1,PROD_000247,SELL_000007,2024-10-31,393.55,42.78
ORD_000622,2,PROD_000056,SELL_000024,2024-05-25,278.28,35.3
ORD_000622,3,PROD_000007,SELL_000007,2024-03-15,138.68,7.59
ORD_000622,4,PROD_000489,SELL_000024,2024-05-29,175.14,6.07
ORD_000622,5,PROD_000030,SELL_000022,2024-06-01,299.03,6.41
ORD_000623,1,PROD_000341,SELL_000037,2024-10-28,460.02,42.93
ORD_000624,1,PROD_000434,SELL_000032,2024-07-25,319.24,15.66
ORD_000624,2,PROD_000262,SELL_000031,2024-03-11,161.83,9.38
ORD_000624,3,PROD_000110,SELL_000001,2024-04-14,401.18,39.74
ORD_000624,4,PROD_000128,SELL_000034,2024-04-23,388.5,7.67
ORD_000624,5,PROD_000016,SELL_000038,2024-02-11,152.61,19.08
ORD_000625,1,PROD_000158,SELL_000040,2024-04-26,493.1,27.13
ORD_000625,2,PROD_000499,SELL_000046,2024-05-23,62.11,49.62
ORD_000625,3,PROD_000290,SELL_000042,2024-07-31,163.91,17.22
ORD_000625,4,PROD_000387,SELL_000025,2024-03-20,260.87,27.34
ORD_000625,5,PROD_000100,SELL_000023,2024-02-22,265.72,40.93
ORD_000626,1,PROD_000075,SELL_000022,2024-03-21,231.65,19.73
ORD_000626,2,PROD_000207,SELL_000004,2024-01-04,91.31,16.24
ORD_000627,1,PROD_000115,SELL_000019,2024-01-21,192.42,38.46
ORD_000627,2,PROD_000232,SELL_000007,2024-04-05,186.12,34.67
ORD_000628,1,PROD_000289,SELL_000048,2024-01-24,414.77,9.6
ORD_000628,2,PROD_000265,SELL_000041,2024-03-26,388.38,27.81
ORD_000628,3,PROD_000466,SELL_000001,2024-06-22,44.03,23.11
ORD_000628,4,PROD_000023,SELL_000046,2024-10-05,402.51,43.24
ORD_000628,5,PROD_000112,SELL_000038,2024-03-07,249.02,29.9
ORD_000629,1,PROD_000249,SELL_000041,2024-11-11,26.49,30.06
ORD_000629,2,PROD_000410,SELL_000013,2024-08-02,50.62,11.32
ORD_000629,3,PROD_000201,SELL_000040,2024-06-15,416.27,41.46
ORD_000630,1,PROD_000156,SELL_000020,2024-03-21,17.26,12.2
ORD_000630,2,PROD_000133,SELL_000045,2024-10-12,83.1,29.15
ORD_000630,3,PROD_000429,SELL_000026,2024-04-08,364.85,15.99
ORD_000631,1,PROD_000121,SELL_000030,2024-02-10,157.1,6.87
ORD_000631,2,PROD_000483,SELL_000005,2024-02-27,457.57,6.42
ORD_000631,3,PROD_000079,SELL_000025,2024-12-14,196.52,31.42
ORD_000631,4,PROD_000063,SELL_000017,2024-03-04,306.1,16.18
ORD_000632,1,PROD_000210,SELL_000001,2024-07-16,51.78,16.87
ORD_000632,2,PROD_000477,SELL_000006,2024-09-14,288.25,38.5
ORD_000632,3,PROD_000426,SELL_000007,2024-10-25,404.08,32.7
ORD_000632,4,PROD_000376,SELL_000021,2024-07-13,478.64,35.44
ORD_000632,5,PROD_000074,SELL_000020,2024-09-06,210.51,29.85
ORD_000633,1,PROD_000149,SELL_000005,2024-01-25,118.02,8.53
ORD_000633,2,PROD_000048,SELL_000013,2024-02-06,262.68,9.99
ORD_000634,1,PROD_000325,SELL_000007,2024-06-09,14.76,49.25
ORD_000634,2,PROD_000472,SELL_000006,2024-12-24,354.9,12.05
ORD_000634,3,PROD_000326,SELL_000008,2024-08-16,438.2,35.08
ORD_000634,4,PROD_000159,SELL_000020,2024-08-19,28.89,21.25
ORD_000634,5,PROD_000001,SELL_000037,2024-05-21,398.27,41.3
ORD_000635,1,PROD_000233,SELL_000007,2024-06-01,333.69,27.65
ORD_000635,2,PROD_000270,SELL_000014,2024-02-06,20.67,9.71
ORD_000635,3,PROD_000415,SELL_000023,2024-07-19,143.17,26.32
ORD_000635,4,PROD_000485,SELL_000049,2024-03-20,234.29,34.76
ORD_000636,1,PROD_000308,SELL_000018,2024-01-29,232.95,17.05
ORD_000636,2,PROD_000114,SELL_000014,2024-08-19,140.11,32.82
ORD_000636,3,PROD_000298,SELL_000040,2024-09-26,230.39,32.19
ORD_000636,4,PROD_000118,SELL_000016,2024-11-08,62.21,15.29
ORD_000637,1,PROD_000148,SELL_000006,2024-04-06,409.75,23.2
ORD_000637,2,PROD_000154,SELL_000005,2024-01-04,418.39,5.76
ORD_000637,3,PROD_000086,SELL_000028,2024-08-19,181.79,47.31
ORD_000637,4,PROD_000360,SELL_000042,2024-10-12,32.28,27.0
ORD_000637,5,PROD_000486,SELL_000026,2024-05-04,52.92,42.64
ORD_000638,1,PROD_000014,SELL_000035,2024-11-05,208.96,19.95
ORD_000639,1,PROD_000403,SELL_000007,2024-03-26,167.84,22.83
ORD_000639,2,PROD_000199,SELL_000019,2024-01-12,40.1,24.84
ORD_000639,3,PROD_000487,SELL_000034,2024-07-24,237.3,18.51
ORD_000639,4,PROD_000288,SELL_000025,2024-11-22,321.71,41.73
ORD_000640,1,PROD_000140,SELL_000033,2024-05-10,263.21,26.03
ORD_000640,2,PROD_000460,SELL_000042,2024-05-07,208.59,9.79
ORD_000640,3,PROD_000028,SELL_000030,2024-08-28,11.93,8.23
ORD_000640,4,PROD_000249,SELL_000049,2024-04-24,330.38,19.09
ORD_000640,5,PROD_000465,SELL_000020,2024-11-01,106.66,14.09
ORD_000641,1,PROD_000228,SELL_000034,2024-02-23,64.22,44.82
ORD_000642,1,PROD_000055,SELL_000037,2024-12-27,381.86,42.45
ORD_000642,2,PROD_000019,SELL_000018,2024-11-12,21.58,46.49
ORD_000642,3,PROD_000138,SELL_000019,2024-05-31,52.2,48.73
ORD_000642,4,PROD_000183,SELL_000022,2024-10-31,217.21,17.57
ORD_000643,1,PROD_000120,SELL_000043,2024-12-05,264.3,34.86
ORD_000643,2,PROD_000374,SELL_000027,2024-12-26,463.55,21.83
ORD_000644,1,PROD_000118,SELL_000037,2024-02-26,245.22,35.59
ORD_000644,2,PROD_000420,SELL_000014,2024-04-30,186.49,45.81
ORD_000645,1,PROD_000160,SELL_000040,2024-12-22,400.51,31.26
ORD_000646,1,PROD_000321,SELL_000026,2024-06-28,115.08,22.37
ORD_000646,2,PROD_000058,SELL_000048,2024-11-11,244.04,42.42
ORD_000646,3,PROD_000121,SELL_000007,2024-08-21,116.06,30.56
ORD_000646,4,PROD_000156,SELL_000049,2024-08-07,350.29,11.96
ORD_000647,1,PROD_000254,SELL_000046,2024-03-19,465.26,13.82
ORD_000647,2,PROD_000383,SELL_000036,2024-06-28,424.44,21.93
ORD_000647,3,PROD_000169,SELL_000043,2024-05-05,419.44,11.9
ORD_000647,4,PROD_000246,SELL_000043,2024-07-18,281.17,34.87
ORD_000647,5,PROD_000134,SELL_000045,2024-02-11,495.61,48.15
ORD_000648,1,PROD_000296,SELL_000013,2024-03-05,448.33,26.67
ORD_000648,2,PROD_000312,SELL_000025,2024-08-14,469.24,24.37
ORD_000648,3,PROD_000188,SELL_000024,2024-10-14,324.13,26.5
ORD_000649,1,PROD_000423,SELL_000021,2024-08-25,307.69,10.33
ORD_000649,2,PROD_000368,SELL_000008,2024-07-18,76.76,6.1
ORD_000650,1,PROD_000286,SELL_000040,2024-04-07,467.89,21.69
ORD_000650,2,PROD_000135,SELL_000026,2024-06-04,206.32,41.88
ORD_000650,3,PROD_000274,SELL_000045,2024-11-02,229.45,9.57
ORD_000650,4,PROD_000152,SELL_000043,2024-11-18,326.49,21.23
ORD_000650,5,PROD_000003,SELL_000015,2024-11-03,361.5,16.27
ORD_000651,1,PROD_000244,SELL_000045,2024-02-21,364.91,49.35
ORD_000651,2,PROD_000204,SELL_000048,2024-10-26,482.79,21.3
ORD_000652,1,PROD_000310,SELL_000042,2024-01-30,171.34,32.95
ORD_000652,2,PROD_000089,SELL_000025,2024-01-29,13.47,35.01
ORD_000653,1,PROD_000342,SELL_000050,2024-01-30,50.75,19.7
ORD_000654,1,PROD_000213,SELL_000005,2024-10-27,235.24,30.28
ORD_000655,1,PROD_000496,SELL_000050,2024-11-16,317.13,8.69
ORD_000655,2,PROD_000486,SELL_000006,2024-04-29,10.59,35.27
ORD_000655,3,PROD_000285,SELL_000033,2024-03-13,331.02,13.69
ORD_000656,1,PROD_000341,SELL_000025,2024-10-21,316.0,39.39
ORD_000656,2,PROD_000352,SELL_000046,2024-10-15,427.82,26.51
ORD_000656,3,PROD_000101,SELL_000044,2024-04-22,46.05,16.87
ORD_000657,1,PROD_000271,SELL_000008,2024-09-10,341.37,47.48
ORD_000657,2,PROD_000239,SELL_000041,2024-05-06,317.78,23.57
ORD_000657,3,PROD_000462,SELL_000024,2024-06-12,365.07,8.16
ORD_000658,1,PROD_000065,SELL_000005,2024-09-29,278.01,44.55
ORD_000658,2,PROD_000011,SELL_000027,2024-04-20,377.82,28.68
ORD_000659,1,PROD_000421,SELL_000019,2024-03-04,245.54,7.84
ORD_000659,2,PROD_000323,SELL_000041,2024-04-25,415.95,12.0
ORD_000659,3,PROD_000212,SELL_000017,2024-03-01,348.24,24.64
ORD_000659,4,PROD_000123,SELL_000028,2024-09-17,102.74,46.09
ORD_000660,1,PROD_000303,SELL_000005,2024-07-31,425.33,24.55
ORD_000660,2,PROD_000008,SELL_000016,2024-03-17,120.41,30.98
ORD_000660,3,PROD_000035,SELL_000046,2024-10-20,369.74,34.64
ORD_000660,4,PROD_000176,SELL_000009,2024-10-01,83.1,44.91
ORD_000660,5,PROD_000413,SELL_000026,2024-08-21,456.64,12.87
ORD_000661,1,PROD_000124,SELL_000030,2024-10-26,137.42,43.06
ORD_000661,2,PROD_000291,SELL_000021,2024-03-26,468.78,19.09
ORD_000661,3,PROD_000465,SELL_000040,2024-08-01,383.19,16.62
ORD_000661,4,PROD_000351,SELL_000034,2024-05-23,382.46,16.17
ORD_000661,5,PROD_000472,SELL_000048,2024-11-19,220.31,36.66
ORD_000662,1,PROD_000223,SELL_000033,2024-02-28,437.33,44.77
ORD_000662,2,PROD_000039,SELL_000020,2024-04-24,118.19,24.17
ORD_000662,3,PROD_000013,SELL_000039,2024-12-29,264.67,19.42
ORD_000662,4,PROD_000256,SELL_000031,2024-02-14,422.05,19.28
ORD_000662,5,PROD_000179,SELL_000039,2024-12-12,333.36,36.24
ORD_000663,1,PROD_000358,SELL_000011,2024-09-04,270.02,46.81
ORD_000663,2,PROD_000027,SELL_000011,2024-07-02,292.79,35.96
ORD_000663,3,PROD_000009,SELL_000046,2024-05-17,477.72,47.92
ORD_000663,4,PROD_000240,SELL_000011,2024-03-01,212.1,44.88
ORD_000664,1,PROD_000203,SELL_000047,2024-01-13,116.02,13.56
ORD_000664,2,PROD_000261,SELL_000020,2024-02-08,272.24,5.3
ORD_000664,3,PROD_000319,SELL_000021,2024-06-26,332.37,31.52
ORD_000664,4,PROD_000488,SELL_000032,2024-08-28,387.09,37.47
ORD_000665,1,PROD_000101,SELL_000039,2024-07-03,488.61,43.37
ORD_000665,2,PROD_000162,SELL_000049,2024-06-27,43.05,48.28
ORD_000665,3,PROD_000418,SELL_000010,2024-05-11,362.71,17.12
ORD_000665,4,PROD_000044,SELL_000005,2024-02-03,244.95,14.75
ORD_000665,5,PROD_000201,SELL_000030,2024-01-08,117.02,28.75
ORD_000666,1,PROD_000493,SELL_000023,2024-07-21,479.34,25.84
ORD_000666,2,PROD_000221,SELL_000007,2024-02-23,88.55,47.66
ORD_000667,1,PROD_000374,SELL_000011,2024-04-16,111.92,40.84
ORD_000667,2,PROD_000279,SELL_000003,2024-07-05,204.98,16.22
ORD_000667,3,PROD_000381,SELL_000033,2024-12-25,81.61,48.38
ORD_000668,1,PROD_000327,SELL_000036,2024-03-13,260.53,15.04
ORD_000668,2,PROD_000466,SELL_000011,2024-02-27,29.26,26.23
ORD_000668,3,PROD_000367,SELL_000034,2024-09-26,109.33,12.73
ORD_000669,1,PROD_000118,SELL_000046,2024-08-07,490.98,39.31
ORD_000669,2,PROD_000149,SELL_000035,2024-06-28,83.18,5.12
ORD_000669,3,PROD_000069,SELL_000001,2024-02-03,312.42,43.02
ORD_000669,4,PROD_000282,SELL_000019,2024-03-12,276.94,16.4
ORD_000670,1,PROD_000224,SELL_000044,2024-03-24,250.13,36.42
ORD_000671,1,PROD_000323,SELL_000026,2024-06-17,42.45,33.11
ORD_000671,2,PROD_000375,SELL_000021,2024-06-30,172.69,35.8
ORD_000672,1,PROD_000010,SELL_000024,2024-02-12,25.86,10.17
ORD_000673,1,PROD_000353,SELL_000035,2024-05-12,357.9,10.8
ORD_000673,2,PROD_000450,SELL_000012,2024-04-17,348.14,5.58
ORD_000673,3,PROD_000215,SELL_000001,2024-08-20,75.97,15.83
ORD_000674,1,PROD_000079,SELL_000048,2024-12-01,269.18,5.13
ORD_000675,1,PROD_000343,SELL_000018,2024-12-16,79.75,41.87
ORD_000675,2,PROD_000141,SELL_000013,2024-08-22,172.14,14.21
ORD_000676,1,PROD_000223,SELL_000050,2024-10-21,79.36,48.05
ORD_000677,1,PROD_000443,SELL_000039,2024-02-28,436.89,36.93
ORD_000678,1,PROD_000064,SELL_000028,2024-08-07,309.99,42.63
ORD_000678,2,PROD_000242,SELL_000047,2024-12-13,159.72,16.19
ORD_000679,1,PROD_000131,SELL_000024,2024-05-23,455.84,7.89
ORD_000680,1,PROD_000200,SELL_000007,2024-08-12,201.57,31.11
ORD_000681,1,PROD_000016,SELL_000044,2024-10-07,150.82,40.5
ORD_000682,1,PROD_000283,SELL_000002,2024-02-22,171.31,34.51
ORD_000682,2,PROD_000251,SELL_000027,2024-06-03,79.92,47.54
ORD_000682,3,PROD_000426,SELL_000045,2024-03-29,262.7,31.39
ORD_000683,1,PROD_000050,SELL_000008,2024-07-03,12.97,41.82
ORD_000683,2,PROD_000335,SELL_000040,2024-07-28,311.48,49.02
ORD_000683,3,PROD_000213,SELL_000007,2024-04-10,69.86,42.64
ORD_000684,1,PROD_000191,SELL_000011,2024-12-24,129.83,12.32
ORD_000684,2,PROD_000339,SELL_000036,2024-01-26,168.94,42.69
ORD_000684,3,PROD_000099,SELL_000030,2024-11-28,228.08,18.69
ORD_000685,1,PROD_000472,SELL_000018,2024-01-31,477.78,43.29
ORD_000685,2,PROD_000157,SELL_000032,2024-07-27,95.43,20.29
ORD_000685,3,PROD_000446,SELL_000044,2024-04-12,301.95,7.1
ORD_000686,1,PROD_000045,SELL_000008,2024-06-18,390.38,41.77
ORD_000687,1,PROD_000260,SELL_000044,2024-08-11,419.06,25.84
ORD_000687,2,PROD_000361,SELL_000035,2024-10-10,273.77,23.08
ORD_000687,3,PROD_000114,SELL_000006,2024-08-16,145.42,31.44
ORD_000688,1,PROD_000011,SELL_000017,2024-07-03,403.15,29.01
ORD_000688,2,PROD_000409,SELL_000033,2024-01-05,356.28,31.69
ORD_000689,1,PROD_000429,SELL_000035,2024-08-10,43.03,45.0
ORD_000690,1,PROD_000424,SELL_000009,2024-04-02,308.48,45.18
ORD_000690,2,PROD_000189,SELL_000045,2024-06-18,480.22,39.57
ORD_000690,3,PROD_000339,SELL_000047,2024-07-06,302.17,13.15
ORD_000691,1,PROD_000378,SELL_000023,2024-10-16,209.31,19.45
ORD_000691,2,PROD_000254,SELL_000039,2024-11-07,491.45,8.97
ORD_000691,3,PROD_000349,SELL_000013,2024-08-18,494.83,40.89
ORD_000692,1,PROD_000010,SELL_000046,2024-06-06,381.71,26.05
ORD_000692,2,PROD_000498,SELL_000010,2024-08-15,438.28,19.63
ORD_000693,1,PROD_000045,SELL_000025,2024-01-02,279.25,49.05
ORD_000694,1,PROD_000496,SELL_000034,2024-10-20,237.73,47.69
ORD_000694,2,PROD_000409,SELL_000049,2024-02-26,440.32,34.67
ORD_000694,3,PROD_000494,SELL_000011,2024-04-03,66.98,14.23
ORD_000695,1,PROD_000364,SELL_000034,2024-11-01,390.66,7.74
ORD_000695,2,PROD_000469,SELL_000033,2024-04-11,143.42,24.47
ORD_000695,3,PROD_000384,SELL_000005,2024-03-08,339.09,33.6
ORD_000695,4,PROD_000455,SELL_000034,2024-10-28,312.54,15.23
ORD_000696,1,PROD_000144,SELL_000025,2024-02-25,372.83,38.65
ORD_000696,2,PROD_000375,SELL_000037,2024-11-06,380.0,26.56
ORD_000696,3,PROD_000453,SELL_000039,2024-03-06,238.61,33.5
ORD_000696,4,PROD_000476,SELL_000022,2024-12-23,203.03,7.19
ORD_000697,1,PROD_000109,SELL_000034,2024-12-13,248.02,29.35
ORD_000697,2,PROD_000266,SELL_000044,2024-06-30,442.43,11.55
ORD_000698,1,PROD_000376,SELL_000042,2024-10-15,431.78,28.04
ORD_000698,2,PROD_000263,SELL_000042,2024-02-24,277.59,39.51
ORD_000698,3,PROD_000398,SELL_000016,2024-10-22,239.03,36.35
ORD_000699,1,PROD_000365,SELL_000037,2024-01-06,326.07,26.16
ORD_000700,1,PROD_000301,SELL_000019,2024-11-12,295.37,32.53
ORD_000700,2,PROD_000401,SELL_000047,2024-12-01,413.69,40.18
ORD_000700,3,PROD_000161,SELL_000030,2024-12-17,451.32,34.68
ORD_000700,4,PROD_000446,SELL_000020,2024-05-22,64.06,48.34
ORD_000701,1,PROD_000207,SELL_000038,2024-03-29,374.47,11.09
ORD_000701,2,PROD_000328,SELL_000050,2024-06-25,149.56,15.45
ORD_000701,3,PROD_000394,SELL_000029,2024-07-01,496.82,9.91
ORD_000701,4,PROD_000201,SELL_000002,2024-05-13,132.25,31.09
ORD_000702,1,PROD_000108,SELL_000040,2024-09-22,171.4,33.2
ORD_000702,2,PROD_000364,SELL_000037,2024-01-29,236.41,32.27
ORD_000702,3,PROD_000401,SELL_000037,2024-08-08,188.3,43.48
ORD_000702,4,PROD_000231,SELL_000033,2024-04-25,461.75,27.36
ORD_000702,5,PROD_000214,SELL_000043,2024-10-10,45.3,26.46
ORD_000703,1,PROD_000422,SELL_000014,2024-06-06,341.82,27.0
ORD_000703,2,PROD_000490,SELL_000045,2024-04-18,37.83,24.93
ORD_000703,3,PROD_000344,SELL_000007,2024-12-18,421.7,25.96
ORD_000704,1,PROD_000049,SELL_000044,2024-11-23,431.34,19.23
ORD_000704,2,PROD_000014,SELL_000042,2024-11-17,11.28,27.85
ORD_000704,3,PROD_000112,SELL_000025,2024-10-26,86.79,13.58
ORD_000704,4,PROD_000367,SELL_000046,2024-09-14,167.56,5.61
ORD_000705,1,PROD_000210,SELL_000038,2024-10-28,305.97,10.85
ORD_000705,2,PROD_000284,SELL_000022,2024-12-16,385.26,37.76
ORD_000706,1,PROD_000045,SELL_000049,2024-03-12,465.55,35.75
ORD_000706,2,PROD_000202,SELL_000021,2024-04-11,87.72,15.71
ORD_000707,1,PROD_000415,SELL_000008,2024-05-26,315.3,12.01
ORD_000707,2,PROD_000305,SELL_000045,2024-01-29,102.3,48.59
ORD_000707,3,PROD_000126,SELL_000018,2024-09-04,248.78,18.14
ORD_000708,1,PROD_000169,SELL_000003,2024-10-27,129.08,21.06
ORD_000708,2,PROD_000189,SELL_000023,2024-12-22,231.23,49.49
ORD_000708,3,PROD_000468,SELL_000010,2024-01-20,30.07,10.11
ORD_000708,4,PROD_000129,SELL_000005,2024-04-10,214.87,18.91
ORD_000708,5,PROD_000480,SELL_000024,2024-10-16,144.31,26.15
ORD_000709,1,PROD_000057,SELL_000050,2024-03-23,62.81,30.37
ORD_000709,2,PROD_000475,SELL_000043,2024-11-02,55.69,33.57
ORD_000709,3,PROD_000245,SELL_000044,2024-01-09,422.94,19.62
ORD_000709,4,PROD_000225,SELL_000048,2024-07-27,60.65,11.92
ORD_000710,1,PROD_000465,SELL_000035,2024-11-29,126.06,36.95
ORD_000710,2,PROD_000014,SELL_000024,2024-07-17,155.06,23.87
ORD_000711,1,PROD_000128,SELL_000043,2024-01-04,469.04,21.69
ORD_000711,2,PROD_000166,SELL_000022,2024-10-25,173.15,10.67
ORD_000711,3,PROD_000209,SELL_000014,2024-12-28,173.09,5.3
ORD_000712,1,PROD_000250,SELL_000050,2024-10-03,306.8,35.25
ORD_000712,2,PROD_000473,SELL_000014,2024-04-29,326.62,26.97
ORD_000712,3,PROD_000440,SELL_000013,2024-10-23,364.36,7.78
ORD_000712,4,PROD_000348,SELL_000027,2024-01-20,24.32,13.01
ORD_000713,1,PROD_000205,SELL_000037,2024-07-13,363.23,49.24
ORD_000713,2,PROD_000428,SELL_000010,2024-08-06,446.0,30.33
ORD_000714,1,PROD_000485,SELL_000044,2024-04-05,83.34,30.39
ORD_000714,2,PROD_000192,SELL_000022,2024-12-13,21.45,9.69
ORD_000715,1,PROD_000020,SELL_000028,2024-11-26,469.89,25.8
ORD_000715,2,PROD_000470,SELL_000047,2024-02-05,478.53,35.52
ORD_000715,3,PROD_000089,SELL_000003,2024-01-30,111.53,43.18
ORD_000715,4,PROD_000130,SELL_000020,2024-11-10,26.25,24.64
ORD_000715,5,PROD_000244,SELL_000011,2024-02-29,197.37,37.77
ORD_000716,1,PROD_000333,SELL_000013,2024-12-18,126.46,35.88
ORD_000716,2,PROD_000119,SELL_000038,2024-11-22,429.03,8.27
ORD_000716,3,PROD_000306,SELL_000011,2024-10-23,460.73,40.24
ORD_000716,4,PROD_000313,SELL_000010,2024-02-28,11.2,20.17
ORD_000716,5,PROD_000013,SELL_000031,2024-02-14,88.21,46.38
ORD_000717,1,PROD_000444,SELL_000004,2024-10-14,71.7,11.54
ORD_000718,1,PROD_000335,SELL_000030,2024-08-16,376.81,13.18
ORD_000718,2,PROD_000400,SELL_000004,2024-06-11,150.18,30.18
ORD_000719,1,PROD_000377,SELL_000035,2024-10-02,445.68,40.52
ORD_000719,2,PROD_000457,SELL_000036,2024-03-16,40.45,13.71
ORD_000719,3,PROD_000082,SELL_000045,2024-12-05,264.09,36.22
ORD_000719,4,PROD_000381,SELL_000002,2024-02-11,490.62,12.53
ORD_000720,1,PROD_000284,SELL_000004,2024-05-30,136.76,36.67
ORD_000720,2,PROD_000188,SELL_000033,2024-10-24,168.78,38.33
ORD_000720,3,PROD_000139,SELL_000032,2024-07-29,16.44,30.55
ORD_000720,4,PROD_000420,SELL_000045,2024-01-11,326.9,44.88
ORD_000720,5,PROD_000487,SELL_000017,2024-08-14,86.26,33.24
ORD_000721,1,PROD_000091,SELL_000024,2024-08-25,116.58,29.76
ORD_000721,2,PROD_000356,SELL_000017,2024-08-29,252.46,45.78
ORD_000721,3,PROD_000134,SELL_000001,2024-08-15,11.77,36.36
ORD_000722,1,PROD_000140,SELL_000027,2024-06-12,244.49,25.62
ORD_000722,2,PROD_000445,SELL_000004,2024-08-11,52.34,45.72
ORD_000722,3,PROD_000264,SELL_000033,2024-11-07,232.34,46.46
ORD_000722,4,PROD_000280,SELL_000020,2024-03-21,205.45,7.76
ORD_000722,5,PROD_000307,SELL_000009,2024-09-20,400.36,11.6
ORD_000723,1,PROD_000352,SELL_000047,2024-02-07,356.65,39.02
ORD_000723,2,PROD_000132,SELL_000008,2024-08-13,23.15,20.37
ORD_000723,3,PROD_000444,SELL_000032,2024-02-09,326.28,47.37
ORD_000723,4,PROD_000018,SELL_000022,2024-07-18,367.03,22.9
ORD_000724,1,PROD_000006,SELL_000013,2024-02-09,348.09,48.37
ORD_000724,2,PROD_000206,SELL_000025,2024-06-06,499.73,48.62
ORD_000724,3,PROD_000296,SELL_000024,2024-11-22,41.41,25.98
ORD_000724,4,PROD_000269,SELL_000013,2024-03-05,441.26,39.24
ORD_000724,5,PROD_000135,SELL_000009,2024-10-13,345.51,15.72
ORD_000725,1,PROD_000345,SELL_000044,2024-05-19,50.77,22.95
ORD_000725,2,PROD_000010,SELL_000006,2024-10-23,305.93,48.97
ORD_000725,3,PROD_000285,SELL_000044,2024-05-14,282.52,28.5
ORD_000726,1,PROD_000477,SELL_000045,2024-03-02,240.93,36.15
ORD_000727,1,PROD_000249,SELL_000007,2024-07-07,93.57,26.58
ORD_000727,2,PROD_000333,SELL_000007,2024-01-30,240.93,17.84
ORD_000727,3,PROD_000146,SELL_000015,2024-04-26,218.08,29.66
ORD_000727,4,PROD_000191,SELL_000047,2024-08-15,302.58,25.39
ORD_000728,1,PROD_000332,SELL_000019,2024-07-31,50.79,7.42
ORD_000728,2,PROD_000499,SELL_000005,2024-02-17,27.14,42.29
ORD_000729,1,PROD_000027,SELL_000044,2024-08-29,34.99,9.78
ORD_000730,1,PROD_000378,SELL_000024,2024-01-16,365.99,5.53
ORD_000730,2,PROD_000025,SELL_000010,2024-06-28,335.91,30.44
ORD_000730,3,PROD_000084,SELL_000044,2024-11-17,122.53,35.72
ORD_000730,4,PROD_000090,SELL_000003,2024-02-12,15.86,35.36
ORD_000730,5,PROD_000318,SELL_000031,2024-07-06,453.19,40.58
ORD_000731,1,PROD_000138,SELL_000042,2024-08-24,340.48,34.43
ORD_000731,2,PROD_000441,SELL_000022,2024-11-24,122.73,31.96
ORD_000731,3,PROD_000165,SELL_000039,2024-08-20,376.6,16.45
ORD_000731,4,PROD_000390,SELL_000011,2024-06-27,84.16,34.84
ORD_000732,1,PROD_000391,SELL_000048,2024-05-13,337.79,12.46
ORD_000732,2,PROD_000145,SELL_000006,2024-07-27,149.26,20.71
ORD_000732,3,PROD_000369,SELL_000014,2024-08-14,152.94,47.35
ORD_000732,4,PROD_000403,SELL_000044,2024-07-07,55.53,45.41
ORD_000732,5,PROD_000097,SELL_000016,2024-08-23,469.34,49.25
ORD_000733,1,PROD_000445,SELL_000029,2024-08-05,400.15,22.8
ORD_000733,2,PROD_000294,SELL_000050,2024-12-18,307.88,22.07
ORD_000734,1,PROD_000381,SELL_000044,2024-07-12,385.89,5.22
ORD_000735,1,PROD_000164,SELL_000022,2024-09-12,385.74,41.38
ORD_000735,2,PROD_000235,SELL_000020,2024-11-03,332.08,41.0
ORD_000735,3,PROD_000267,SELL_000020,2024-11-12,364.56,28.23
ORD_000735,4,PROD_000041,SELL_000018,2024-05-20,298.23,6.57
ORD_000735,5,PROD_000030,SELL_000014,2024-06-22,256.62,12.69
ORD_000736,1,PROD_000346,SELL_000023,2024-08-16,135.19,19.88
ORD_000737,1,PROD_000317,SELL_000037,2024-10-13,224.0,13.22
ORD_000737,2,PROD_000192,SELL_000049,2024-05-05,165.5,48.83
ORD_000737,3,PROD_000378,SELL_000038,2024-02-26,57.61,10.25
ORD_000737,4,PROD_000355,SELL_000004,2024-12-25,263.86,41.03
ORD_000737,5,PROD_000442,SELL_000005,2024-10-01,132.64,35.48
ORD_000738,1,PROD_000313,SELL_000036,2024-12-09,497.78,19.47
ORD_000738,2,PROD_000114,SELL_000011,2024-02-10,128.95,42.2
ORD_000738,3,PROD_000211,SELL_000008,2024-09-14,336.34,7.35
ORD_000738,4,PROD_000338,SELL_000030,2024-12-22,107.29,17.37
ORD_000738,5,PROD_000480,SELL_000035,2024-01-06,440.02,6.79
ORD_000739,1,PROD_000076,SELL_000043,2024-08-03,139.7,20.58
ORD_000739,2,PROD_000496,SELL_000032,2024-12-06,466.89,5.39
ORD_000740,1,PROD_000152,SELL_000035,2024-03-25,413.09,28.27
ORD_000740,2,PROD_000453,SELL_000031,2024-10-08,433.59,37.32
ORD_000740,3,PROD_000073,SELL_000005,2024-05-25,240.54,35.74
ORD_000741,1,PROD_000374,SELL_000035,2024-05-24,228.96,22.4
ORD_000741,2,PROD_000151,SELL_000012,2024-10-26,131.47,25.51
ORD_000741,3,PROD_000054,SELL_000031,2024-10-08,460.24,35.7
ORD_000741,4,PROD_000407,SELL_000012,2024-02-12,138.5,8.53
ORD_000741,5,PROD_000094,SELL_000032,2024-06-22,272.31,41.39
ORD_000742,1,PROD_000410,SELL_000010,2024-11-15,417.77,13.14
ORD_000742,2,PROD_000229,SELL_000028,2024-11-14,460.55,28.33
ORD_000742,3,PROD_000317,SELL_000030,2024-10-29,496.64,28.61
ORD_000743,1,PROD_000170,SELL_000019,2024-05-23,171.4,16.61
ORD_000743,2,PROD_000232,SELL_000049,2024-05-31,483.57,15.6
ORD_000743,3,PROD_000003,SELL_000008,2024-11-09,463.84,11.13
ORD_000743,4,PROD_000480,SELL_000038,2024-12-21,492.02,23.72
ORD_000744,1,PROD_000354,SELL_000022,2024-11-05,223.13,36.29
ORD_000745,1,PROD_000340,SELL_000005,2024-12-24,294.9,16.3
ORD_000745,2,PROD_000459,SELL_000016,2024-09-22,305.38,9.99
ORD_000745,3,PROD_000431,SELL_000018,2024-09-28,150.31,18.26
ORD_000746,1,PROD_000125,SELL_000028,2024-12-09,181.24,10.35
ORD_000746,2,PROD_000455,SELL_000005,2024-07-04,210.7,41.15
ORD_000746,3,PROD_000070,SELL_000046,2024-03-09,353.6,15.8
ORD_000746,4,PROD_000459,SELL_000004,2024-08-27,23.83,23.85
ORD_000746,5,PROD_000315,SELL_000017,2024-09-23,24.83,19.22
ORD_000747,1,PROD_000053,SELL_000025,2024-01-19,74.35,10.87
ORD_000747,2,PROD_000326,SELL_000020,2024-05-04,131.56,14.59
ORD_000748,1,PROD_000492,SELL_000044,2024-04-01,406.13,46.11
ORD_000748,2,PROD_000367,SELL_000049,2024-09-09,43.03,23.62
ORD_000748,3,PROD_000333,SELL_000011,2024-05-26,156.14,44.25
ORD_000748,4,PROD_000181,SELL_000027,2024-04-07,432.17,40.99
ORD_000749,1,PROD_000067,SELL_000041,2024-02-10,112.76,36.43
ORD_000750,1,PROD_000279,SELL_000012,2024-10-13,453.0,29.28
ORD_000750,2,PROD_000409,SELL_000004,2024-07-22,213.94,19.35
ORD_000750,3,PROD_000452,SELL_000020,2024-06-27,315.07,27.98
ORD_000750,4,PROD_000263,SELL_000026,2024-07-12,123.51,24.49
ORD_000751,1,PROD_000041,SELL_000034,2024-01-16,90.97,43.45
ORD_000751,2,PROD_000349,SELL_000034,2024-04-01,175.91,8.42
ORD_000751,3,PROD_000088,SELL_000043,2024-09-25,355.4,22.16
ORD_000752,1,PROD_000022,SELL_000021,2024-11-11,143.53,31.52
ORD_000752,2,PROD_000366,SELL_000039,2024-09-27,382.98,12.9
ORD_000752,3,PROD_000257,SELL_000011,2024-12-21,421.94,49.56
ORD_000752,4,PROD_000230,SELL_000003,2024-06-18,85.52,15.91
ORD_000752,5,PROD_000343,SELL_000015,2024-12-12,92.11,32.76
ORD_000753,1,PROD_000444,SELL_000030,2024-02-17,398.41,38.96
ORD_000753,2,PROD_000086,SELL_000014,2024-03-23,459.8,14.36
ORD_000753,3,PROD_000222,SELL_000025,2024-09-25,223.87,18.18
ORD_000753,4,PROD_000404,SELL_000029,2024-09-04,277.12,11.13
ORD_000753,5,PROD_000484,SELL_000035,2024-12-26,335.07,20.21
ORD_000754,1,PROD_000074,SELL_000034,2024-08-25,372.0,49.17
ORD_000754,2,PROD_000370,SELL_000016,2024-03-18,13.08,49.73
ORD_000754,3,PROD_000248,SELL_000029,2024-10-15,120.98,17.09
ORD_000754,4,PROD_000497,SELL_000006,2024-01-05,209.28,34.96
ORD_000755,1,PROD_000422,SELL_000015,2024-05-17,322.49,20.61
ORD_000755,2,PROD_000446,SELL_000049,2024-11-22,355.07,26.62
ORD_000756,1,PROD_000457,SELL_000028,2024-03-30,104.51,34.27
ORD_000756,2,PROD_000440,SELL_000029,2024-09-13,325.72,39.52
ORD_000756,3,PROD_000029,SELL_000017,2024-06-19,114.35,28.88
ORD_000757,1,PROD_000241,SELL_000014,2024-02-02,471.34,39.92
ORD_000757,2,PROD_000113,SELL_000048,2024-11-22,337.91,10.7
ORD_000757,3,PROD_000282,SELL_000023,2024-08-18,462.16,6.02
ORD_000757,4,PROD_000364,SELL_000011,2024-05-11,30.46,37.71
ORD_000757,5,PROD_000079,SELL_000022,2024-06-25,175.5,45.87
ORD_000758,1,PROD_000310,SELL_000047,2024-12-25,345.13,49.15
ORD_000758,2,PROD_000408,SELL_000029,2024-08-23,328.13,18.19
ORD_000758,3,PROD_000054,SELL_000027,2024-09-02,485.82,29.18
ORD_000758,4,PROD_000489,SELL_000005,2024-07-04,396.47,23.96
ORD_000758,5,PROD_000402,SELL_000019,2024-07-24,436.03,25.71
ORD_000759,1,PROD_000201,SELL_000022,2024-07-14,308.27,18.37
ORD_000759,2,PROD_000495,SELL_000018,2024-09-21,338.89,45.4
ORD_000759,3,PROD_000383,SELL_000043,2024-08-09,254.74,15.27
ORD_000759,4,PROD_000096,SELL_000046,2024-04-02,315.56,8.17
ORD_000759,5,PROD_000354,SELL_000011,2024-05-26,276.74,19.86
ORD_000760,1,PROD_000239,SELL_000045,2024-08-13,24.21,34.67
ORD_000760,2,PROD_000217,SELL_000011,2024-05-03,341.92,16.78
ORD_000760,3,PROD_000161,SELL_000038,2024-10-31,341.97,17.56
ORD_000760,4,PROD_000082,SELL_000027,2024-05-21,25.57,23.57
ORD_000760,5,PROD_000326,SELL_000036,2024-11-01,168.29,7.66
ORD_000761,1,PROD_000484,SELL_000046,2024-01-26,120.44,47.98
ORD_000761,2,PROD_000295,SELL_000033,2024-01-16,349.97,15.86
ORD_000762,1,PROD_000256,SELL_000006,2024-07-12,80.45,15.07
ORD_000762,2,PROD_000183,SELL_000028,2024-10-09,316.03,19.42
ORD_000762,3,PROD_000455,SELL_000036,2024-02-09,28.71,35.31
ORD_000762,4,PROD_000485,SELL_000008,2024-07-07,411.12,14.3
ORD_000762,5,PROD_000144,SELL_000013,2024-06-16,207.81,5.95
ORD_000763,1,PROD_000252,SELL_000011,2024-09-19,385.8,8.19
ORD_000763,2,PROD_000164,SELL_000025,2024-07-07,307.99,34.7
ORD_000763,3,PROD_000189,SELL_000030,2024-12-23,459.09,35.05
ORD_000763,4,PROD_000152,SELL_000023,2024-09-11,176.91,20.45
ORD_000764,1,PROD_000190,SELL_000024,2024-01-15,446.61,19.59
ORD_000764,2,PROD_000333,SELL_000016,2024-12-19,318.3,11.03
ORD_000764,3,PROD_000364,SELL_000041,2024-02-13,227.12,18.52
ORD_000764,4,PROD_000187,SELL_000019,2024-02-09,283.98,33.09
ORD_000764,5,PROD_000483,SELL_000011,2024-12-20,163.34,38.26
ORD_000765,1,PROD_000074,SELL_000004,2024-08-21,448.17,39.81
ORD_000765,2,PROD_000331,SELL_000033,2024-03-25,389.67,8.34
ORD_000765,3,PROD_000333,SELL_000021,2024-02-20,438.1,32.46
ORD_000766,1,PROD_000048,SELL_000020,2024-07-11,250.8,36.97
ORD_000766,2,PROD_000164,SELL_000010,2024-02-01,403.88,6.82
ORD_000767,1,PROD_000243,SELL_000041,2024-07-17,384.87,44.68
ORD_000767,2,PROD_000238,SELL_000013,2024-01-15,261.32,39.86
ORD_000768,1,PROD_000154,SELL_000004,2024-04-07,413.04,21.31
ORD_000768,2,PROD_000440,SELL_000016,2024-03-30,364.51,9.12
ORD_000769,1,PROD_000378,SELL_000019,2024-05-27,14.71,36.6
ORD_000769,2,PROD_000299,SELL_000013,2024-08-12,124.44,33.98
ORD_000770,1,PROD_000295,SELL_000017,2024-02-17,96.25,37.24
ORD_000771,1,PROD_000462,SELL_000003,2024-07-05,362.03,34.7
ORD_000771,2,PROD_000182,SELL_000031,2024-10-20,165.32,30.57
ORD_000771,3,PROD_000363,SELL_000002,2024-05-25,463.29,26.53
ORD_000771,4,PROD_000468,SELL_000017,2024-02-16,76.78,45.99
ORD_000771,5,PROD_000122,SELL_000010,2024-06-16,158.22,5.37
ORD_000772,1,PROD_000461,SELL_000039,2024-02-15,477.86,40.18
ORD_000772,2,PROD_000105,SELL_000020,2024-04-30,138.37,27.61
ORD_000772,3,PROD_000188,SELL_000031,2024-02-06,109.04,32.04
ORD_000772,4,PROD_000352,SELL_000040,2024-08-10,349.03,45.16
ORD_000772,5,PROD_000219,SELL_000035,2024-08-01,52.72,27.21
ORD_000773,1,PROD_000420,SELL_000009,2024-03-01,386.32,11.78
ORD_000773,2,PROD_000396,SELL_000011,2024-11-14,52.29,36.31
ORD_000773,3,PROD_000105,SELL_000033,2024-02-13,497.03,6.77
ORD_000774,1,PROD_000304,SELL_000020,2024-10-14,26.84,32.81
ORD_000774,2,PROD_000487,SELL_000039,2024-01-27,282.47,34.01
ORD_000774,3,PROD_000365,SELL_000005,2024-10-24,196.12,23.55
ORD_000775,1,PROD_000081,SELL_000013,2024-03-01,414.01,9.85
ORD_000775,2,PROD_000295,SELL_000038,2024-01-20,261.44,8.15
ORD_000775,3,PROD_000112,SELL_000013,2024-06-14,202.35,30.27
ORD_000776,1,PROD_000049,SELL_000029,2024-03-19,124.42,24.4
ORD_000776,2,PROD_000442,SELL_000041,2024-07-24,249.64,49.63
ORD_000777,1,PROD_000467,SELL_000031,2024-02-14,15.56,34.48
ORD_000778,1,PROD_000462,SELL_000037,2024-02-18,313.01,44.95
ORD_000778,2,PROD_000407,SELL_000049,2024-09-03,152.38,19.45
ORD_000778,3,PROD_000444,SELL_000002,2024-02-28,127.2,14.27
ORD_000778,4,PROD_000082,SELL_000002,2024-05-08,143.49,40.96
ORD_000778,5,PROD_000304,SELL_000024,2024-08-09,23.63,27.19
ORD_000779,1,PROD_000458,SELL_000034,2024-09-01,387.27,20.52
ORD_000779,2,PROD_000424,SELL_000046,2024-09-11,232.35,38.8
ORD_000779,3,PROD_000079,SELL_000023,2024-12-29,431.24,25.67
ORD_000780,1,PROD_000039,SELL_000025,2024-04-17,67.66,6.17
ORD_000780,2,PROD_000101,SELL_000043,2024-09-12,480.24,27.67
ORD_000781,1,PROD_000048,SELL_000042,2024-12-10,374.73,39.61
ORD_000782,1,PROD_000395,SELL_000045,2024-08-14,488.51,48.7
ORD_000782,2,PROD_000489,SELL_000013,2024-10-21,309.91,43.69
ORD_000782,3,PROD_000106,SELL_000004,2024-08-06,205.48,25.77
ORD_000783,1,PROD_000177,SELL_000039,2024-11-08,147.66,46.13
ORD_000784,1,PROD_000204,SELL_000044,2024-11-06,130.33,37.21
ORD_000784,2,PROD_000393,SELL_000016,2024-04-22,348.11,7.67
ORD_000784,3,PROD_000253,SELL_000007,2024-12-15,165.96,41.85
ORD_000784,4,PROD_000401,SELL_000002,2024-10-24,252.78,46.09
ORD_000785,1,PROD_000336,SELL_000004,2024-10-14,216.22,16.23
ORD_000785,2,PROD_000111,SELL_000020,2024-04-21,423.75,40.96
ORD_000785,3,PROD_000208,SELL_000022,2024-10-01,391.37,18.19
ORD_000786,1,PROD_000356,SELL_000034,2024-10-10,104.42,44.39
ORD_000786,2,PROD_000088,SELL_000016,2024-08-28,174.18,37.95
ORD_000786,3,PROD_000431,SELL_000037,2024-09-10,101.39,28.61
ORD_000786,4,PROD_000456,SELL_000021,2024-10-05,420.85,11.36
ORD_000786,5,PROD_000192,SELL_000036,2024-06-22,373.92,21.02
ORD_000787,1,PROD_000109,SELL_000040,2024-02-29,448.14,47.97
ORD_000788,1,PROD_000494,SELL_000014,2024-06-09,264.5,12.43
ORD_000789,1,PROD_000220,SELL_000032,2024-10-05,284.79,14.28
ORD_000789,2,PROD_000364,SELL_000032,2024-04-11,204.23,30.32
ORD_000790,1,PROD_000075,SELL_000016,2024-09-30,18.33,16.61
ORD_000790,2,PROD_000121,SELL_000027,2024-05-11,225.1,28.35
ORD_000791,1,PROD_000216,SELL_000018,2024-09-22,221.06,26.58
ORD_000791,2,PROD_000365,SELL_000018,2024-02-21,202.52,27.1
ORD_000791,3,PROD_000046,SELL_000009,2024-01-21,206.16,9.75
ORD_000791,4,PROD_000171,SELL_000023,2024-03-28,291.79,26.64
ORD_000792,1,PROD_000063,SELL_000017,2024-07-03,261.56,5.22
ORD_000793,1,PROD_000057,SELL_000048,2024-05-18,134.0,8.58
ORD_000794,1,PROD_000092,SELL_000035,2024-02-28,356.3,37.01
ORD_000794,2,PROD_000360,SELL_000025,2024-02-06,45.62,29.26
ORD_000794,3,PROD_000061,SELL_000007,2024-06-07,199.49,6.4
ORD_000794,4,PROD_000102,SELL_000025,2024-02-09,53.77,32.34
ORD_000795,1,PROD_000384,SELL_000048,2024-01-13,393.52,20.38
ORD_000795,2,PROD_000364,SELL_000041,2024-05-19,195.75,20.78
ORD_000795,3,PROD_000133,SELL_000012,2024-07-23,255.38,16.11
ORD_000795,4,PROD_000260,SELL_000049,2024-05-11,463.2,47.44
ORD_000796,1,PROD_000256,SELL_000029,2024-02-16,494.43,41.31
ORD_000796,2,PROD_000102,SELL_000019,2024-12-13,143.62,35.87
ORD_000797,1,PROD_000174,SELL_000037,2024-07-01,340.54,40.46
ORD_000797,2,PROD_000015,SELL_000001,2024-04-29,496.31,43.31
ORD_000797,3,PROD_000048,SELL_000039,2024-07-31,325.33,11.2
ORD_000798,1,PROD_000398,SELL_000010,2024-04-23,484.65,21.94
ORD_000798,2,PROD_000301,SELL_000031,2024-05-17,346.62,36.07
ORD_000798,3,PROD_000334,SELL_000047,2024-08-16,374.43,41.13
ORD_000798,4,PROD_000200,SELL_000034,2024-04-29,272.19,34.62
ORD_000799,1,PROD_000483,SELL_000038,2024-06-16,420.49,33.39
ORD_000800,1,PROD_000405,SELL_000038,2024-04-10,136.73,40.14
ORD_000801,1,PROD_000294,SELL_000006,2024-07-28,344.65,45.81
ORD_000801,2,PROD_000017,SELL_000035,2024-02-29,44.12,23.53
ORD_000801,3,PROD_000355,SELL_000017,2024-01-11,127.87,41.73
ORD_000801,4,PROD_000322,SELL_000017,2024-10-15,143.28,44.22
ORD_000801,5,PROD_000493,SELL_000031,2024-08-26,26.62,36.1
ORD_000802,1,PROD_000415,SELL_000032,2024-10-20,172.05,34.73
ORD_000802,2,PROD_000172,SELL_000046,2024-03-05,159.39,13.16
ORD_000803,1,PROD_000131,SELL_000019,2024-11-10,376.93,24.25
ORD_000803,2,PROD_000169,SELL_000019,2024-03-12,419.3,49.14
ORD_000803,3,PROD_000385,SELL_000045,2024-09-01,422.86,36.42
ORD_000804,1,PROD_000433,SELL_000028,2024-03-08,242.58,12.59
ORD_000804,2,PROD_000004,SELL_000001,2024-02-28,213.3,46.86
ORD_000804,3,PROD_000456,SELL_000046,2024-02-05,327.7,25.11
ORD_000805,1,PROD_000157,SELL_000030,2024-10-24,334.51,17.81
ORD_000805,2,PROD_000385,SELL_000021,2024-10-27,100.22,19.09
ORD_000805,3,PROD_000061,SELL_000027,2024-12-31,114.3,15.26
ORD_000806,1,PROD_000217,SELL_000018,2024-09-21,306.96,37.33
ORD_000806,2,PROD_000352,SELL_000044,2024-01-25,35.98,25.02
ORD_000807,1,PROD_000285,SELL_000007,2024-03-06,344.71,33.03
ORD_000807,2,PROD_000326,SELL_000042,2024-06-22,229.75,47.84
ORD_000807,3,PROD_000378,SELL_000048,2024-05-03,30.07,17.18
ORD_000807,4,PROD_000399,SELL_000037,2024-06-04,284.12,9.04
ORD_000808,1,PROD_000089,SELL_000041,2024-12-28,446.6,43.15
ORD_000808,2,PROD_000410,SELL_000016,2024-06-10,359.68,39.82
ORD_000808,3,PROD_000404,SELL_000035,2024-04-14,323.55,26.75
ORD_000809,1,PROD_000415,SELL_000031,2024-07-03,431.13,34.63
ORD_000809,2,PROD_000294,SELL_000036,2024-03-05,333.18,7.17
ORD_000809,3,PROD_000071,SELL_000027,2024-06-16,195.39,33.67
ORD_000809,4,PROD_000487,SELL_000046,2024-08-30,56.97,8.73
ORD_000809,5,PROD_000266,SELL_000036,2024-03-08,442.93,37.8
ORD_000810,1,PROD_000428,SELL_000034,2024-08-28,480.3,35.38
ORD_000811,1,PROD_000405,SELL_000039,2024-05-23,45.76,37.47
ORD_000811,2,PROD_000002,SELL_000032,2024-10-23,69.2,49.5
ORD_000811,3,PROD_000062,SELL_000005,2024-06-03,467.18,16.6
ORD_000811,4,PROD_000196,SELL_000046,2024-11-29,50.05,9.64
ORD_000811,5,PROD_000299,SELL_000033,2024-05-04,39.57,30.95
ORD_000812,1,PROD_000410,SELL_000020,2024-03-30,368.41,18.59
ORD_000812,2,PROD_000471,SELL_000032,2024-04-19,480.21,41.6
ORD_000812,3,PROD_000344,SELL_000034,2024-10-07,430.41,39.44
ORD_000813,1,PROD_000124,SELL_000032,2024-12-09,246.6,18.16
ORD_000813,2,PROD_000346,SELL_000047,2024-09-11,234.66,7.54
ORD_000814,1,PROD_000287,SELL_000008,2024-11-20,82.05,15.9
ORD_000814,2,PROD_000172,SELL_000007,2024-03-22,52.41,34.24
ORD_000814,3,PROD_000395,SELL_000036,2024-01-17,279.79,12.35
ORD_000814,4,PROD_000085,SELL_000026,2024-09-05,290.16,31.35
ORD_000814,5,PROD_000315,SELL_000027,2024-12-07,208.87,37.76
ORD_000815,1,PROD_000278,SELL_000028,2024-07-04,456.18,42.96
ORD_000815,2,PROD_000282,SELL_000014,2024-10-20,326.83,21.25
ORD_000816,1,PROD_000210,SELL_000020,2024-07-26,381.41,35.09
ORD_000817,1,PROD_000500,SELL_000007,2024-01-02,416.26,13.5
ORD_000817,2,PROD_000382,SELL_000031,2024-01-06,417.66,38.72
ORD_000818,1,PROD_000229,SELL_000003,2024-05-06,248.83,39.95
ORD_000819,1,PROD_000324,SELL_000033,2024-08-02,460.33,36.73
ORD_000819,2,PROD_000223,SELL_000049,2024-10-24,120.15,6.65
ORD_000819,3,PROD_000410,SELL_000049,2024-12-28,27.21,48.38
ORD_000819,4,PROD_000456,SELL_000033,2024-05-01,143.75,17.21
ORD_000819,5,PROD_000080,SELL_000044,2024-12-22,348.87,27.13
ORD_000820,1,PROD_000277,SELL_000029,2024-07-29,467.6,12.92
ORD_000820,2,PROD_000210,SELL_000023,2024-02-01,427.69,40.93
ORD_000820,3,PROD_000345,SELL_000018,2024-06-24,203.53,24.87
ORD_000821,1,PROD_000242,SELL_000026,2024-07-04,341.72,9.04
ORD_000821,2,PROD_000307,SELL_000033,2024-03-24,256.05,25.1
ORD_000821,3,PROD_000301,SELL_000018,2024-09-13,243.55,20.75
ORD_000821,4,PROD_000440,SELL_000003,2024-04-10,160.59,39.41
ORD_000822,1,PROD_000032,SELL_000012,2024-08-12,487.73,22.87
ORD_000822,2,PROD_000116,SELL_000004,2024-04-21,71.25,38.44
ORD_000823,1,PROD_000177,SELL_000011,2024-07-10,476.7,15.02
ORD_000823,2,PROD_000006,SELL_000040,2024-01-18,499.56,25.77
ORD_000823,3,PROD_000397,SELL_000017,2024-01-22,368.9,15.22
ORD_000824,1,PROD_000222,SELL_000033,2024-06-25,81.85,11.68
ORD_000825,1,PROD_000205,SELL_000048,2024-09-03,190.37,10.63
ORD_000825,2,PROD_000363,SELL_000036,2024-04-13,246.27,33.48
ORD_000825,3,PROD_000304,SELL_000002,2024-02-02,362.86,21.12
ORD_000825,4,PROD_000430,SELL_000014,2024-07-24,364.43,39.52
ORD_000826,1,PROD_000477,SELL_000014,2024-04-10,76.64,24.55
ORD_000826,2,PROD_000112,SELL_000017,2024-03-08,83.23,47.47
ORD_000826,3,PROD_000357,SELL_000026,2024-03-23,388.93,39.69
ORD_000826,4,PROD_000119,SELL_000030,2024-03-13,448.65,42.48
ORD_000826,5,PROD_000417,SELL_000015,2024-09-12,340.34,13.38
ORD_000827,1,PROD_000107,SELL_000007,2024-01-20,124.21,15.32
ORD_000827,2,PROD_000242,SELL_000050,2024-12-24,360.05,7.39
ORD_000827,3,PROD_000279,SELL_000045,2024-10-27,162.98,34.47
ORD_000827,4,PROD_000129,SELL_000003,2024-04-15,374.1,5.5
ORD_000827,5,PROD_000102,SELL_000013,2024-04-30,444.58,13.85
ORD_000828,1,PROD_000324,SELL_000041,2024-10-03,444.75,28.16
ORD_000829,1,PROD_000144,SELL_000024,2024-07-24,320.96,48.57
ORD_000829,2,PROD_000066,SELL_000024,2024-11-27,248.56,29.63
ORD_000829,3,PROD_000473,SELL_000001,2024-05-18,237.72,24.79
ORD_000829,4,PROD_000304,SELL_000034,2024-12-30,324.44,21.73
ORD_000829,5,PROD_000479,SELL_000044,2024-12-13,65.7,47.73
ORD_000830,1,PROD_000338,SELL_000025,2024-10-04,18.12,48.98
ORD_000830,2,PROD_000322,SELL_000025,2024-06-01,191.07,36.77
ORD_000830,3,PROD_000158,SELL_000020,2024-12-20,80.6,21.54
ORD_000830,4,PROD_000341,SELL_000045,2024-10-04,397.86,25.86
ORD_000830,5,PROD_000343,SELL_000011,2024-08-11,151.79,19.54
ORD_000831,1,PROD_000323,SELL_000029,2024-04-12,327.37,49.59
ORD_000831,2,PROD_000309,SELL_000028,2024-09-25,269.37,32.75
ORD_000832,1,PROD_000372,SELL_000009,2024-09-27,496.1,14.6
ORD_000832,2,PROD_000412,SELL_000037,2024-01-21,118.26,25.56
ORD_000832,3,PROD_000467,SELL_000039,2024-08-28,457.72,35.46
ORD_000833,1,PROD_000442,SELL_000014,2024-12-13,113.5,36.2
ORD_000833,2,PROD_000012,SELL_000016,2024-03-26,56.36,27.94
ORD_000833,3,PROD_000388,SELL_000038,2024-12-12,216.1,20.55
ORD_000833,4,PROD_000186,SELL_000050,2024-02-12,343.66,37.74
ORD_000833,5,PROD_000066,SELL_000022,2024-01-07,204.1,24.55
ORD_000834,1,PROD_000208,SELL_000041,2024-12-10,386.03,23.15
ORD_000834,2,PROD_000235,SELL_000015,2024-06-02,252.16,26.2
ORD_000834,3,PROD_000446,SELL_000020,2024-10-18,292.73,28.94
ORD_000834,4,PROD_000127,SELL_000010,2024-10-14,295.95,37.59
ORD_000834,5,PROD_000046,SELL_000047,2024-01-02,123.24,20.07
ORD_000835,1,PROD_000076,SELL_000031,2024-07-15,92.76,9.64
ORD_000835,2,PROD_000181,SELL_000037,2024-07-25,128.59,35.47
ORD_000835,3,PROD_000152,SELL_000014,2024-10-21,341.57,23.66
ORD_000836,1,PROD_000310,SELL_000017,2024-11-11,175.04,31.84
ORD_000836,2,PROD_000004,SELL_000013,2024-10-12,285.81,19.42
ORD_000836,3,PROD_000381,SELL_000019,2024-08-01,187.52,40.04
ORD_000836,4,PROD_000335,SELL_000024,2024-04-12,46.5,7.62
ORD_000836,5,PROD_000252,SELL_000014,2024-01-18,36.25,38.22
ORD_000837,1,PROD_000009,SELL_000043,2024-03-16,370.79,47.52
ORD_000838,1,PROD_000195,SELL_000043,2024-07-12,118.51,38.43
ORD_000838,2,PROD_000086,SELL_000023,2024-07-19,331.84,25.75
ORD_000839,1,PROD_000088,SELL_000047,2024-04-15,149.69,27.72
ORD_000839,2,PROD_000138,SELL_000037,2024-04-20,303.21,7.94
ORD_000840,1,PROD_000003,SELL_000007,2024-10-25,70.68,32.14
ORD_000840,2,PROD_000155,SELL_000036,2024-09-23,221.09,37.4
ORD_000840,3,PROD_000373,SELL_000002,2024-08-15,111.86,43.65
ORD_000840,4,PROD_000079,SELL_000027,2024-06-08,159.06,39.0
ORD_000841,1,PROD_000454,SELL_000037,2024-11-18,348.52,34.9
ORD_000841,2,PROD_000264,SELL_000023,2024-11-11,187.9,47.28
ORD_000841,3,PROD_000047,SELL_000031,2024-08-09,399.53,40.41
ORD_000841,4,PROD_000316,SELL_000043,2024-01-13,303.74,27.3
ORD_000841,5,PROD_000471,SELL_000027,2024-05-30,458.49,39.7
ORD_000842,1,PROD_000327,SELL_000036,2024-02-26,17.09,20.75
ORD_000842,2,PROD_000252,SELL_000016,2024-05-20,215.05,48.26
ORD_000842,3,PROD_000428,SELL_000020,2024-05-11,457.94,40.67
ORD_000843,1,PROD_000277,SELL_000029,2024-10-09,442.27,38.49
ORD_000843,2,PROD_000403,SELL_000046,2024-06-16,74.08,47.45
ORD_000844,1,PROD_000338,SELL_000022,2024-07-19,224.0,46.33
ORD_000845,1,PROD_000284,SELL_000013,2024-08-15,275.74,45.23
ORD_000846,1,PROD_000227,SELL_000006,2024-10-31,269.05,38.91
ORD_000846,2,PROD_000258,SELL_000016,2024-08-16,143.99,41.69
ORD_000846,3,PROD_000182,SELL_000003,2024-11-07,411.51,27.87
ORD_000846,4,PROD_000317,SELL_000014,2024-09-15,29.88,12.1
ORD_000847,1,PROD_000030,SELL_000010,2024-05-03,32.09,43.73
ORD_000847,2,PROD_000331,SELL_000038,2024-12-11,201.07,22.7
ORD_000847,3,PROD_000312,SELL_000041,2024-03-26,139.96,15.0
ORD_000848,1,PROD_000184,SELL_000017,2024-09-28,208.79,19.85
ORD_000848,2,PROD_000058,SELL_000012,2024-02-23,346.15,22.5
ORD_000849,1,PROD_000259,SELL_000029,2024-02-03,12.5,29.57
ORD_000849,2,PROD_000108,SELL_000022,2024-06-08,215.61,18.08
ORD_000850,1,PROD_000001,SELL_000020,2024-10-28,403.17,14.54
ORD_000850,2,PROD_000207,SELL_000017,2024-08-14,145.34,24.36
ORD_000850,3,PROD_000468,SELL_000038,2024-03-04,331.97,44.66
ORD_000850,4,PROD_000219,SELL_000006,2024-04-06,96.94,41.56
ORD_000851,1,PROD_000387,SELL_000016,2024-10-22,409.91,23.23
ORD_000852,1,PROD_000180,SELL_000036,2024-07-29,357.98,36.99
ORD_000852,2,PROD_000360,SELL_000005,2024-11-23,285.88,33.75
ORD_000852,3,PROD_000022,SELL_000020,2024-03-04,163.79,32.1
ORD_000853,1,PROD_000111,SELL_000024,2024-03-09,424.1,23.72
ORD_000853,2,PROD_000367,SELL_000043,2024-07-25,10.62,41.67
ORD_000854,1,PROD_000161,SELL_000021,2024-01-02,385.55,6.17
ORD_000854,2,PROD_000301,SELL_000022,2024-09-04,104.58,28.34
ORD_000854,3,PROD_000055,SELL_000002,2024-02-06,100.34,18.24
ORD_000854,4,PROD_000182,SELL_000030,2024-02-19,481.92,9.17
ORD_000854,5,PROD_000192,SELL_000036,2024-01-30,198.54,46.14
ORD_000855,1,PROD_000307,SELL_000019,2024-11-08,288.42,31.03
ORD_000856,1,PROD_000468,SELL_000026,2024-11-17,394.36,21.82
ORD_000856,2,PROD_000450,SELL_000023,2024-06-22,69.2,9.27
ORD_000857,1,PROD_000114,SELL_000037,2024-07-30,270.8,8.67
ORD_000857,2,PROD_000222,SELL_000043,2024-09-10,47.63,5.35
ORD_000857,3,PROD_000006,SELL_000042,2024-06-09,309.06,11.64
ORD_000857,4,PROD_000436,SELL_000014,2024-12-29,89.84,42.6
ORD_000857,5,PROD_000491,SELL_000036,2024-07-07,18.46,46.33
ORD_000858,1,PROD_000308,SELL_000028,2024-02-13,85.31,31.59
ORD_000859,1,PROD_000417,SELL_000009,2024-02-09,383.58,17.58
ORD_000859,2,PROD_000181,SELL_000011,2024-03-11,30.62,44.22
ORD_000860,1,PROD_000022,SELL_000043,2024-01-28,472.4,42.21
ORD_000860,2,PROD_000245,SELL_000044,2024-02-08,468.46,26.2
ORD_000860,3,PROD_000186,SELL_000034,2024-10-12,180.89,11.95
ORD_000861,1,PROD_000131,SELL_000035,2024-01-05,200.44,9.78
ORD_000861,2,PROD_000354,SELL_000012,2024-08-01,396.61,38.33
ORD_000861,3,PROD_000370,SELL_000003,2024-11-29,122.48,7.68
ORD_000861,4,PROD_000199,SELL_000038,2024-07-09,472.16,24.32
ORD_000862,1,PROD_000345,SELL_000006,2024-03-28,63.98,29.95
ORD_000862,2,PROD_000025,SELL_000042,2024-02-03,275.6,45.46
ORD_000862,3,PROD_000342,SELL_000047,2024-03-09,433.11,36.97
ORD_000862,4,PROD_000400,SELL_000015,2024-12-14,311.14,32.39
ORD_000863,1,PROD_000101,SELL_000004,2024-04-04,169.03,31.27
ORD_000863,2,PROD_000382,SELL_000033,2024-09-11,294.6,46.19
ORD_000864,1,PROD_000220,SELL_000010,2024-04-24,66.36,17.8
ORD_000865,1,PROD_000308,SELL_000028,2024-10-12,332.47,27.72
ORD_000865,2,PROD_000310,SELL_000007,2024-01-12,441.92,36.68
ORD_000865,3,PROD_000325,SELL_000007,2024-10-20,383.78,43.71
ORD_000866,1,PROD_000496,SELL_000019,2024-07-03,25.11,12.35
ORD_000867,1,PROD_000073,SELL_000049,2024-01-27,422.85,40.67
ORD_000868,1,PROD_000266,SELL_000008,2024-07-27,395.15,39.92
ORD_000869,1,PROD_000394,SELL_000001,2024-05-10,135.0,40.83
ORD_000869,2,PROD_000209,SELL_000003,2024-10-05,353.72,36.13
ORD_000869,3,PROD_000256,SELL_000007,2024-05-12,28.69,39.85
ORD_000869,4,PROD_000431,SELL_000016,2024-05-20,218.18,19.66
ORD_000869,5,PROD_000144,SELL_000037,2024-06-30,24.62,23.18
ORD_000870,1,PROD_000349,SELL_000048,2024-06-20,416.03,46.03
ORD_000870,2,PROD_000018,SELL_000027,2024-03-09,349.23,25.55
ORD_000870,3,PROD_000175,SELL_000026,2024-08-10,301.12,14.92
ORD_000870,4,PROD_000317,SELL_000041,2024-10-07,458.13,20.68
ORD_000870,5,PROD_000335,SELL_000003,2024-09-07,136.37,32.38
ORD_000871,1,PROD_000041,SELL_000020,2024-03-15,335.93,34.61
ORD_000871,2,PROD_000149,SELL_000040,2024-07-03,232.61,43.67
ORD_000871,3,PROD_000334,SELL_000029,2024-08-09,97.78,43.16
ORD_000872,1,PROD_000148,SELL_000030,2024-07-27,378.85,32.22
ORD_000872,2,PROD_000450,SELL_000039,2024-06-26,105.67,9.31
ORD_000872,3,PROD_000481,SELL_000019,2024-09-11,78.1,49.12
ORD_000872,4,PROD_000206,SELL_000008,2024-08-29,494.72,35.25
ORD_000872,5,PROD_000193,SELL_000034,2024-06-13,295.4,5.64
ORD_000873,1,PROD_000067,SELL_000039,2024-08-17,479.08,8.82
ORD_000873,2,PROD_000389,SELL_000025,2024-07-18,77.18,37.36
ORD_000873,3,PROD_000205,SELL_000028,2024-01-06,386.32,18.88
ORD_000873,4,PROD_000268,SELL_000009,2024-05-19,405.88,23.0
ORD_000874,1,PROD_000305,SELL_000041,2024-12-12,212.4,34.27
ORD_000874,2,PROD_000064,SELL_000026,2024-07-09,195.45,42.76
ORD_000874,3,PROD_000382,SELL_000032,2024-12-17,154.72,12.12
ORD_000874,4,PROD_000460,SELL_000024,2024-09-12,476.4,14.28
ORD_000874,5,PROD_000368,SELL_000010,2024-06-15,82.5,13.07
ORD_000875,1,PROD_000175,SELL_000010,2024-06-24,415.62,22.56
ORD_000875,2,PROD_000018,SELL_000001,2024-09-24,167.3,42.66
ORD_000876,1,PROD_000159,SELL_000039,2024-07-19,440.5,25.37
ORD_000876,2,PROD_000056,SELL_000024,2024-01-30,176.34,11.76
ORD_000876,3,PROD_000321,SELL_000024,2024-04-27,171.92,39.54
ORD_000876,4,PROD_000097,SELL_000047,2024-03-02,262.37,21.72
ORD_000876,5,PROD_000212,SELL_000002,2024-06-18,310.18,42.32
ORD_000877,1,PROD_000148,SELL_000043,2024-03-18,128.68,10.71
ORD_000877,2,PROD_000368,SELL_000046,2024-03-05,13.25,8.83
ORD_000878,1,PROD_000472,SELL_000038,2024-05-19,459.04,45.01
ORD_000878,2,PROD_000116,SELL_000047,2024-02-26,398.49,17.47
ORD_000879,1,PROD_000144,SELL_000002,2024-10-03,463.86,26.85
ORD_000880,1,PROD_000136,SELL_000045,2024-04-11,343.65,33.58
ORD_000880,2,PROD_000449,SELL_000031,2024-10-30,383.41,11.8
ORD_000881,1,PROD_000024,SELL_000049,2024-03-18,57.37,10.16
ORD_000881,2,PROD_000477,SELL_000034,2024-03-17,121.76,14.77
ORD_000881,3,PROD_000319,SELL_000037,2024-12-15,451.59,28.27
ORD_000882,1,PROD_000056,SELL_000042,2024-01-09,480.46,41.18
ORD_000882,2,PROD_000291,SELL_000025,2024-03-19,432.14,12.32
ORD_000882,3,PROD_000210,SELL_000023,2024-08-26,264.47,32.74
ORD_000882,4,PROD_000413,SELL_000028,2024-04-22,342.85,21.27
ORD_000882,5,PROD_000243,SELL_000029,2024-05-25,390.39,44.19
ORD_000883,1,PROD_000214,SELL_000014,2024-12-26,157.25,28.52
ORD_000883,2,PROD_000273,SELL_000010,2024-04-11,377.0,49.65
ORD_000884,1,PROD_000162,SELL_000020,2024-06-01,376.45,10.77
ORD_000884,2,PROD_000165,SELL_000013,2024-06-17,67.21,45.46
ORD_000885,1,PROD_000348,SELL_000036,2024-04-06,281.23,19.9
ORD_000885,2,PROD_000128,SELL_000017,2024-06-22,189.11,29.93
ORD_000885,3,PROD_000270,SELL_000012,2024-09-19,481.47,12.15
ORD_000885,4,PROD_000135,SELL_000029,2024-07-23,241.68,22.09
ORD_000885,5,PROD_000194,SELL_000046,2024-01-24,270.82,29.32
ORD_000886,1,PROD_000154,SELL_000021,2024-12-28,351.19,27.52
ORD_000886,2,PROD_000041,SELL_000047,2024-12-07,73.4,33.16
ORD_000886,3,PROD_000161,SELL_000014,2024-02-07,345.17,41.97
ORD_000886,4,PROD_000367,SELL_000025,2024-10-12,186.35,13.53
ORD_000887,1,PROD_000398,SELL_000049,2024-12-30,76.77,10.78
ORD_000887,2,PROD_000337,SELL_000042,2024-01-19,245.57,18.3
ORD_000887,3,PROD_000461,SELL_000006,2024-05-12,397.27,16.85
ORD_000888,1,PROD_000326,SELL_000008,2024-01-09,404.58,8.67
ORD_000889,1,PROD_000183,SELL_000010,2024-10-30,396.34,31.89
ORD_000889,2,PROD_000477,SELL_000020,2024-06-30,356.84,19.03
ORD_000889,3,PROD_000477,SELL_000014,2024-04-20,43.87,40.81
ORD_000890,1,PROD_000050,SELL_000008,2024-12-16,427.13,15.21
ORD_000890,2,PROD_000420,SELL_000016,2024-05-22,394.89,46.98
ORD_000890,3,PROD_000085,SELL_000040,2024-08-10,422.58,26.03
ORD_000890,4,PROD_000048,SELL_000002,2024-01-25,375.69,40.63
ORD_000891,1,PROD_000116,SELL_000019,2024-06-04,303.88,27.34
ORD_000891,2,PROD_000379,SELL_000046,2024-10-05,353.5,41.62
ORD_000891,3,PROD_000368,SELL_000027,2024-11-17,43.72,28.88
ORD_000892,1,PROD_000048,SELL_000031,2024-09-20,207.7,47.66
ORD_000892,2,PROD_000477,SELL_000009,2024-03-01,189.51,31.58
ORD_000892,3,PROD_000256,SELL_000039,2024-05-11,116.5,24.67
ORD_000892,4,PROD_000471,SELL_000015,2024-09-21,72.51,45.64
ORD_000892,5,PROD_000299,SELL_000003,2024-04-18,115.05,12.21
ORD_000893,1,PROD_000118,SELL_000039,2024-06-14,139.38,6.84
ORD_000893,2,PROD_000451,SELL_000029,2024-01-09,152.02,14.3
ORD_000894,1,PROD_000160,SELL_000047,2024-09-26,116.99,22.84
ORD_000895,1,PROD_000159,SELL_000030,2024-08-30,364.3,27.34
ORD_000895,2,PROD_000004,SELL_000030,2024-01-11,118.38,22.32
ORD_000895,3,PROD_000441,SELL_000049,2024-06-30,207.09,5.17
ORD_000895,4,PROD_000496,SELL_000029,2024-07-13,481.55,11.27
ORD_000896,1,PROD_000437,SELL_000010,2024-03-03,434.07,13.14
ORD_000896,2,PROD_000352,SELL_000042,2024-10-03,72.26,31.15
ORD_000896,3,PROD_000476,SELL_000014,2024-09-15,213.52,48.13
ORD_000896,4,PROD_000085,SELL_000031,2024-10-12,397.17,39.32
ORD_000896,5,PROD_000069,SELL_000028,2024-05-14,357.07,14.7
ORD_000897,1,PROD_000102,SELL_000001,2024-06-03,363.74,21.21
ORD_000897,2,PROD_000301,SELL_000028,2024-10-19,91.39,39.22
ORD_000898,1,PROD_000206,SELL_000043,2024-07-23,25.91,17.29
ORD_000898,2,PROD_000181,SELL_000015,2024-02-19,99.03,16.36
ORD_000898,3,PROD_000469,SELL_000017,2024-04-16,499.26,28.45
ORD_000898,4,PROD_000373,SELL_000018,2024-10-24,440.36,30.31
ORD_000899,1,PROD_000495,SELL_000034,2024-12-03,161.55,43.71
ORD_000900,1,PROD_000180,SELL_000007,2024-03-20,483.77,13.16
ORD_000900,2,PROD_000015,SELL_000025,2024-05-01,239.16,35.7
ORD_000900,3,PROD_000243,SELL_000049,2024-12-29,19.3,30.16
ORD_000900,4,PROD_000372,SELL_000015,2024-07-12,133.69,47.74
ORD_000901,1,PROD_000043,SELL_000045,2024-07-30,366.04,31.07
ORD_000902,1,PROD_000378,SELL_000036,2024-11-17,357.78,30.77
ORD_000902,2,PROD_000133,SELL_000011,2024-02-08,315.11,27.48
ORD_000902,3,PROD_000387,SELL_000013,2024-02-24,112.2,43.39
ORD_000903,1,PROD_000466,SELL_000045,2024-07-21,174.86,27.34
ORD_000903,2,PROD_000251,SELL_000026,2024-08-25,219.56,27.16
ORD_000904,1,PROD_000188,SELL_000037,2024-04-18,186.83,30.15
ORD_000904,2,PROD_000037,SELL_000014,2024-06-08,53.76,16.56
ORD_000904,3,PROD_000305,SELL_000005,2024-10-27,179.56,39.85
ORD_000904,4,PROD_000285,SELL_000002,2024-10-08,329.66,40.98
ORD_000905,1,PROD_000222,SELL_000032,2024-03-08,104.07,32.35
ORD_000905,2,PROD_000007,SELL_000044,2024-09-08,426.27,10.17
ORD_000906,1,PROD_000017,SELL_000007,2024-02-09,50.18,32.44
ORD_000907,1,PROD_000158,SELL_000034,2024-01-02,160.83,13.25
ORD_000907,2,PROD_000102,SELL_000027,2024-05-09,254.7,12.03
ORD_000907,3,PROD_000039,SELL_000017,2024-10-27,305.82,8.92
ORD_000908,1,PROD_000487,SELL_000026,2024-02-20,402.11,22.3
ORD_000908,2,PROD_000420,SELL_000017,2024-08-24,354.98,5.83
ORD_000908,3,PROD_000430,SELL_000041,2024-12-04,305.37,48.01
ORD_000908,4,PROD_000176,SELL_000031,2024-04-25,269.85,46.5
ORD_000908,5,PROD_000196,SELL_000030,2024-11-10,469.92,22.14
ORD_000909,1,PROD_000199,SELL_000029,2024-04-03,489.13,31.28
ORD_000909,2,PROD_000202,SELL_000008,2024-01-25,402.47,39.28
ORD_000910,1,PROD_000093,SELL_000028,2024-06-06,119.62,12.81
ORD_000910,2,PROD_000187,SELL_000033,2024-07-18,288.13,24.75
ORD_000910,3,PROD_000082,SELL_000018,2024-07-05,314.02,26.1
ORD_000910,4,PROD_000341,SELL_000049,2024-11-27,188.38,46.18
ORD_000911,1,PROD_000317,SELL_000013,2024-03-22,386.43,27.0
ORD_000911,2,PROD_000004,SELL_000008,2024-03-01,343.83,18.87
ORD_000911,3,PROD_000317,SELL_000007,2024-08-27,341.2,14.25
ORD_000911,4,PROD_000414,SELL_000012,2024-07-31,12.26,48.49
ORD_000912,1,PROD_000261,SELL_000022,2024-07-28,259.11,35.95
ORD_000912,2,PROD_000445,SELL_000042,2024-12-18,279.65,38.94
ORD_000912,3,PROD_000018,SELL_000049,2024-09-26,178.08,32.22
ORD_000912,4,PROD_000103,SELL_000023,2024-09-14,195.47,48.57
ORD_000913,1,PROD_000151,SELL_000014,2024-12-23,458.74,49.68
ORD_000913,2,PROD_000211,SELL_000018,2024-05-20,443.02,7.3
ORD_000913,3,PROD_000196,SELL_000013,2024-03-18,250.1,42.78
ORD_000913,4,PROD_000337,SELL_000028,2024-06-29,301.32,41.38
ORD_000913,5,PROD_000409,SELL_000017,2024-06-21,263.94,34.51
ORD_000914,1,PROD_000198,SELL_000040,2024-05-13,411.44,33.49
ORD_000914,2,PROD_000498,SELL_000029,2024-02-11,180.95,42.89
ORD_000914,3,PROD_000415,SELL_000048,2024-05-03,144.79,24.95
ORD_000914,4,PROD_000130,SELL_000021,2024-11-28,27.68,33.73
ORD_000915,1,PROD_000013,SELL_000050,2024-07-06,128.26,27.28
ORD_000915,2,PROD_000308,SELL_000042,2024-01-04,283.99,17.28
ORD_000915,3,PROD_000426,SELL_000048,2024-09-26,309.46,19.17
ORD_000916,1,PROD_000329,SELL_000040,2024-05-13,173.06,6.21
ORD_000916,2,PROD_000226,SELL_000023,2024-05-24,281.44,47.38
ORD_000917,1,PROD_000269,SELL_000001,2024-07-11,122.49,14.72
ORD_000917,2,PROD_000374,SELL_000035,2024-07-10,463.21,31.12
ORD_000917,3,PROD_000096,SELL_000047,2024-11-07,69.22,23.32
ORD_000917,4,PROD_000195,SELL_000020,2024-09-26,31.02,46.35
ORD_000918,1,PROD_000244,SELL_000015,2024-08-23,112.43,48.54
ORD_000919,1,PROD_000045,SELL_000023,2024-01-02,363.64,22.38
ORD_000919,2,PROD_000091,SELL_000046,2024-05-12,420.83,19.14
ORD_000919,3,PROD_000024,SELL_000048,2024-03-14,209.73,28.24
ORD_000920,1,PROD_000232,SELL_000041,2024-10-25,221.62,14.09
ORD_000920,2,PROD_000150,SELL_000026,2024-08-28,147.76,24.22
ORD_000920,3,PROD_000355,SELL_000026,2024-08-10,375.33,16.14
ORD_000920,4,PROD_000436,SELL_000009,2024-09-06,106.32,40.27
ORD_000920,5,PROD_000318,SELL_000031,2024-05-16,64.62,31.76
ORD_000921,1,PROD_000363,SELL_000049,2024-10-22,149.0,41.71
ORD_000922,1,PROD_000450,SELL_000006,2024-01-12,97.73,27.02
ORD_000923,1,PROD_000248,SELL_000035,2024-02-27,344.21,31.83
ORD_000924,1,PROD_000201,SELL_000020,2024-09-23,138.56,44.65
ORD_000925,1,PROD_000290,SELL_000041,2024-08-29,109.07,13.83
ORD_000925,2,PROD_000121,SELL_000002,2024-08-07,52.73,16.32
ORD_000925,3,PROD_000456,SELL_000021,2024-08-17,432.48,21.7
ORD_000925,4,PROD_000362,SELL_000031,2024-09-28,299.12,43.48
ORD_000926,1,PROD_000485,SELL_000023,2024-12-09,381.13,33.86
ORD_000927,1,PROD_000210,SELL_000003,2024-04-06,382.66,6.3
ORD_000927,2,PROD_000207,SELL_000034,2024-08-29,173.72,39.03
ORD_000928,1,PROD_000247,SELL_000006,2024-11-22,424.61,36.48
ORD_000929,1,PROD_000483,SELL_000011,2024-11-04,99.34,44.74
ORD_000930,1,PROD_000473,SELL_000007,2024-04-22,289.29,10.73
ORD_000930,2,PROD_000252,SELL_000030,2024-05-10,188.32,34.01
ORD_000930,3,PROD_000267,SELL_000020,2024-12-11,60.2,38.14
ORD_000930,4,PROD_000107,SELL_000016,2024-09-13,211.5,27.52
ORD_000931,1,PROD_000172,SELL_000045,2024-09-16,391.47,5.53
ORD_000932,1,PROD_000034,SELL_000049,2024-01-24,317.7,38.92
ORD_000932,2,PROD_000433,SELL_000042,2024-07-06,68.36,6.35
ORD_000932,3,PROD_000219,SELL_000018,2024-01-22,253.02,48.45
ORD_000932,4,PROD_000271,SELL_000014,2024-10-03,343.56,18.56
ORD_000932,5,PROD_000272,SELL_000047,2024-05-18,261.02,13.83
ORD_000933,1,PROD_000117,SELL_000017,2024-09-22,422.3,20.81
ORD_000934,1,PROD_000222,SELL_000022,2024-12-04,149.53,35.53
ORD_000934,2,PROD_000445,SELL_000019,2024-05-15,313.89,26.56
ORD_000935,1,PROD_000030,SELL_000040,2024-01-07,102.68,44.01
ORD_000935,2,PROD_000284,SELL_000033,2024-05-06,398.01,40.36
ORD_000935,3,PROD_000412,SELL_000017,2024-05-06,372.28,8.72
ORD_000935,4,PROD_000253,SELL_000048,2024-09-23,169.55,33.09
ORD_000935,5,PROD_000425,SELL_000018,2024-05-14,496.99,44.99
ORD_000936,1,PROD_000288,SELL_000043,2024-10-21,451.49,49.84
ORD_000936,2,PROD_000301,SELL_000014,2024-01-14,107.95,13.38
ORD_000936,3,PROD_000321,SELL_000003,2024-08-25,316.9,21.73
ORD_000936,4,PROD_000003,SELL_000046,2024-06-25,85.71,32.87
ORD_000936,5,PROD_000400,SELL_000004,2024-03-05,374.18,12.15
ORD_000937,1,PROD_000461,SELL_000009,2024-11-07,474.31,34.63
ORD_000938,1,PROD_000196,SELL_000013,2024-04-23,20.45,32.02
ORD_000938,2,PROD_000457,SELL_000011,2024-05-06,185.53,48.39
ORD_000938,3,PROD_000181,SELL_000017,2024-01-03,489.45,6.32
ORD_000938,4,PROD_000306,SELL_000042,2024-10-31,67.5,20.89
ORD_000939,1,PROD_000412,SELL_000012,2024-12-16,236.83,46.6
ORD_000940,1,PROD_000061,SELL_000010,2024-11-18,308.54,14.68
ORD_000941,1,PROD_000500,SELL_000021,2024-01-04,20.78,10.76
ORD_000941,2,PROD_000041,SELL_000043,2024-09-30,78.62,6.75
ORD_000941,3,PROD_000355,SELL_000025,2024-09-22,71.89,45.89
ORD_000941,4,PROD_000155,SELL_000034,2024-03-05,393.06,6.46
ORD_000941,5,PROD_000122,SELL_000004,2024-06-27,155.69,17.95
ORD_000942,1,PROD_000112,SELL_000034,2024-07-03,227.3,42.1
ORD_000942,2,PROD_000308,SELL_000029,2024-04-15,297.59,28.64
ORD_000942,3,PROD_000384,SELL_000010,2024-05-19,417.2,19.83
ORD_000942,4,PROD_000349,SELL_000021,2024-05-02,267.87,9.72
ORD_000943,1,PROD_000275,SELL_000011,2024-09-06,81.22,35.53
ORD_000944,1,PROD_000446,SELL_000009,2024-08-12,466.58,43.34
ORD_000944,2,PROD_000301,SELL_000023,2024-02-21,257.18,13.31
ORD_000944,3,PROD_000186,SELL_000024,2024-11-28,238.85,23.85
ORD_000944,4,PROD_000271,SELL_000034,2024-12-05,364.67,20.14
ORD_000944,5,PROD_000174,SELL_000038,2024-01-23,129.4,47.16
ORD_000945,1,PROD_000295,SELL_000028,2024-11-14,170.89,18.65
ORD_000946,1,PROD_000233,SELL_000025,2024-02-23,340.85,20.24
ORD_000946,2,PROD_000423,SELL_000046,2024-05-31,261.12,17.68
ORD_000946,3,PROD_000379,SELL_000008,2024-06-16,371.18,27.97
ORD_000946,4,PROD_000070,SELL_000042,2024-05-11,151.17,37.03
ORD_000946,5,PROD_000022,SELL_000016,2024-06-20,23.11,46.97
ORD_000947,1,PROD_000305,SELL_000024,2024-06-27,394.09,32.06
ORD_000947,2,PROD_000410,SELL_000050,2024-04-18,190.45,19.97
ORD_000947,3,PROD_000262,SELL_000005,2024-02-02,258.82,37.03
ORD_000947,4,PROD_000340,SELL_000010,2024-08-17,224.93,19.84
ORD_000948,1,PROD_000394,SELL_000029,2024-11-18,253.36,27.19
ORD_000948,2,PROD_000191,SELL_000037,2024-04-03,191.27,44.57
ORD_000948,3,PROD_000061,SELL_000009,2024-04-22,262.01,11.68
ORD_000948,4,PROD_000148,SELL_000048,2024-10-28,407.99,16.17
ORD_000949,1,PROD_000241,SELL_000040,2024-01-21,18.34,7.8
ORD_000949,2,PROD_000146,SELL_000022,2024-07-06,303.92,17.79
ORD_000949,3,PROD_000427,SELL_000020,2024-10-19,347.11,23.72
ORD_000949,4,PROD_000459,SELL_000017,2024-02-25,223.82,10.97
ORD_000949,5,PROD_000348,SELL_000037,2024-06-24,396.17,34.65
ORD_000950,1,PROD_000061,SELL_000010,2024-06-18,188.37,14.94
ORD_000950,2,PROD_000462,SELL_000002,2024-03-28,390.5,24.39
ORD_000950,3,PROD_000135,SELL_000040,2024-01-12,194.05,10.58
ORD_000950,4,PROD_000080,SELL_000050,2024-03-20,250.5,35.58
ORD_000951,1,PROD_000185,SELL_000013,2024-02-03,471.54,41.77
ORD_000951,2,PROD_000486,SELL_000008,2024-12-22,317.53,17.43
ORD_000951,3,PROD_000255,SELL_000041,2024-01-27,37.38,17.73
ORD_000951,4,PROD_000187,SELL_000022,2024-10-12,127.92,18.04
ORD_000952,1,PROD_000319,SELL_000022,2024-07-06,462.58,41.06
ORD_000952,2,PROD_000491,SELL_000008,2024-08-06,496.13,48.03
ORD_000952,3,PROD_000340,SELL_000014,2024-04-15,192.78,48.65
ORD_000953,1,PROD_000359,SELL_000049,2024-08-01,213.23,7.43
ORD_000953,2,PROD_000421,SELL_000040,2024-07-02,381.73,18.57
ORD_000953,3,PROD_000412,SELL_000048,2024-10-25,54.91,27.62
ORD_000953,4,PROD_000389,SELL_000046,2024-01-28,153.91,8.58
ORD_000954,1,PROD_000190,SELL_000022,2024-12-15,241.06,19.45
ORD_000955,1,PROD_000048,SELL_000041,2024-10-24,233.83,15.42
ORD_000955,2,PROD_000201,SELL_000036,2024-07-16,444.71,40.03
ORD_000956,1,PROD_000350,SELL_000016,2024-02-06,337.43,23.91
ORD_000956,2,PROD_000269,SELL_000037,2024-09-23,491.83,29.58
ORD_000956,3,PROD_000331,SELL_000044,2024-01-14,489.96,6.5
ORD_000956,4,PROD_000191,SELL_000049,2024-10-10,106.48,8.52
ORD_000956,5,PROD_000056,SELL_000024,2024-04-15,94.87,12.28
ORD_000957,1,PROD_000025,SELL_000003,2024-11-09,357.0,35.87
ORD_000957,2,PROD_000376,SELL_000016,2024-12-29,116.4,30.68
ORD_000957,3,PROD_000125,SELL_000032,2024-10-28,30.86,45.93
ORD_000958,1,PROD_000279,SELL_000036,2024-11-22,229.3,12.63
ORD_000958,2,PROD_000336,SELL_000005,2024-10-14,270.82,14.51
ORD_000959,1,PROD_000146,SELL_000029,2024-09-24,58.68,39.02
ORD_000959,2,PROD_000396,SELL_000029,2024-08-10,208.05,38.65
ORD_000959,3,PROD_000140,SELL_000009,2024-01-06,276.4,18.45
ORD_000960,1,PROD_000096,SELL_000019,2024-04-06,374.0,23.21
ORD_000961,1,PROD_000247,SELL_000018,2024-03-18,366.69,23.59
ORD_000961,2,PROD_000141,SELL_000002,2024-05-12,236.92,30.15
ORD_000961,3,PROD_000393,SELL_000044,2024-03-27,383.2,31.97
ORD_000962,1,PROD_000209,SELL_000016,2024-08-15,301.0,34.3
ORD_000962,2,PROD_000266,SELL_000006,2024-12-16,349.6,26.35
ORD_000962,3,PROD_000423,SELL_000020,2024-05-20,308.6,12.59
ORD_000962,4,PROD_000199,SELL_000034,2024-08-17,335.24,18.77
ORD_000963,1,PROD_000197,SELL_000040,2024-04-22,491.55,30.61
ORD_000963,2,PROD_000361,SELL_000022,2024-05-08,55.01,19.72
ORD_000963,3,PROD_000414,SELL_000028,2024-07-26,162.37,11.49
ORD_000964,1,PROD_000143,SELL_000001,2024-03-20,317.04,40.65
ORD_000964,2,PROD_000299,SELL_000049,2024-01-07,424.98,47.24
ORD_000964,3,PROD_000413,SELL_000025,2024-05-18,385.18,31.51
ORD_000964,4,PROD_000200,SELL_000027,2024-12-08,498.04,28.37
ORD_000964,5,PROD_000491,SELL_000008,2024-12-05,493.31,13.19
ORD_000965,1,PROD_000296,SELL_000010,2024-05-05,335.84,34.25
ORD_000965,2,PROD_000500,SELL_000042,2024-03-11,140.48,30.21
ORD_000966,1,PROD_000096,SELL_000004,2024-04-26,239.18,15.37
ORD_000966,2,PROD_000362,SELL_000036,2024-05-19,36.08,22.41
ORD_000967,1,PROD_000105,SELL_000033,2024-07-31,251.05,18.54
ORD_000968,1,PROD_000494,SELL_000021,2024-09-11,255.71,7.32
ORD_000968,2,PROD_000136,SELL_000022,2024-06-17,296.22,35.89
ORD_000968,3,PROD_000468,SELL_000021,2024-12-12,390.02,34.82
ORD_000968,4,PROD_000334,SELL_000043,2024-07-10,414.58,25.72
ORD_000968,5,PROD_000198,SELL_000036,2024-12-13,11.04,44.9
ORD_000969,1,PROD_000035,SELL_000048,2024-03-09,459.12,33.67
ORD_000969,2,PROD_000246,SELL_000042,2024-08-06,137.96,16.5
ORD_000969,3,PROD_000309,SELL_000017,2024-04-20,484.38,46.2
ORD_000970,1,PROD_000240,SELL_000003,2024-07-08,211.43,16.49
ORD_000970,2,PROD_000223,SELL_000023,2024-04-09,442.58,40.98
ORD_000971,1,PROD_000022,SELL_000004,2024-05-30,83.95,49.13
ORD_000971,2,PROD_000262,SELL_000028,2024-08-15,132.53,37.19
ORD_000972,1,PROD_000071,SELL_000004,2024-05-08,169.64,33.42
ORD_000972,2,PROD_000048,SELL_000037,2024-09-28,180.32,47.48
ORD_000972,3,PROD_000012,SELL_000022,2024-07-29,193.29,9.56
ORD_000973,1,PROD_000163,SELL_000036,2024-06-13,34.33,8.94
ORD_000973,2,PROD_000135,SELL_000013,2024-04-06,418.15,36.93
ORD_000974,1,PROD_000445,SELL_000031,2024-08-05,211.27,49.78
ORD_000974,2,PROD_000096,SELL_000032,2024-12-10,299.61,37.25
ORD_000974,3,PROD_000400,SELL_000018,2024-03-07,111.53,29.66
ORD_000974,4,PROD_000001,SELL_000026,2024-01-22,460.85,38.48
ORD_000974,5,PROD_000259,SELL_000040,2024-02-10,370.97,27.1
ORD_000975,1,PROD_000187,SELL_000010,2024-03-06,305.54,28.79
ORD_000976,1,PROD_000236,SELL_000042,2024-06-01,294.39,39.5
ORD_000976,2,PROD_000186,SELL_000040,2024-11-03,20.26,43.13
ORD_000976,3,PROD_000243,SELL_000002,2024-12-27,98.29,32.74
ORD_000977,1,PROD_000049,SELL_000008,2024-05-29,115.63,45.66
ORD_000977,2,PROD_000258,SELL_000013,2024-01-24,162.93,44.03
ORD_000977,3,PROD_000322,SELL_000031,2024-09-03,368.47,38.39
ORD_000977,4,PROD_000188,SELL_000008,2024-04-24,29.67,8.46
ORD_000978,1,PROD_000385,SELL_000010,2024-03-13,63.28,29.74
ORD_000978,2,PROD_000234,SELL_000019,2024-06-23,403.75,14.05
ORD_000978,3,PROD_000236,SELL_000008,2024-05-25,499.19,15.76
ORD_000978,4,PROD_000428,SELL_000010,2024-01-24,148.88,8.72
ORD_000978,5,PROD_000065,SELL_000029,2024-05-25,131.97,8.91
ORD_000979,1,PROD_000218,SELL_000027,2024-06-29,205.09,6.95
ORD_000979,2,PROD_000114,SELL_000013,2024-07-25,52.36,23.62
ORD_000979,3,PROD_000183,SELL_000022,2024-09-19,20.86,39.33
ORD_000979,4,PROD_000129,SELL_000030,2024-06-16,172.56,11.74
ORD_000980,1,PROD_000482,SELL_000009,2024-01-29,340.48,23.23
ORD_000980,2,PROD_000457,SELL_000031,2024-01-31,80.55,37.58
ORD_000980,3,PROD_000058,SELL_000001,2024-01-05,445.74,21.03
ORD_000980,4,PROD_000384,SELL_000044,2024-08-12,279.43,6.88
ORD_000981,1,PROD_000002,SELL_000021,2024-08-25,478.9,39.77
ORD_000981,2,PROD_000498,SELL_000012,2024-02-13,351.93,9.11
ORD_000981,3,PROD_000197,SELL_000030,2024-12-19,303.43,41.46
ORD_000981,4,PROD_000498,SELL_000016,2024-07-06,401.72,13.44
ORD_000981,5,PROD_000412,SELL_000015,2024-12-23,460.33,5.75
ORD_000982,1,PROD_000140,SELL_000034,2024-05-25,369.7,36.54
ORD_000982,2,PROD_000496,SELL_000006,2024-08-03,172.12,41.8
ORD_000982,3,PROD_000459,SELL_000029,2024-10-25,155.43,11.54
ORD_000983,1,PROD_000362,SELL_000034,2024-04-27,25.71,17.21
ORD_000984,1,PROD_000350,SELL_000017,2024-07-31,377.44,40.29
ORD_000984,2,PROD_000322,SELL_000044,2024-06-19,372.22,30.81
ORD_000984,3,PROD_000074,SELL_000047,2024-01-19,159.25,43.53
ORD_000984,4,PROD_000335,SELL_000005,2024-06-15,357.95,29.5
ORD_000985,1,PROD_000399,SELL_000021,2024-02-21,34.45,14.96
ORD_000986,1,PROD_000201,SELL_000050,2024-07-06,364.47,15.09
ORD_000986,2,PROD_000214,SELL_000013,2024-05-02,13.19,26.69
ORD_000986,3,PROD_000396,SELL_000024,2024-12-25,158.3,25.95
ORD_000987,1,PROD_000002,SELL_000037,2024-10-04,450.86,10.38
ORD_000988,1,PROD_000120,SELL_000029,2024-08-18,26.17,34.1
ORD_000988,2,PROD_000050,SELL_000030,2024-01-07,415.94,38.6
ORD_000988,3,PROD_000226,SELL_000004,2024-02-27,411.27,20.35
ORD_000989,1,PROD_000087,SELL_000036,2024-12-15,418.99,15.08
ORD_000989,2,PROD_000109,SELL_000041,2024-10-17,374.98,9.16
ORD_000989,3,PROD_000329,SELL_000035,2024-07-11,196.53,9.88
ORD_000989,4,PROD_000194,SELL_000039,2024-08-16,193.74,20.96
ORD_000989,5,PROD_000049,SELL_000032,2024-05-02,484.26,39.84
ORD_000990,1,PROD_000016,SELL_000049,2024-12-26,43.9,7.57
ORD_000990,2,PROD_000178,SELL_000047,2024-07-05,447.32,31.53
ORD_000991,1,PROD_000311,SELL_000050,2024-10-08,102.71,37.29
ORD_000991,2,PROD_000038,SELL_000032,2024-10-29,113.82,45.02
ORD_000991,3,PROD_000148,SELL_000042,2024-09-13,23.69,32.1
ORD_000991,4,PROD_000419,SELL_000017,2024-06-03,31.15,20.77
ORD_000992,1,PROD_000476,SELL_000023,2024-03-18,489.77,20.03
ORD_000992,2,PROD_000104,SELL_000024,2024-08-28,20.51,27.39
ORD_000992,3,PROD_000482,SELL_000025,2024-07-08,13.29,16.74
ORD_000993,1,PROD_000446,SELL_000001,2024-08-29,273.61,34.16
ORD_000993,2,PROD_000218,SELL_000010,2024-12-01,471.48,13.2
ORD_000994,1,PROD_000298,SELL_000043,2024-03-23,211.23,39.2
ORD_000995,1,PROD_000404,SELL_000048,2024-02-04,69.43,24.62
ORD_000995,2,PROD_000441,SELL_000002,2024-03-02,22.93,32.29
ORD_000995,3,PROD_000481,SELL_000015,2024-08-12,420.83,31.44
ORD_000995,4,PROD_000035,SELL_000038,2024-05-23,423.72,5.16
ORD_000996,1,PROD_000035,SELL_000042,2024-08-28,33.99,44.26
ORD_000996,2,PROD_000070,SELL_000032,2024-12-20,209.05,12.56
ORD_000996,3,PROD_000013,SELL_000023,2024-12-09,336.82,28.57
ORD_000996,4,PROD_000239,SELL_000032,2024-09-11,394.6,8.81
ORD_000996,5,PROD_000344,SELL_000038,2024-08-26,75.72,22.36
ORD_000997,1,PROD_000452,SELL_000007,2024-02-24,285.95,24.21
ORD_000997,2,PROD_000336,SELL_000050,2024-11-04,455.29,18.77
ORD_000998,1,PROD_000494,SELL_000032,2024-08-19,109.12,19.31
ORD_000999,1,PROD_000186,SELL_000025,2024-12-23,401.1,35.86
ORD_000999,2,PROD_000304,SELL_000011,2024-03-18,28.09,43.94
ORD_000999,3,PROD_000462,SELL_000008,2024-04-15,190.51,15.81
ORD_000999,4,PROD_000475,SELL_000047,2024-10-19,467.54,34.83
ORD_000999,5,PROD_000409,SELL_000019,2024-09-29,393.39,32.44
ORD_001000,1,PROD_000023,SELL_000004,2024-09-11,184.89,24.1
ORD_001000,2,PROD_000383,SELL_000018,2024-09-26,213.87,26.28
ORD_001000,3,PROD_000186,SELL_000035,2024-03-03,279.99,37.89
ORD_001001,1,PROD_000373,SELL_000032,2024-05-15,259.7,47.47
ORD_001001,2,PROD_000145,SELL_000032,2024-08-19,307.53,21.82
ORD_001001,3,PROD_000315,SELL_000040,2024-12-08,342.27,19.99
ORD_001001,4,PROD_000282,SELL_000020,2024-04-21,273.15,21.78
ORD_001002,1,PROD_000297,SELL_000038,2024-08-29,378.35,12.98
ORD_001002,2,PROD_000075,SELL_000050,2024-01-20,422.75,32.52
ORD_001002,3,PROD_000032,SELL_000045,2024-07-14,447.11,24.16
ORD_001002,4,PROD_000296,SELL_000008,2024-03-18,196.95,27.09
ORD_001002,5,PROD_000296,SELL_000006,2024-10-19,215.91,31.34
ORD_001003,1,PROD_000108,SELL_000024,2024-05-03,342.34,14.58
ORD_001003,2,PROD_000040,SELL_000016,2024-10-12,244.41,14.75
ORD_001004,1,PROD_000329,SELL_000026,2024-09-29,74.98,40.9
ORD_001004,2,PROD_000371,SELL_000031,2024-07-11,123.75,19.82
ORD_001004,3,PROD_000170,SELL_000012,2024-08-05,347.88,7.4
ORD_001005,1,PROD_000346,SELL_000018,2024-10-09,478.49,16.41
ORD_001005,2,PROD_000259,SELL_000008,2024-02-29,101.29,12.09
ORD_001005,3,PROD_000303,SELL_000043,2024-10-29,106.51,38.57
ORD_001005,4,PROD_000063,SELL_000029,2024-04-29,289.59,12.43
ORD_001005,5,PROD_000066,SELL_000009,2024-10-24,118.3,24.82
ORD_001006,1,PROD_000262,SELL_000028,2024-06-21,453.78,5.36
ORD_001006,2,PROD_000126,SELL_000037,2024-11-30,145.68,37.45
ORD_001006,3,PROD_000433,SELL_000029,2024-07-11,419.88,33.99
ORD_001006,4,PROD_000029,SELL_000021,2024-06-16,483.06,36.17
ORD_001007,1,PROD_000372,SELL_000031,2024-10-16,48.65,18.53
ORD_001007,2,PROD_000038,SELL_000009,2024-12-09,157.62,18.58
ORD_001007,3,PROD_000164,SELL_000014,2024-06-29,131.34,46.62
ORD_001007,4,PROD_000040,SELL_000005,2024-12-20,171.91,20.83
ORD_001008,1,PROD_000073,SELL_000030,2024-03-22,34.58,17.23
ORD_001008,2,PROD_000018,SELL_000047,2024-04-07,196.46,36.58
ORD_001008,3,PROD_000192,SELL_000029,2024-11-26,182.65,23.8
ORD_001008,4,PROD_000452,SELL_000040,2024-05-12,106.57,30.95
ORD_001008,5,PROD_000209,SELL_000035,2024-07-13,446.06,40.59
ORD_001009,1,PROD_000413,SELL_000034,2024-10-02,164.56,5.75
ORD_001010,1,PROD_000389,SELL_000018,2024-04-27,389.27,31.06
ORD_001010,2,PROD_000469,SELL_000018,2024-05-17,402.91,7.72
ORD_001010,3,PROD_000368,SELL_000005,2024-01-10,156.92,43.61
ORD_001010,4,PROD_000400,SELL_000048,2024-10-31,242.23,33.0
ORD_001010,5,PROD_000179,SELL_000018,2024-10-27,83.62,46.44
ORD_001011,1,PROD_000055,SELL_000034,2024-02-07,257.42,44.48
ORD_001012,1,PROD_000213,SELL_000040,2024-11-15,324.34,14.64
ORD_001012,2,PROD_000080,SELL_000049,2024-11-18,297.25,21.64
ORD_001012,3,PROD_000498,SELL_000021,2024-04-18,269.05,40.85
ORD_001012,4,PROD_000455,SELL_000041,2024-02-10,59.37,19.62
ORD_001012,5,PROD_000256,SELL_000003,2024-04-07,156.79,21.62
ORD_001013,1,PROD_000330,SELL_000006,2024-07-30,150.28,46.99
ORD_001014,1,PROD_000197,SELL_000012,2024-06-04,417.76,20.04
ORD_001014,2,PROD_000166,SELL_000019,2024-08-02,494.68,5.15
ORD_001015,1,PROD_000493,SELL_000008,2024-04-29,177.42,16.28
ORD_001015,2,PROD_000200,SELL_000040,2024-12-30,350.93,11.48
ORD_001016,1,PROD_000292,SELL_000019,2024-01-04,250.19,43.7
ORD_001016,2,PROD_000385,SELL_000029,2024-05-07,336.54,15.31
ORD_001017,1,PROD_000197,SELL_000004,2024-11-16,463.7,42.49
ORD_001017,2,PROD_000133,SELL_000031,2024-12-17,34.3,34.79
ORD_001017,3,PROD_000214,SELL_000004,2024-05-08,463.91,28.65
ORD_001017,4,PROD_000040,SELL_000004,2024-08-15,293.26,39.82
ORD_001018,1,PROD_000201,SELL_000013,2024-06-22,75.4,16.69
ORD_001019,1,PROD_000379,SELL_000012,2024-01-02,457.19,12.45
ORD_001020,1,PROD_000250,SELL_000022,2024-07-24,43.01,28.16
ORD_001021,1,PROD_000173,SELL_000028,2024-05-10,335.58,8.87
ORD_001021,2,PROD_000375,SELL_000022,2024-05-19,69.7,14.82
ORD_001021,3,PROD_000101,SELL_000028,2024-07-20,186.23,41.16
ORD_001021,4,PROD_000072,SELL_000034,2024-06-24,490.46,31.88
ORD_001021,5,PROD_000472,SELL_000005,2024-06-18,453.35,36.35
ORD_001022,1,PROD_000283,SELL_000008,2024-08-13,326.93,9.45
ORD_001022,2,PROD_000192,SELL_000047,2024-08-31,278.91,30.46
ORD_001022,3,PROD_000361,SELL_000022,2024-04-01,371.48,18.68
ORD_001023,1,PROD_000088,SELL_000006,2024-10-27,432.77,33.94
ORD_001023,2,PROD_000053,SELL_000042,2024-05-25,88.42,31.23
ORD_001024,1,PROD_000139,SELL_000033,2024-02-28,152.19,17.79
ORD_001024,2,PROD_000385,SELL_000006,2024-04-21,409.63,48.27
ORD_001024,3,PROD_000356,SELL_000046,2024-07-23,451.63,31.15
ORD_001024,4,PROD_000298,SELL_000008,2024-05-26,428.81,23.55
ORD_001024,5,PROD_000079,SELL_000001,2024-03-03,416.14,41.94
ORD_001025,1,PROD_000056,SELL_000029,2024-06-04,446.11,11.85
ORD_001026,1,PROD_000462,SELL_000033,2024-11-28,158.34,18.83
ORD_001026,2,PROD_000317,SELL_000033,2024-09-20,480.57,22.6
ORD_001026,3,PROD_000187,SELL_000040,2024-06-02,276.44,36.1
ORD_001026,4,PROD_000076,SELL_000030,2024-04-06,470.35,31.99
ORD_001026,5,PROD_000127,SELL_000043,2024-07-17,233.96,35.06
ORD_001027,1,PROD_000488,SELL_000007,2024-08-02,162.96,17.29
ORD_001027,2,PROD_000328,SELL_000037,2024-03-05,498.11,48.5
ORD_001027,3,PROD_000098,SELL_000010,2024-02-29,284.28,6.14
ORD_001027,4,PROD_000049,SELL_000007,2024-04-08,40.2,19.16
ORD_001027,5,PROD_000071,SELL_000014,2024-02-23,186.06,42.3
ORD_001028,1,PROD_000393,SELL_000011,2024-05-01,152.01,29.44
ORD_001028,2,PROD_000479,SELL_000046,2024-01-08,366.36,11.64
ORD_001028,3,PROD_000372,SELL_000048,2024-05-09,203.32,47.42
ORD_001028,4,PROD_000245,SELL_000006,2024-11-19,128.92,40.12
ORD_001028,5,PROD_000006,SELL_000009,2024-06-10,130.98,42.58
ORD_001029,1,PROD_000082,SELL_000016,2024-10-02,217.72,40.99
ORD_001029,2,PROD_000417,SELL_000029,2024-08-31,198.58,18.99
ORD_001029,3,PROD_000069,SELL_000040,2024-04-12,329.39,33.55
ORD_001030,1,PROD_000385,SELL_000035,2024-09-10,323.5,45.95
ORD_001030,2,PROD_000219,SELL_000046,2024-07-22,455.88,18.61
ORD_001030,3,PROD_000498,SELL_000035,2024-12-25,439.49,43.93
ORD_001030,4,PROD_000250,SELL_000009,2024-02-09,29.46,34.26
ORD_001030,5,PROD_000092,SELL_000019,2024-12-19,35.36,15.85
ORD_001031,1,PROD_000358,SELL_000003,2024-07-09,428.69,5.84
ORD_001031,2,PROD_000345,SELL_000049,2024-11-03,360.2,27.19
ORD_001032,1,PROD_000146,SELL_000030,2024-03-12,178.89,13.23
ORD_001032,2,PROD_000178,SELL_000019,2024-02-04,224.07,41.49
ORD_001033,1,PROD_000304,SELL_000043,2024-04-17,300.83,26.84
ORD_001033,2,PROD_000433,SELL_000028,2024-12-30,359.52,31.14
ORD_001033,3,PROD_000164,SELL_000045,2024-04-05,117.57,34.59
ORD_001033,4,PROD_000413,SELL_000036,2024-03-28,399.57,28.01
ORD_001033,5,PROD_000098,SELL_000025,2024-11-28,103.93,35.18
ORD_001034,1,PROD_000398,SELL_000030,2024-10-09,328.95,28.22
ORD_001034,2,PROD_000245,SELL_000048,2024-01-22,144.36,34.28
ORD_001035,1,PROD_000181,SELL_000030,2024-11-30,123.18,28.45
ORD_001035,2,PROD_000309,SELL_000024,2024-10-24,125.28,41.93
ORD_001036,1,PROD_000350,SELL_000038,2024-10-31,101.67,8.64
ORD_001036,2,PROD_000098,SELL_000021,2024-05-08,163.11,26.04
ORD_001036,3,PROD_000030,SELL_000023,2024-01-05,409.4,49.25
ORD_001036,4,PROD_000336,SELL_000001,2024-09-11,244.95,5.28
ORD_001037,1,PROD_000283,SELL_000050,2024-06-02,287.51,34.64
ORD_001037,2,PROD_000313,SELL_000040,2024-07-24,106.93,20.59
ORD_001037,3,PROD_000194,SELL_000033,2024-08-02,355.13,23.66
ORD_001037,4,PROD_000394,SELL_000005,2024-05-02,277.95,5.52
ORD_001037,5,PROD_000167,SELL_000038,2024-07-03,45.75,40.15
ORD_001038,1,PROD_000283,SELL_000018,2024-07-03,146.17,12.71
ORD_001038,2,PROD_000461,SELL_000024,2024-10-26,173.08,9.54
ORD_001038,3,PROD_000419,SELL_000013,2024-12-29,26.94,19.73
ORD_001039,1,PROD_000180,SELL_000019,2024-02-20,295.1,14.37
ORD_001040,1,PROD_000057,SELL_000048,2024-12-27,462.68,9.48
ORD_001040,2,PROD_000306,SELL_000027,2024-09-12,161.23,9.83
ORD_001040,3,PROD_000118,SELL_000028,2024-04-28,206.93,21.0
ORD_001041,1,PROD_000006,SELL_000022,2024-01-17,133.39,27.11
ORD_001041,2,PROD_000255,SELL_000010,2024-03-14,126.26,11.04
ORD_001041,3,PROD_000444,SELL_000045,2024-09-07,423.21,40.41
ORD_001041,4,PROD_000239,SELL_000003,2024-12-30,107.37,48.01
ORD_001041,5,PROD_000348,SELL_000012,2024-04-21,320.32,29.52
ORD_001042,1,PROD_000265,SELL_000006,2024-08-14,40.93,40.66
ORD_001042,2,PROD_000270,SELL_000040,2024-12-01,365.49,38.76
ORD_001043,1,PROD_000484,SELL_000020,2024-12-12,227.13,35.69
ORD_001043,2,PROD_000384,SELL_000021,2024-03-13,477.57,10.4
ORD_001043,3,PROD_000463,SELL_000011,2024-08-14,377.11,47.66
ORD_001044,1,PROD_000126,SELL_000049,2024-09-12,446.66,14.79
ORD_001044,2,PROD_000045,SELL_000020,2024-11-07,422.22,14.26
ORD_001044,3,PROD_000054,SELL_000002,2024-10-01,256.9,12.29
ORD_001044,4,PROD_000124,SELL_000004,2024-08-10,368.68,20.04
ORD_001045,1,PROD_000455,SELL_000017,2024-12-11,416.96,6.2
ORD_001045,2,PROD_000417,SELL_000035,2024-02-19,259.62,5.84
ORD_001045,3,PROD_000361,SELL_000027,2024-06-02,278.1,21.75
ORD_001045,4,PROD_000048,SELL_000044,2024-01-21,459.67,10.8
ORD_001045,5,PROD_000257,SELL_000010,2024-06-05,47.14,16.38
ORD_001046,1,PROD_000045,SELL_000029,2024-01-25,76.01,16.78
ORD_001046,2,PROD_000217,SELL_000005,2024-08-06,320.86,26.18
ORD_001046,3,PROD_000229,SELL_000042,2024-11-20,103.86,39.18
ORD_001046,4,PROD_000145,SELL_000037,2024-11-07,291.23,43.78
ORD_001046,5,PROD_000438,SELL_000001,2024-04-18,335.72,48.32
ORD_001047,1,PROD_000097,SELL_000042,2024-06-09,335.5,16.51
ORD_001047,2,PROD_000371,SELL_000014,2024-06-07,159.66,9.7
ORD_001047,3,PROD_000211,SELL_000024,2024-02-04,436.69,41.22
ORD_001048,1,PROD_000432,SELL_000026,2024-01-02,42.16,33.31
ORD_001048,2,PROD_000057,SELL_000013,2024-03-04,124.86,21.49
ORD_001048,3,PROD_000492,SELL_000048,2024-08-22,289.9,10.99
ORD_001049,1,PROD_000390,SELL_000010,2024-12-17,343.67,35.56
ORD_001049,2,PROD_000306,SELL_000023,2024-08-05,379.96,49.8
ORD_001049,3,PROD_000238,SELL_000009,2024-12-03,51.69,22.0
ORD_001049,4,PROD_000400,SELL_000005,2024-12-30,266.14,39.39
ORD_001050,1,PROD_000482,SELL_000038,2024-10-11,253.44,29.92
ORD_001050,2,PROD_000435,SELL_000030,2024-09-09,217.52,38.1
ORD_001050,3,PROD_000470,SELL_000024,2024-02-03,116.69,26.62
ORD_001050,4,PROD_000337,SELL_000005,2024-03-07,397.02,32.29
ORD_001050,5,PROD_000044,SELL_000035,2024-10-21,119.37,25.54
ORD_001051,1,PROD_000022,SELL_000018,2024-09-17,243.51,6.75
ORD_001051,2,PROD_000185,SELL_000008,2024-10-28,133.93,20.37
ORD_001052,1,PROD_000210,SELL_000033,2024-02-14,326.15,40.57
ORD_001052,2,PROD_000425,SELL_000047,2024-04-25,147.47,29.23
ORD_001052,3,PROD_000461,SELL_000044,2024-01-17,254.33,48.85
ORD_001052,4,PROD_000337,SELL_000026,2024-06-09,366.68,6.8
ORD_001052,5,PROD_000321,SELL_000041,2024-02-25,180.44,26.8
ORD_001053,1,PROD_000262,SELL_000022,2024-11-14,104.43,30.59
ORD_001053,2,PROD_000393,SELL_000035,2024-11-23,169.39,34.78
ORD_001053,3,PROD_000369,SELL_000009,2024-01-18,187.23,17.55
ORD_001054,1,PROD_000308,SELL_000013,2024-05-01,295.93,25.16
ORD_001054,2,PROD_000346,SELL_000037,2024-06-11,133.31,47.44
ORD_001054,3,PROD_000117,SELL_000034,2024-06-10,425.25,45.34
ORD_001055,1,PROD_000072,SELL_000004,2024-08-28,482.13,8.36
ORD_001056,1,PROD_000101,SELL_000030,2024-10-14,331.8,13.37
ORD_001056,2,PROD_000352,SELL_000023,2024-07-03,344.4,20.67
ORD_001056,3,PROD_000173,SELL_000049,2024-04-23,340.15,17.01
ORD_001057,1,PROD_000231,SELL_000049,2024-09-22,357.02,35.49
ORD_001058,1,PROD_000240,SELL_000045,2024-09-15,438.52,29.21
ORD_001058,2,PROD_000411,SELL_000038,2024-03-26,325.73,45.39
ORD_001058,3,PROD_000070,SELL_000007,2024-01-18,372.73,25.5
ORD_001058,4,PROD_000072,SELL_000044,2024-12-08,14.48,17.48
ORD_001059,1,PROD_000159,SELL_000032,2024-02-05,493.71,40.2
ORD_001059,2,PROD_000152,SELL_000026,2024-02-25,347.16,21.52
ORD_001059,3,PROD_000252,SELL_000035,2024-12-21,17.66,47.46
ORD_001059,4,PROD_000049,SELL_000002,2024-12-22,492.93,29.84
ORD_001059,5,PROD_000210,SELL_000031,2024-02-12,265.69,16.57
ORD_001060,1,PROD_000077,SELL_000028,2024-03-06,387.1,18.53
ORD_001060,2,PROD_000485,SELL_000032,2024-02-01,350.9,30.33
ORD_001060,3,PROD_000213,SELL_000031,2024-02-13,66.34,5.71
ORD_001061,1,PROD_000258,SELL_000030,2024-08-27,391.51,15.39
ORD_001062,1,PROD_000168,SELL_000030,2024-01-26,349.54,34.68
ORD_001062,2,PROD_000115,SELL_000049,2024-01-16,237.15,11.06
ORD_001063,1,PROD_000338,SELL_000028,2024-09-29,287.48,32.61
ORD_001063,2,PROD_000248,SELL_000043,2024-05-12,304.35,41.49
ORD_001063,3,PROD_000031,SELL_000049,2024-04-20,323.15,7.57
ORD_001063,4,PROD_000409,SELL_000015,2024-09-20,491.48,41.13
ORD_001064,1,PROD_000320,SELL_000039,2024-09-14,467.41,30.8
ORD_001064,2,PROD_000134,SELL_000026,2024-10-21,88.81,26.02
ORD_001064,3,PROD_000145,SELL_000034,2024-03-04,61.59,47.07
ORD_001064,4,PROD_000099,SELL_000004,2024-02-18,260.71,39.55
ORD_001065,1,PROD_000126,SELL_000009,2024-05-07,51.03,16.89
ORD_001065,2,PROD_000183,SELL_000045,2024-07-14,409.64,9.36
ORD_001065,3,PROD_000404,SELL_000008,2024-03-27,237.22,31.76
ORD_001066,1,PROD_000030,SELL_000002,2024-05-06,142.9,45.66
ORD_001066,2,PROD_000236,SELL_000018,2024-04-12,367.13,11.96
ORD_001066,3,PROD_000455,SELL_000025,2024-12-16,239.81,6.28
ORD_001066,4,PROD_000417,SELL_000045,2024-06-19,112.89,11.21
ORD_001067,1,PROD_000449,SELL_000042,2024-12-10,85.87,10.56
ORD_001068,1,PROD_000133,SELL_000007,2024-11-23,42.57,31.63
ORD_001068,2,PROD_000472,SELL_000002,2024-11-24,77.38,22.06
ORD_001068,3,PROD_000251,SELL_000007,2024-05-07,371.13,34.23
ORD_001069,1,PROD_000028,SELL_000003,2024-07-04,436.86,12.94
ORD_001069,2,PROD_000346,SELL_000020,2024-05-16,90.34,43.91
ORD_001070,1,PROD_000335,SELL_000016,2024-07-07,409.99,30.22
ORD_001070,2,PROD_000343,SELL_000009,2024-06-11,389.73,10.4
ORD_001070,3,PROD_000427,SELL_000027,2024-02-26,482.03,19.07
ORD_001070,4,PROD_000392,SELL_000040,2024-10-20,360.56,19.0
ORD_001071,1,PROD_000212,SELL_000045,2024-02-14,271.63,43.3
ORD_001071,2,PROD_000169,SELL_000021,2024-04-18,224.91,39.83
ORD_001072,1,PROD_000275,SELL_000010,2024-07-25,269.68,37.39
ORD_001072,2,PROD_000320,SELL_000024,2024-02-01,271.59,17.14
ORD_001072,3,PROD_000314,SELL_000038,2024-12-03,162.36,6.41
ORD_001073,1,PROD_000069,SELL_000013,2024-06-27,282.03,31.69
ORD_001073,2,PROD_000423,SELL_000023,2024-09-19,37.42,14.28
ORD_001074,1,PROD_000449,SELL_000042,2024-03-29,258.91,6.36
ORD_001074,2,PROD_000015,SELL_000032,2024-06-11,32.33,27.37
ORD_001074,3,PROD_000341,SELL_000033,2024-02-16,297.1,44.71
ORD_001075,1,PROD_000414,SELL_000014,2024-07-04,137.03,40.55
ORD_001075,2,PROD_000151,SELL_000009,2024-07-03,98.61,36.67
ORD_001075,3,PROD_000243,SELL_000032,2024-09-08,246.39,17.84
ORD_001075,4,PROD_000466,SELL_000018,2024-10-17,201.35,40.74
ORD_001076,1,PROD_000018,SELL_000020,2024-08-07,148.33,7.38
ORD_001076,2,PROD_000223,SELL_000001,2024-07-17,288.47,44.32
ORD_001077,1,PROD_000200,SELL_000020,2024-10-07,222.85,48.21
ORD_001077,2,PROD_000344,SELL_000030,2024-07-06,405.05,41.1
ORD_001078,1,PROD_000237,SELL_000038,2024-04-27,394.73,41.7
ORD_001078,2,PROD_000288,SELL_000023,2024-11-30,434.02,34.4
ORD_001078,3,PROD_000195,SELL_000002,2024-10-26,59.33,10.46
ORD_001078,4,PROD_000454,SELL_000017,2024-01-14,239.22,43.69
ORD_001079,1,PROD_000415,SELL_000023,2024-04-12,305.5,6.96
ORD_001079,2,PROD_000387,SELL_000028,2024-02-01,291.02,49.62
ORD_001079,3,PROD_000438,SELL_000015,2024-03-14,422.78,38.44
ORD_001080,1,PROD_000016,SELL_000029,2024-10-16,80.23,47.85
ORD_001080,2,PROD_000185,SELL_000043,2024-02-24,356.26,18.35
ORD_001080,3,PROD_000064,SELL_000044,2024-07-21,389.19,14.79
ORD_001080,4,PROD_000191,SELL_000004,2024-11-29,414.36,38.73
ORD_001081,1,PROD_000153,SELL_000016,2024-12-12,320.96,27.88
ORD_001081,2,PROD_000272,SELL_000017,2024-05-17,469.54,25.7
ORD_001081,3,PROD_000294,SELL_000023,2024-03-21,345.98,15.93
ORD_001081,4,PROD_000047,SELL_000032,2024-10-30,456.06,30.65
ORD_001081,5,PROD_000372,SELL_000017,2024-06-22,463.96,18.78
ORD_001082,1,PROD_000365,SELL_000040,2024-07-01,422.93,37.99
ORD_001082,2,PROD_000449,SELL_000008,2024-03-30,229.83,13.69
ORD_001082,3,PROD_000056,SELL_000032,2024-12-30,438.3,35.65
ORD_001083,1,PROD_000225,SELL_000047,2024-02-25,269.25,10.97
ORD_001083,2,PROD_000075,SELL_000044,2024-05-24,452.1,12.26
ORD_001084,1,PROD_000495,SELL_000014,2024-07-21,432.62,46.14
ORD_001084,2,PROD_000244,SELL_000025,2024-02-23,236.22,46.32
ORD_001084,3,PROD_000139,SELL_000046,2024-01-17,385.56,17.45
ORD_001084,4,PROD_000021,SELL_000018,2024-07-19,174.81,21.5
ORD_001084,5,PROD_000042,SELL_000011,2024-10-10,195.11,27.71
ORD_001085,1,PROD_000494,SELL_000002,2024-06-29,13.21,11.11
ORD_001086,1,PROD_000273,SELL_000046,2024-11-05,89.35,26.46
ORD_001086,2,PROD_000333,SELL_000019,2024-12-14,321.85,31.44
ORD_001087,1,PROD_000407,SELL_000034,2024-03-11,226.75,46.91
ORD_001087,2,PROD_000216,SELL_000032,2024-09-04,399.35,13.22
ORD_001088,1,PROD_000108,SELL_000021,2024-12-24,139.85,45.98
ORD_001088,2,PROD_000118,SELL_000041,2024-08-22,104.83,40.44
ORD_001088,3,PROD_000367,SELL_000029,2024-09-24,482.06,32.36
ORD_001088,4,PROD_000395,SELL_000048,2024-10-24,101.68,42.12
ORD_001088,5,PROD_000177,SELL_000008,2024-01-23,15.84,22.07
ORD_001089,1,PROD_000226,SELL_000049,2024-03-26,43.18,13.72
ORD_001089,2,PROD_000322,SELL_000041,2024-05-09,477.34,36.36
ORD_001089,3,PROD_000198,SELL_000037,2024-12-08,395.78,48.71
ORD_001089,4,PROD_000475,SELL_000022,2024-04-21,438.55,8.07
ORD_001090,1,PROD_000244,SELL_000016,2024-02-28,485.1,21.02
ORD_001090,2,PROD_000003,SELL_000036,2024-10-18,284.12,7.95
ORD_001090,3,PROD_000233,SELL_000015,2024-01-17,335.98,30.58
ORD_001091,1,PROD_000027,SELL_000031,2024-11-15,112.7,15.48
ORD_001091,2,PROD_000231,SELL_000015,2024-02-24,491.38,32.55
ORD_001091,3,PROD_000099,SELL_000018,2024-02-14,373.62,28.27
ORD_001092,1,PROD_000458,SELL_000050,2024-03-23,345.34,25.42
ORD_001093,1,PROD_000311,SELL_000041,2024-12-23,23.13,11.72
ORD_001093,2,PROD_000279,SELL_000046,2024-01-11,10.13,7.65
ORD_001093,3,PROD_000078,SELL_000012,2024-01-16,284.78,33.27
ORD_001094,1,PROD_000447,SELL_000011,2024-03-04,266.0,43.04
ORD_001095,1,PROD_000178,SELL_000012,2024-05-06,302.14,33.94
ORD_001095,2,PROD_000166,SELL_000037,2024-07-31,388.49,10.91
ORD_001095,3,PROD_000108,SELL_000005,2024-06-17,407.24,45.81
ORD_001096,1,PROD_000265,SELL_000047,2024-08-26,473.58,10.17
ORD_001096,2,PROD_000185,SELL_000029,2024-11-14,24.48,12.53
ORD_001096,3,PROD_000008,SELL_000036,2024-09-27,273.83,40.75
ORD_001096,4,PROD_000443,SELL_000001,2024-11-06,148.67,8.02
ORD_001096,5,PROD_000173,SELL_000001,2024-03-28,477.82,38.04
ORD_001097,1,PROD_000485,SELL_000015,2024-01-14,33.07,28.1
ORD_001098,1,PROD_000217,SELL_000032,2024-11-29,181.28,36.53
ORD_001098,2,PROD_000249,SELL_000021,2024-06-24,344.56,20.21
ORD_001098,3,PROD_000003,SELL_000038,2024-06-23,291.77,9.36
ORD_001098,4,PROD_000172,SELL_000003,2024-06-01,313.12,45.89
ORD_001098,5,PROD_000091,SELL_000016,2024-07-20,212.03,18.11
ORD_001099,1,PROD_000066,SELL_000029,2024-04-02,255.84,47.99
ORD_001099,2,PROD_000054,SELL_000035,2024-03-05,151.14,36.04
ORD_001099,3,PROD_000021,SELL_000020,2024-04-26,329.14,17.17
ORD_001099,4,PROD_000340,SELL_000021,2024-01-25,344.17,35.99
ORD_001100,1,PROD_000075,SELL_000007,2024-09-07,439.6,16.74
ORD_001100,2,PROD_000100,SELL_000019,2024-11-06,436.21,43.62
ORD_001100,3,PROD_000463,SELL_000019,2024-02-25,218.61,44.55
ORD_001100,4,PROD_000486,SELL_000046,2024-07-13,230.07,48.59
ORD_001101,1,PROD_000285,SELL_000044,2024-10-14,339.29,36.27
ORD_001101,2,PROD_000289,SELL_000033,2024-12-23,450.2,47.61
ORD_001101,3,PROD_000273,SELL_000021,2024-08-17,142.66,8.39
ORD_001101,4,PROD_000385,SELL_000006,2024-01-29,203.69,41.5
ORD_001102,1,PROD_000235,SELL_000042,2024-03-19,489.39,18.04
ORD_001102,2,PROD_000047,SELL_000033,2024-08-18,316.16,34.39
ORD_001102,3,PROD_000231,SELL_000035,2024-11-09,447.46,14.75
ORD_001102,4,PROD_000243,SELL_000004,2024-02-08,483.84,17.54
ORD_001103,1,PROD_000450,SELL_000008,2024-08-09,372.86,21.04
ORD_001103,2,PROD_000344,SELL_000039,2024-09-25,499.19,46.68
ORD_001104,1,PROD_000127,SELL_000029,2024-10-07,17.15,24.82
ORD_001104,2,PROD_000150,SELL_000003,2024-09-05,317.85,14.04
ORD_001104,3,PROD_000177,SELL_000005,2024-09-18,420.62,21.8
ORD_001105,1,PROD_000092,SELL_000028,2024-12-23,452.36,11.28
ORD_001105,2,PROD_000026,SELL_000050,2024-04-23,337.43,47.68
ORD_001105,3,PROD_000082,SELL_000031,2024-04-17,482.31,39.93
ORD_001105,4,PROD_000061,SELL_000010,2024-07-06,200.8,26.77
ORD_001105,5,PROD_000095,SELL_000005,2024-03-21,427.79,5.22
ORD_001106,1,PROD_000400,SELL_000022,2024-08-23,333.27,43.81
ORD_001106,2,PROD_000179,SELL_000038,2024-02-29,190.03,11.38
ORD_001106,3,PROD_000157,SELL_000012,2024-06-24,390.04,22.13
ORD_001106,4,PROD_000004,SELL_000038,2024-10-04,394.4,43.43
ORD_001106,5,PROD_000449,SELL_000022,2024-09-09,407.49,14.58
ORD_001107,1,PROD_000024,SELL_000045,2024-04-16,25.1,45.58
ORD_001107,2,PROD_000138,SELL_000005,2024-05-06,412.69,23.25
ORD_001107,3,PROD_000335,SELL_000013,2024-03-06,298.27,19.54
ORD_001107,4,PROD_000375,SELL_000035,2024-05-17,312.1,35.58
ORD_001107,5,PROD_000440,SELL_000029,2024-08-14,410.02,6.24
ORD_001108,1,PROD_000411,SELL_000003,2024-08-07,31.55,27.44
ORD_001108,2,PROD_000481,SELL_000025,2024-02-21,417.47,40.42
ORD_001108,3,PROD_000127,SELL_000029,2024-01-18,496.5,40.28
ORD_001108,4,PROD_000376,SELL_000038,2024-02-11,367.49,34.72
ORD_001109,1,PROD_000457,SELL_000019,2024-04-11,199.88,24.7
ORD_001109,2,PROD_000339,SELL_000047,2024-11-23,414.7,45.65
ORD_001109,3,PROD_000123,SELL_000033,2024-12-26,234.63,13.39
ORD_001110,1,PROD_000465,SELL_000023,2024-09-02,356.86,41.0
ORD_001111,1,PROD_000379,SELL_000021,2024-05-11,486.4,42.5
ORD_001112,1,PROD_000220,SELL_000008,2024-09-26,83.13,39.21
ORD_001112,2,PROD_000371,SELL_000032,2024-06-07,42.86,12.67
ORD_001112,3,PROD_000260,SELL_000024,2024-04-30,317.61,16.28
ORD_001112,4,PROD_000372,SELL_000047,2024-11-06,256.53,26.16
ORD_001113,1,PROD_000107,SELL_000046,2024-05-13,346.16,12.74
ORD_001113,2,PROD_000325,SELL_000011,2024-03-11,110.43,14.85
ORD_001113,3,PROD_000446,SELL_000038,2024-09-26,449.56,41.77
ORD_001113,4,PROD_000082,SELL_000008,2024-06-10,285.96,6.07
ORD_001114,1,PROD_000358,SELL_000008,2024-04-19,431.97,11.24
ORD_001114,2,PROD_000357,SELL_000001,2024-05-29,362.0,47.66
ORD_001114,3,PROD_000133,SELL_000050,2024-06-29,215.76,46.56
ORD_001114,4,PROD_000248,SELL_000005,2024-07-06,416.72,35.0
ORD_001115,1,PROD_000376,SELL_000030,2024-11-29,350.91,22.58
ORD_001116,1,PROD_000162,SELL_000027,2024-10-08,298.66,15.38
ORD_001116,2,PROD_000044,SELL_000007,2024-07-25,345.95,38.24
ORD_001116,3,PROD_000190,SELL_000029,2024-12-01,206.33,46.43
ORD_001117,1,PROD_000385,SELL_000026,2024-07-10,410.05,37.38
ORD_001117,2,PROD_000198,SELL_000026,2024-05-09,245.52,22.73
ORD_001117,3,PROD_000288,SELL_000023,2024-03-06,14.13,35.2
ORD_001117,4,PROD_000476,SELL_000022,2024-11-25,78.44,24.61
ORD_001118,1,PROD_000451,SELL_000021,2024-04-05,44.6,21.37
ORD_001118,2,PROD_000148,SELL_000037,2024-11-16,273.27,27.28
ORD_001118,3,PROD_000069,SELL_000038,2024-10-13,255.63,49.82
ORD_001119,1,PROD_000185,SELL_000020,2024-05-22,79.45,5.22
ORD_001119,2,PROD_000040,SELL_000044,2024-12-25,281.47,36.16
ORD_001119,3,PROD_000213,SELL_000039,2024-03-29,301.51,29.13
ORD_001119,4,PROD_000402,SELL_000044,2024-04-29,326.22,24.43
ORD_001120,1,PROD_000018,SELL_000004,2024-07-14,402.2,11.29
ORD_001120,2,PROD_000213,SELL_000028,2024-04-14,296.24,16.06
ORD_001120,3,PROD_000410,SELL_000006,2024-05-12,131.11,13.73
ORD_001121,1,PROD_000357,SELL_000013,2024-10-18,412.17,15.76
ORD_001121,2,PROD_000421,SELL_000002,2024-02-11,63.16,10.04
ORD_001121,3,PROD_000445,SELL_000033,2024-05-15,337.61,23.02
ORD_001121,4,PROD_000129,SELL_000033,2024-09-30,168.46,28.54
ORD_001121,5,PROD_000164,SELL_000024,2024-03-10,351.3,21.0
ORD_001122,1,PROD_000202,SELL_000007,2024-06-25,46.66,13.68
ORD_001122,2,PROD_000312,SELL_000030,2024-05-10,179.76,36.84
ORD_001122,3,PROD_000268,SELL_000014,2024-06-12,45.7,25.39
ORD_001122,4,PROD_000293,SELL_000035,2024-04-13,328.58,25.53
ORD_001122,5,PROD_000474,SELL_000006,2024-12-03,128.35,20.71
ORD_001123,1,PROD_000490,SELL_000028,2024-11-13,221.69,44.45
ORD_001123,2,PROD_000337,SELL_000014,2024-10-05,358.9,30.88
ORD_001123,3,PROD_000364,SELL_000048,2024-10-03,224.31,16.27
ORD_001123,4,PROD_000238,SELL_000042,2024-10-01,462.48,19.72
ORD_001124,1,PROD_000463,SELL_000003,2024-12-21,70.11,32.66
ORD_001124,2,PROD_000299,SELL_000008,2024-08-10,73.17,43.73
ORD_001124,3,PROD_000479,SELL_000039,2024-06-06,320.57,23.94
ORD_001124,4,PROD_000486,SELL_000011,2024-10-31,106.0,41.08
ORD_001125,1,PROD_000146,SELL_000009,2024-08-09,267.35,21.28
ORD_001125,2,PROD_000060,SELL_000032,2024-10-30,234.21,24.53
ORD_001125,3,PROD_000290,SELL_000047,2024-11-07,444.36,7.19
ORD_001125,4,PROD_000417,SELL_000001,2024-03-09,330.94,46.87
ORD_001125,5,PROD_000435,SELL_000032,2024-02-10,307.29,7.62
ORD_001126,1,PROD_000161,SELL_000047,2024-12-13,433.3,42.65
ORD_001126,2,PROD_000097,SELL_000035,2024-12-05,232.56,9.54
ORD_001126,3,PROD_000066,SELL_000008,2024-07-07,322.1,30.75
ORD_001126,4,PROD_000325,SELL_000018,2024-06-30,368.19,22.22
ORD_001126,5,PROD_000424,SELL_000020,2024-05-19,214.37,13.23
ORD_001127,1,PROD_000049,SELL_000026,2024-06-22,218.26,14.77
ORD_001128,1,PROD_000309,SELL_000014,2024-12-14,182.88,28.49
ORD_001128,2,PROD_000148,SELL_000013,2024-03-09,197.8,19.54
ORD_001129,1,PROD_000047,SELL_000018,2024-01-09,125.16,33.94
ORD_001129,2,PROD_000161,SELL_000021,2024-11-01,380.79,42.72
ORD_001129,3,PROD_000034,SELL_000044,2024-05-21,448.04,7.76
ORD_001129,4,PROD_000453,SELL_000019,2024-09-28,155.79,38.89
ORD_001129,5,PROD_000178,SELL_000004,2024-09-07,147.21,5.65
ORD_001130,1,PROD_000109,SELL_000048,2024-05-07,471.41,28.2
ORD_001130,2,PROD_000438,SELL_000038,2024-11-24,470.73,30.43
ORD_001130,3,PROD_000406,SELL_000030,2024-01-14,78.46,17.14
ORD_001130,4,PROD_000155,SELL_000013,2024-02-15,21.78,32.89
ORD_001130,5,PROD_000240,SELL_000031,2024-02-20,337.94,12.83
ORD_001131,1,PROD_000360,SELL_000045,2024-05-04,469.96,10.81
ORD_001131,2,PROD_000446,SELL_000032,2024-09-01,318.5,14.93
ORD_001131,3,PROD_000224,SELL_000023,2024-06-25,136.05,22.9
ORD_001132,1,PROD_000066,SELL_000029,2024-07-02,243.15,15.14
ORD_001132,2,PROD_000165,SELL_000020,2024-10-13,464.11,17.96
ORD_001132,3,PROD_000481,SELL_000007,2024-04-03,455.48,23.28
ORD_001132,4,PROD_000055,SELL_000022,2024-12-16,131.06,14.77
ORD_001133,1,PROD_000382,SELL_000009,2024-11-07,140.47,25.82
ORD_001133,2,PROD_000027,SELL_000009,2024-02-06,179.42,47.02
ORD_001133,3,PROD_000051,SELL_000014,2024-05-11,416.95,15.02
ORD_001133,4,PROD_000128,SELL_000037,2024-01-27,223.97,26.26
ORD_001133,5,PROD_000438,SELL_000048,2024-10-04,486.49,33.98
ORD_001134,1,PROD_000259,SELL_000012,2024-05-28,408.05,26.29
ORD_001134,2,PROD_000111,SELL_000046,2024-10-17,44.24,10.92
ORD_001134,3,PROD_000443,SELL_000039,2024-01-24,118.31,46.35
ORD_001135,1,PROD_000057,SELL_000010,2024-08-15,179.85,15.91
ORD_001135,2,PROD_000357,SELL_000024,2024-06-11,236.36,46.4
ORD_001135,3,PROD_000486,SELL_000019,2024-04-03,51.3,38.27
ORD_001135,4,PROD_000216,SELL_000044,2024-04-06,491.68,6.51
ORD_001135,5,PROD_000475,SELL_000046,2024-07-20,429.62,37.47
ORD_001136,1,PROD_000307,SELL_000006,2024-01-25,11.89,17.42
ORD_001136,2,PROD_000129,SELL_000013,2024-07-21,133.08,14.7
ORD_001136,3,PROD_000137,SELL_000019,2024-05-09,113.03,12.22
ORD_001137,1,PROD_000414,SELL_000027,2024-10-29,55.52,11.63
ORD_001137,2,PROD_000354,SELL_000049,2024-12-29,13.65,7.54
ORD_001137,3,PROD_000323,SELL_000010,2024-03-26,460.73,48.09
ORD_001137,4,PROD_000204,SELL_000046,2024-09-14,127.1,12.07
ORD_001137,5,PROD_000261,SELL_000004,2024-11-18,258.56,44.71
ORD_001138,1,PROD_000472,SELL_000035,2024-06-13,337.64,9.79
ORD_001138,2,PROD_000309,SELL_000014,2024-04-07,274.8,21.75
ORD_001138,3,PROD_000021,SELL_000001,2024-01-24,298.12,45.48
ORD_001138,4,PROD_000341,SELL_000028,2024-04-19,320.73,11.32
ORD_001139,1,PROD_000375,SELL_000028,2024-11-27,479.1,46.93
ORD_001139,2,PROD_000453,SELL_000022,2024-05-26,207.22,29.82
ORD_001139,3,PROD_000062,SELL_000031,2024-03-26,280.84,18.91
ORD_001139,4,PROD_000237,SELL_000042,2024-01-16,128.25,17.34
ORD_001139,5,PROD_000216,SELL_000041,2024-04-21,117.91,37.03
ORD_001140,1,PROD_000182,SELL_000042,2024-12-10,212.42,43.87
ORD_001140,2,PROD_000146,SELL_000050,2024-02-04,173.75,38.69
ORD_001140,3,PROD_000377,SELL_000013,2024-06-20,69.33,19.07
ORD_001140,4,PROD_000105,SELL_000021,2024-02-05,410.64,28.16
ORD_001141,1,PROD_000404,SELL_000047,2024-09-13,203.98,35.36
ORD_001142,1,PROD_000361,SELL_000037,2024-07-04,457.43,23.38
ORD_001142,2,PROD_000405,SELL_000027,2024-01-08,30.47,46.79
ORD_001142,3,PROD_000472,SELL_000050,2024-04-28,355.62,25.15
ORD_001143,1,PROD_000079,SELL_000012,2024-10-19,423.07,38.15
ORD_001143,2,PROD_000265,SELL_000017,2024-11-23,78.44,5.39
ORD_001143,3,PROD_000082,SELL_000012,2024-03-07,169.77,37.96
ORD_001144,1,PROD_000181,SELL_000031,2024-10-28,320.61,42.76
ORD_001144,2,PROD_000102,SELL_000030,2024-11-25,73.93,26.81
ORD_001144,3,PROD_000212,SELL_000003,2024-05-20,44.34,11.48
ORD_001145,1,PROD_000158,SELL_000014,2024-01-31,100.59,43.08
ORD_001145,2,PROD_000024,SELL_000035,2024-02-10,118.13,26.9
ORD_001145,3,PROD_000092,SELL_000038,2024-10-14,79.94,5.73
ORD_001145,4,PROD_000399,SELL_000013,2024-07-05,322.8,11.69
ORD_001146,1,PROD_000311,SELL_000010,2024-03-27,307.6,21.62
ORD_001146,2,PROD_000045,SELL_000046,2024-12-11,336.85,47.09
ORD_001147,1,PROD_000202,SELL_000009,2024-10-13,137.55,25.74
ORD_001147,2,PROD_000222,SELL_000044,2024-11-27,337.13,41.45
ORD_001147,3,PROD_000102,SELL_000039,2024-01-29,461.36,26.05
ORD_001147,4,PROD_000479,SELL_000014,2024-12-04,499.37,18.23
ORD_001147,5,PROD_000256,SELL_000026,2024-08-23,346.65,6.08
ORD_001148,1,PROD_000259,SELL_000010,2024-06-09,158.69,24.39
ORD_001148,2,PROD_000201,SELL_000025,2024-11-08,161.22,30.29
ORD_001148,3,PROD_000221,SELL_000044,2024-01-04,343.2,30.43
ORD_001148,4,PROD_000159,SELL_000014,2024-09-23,210.15,12.14
ORD_001149,1,PROD_000464,SELL_000047,2024-01-10,269.39,20.09
ORD_001149,2,PROD_000093,SELL_000022,2024-11-21,219.32,30.69
ORD_001149,3,PROD_000406,SELL_000012,2024-07-13,196.36,38.79
ORD_001150,1,PROD_000108,SELL_000050,2024-03-15,170.42,38.05
ORD_001150,2,PROD_000082,SELL_000032,2024-05-06,319.68,18.69
ORD_001151,1,PROD_000472,SELL_000035,2024-11-07,358.69,26.31
ORD_001151,2,PROD_000029,SELL_000047,2024-12-16,142.54,12.96
ORD_001151,3,PROD_000400,SELL_000044,2024-12-15,128.07,33.71
ORD_001151,4,PROD_000449,SELL_000028,2024-08-02,204.9,7.07
ORD_001152,1,PROD_000480,SELL_000020,2024-11-03,367.15,22.39
ORD_001153,1,PROD_000025,SELL_000025,2024-09-20,203.97,27.6
ORD_001153,2,PROD_000282,SELL_000025,2024-09-24,350.74,48.01
ORD_001153,3,PROD_000483,SELL_000040,2024-03-28,143.2,16.28
ORD_001153,4,PROD_000458,SELL_000017,2024-01-11,379.42,35.61
ORD_001153,5,PROD_000408,SELL_000049,2024-11-29,341.16,33.02
ORD_001154,1,PROD_000267,SELL_000028,2024-11-15,356.57,23.77
ORD_001155,1,PROD_000118,SELL_000043,2024-06-03,143.81,43.25
ORD_001156,1,PROD_000117,SELL_000045,2024-12-02,125.31,9.57
ORD_001156,2,PROD_000127,SELL_000035,2024-01-16,69.44,31.07
ORD_001156,3,PROD_000098,SELL_000018,2024-08-29,216.21,8.07
ORD_001156,4,PROD_000070,SELL_000042,2024-04-15,252.04,27.22
ORD_001156,5,PROD_000497,SELL_000016,2024-11-20,485.17,29.8
ORD_001157,1,PROD_000047,SELL_000050,2024-12-11,439.56,12.2
ORD_001158,1,PROD_000040,SELL_000025,2024-04-21,56.94,39.4
ORD_001159,1,PROD_000016,SELL_000001,2024-11-18,85.11,31.1
ORD_001159,2,PROD_000187,SELL_000010,2024-04-21,45.87,13.77
ORD_001160,1,PROD_000327,SELL_000049,2024-12-18,116.26,8.0
ORD_001160,2,PROD_000394,SELL_000001,2024-10-31,281.12,8.58
ORD_001160,3,PROD_000249,SELL_000003,2024-04-04,129.76,29.72
ORD_001160,4,PROD_000469,SELL_000028,2024-09-05,101.78,42.52
ORD_001161,1,PROD_000319,SELL_000023,2024-11-06,18.9,43.17
ORD_001161,2,PROD_000126,SELL_000007,2024-12-06,388.91,26.87
ORD_001162,1,PROD_000205,SELL_000037,2024-12-24,347.74,5.35
ORD_001162,2,PROD_000003,SELL_000045,2024-02-24,331.52,33.75
ORD_001162,3,PROD_000385,SELL_000048,2024-02-11,476.1,21.93
ORD_001163,1,PROD_000432,SELL_000014,2024-03-31,470.12,43.25
ORD_001163,2,PROD_000272,SELL_000016,2024-05-12,495.68,40.29
ORD_001163,3,PROD_000262,SELL_000050,2024-09-04,65.73,46.09
ORD_001164,1,PROD_000146,SELL_000047,2024-09-10,159.18,32.85
ORD_001164,2,PROD_000059,SELL_000030,2024-11-17,38.71,37.2
ORD_001164,3,PROD_000283,SELL_000029,2024-01-07,75.35,11.33
ORD_001165,1,PROD_000464,SELL_000003,2024-05-11,36.08,33.05
ORD_001165,2,PROD_000337,SELL_000047,2024-09-24,14.74,44.13
ORD_001166,1,PROD_000145,SELL_000041,2024-10-18,324.34,13.04
ORD_001166,2,PROD_000105,SELL_000011,2024-02-28,196.42,35.66
ORD_001167,1,PROD_000192,SELL_000039,2024-12-30,115.2,16.94
ORD_001168,1,PROD_000280,SELL_000015,2024-03-13,344.79,38.94
ORD_001169,1,PROD_000365,SELL_000029,2024-07-16,88.49,11.64
ORD_001169,2,PROD_000445,SELL_000003,2024-03-25,53.25,10.03
ORD_001170,1,PROD_000240,SELL_000037,2024-06-27,365.52,12.45
ORD_001170,2,PROD_000489,SELL_000048,2024-04-21,92.06,22.38
ORD_001170,3,PROD_000348,SELL_000002,2024-02-22,377.16,8.75
ORD_001170,4,PROD_000229,SELL_000033,2024-02-27,65.34,24.49
ORD_001171,1,PROD_000407,SELL_000048,2024-10-02,211.6,11.11
ORD_001171,2,PROD_000307,SELL_000001,2024-04-02,166.73,19.99
ORD_001171,3,PROD_000260,SELL_000026,2024-05-12,379.47,24.45
ORD_001171,4,PROD_000120,SELL_000050,2024-01-10,93.61,6.84
ORD_001172,1,PROD_000154,SELL_000006,2024-09-05,346.03,46.9
ORD_001172,2,PROD_000174,SELL_000014,2024-11-25,429.99,17.73
ORD_001172,3,PROD_000345,SELL_000001,2024-07-04,398.05,8.49
ORD_001172,4,PROD_000268,SELL_000018,2024-02-09,39.72,20.42
ORD_001172,5,PROD_000230,SELL_000021,2024-06-13,11.29,16.68
ORD_001173,1,PROD_000084,SELL_000036,2024-05-30,212.3,27.02
ORD_001173,2,PROD_000032,SELL_000015,2024-09-12,257.06,24.63
ORD_001173,3,PROD_000313,SELL_000032,2024-01-27,369.58,30.16
ORD_001174,1,PROD_000013,SELL_000042,2024-08-19,202.42,34.69
ORD_001174,2,PROD_000426,SELL_000003,2024-06-23,467.54,15.45
ORD_001175,1,PROD_000368,SELL_000001,2024-02-14,253.8,12.35
ORD_001175,2,PROD_000086,SELL_000030,2024-11-25,301.52,24.92
ORD_001175,3,PROD_000477,SELL_000047,2024-03-12,278.76,30.41
ORD_001176,1,PROD_000434,SELL_000045,2024-10-08,454.81,10.87
ORD_001177,1,PROD_000056,SELL_000006,2024-03-22,40.97,13.7
ORD_001177,2,PROD_000015,SELL_000028,2024-04-11,426.42,29.04
ORD_001177,3,PROD_000038,SELL_000040,2024-11-02,29.37,6.33
ORD_001178,1,PROD_000022,SELL_000026,2024-06-11,41.47,35.35
ORD_001178,2,PROD_000327,SELL_000046,2024-05-20,429.37,26.36
ORD_001178,3,PROD_000040,SELL_000047,2024-02-16,235.84,35.07
ORD_001179,1,PROD_000277,SELL_000023,2024-08-14,287.7,46.06
ORD_001179,2,PROD_000285,SELL_000026,2024-04-10,319.07,9.03
ORD_001179,3,PROD_000458,SELL_000017,2024-01-30,229.44,34.71
ORD_001180,1,PROD_000158,SELL_000041,2024-06-02,276.08,8.61
ORD_001181,1,PROD_000278,SELL_000043,2024-09-24,69.03,7.81
ORD_001181,2,PROD_000064,SELL_000007,2024-05-21,412.26,20.09
ORD_001182,1,PROD_000256,SELL_000045,2024-07-25,237.71,23.72
ORD_001182,2,PROD_000037,SELL_000038,2024-06-23,73.33,30.4
ORD_001182,3,PROD_000378,SELL_000002,2024-02-20,247.13,30.57
ORD_001182,4,PROD_000405,SELL_000007,2024-08-19,216.86,19.9
ORD_001183,1,PROD_000446,SELL_000030,2024-01-22,73.18,11.87
ORD_001183,2,PROD_000106,SELL_000036,2024-01-04,133.28,49.33
ORD_001183,3,PROD_000491,SELL_000015,2024-06-06,231.54,44.33
ORD_001183,4,PROD_000226,SELL_000030,2024-12-03,76.63,43.79
ORD_001184,1,PROD_000031,SELL_000040,2024-06-30,321.69,33.99
ORD_001184,2,PROD_000094,SELL_000035,2024-05-18,266.83,30.0
ORD_001185,1,PROD_000185,SELL_000046,2024-09-15,254.44,49.03
ORD_001185,2,PROD_000491,SELL_000011,2024-11-14,307.77,47.73
ORD_001186,1,PROD_000322,SELL_000047,2024-06-23,353.29,45.13
ORD_001186,2,PROD_000322,SELL_000002,2024-03-25,353.01,16.47
ORD_001187,1,PROD_000125,SELL_000037,2024-09-15,206.43,24.07
ORD_001187,2,PROD_000366,SELL_000039,2024-09-28,161.08,22.29
ORD_001187,3,PROD_000274,SELL_000019,2024-05-17,76.3,25.47
ORD_001187,4,PROD_000300,SELL_000036,2024-04-30,166.36,39.15
ORD_001187,5,PROD_000408,SELL_000044,2024-06-27,74.13,15.79
ORD_001188,1,PROD_000284,SELL_000047,2024-10-11,213.99,25.43
ORD_001189,1,PROD_000404,SELL_000010,2024-08-31,131.97,48.8
ORD_001189,2,PROD_000444,SELL_000015,2024-05-01,429.87,45.27
ORD_001190,1,PROD_000323,SELL_000011,2024-01-30,427.53,23.5
ORD_001190,2,PROD_000100,SELL_000016,2024-05-19,391.98,10.25
ORD_001190,3,PROD_000354,SELL_000009,2024-02-18,193.46,36.04
ORD_001190,4,PROD_000131,SELL_000045,2024-06-25,96.76,44.31
ORD_001191,1,PROD_000206,SELL_000011,2024-09-28,282.74,13.19
ORD_001191,2,PROD_000112,SELL_000013,2024-07-06,235.09,17.75
ORD_001192,1,PROD_000187,SELL_000024,2024-03-02,372.7,44.78
ORD_001192,2,PROD_000483,SELL_000020,2024-04-15,142.74,18.07
ORD_001192,3,PROD_000076,SELL_000006,2024-02-10,61.57,20.28
ORD_001193,1,PROD_000136,SELL_000019,2024-10-18,172.9,33.87
ORD_001193,2,PROD_000086,SELL_000049,2024-02-12,319.57,28.92
ORD_001193,3,PROD_000154,SELL_000012,2024-11-17,386.45,22.04
ORD_001193,4,PROD_000259,SELL_000008,2024-07-07,46.55,33.08
ORD_001193,5,PROD_000063,SELL_000027,2024-05-20,378.69,33.88
ORD_001194,1,PROD_000462,SELL_000017,2024-12-05,199.82,13.01
ORD_001194,2,PROD_000306,SELL_000033,2024-08-15,95.03,24.84
ORD_001195,1,PROD_000166,SELL_000014,2024-11-30,454.63,32.82
ORD_001195,2,PROD_000452,SELL_000032,2024-07-11,384.69,30.65
ORD_001196,1,PROD_000185,SELL_000016,2024-01-03,39.97,19.22
ORD_001197,1,PROD_000134,SELL_000024,2024-11-30,46.89,28.81
ORD_001198,1,PROD_000246,SELL_000037,2024-04-01,459.53,45.4
ORD_001198,2,PROD_000025,SELL_000022,2024-08-27,408.26,30.1
ORD_001198,3,PROD_000134,SELL_000021,2024-04-11,498.84,6.16
ORD_001199,1,PROD_000047,SELL_000009,2024-05-09,208.21,18.49
ORD_001199,2,PROD_000487,SELL_000016,2024-09-02,272.19,35.62
ORD_001199,3,PROD_000197,SELL_000011,2024-06-07,110.74,7.14
ORD_001199,4,PROD_000419,SELL_000041,2024-02-07,461.25,33.44
ORD_001199,5,PROD_000007,SELL_000028,2024-08-04,370.83,31.57
ORD_001200,1,PROD_000372,SELL_000002,2024-07-13,406.41,31.77
ORD_001201,1,PROD_000125,SELL_000048,2024-08-17,457.44,32.32
ORD_001201,2,PROD_000452,SELL_000010,2024-02-03,264.25,27.1
ORD_001201,3,PROD_000490,SELL_000045,2024-11-18,28.12,20.22
ORD_001201,4,PROD_000218,SELL_000005,2024-05-17,224.51,20.75
ORD_001202,1,PROD_000053,SELL_000007,2024-03-26,166.03,11.25
ORD_001203,1,PROD_000042,SELL_000027,2024-01-24,10.81,16.44
ORD_001203,2,PROD_000027,SELL_000012,2024-09-04,90.88,46.78
ORD_001204,1,PROD_000278,SELL_000027,2024-09-19,481.34,33.75
ORD_001204,2,PROD_000058,SELL_000012,2024-02-01,281.55,44.99
ORD_001204,3,PROD_000136,SELL_000048,2024-12-26,312.38,18.29
ORD_001204,4,PROD_000191,SELL_000003,2024-08-25,313.05,39.33
ORD_001204,5,PROD_000317,SELL_000039,2024-11-22,378.7,25.37
ORD_001205,1,PROD_000084,SELL_000003,2024-02-02,327.19,17.87
ORD_001205,2,PROD_000143,SELL_000018,2024-03-11,136.12,5.62
ORD_001205,3,PROD_000244,SELL_000015,2024-09-08,93.09,36.75
ORD_001206,1,PROD_000470,SELL_000028,2024-02-05,362.02,20.93
ORD_001206,2,PROD_000189,SELL_000011,2024-09-23,355.27,42.94
ORD_001206,3,PROD_000379,SELL_000039,2024-12-29,434.9,17.3
ORD_001206,4,PROD_000500,SELL_000021,2024-12-04,240.56,24.66
ORD_001206,5,PROD_000459,SELL_000049,2024-09-08,354.14,32.4
ORD_001207,1,PROD_000304,SELL_000015,2024-01-16,176.61,27.45
ORD_001207,2,PROD_000295,SELL_000031,2024-12-04,412.19,33.86
ORD_001208,1,PROD_000200,SELL_000029,2024-08-11,17.78,19.03
ORD_001208,2,PROD_000321,SELL_000007,2024-01-22,190.8,14.83
ORD_001209,1,PROD_000374,SELL_000044,2024-10-02,60.65,5.2
ORD_001209,2,PROD_000144,SELL_000015,2024-10-19,37.28,15.64
ORD_001209,3,PROD_000499,SELL_000028,2024-01-15,438.54,28.88
ORD_001210,1,PROD_000324,SELL_000027,2024-11-13,320.04,22.24
ORD_001210,2,PROD_000367,SELL_000001,2024-11-13,215.38,21.08
ORD_001210,3,PROD_000347,SELL_000030,2024-07-21,18.37,26.88
ORD_001210,4,PROD_000433,SELL_000006,2024-03-29,52.67,8.99
ORD_001210,5,PROD_000149,SELL_000009,2024-07-19,90.95,11.16
ORD_001211,1,PROD_000430,SELL_000042,2024-05-27,458.29,28.69
ORD_001211,2,PROD_000449,SELL_000009,2024-05-23,179.16,18.2
ORD_001211,3,PROD_000257,SELL_000023,2024-11-07,320.27,19.47
ORD_001212,1,PROD_000124,SELL_000022,2024-03-22,402.54,33.84
ORD_001212,2,PROD_000241,SELL_000050,2024-08-21,384.25,47.53
ORD_001212,3,PROD_000170,SELL_000003,2024-08-17,364.14,23.78
ORD_001213,1,PROD_000397,SELL_000050,2024-06-15,234.79,15.06
ORD_001213,2,PROD_000449,SELL_000017,2024-10-14,408.08,40.95
ORD_001213,3,PROD_000181,SELL_000047,2024-03-21,171.83,12.67
ORD_001214,1,PROD_000481,SELL_000048,2024-10-10,416.43,23.87
ORD_001214,2,PROD_000407,SELL_000038,2024-11-24,35.18,34.69
ORD_001214,3,PROD_000413,SELL_000021,2024-03-28,427.53,43.34
ORD_001215,1,PROD_000385,SELL_000041,2024-03-31,314.37,30.32
ORD_001215,2,PROD_000390,SELL_000028,2024-06-17,439.91,14.41
ORD_001215,3,PROD_000320,SELL_000026,2024-09-12,134.85,44.3
ORD_001215,4,PROD_000487,SELL_000037,2024-11-12,35.84,7.71
ORD_001215,5,PROD_000115,SELL_000043,2024-09-22,176.32,6.71
ORD_001216,1,PROD_000031,SELL_000036,2024-05-15,382.21,20.41
ORD_001217,1,PROD_000482,SELL_000009,2024-05-25,80.32,30.39
ORD_001218,1,PROD_000241,SELL_000021,2024-04-24,420.21,29.45
ORD_001218,2,PROD_000036,SELL_000046,2024-04-14,341.1,32.37
ORD_001218,3,PROD_000247,SELL_000025,2024-12-28,131.35,12.25
ORD_001219,1,PROD_000214,SELL_000005,2024-06-09,74.11,24.55
ORD_001219,2,PROD_000086,SELL_000002,2024-05-19,39.18,20.94
ORD_001219,3,PROD_000012,SELL_000026,2024-05-06,110.2,44.83
ORD_001220,1,PROD_000036,SELL_000034,2024-11-03,254.11,27.32
ORD_001221,1,PROD_000074,SELL_000034,2024-04-02,328.85,45.59
ORD_001221,2,PROD_000309,SELL_000013,2024-12-04,117.07,27.84
ORD_001221,3,PROD_000147,SELL_000007,2024-12-31,477.68,7.97
ORD_001221,4,PROD_000044,SELL_000025,2024-01-26,496.27,14.1
ORD_001222,1,PROD_000032,SELL_000033,2024-07-11,153.02,8.91
ORD_001222,2,PROD_000333,SELL_000020,2024-05-08,215.62,41.2
ORD_001223,1,PROD_000028,SELL_000043,2024-04-03,341.72,33.37
ORD_001223,2,PROD_000471,SELL_000013,2024-02-15,119.03,45.98
ORD_001223,3,PROD_000277,SELL_000004,2024-03-23,345.24,8.01
ORD_001223,4,PROD_000298,SELL_000016,2024-08-01,247.91,48.94
ORD_001224,1,PROD_000256,SELL_000030,2024-08-26,232.91,43.4
ORD_001224,2,PROD_000176,SELL_000049,2024-08-22,194.96,21.07
ORD_001224,3,PROD_000153,SELL_000022,2024-11-13,443.96,14.36
ORD_001224,4,PROD_000461,SELL_000033,2024-02-27,310.56,41.27
ORD_001225,1,PROD_000104,SELL_000023,2024-02-27,62.86,7.27
ORD_001225,2,PROD_000196,SELL_000040,2024-04-15,291.36,21.72
ORD_001225,3,PROD_000121,SELL_000004,2024-10-03,312.95,38.8
ORD_001226,1,PROD_000354,SELL_000016,2024-04-07,329.87,44.55
ORD_001226,2,PROD_000106,SELL_000024,2024-12-14,375.15,8.14
ORD_001227,1,PROD_000162,SELL_000022,2024-01-16,237.61,11.45
ORD_001227,2,PROD_000129,SELL_000002,2024-08-10,77.92,40.8
ORD_001227,3,PROD_000008,SELL_000025,2024-08-14,147.91,9.78
ORD_001227,4,PROD_000324,SELL_000008,2024-06-02,159.8,27.82
ORD_001227,5,PROD_000224,SELL_000011,2024-02-25,466.95,45.7
ORD_001228,1,PROD_000492,SELL_000019,2024-10-15,492.19,38.06
ORD_001228,2,PROD_000131,SELL_000043,2024-03-11,232.05,44.54
ORD_001228,3,PROD_000457,SELL_000038,2024-08-21,132.13,12.84
ORD_001228,4,PROD_000145,SELL_000004,2024-08-12,287.72,42.13
ORD_001229,1,PROD_000177,SELL_000011,2024-12-08,26.45,15.3
ORD_001229,2,PROD_000409,SELL_000050,2024-07-04,258.55,14.28
ORD_001230,1,PROD_000394,SELL_000008,2024-03-24,193.38,13.13
ORD_001230,2,PROD_000136,SELL_000034,2024-10-14,305.27,8.81
ORD_001230,3,PROD_000343,SELL_000046,2024-10-29,477.32,18.51
ORD_001230,4,PROD_000309,SELL_000023,2024-02-13,198.21,37.64
ORD_001231,1,PROD_000299,SELL_000005,2024-12-28,353.19,17.43
ORD_001231,2,PROD_000429,SELL_000026,2024-12-03,499.89,49.93
ORD_001231,3,PROD_000222,SELL_000017,2024-06-14,80.75,42.11
ORD_001231,4,PROD_000004,SELL_000002,2024-05-13,45.55,21.67
ORD_001231,5,PROD_000156,SELL_000010,2024-09-27,194.08,29.23
ORD_001232,1,PROD_000131,SELL_000032,2024-01-06,395.86,27.59
ORD_001232,2,PROD_000241,SELL_000049,2024-09-07,303.57,20.6
ORD_001232,3,PROD_000024,SELL_000008,2024-12-17,157.62,25.31
ORD_001233,1,PROD_000384,SELL_000040,2024-12-14,379.18,24.06
ORD_001234,1,PROD_000389,SELL_000042,2024-06-25,452.81,38.43
ORD_001234,2,PROD_000465,SELL_000033,2024-12-24,23.65,40.89
ORD_001235,1,PROD_000342,SELL_000005,2024-08-25,246.94,37.0
ORD_001235,2,PROD_000425,SELL_000041,2024-09-11,128.24,36.55
ORD_001235,3,PROD_000217,SELL_000003,2024-12-11,131.61,23.61
ORD_001236,1,PROD_000340,SELL_000020,2024-01-08,375.8,31.43
ORD_001236,2,PROD_000066,SELL_000044,2024-02-15,198.82,17.07
ORD_001237,1,PROD_000166,SELL_000012,2024-09-07,179.2,34.14
ORD_001237,2,PROD_000368,SELL_000033,2024-12-31,461.58,44.33
ORD_001237,3,PROD_000446,SELL_000009,2024-10-15,379.68,27.04
ORD_001237,4,PROD_000461,SELL_000033,2024-06-23,461.01,48.18
ORD_001238,1,PROD_000217,SELL_000026,2024-09-24,468.41,8.16
ORD_001239,1,PROD_000381,SELL_000030,2024-02-27,349.36,21.42
ORD_001239,2,PROD_000213,SELL_000044,2024-08-02,49.67,23.96
ORD_001239,3,PROD_000287,SELL_000038,2024-06-04,490.37,30.46
ORD_001240,1,PROD_000479,SELL_000048,2024-05-03,200.12,23.33
ORD_001240,2,PROD_000008,SELL_000022,2024-10-19,442.48,19.11
ORD_001240,3,PROD_000357,SELL_000027,2024-03-01,433.17,8.23
ORD_001240,4,PROD_000107,SELL_000038,2024-06-21,213.51,13.45
ORD_001241,1,PROD_000134,SELL_000024,2024-02-09,260.27,21.79
ORD_001241,2,PROD_000311,SELL_000026,2024-02-05,300.79,8.67
ORD_001242,1,PROD_000329,SELL_000046,2024-08-08,452.73,25.3
ORD_001242,2,PROD_000379,SELL_000020,2024-10-13,421.36,36.49
ORD_001243,1,PROD_000297,SELL_000032,2024-10-11,159.04,26.68
ORD_001243,2,PROD_000386,SELL_000033,2024-11-18,307.19,23.38
ORD_001243,3,PROD_000102,SELL_000006,2024-10-20,218.18,15.1
ORD_001243,4,PROD_000178,SELL_000011,2024-09-11,317.22,16.69
ORD_001244,1,PROD_000200,SELL_000037,2024-04-04,98.41,20.64
ORD_001244,2,PROD_000289,SELL_000047,2024-02-11,216.76,10.99
ORD_001245,1,PROD_000482,SELL_000008,2024-03-10,246.51,23.24
ORD_001246,1,PROD_000057,SELL_000032,2024-07-19,109.86,9.86
ORD_001247,1,PROD_000047,SELL_000037,2024-09-15,432.51,15.97
ORD_001247,2,PROD_000350,SELL_000042,2024-01-10,420.06,21.33
ORD_001247,3,PROD_000178,SELL_000015,2024-07-18,12.17,40.47
ORD_001247,4,PROD_000089,SELL_000013,2024-01-08,212.48,20.67
ORD_001247,5,PROD_000241,SELL_000014,2024-11-25,371.08,27.06
ORD_001248,1,PROD_000201,SELL_000040,2024-05-29,91.44,32.36
ORD_001248,2,PROD_000159,SELL_000005,2024-01-02,401.64,44.59
ORD_001248,3,PROD_000430,SELL_000046,2024-01-20,116.37,38.5
ORD_001249,1,PROD_000105,SELL_000002,2024-04-22,378.67,18.88
ORD_001249,2,PROD_000269,SELL_000012,2024-12-30,227.8,43.92
ORD_001249,3,PROD_000196,SELL_000014,2024-06-16,72.39,37.61
ORD_001249,4,PROD_000403,SELL_000022,2024-07-31,49.62,30.06
ORD_001250,1,PROD_000007,SELL_000016,2024-10-04,11.62,42.94
ORD_001250,2,PROD_000439,SELL_000044,2024-12-27,362.74,19.83
ORD_001251,1,PROD_000495,SELL_000009,2024-12-05,42.88,20.07
ORD_001251,2,PROD_000471,SELL_000042,2024-12-07,438.56,36.96
ORD_001251,3,PROD_000049,SELL_000042,2024-03-25,256.23,8.54
ORD_001251,4,PROD_000249,SELL_000039,2024-01-17,406.67,14.41
ORD_001252,1,PROD_000218,SELL_000025,2024-07-21,121.98,34.29
ORD_001252,2,PROD_000481,SELL_000040,2024-06-05,245.28,27.82
ORD_001252,3,PROD_000333,SELL_000016,2024-03-23,212.93,43.21
ORD_001252,4,PROD_000298,SELL_000033,2024-05-24,174.78,13.66
ORD_001253,1,PROD_000313,SELL_000004,2024-03-30,337.24,32.05
ORD_001253,2,PROD_000016,SELL_000015,2024-09-09,187.0,20.53
ORD_001253,3,PROD_000353,SELL_000013,2024-12-08,373.71,34.71
ORD_001253,4,PROD_000080,SELL_000046,2024-05-09,372.42,10.68
ORD_001254,1,PROD_000488,SELL_000045,2024-06-18,213.13,42.37
ORD_001254,2,PROD_000299,SELL_000041,2024-06-25,33.24,41.28
ORD_001254,3,PROD_000402,SELL_000047,2024-05-08,36.71,23.13
ORD_001254,4,PROD_000233,SELL_000036,2024-02-02,233.48,8.02
ORD_001255,1,PROD_000169,SELL_000010,2024-05-26,426.12,33.02
ORD_001255,2,PROD_000408,SELL_000035,2024-11-06,45.4,21.0
ORD_001255,3,PROD_000410,SELL_000047,2024-11-03,478.54,15.71
ORD_001255,4,PROD_000258,SELL_000011,2024-01-04,454.4,8.32
ORD_001256,1,PROD_000142,SELL_000038,2024-08-28,226.44,23.61
ORD_001257,1,PROD_000046,SELL_000016,2024-07-24,365.68,23.37
ORD_001257,2,PROD_000181,SELL_000029,2024-07-31,421.18,11.19
ORD_001257,3,PROD_000462,SELL_000011,2024-03-10,354.54,41.22
ORD_001257,4,PROD_000199,SELL_000007,2024-10-18,331.2,34.54
ORD_001257,5,PROD_000363,SELL_000037,2024-12-08,409.16,45.02
ORD_001258,1,PROD_000289,SELL_000020,2024-10-15,429.37,31.12
ORD_001258,2,PROD_000152,SELL_000013,2024-12-10,427.7,41.65
ORD_001259,1,PROD_000235,SELL_000031,2024-07-29,433.09,8.46
ORD_001259,2,PROD_000452,SELL_000016,2024-10-05,272.67,24.66
ORD_001259,3,PROD_000321,SELL_000022,2024-01-10,390.7,48.05
ORD_001260,1,PROD_000363,SELL_000038,2024-02-17,351.75,31.75
ORD_001261,1,PROD_000382,SELL_000029,2024-09-21,101.88,47.57
ORD_001261,2,PROD_000289,SELL_000045,2024-11-30,486.76,40.29
ORD_001261,3,PROD_000187,SELL_000049,2024-10-30,380.74,22.26
ORD_001261,4,PROD_000008,SELL_000008,2024-10-24,392.3,8.91
ORD_001262,1,PROD_000016,SELL_000027,2024-07-16,61.98,39.88
ORD_001262,2,PROD_000344,SELL_000015,2024-07-29,26.83,28.9
ORD_001262,3,PROD_000274,SELL_000003,2024-08-13,76.55,35.1
ORD_001262,4,PROD_000015,SELL_000015,2024-11-21,358.86,29.78
ORD_001263,1,PROD_000052,SELL_000005,2024-03-22,15.59,46.08
ORD_001263,2,PROD_000317,SELL_000028,2024-07-22,427.69,24.29
ORD_001263,3,PROD_000113,SELL_000029,2024-03-25,472.69,13.97
ORD_001263,4,PROD_000228,SELL_000015,2024-06-01,389.43,27.65
ORD_001263,5,PROD_000459,SELL_000025,2024-07-05,216.06,5.04
ORD_001264,1,PROD_000297,SELL_000041,2024-12-23,11.23,23.25
ORD_001265,1,PROD_000252,SELL_000019,2024-04-10,298.59,27.01
ORD_001265,2,PROD_000018,SELL_000021,2024-05-14,201.64,25.28
ORD_001265,3,PROD_000308,SELL_000016,2024-02-09,202.31,37.66
ORD_001266,1,PROD_000303,SELL_000048,2024-06-24,142.57,24.16
ORD_001267,1,PROD_000335,SELL_000035,2024-09-11,375.67,15.85
ORD_001267,2,PROD_000339,SELL_000004,2024-07-01,263.57,27.62
ORD_001267,3,PROD_000274,SELL_000008,2024-01-31,426.42,19.87
ORD_001267,4,PROD_000049,SELL_000009,2024-10-29,402.39,24.01
ORD_001267,5,PROD_000452,SELL_000027,2024-03-07,164.96,49.3
ORD_001268,1,PROD_000459,SELL_000004,2024-12-18,26.01,19.75
ORD_001268,2,PROD_000027,SELL_000020,2024-01-09,426.21,40.08
ORD_001268,3,PROD_000198,SELL_000008,2024-06-11,308.11,26.01
ORD_001268,4,PROD_000376,SELL_000001,2024-01-22,22.53,46.24
ORD_001268,5,PROD_000344,SELL_000004,2024-01-19,230.86,28.36
ORD_001269,1,PROD_000132,SELL_000026,2024-08-14,459.66,36.91
ORD_001269,2,PROD_000323,SELL_000020,2024-09-12,148.7,43.0
ORD_001269,3,PROD_000386,SELL_000037,2024-04-29,411.94,33.63
ORD_001270,1,PROD_000284,SELL_000039,2024-05-22,61.27,9.83
ORD_001271,1,PROD_000163,SELL_000037,2024-07-13,253.93,28.57
ORD_001271,2,PROD_000074,SELL_000007,2024-04-13,479.94,20.76
ORD_001271,3,PROD_000065,SELL_000043,2024-10-05,322.33,34.46
ORD_001271,4,PROD_000364,SELL_000012,2024-07-03,318.83,9.66
ORD_001271,5,PROD_000495,SELL_000038,2024-12-02,30.51,39.01
ORD_001272,1,PROD_000154,SELL_000048,2024-01-09,293.13,12.47
ORD_001272,2,PROD_000296,SELL_000019,2024-02-03,414.59,19.11
ORD_001272,3,PROD_000230,SELL_000040,2024-11-16,371.78,31.53
ORD_001272,4,PROD_000374,SELL_000044,2024-04-27,382.56,11.28
ORD_001272,5,PROD_000286,SELL_000035,2024-12-30,229.35,23.84
ORD_001273,1,PROD_000200,SELL_000028,2024-01-20,496.93,22.43
ORD_001273,2,PROD_000085,SELL_000047,2024-09-26,292.85,19.41
ORD_001273,3,PROD_000429,SELL_000005,2024-04-14,392.74,42.42
ORD_001273,4,PROD_000009,SELL_000042,2024-04-19,286.45,41.81
ORD_001274,1,PROD_000282,SELL_000014,2024-10-01,235.96,18.06
ORD_001274,2,PROD_000359,SELL_000042,2024-04-10,20.46,9.5
ORD_001274,3,PROD_000101,SELL_000027,2024-05-03,88.93,39.03
ORD_001274,4,PROD_000341,SELL_000014,2024-11-21,315.51,35.78
ORD_001275,1,PROD_000362,SELL_000001,2024-04-03,198.57,22.18
ORD_001275,2,PROD_000262,SELL_000011,2024-01-04,241.24,20.67
ORD_001275,3,PROD_000159,SELL_000036,2024-02-11,279.96,10.27
ORD_001275,4,PROD_000115,SELL_000007,2024-02-10,408.23,27.92
ORD_001276,1,PROD_000175,SELL_000029,2024-08-18,208.94,25.35
ORD_001277,1,PROD_000304,SELL_000009,2024-12-27,393.3,41.58
ORD_001278,1,PROD_000283,SELL_000039,2024-03-11,383.99,44.36
ORD_001278,2,PROD_000031,SELL_000010,2024-09-29,485.36,49.59
ORD_001278,3,PROD_000164,SELL_000029,2024-05-19,26.41,27.66
ORD_001278,4,PROD_000386,SELL_000012,2024-05-02,342.99,5.58
ORD_001278,5,PROD_000214,SELL_000001,2024-07-13,224.57,28.84
ORD_001279,1,PROD_000305,SELL_000042,2024-03-28,140.48,31.87
ORD_001280,1,PROD_000194,SELL_000021,2024-06-24,377.82,25.94
ORD_001280,2,PROD_000097,SELL_000026,2024-05-25,292.33,23.64
ORD_001281,1,PROD_000358,SELL_000024,2024-02-19,350.25,18.91
ORD_001281,2,PROD_000118,SELL_000029,2024-07-02,385.1,20.99
ORD_001281,3,PROD_000369,SELL_000020,2024-06-02,342.18,47.71
ORD_001282,1,PROD_000273,SELL_000010,2024-06-15,78.35,23.87
ORD_001282,2,PROD_000432,SELL_000039,2024-10-21,483.9,36.82
ORD_001282,3,PROD_000418,SELL_000034,2024-07-07,474.66,39.29
ORD_001282,4,PROD_000053,SELL_000008,2024-06-11,370.55,26.43
ORD_001282,5,PROD_000128,SELL_000015,2024-10-06,433.65,8.36
ORD_001283,1,PROD_000220,SELL_000019,2024-08-04,252.28,6.67
ORD_001283,2,PROD_000189,SELL_000004,2024-12-05,212.72,43.95
ORD_001283,3,PROD_000273,SELL_000001,2024-11-08,276.85,27.68
ORD_001283,4,PROD_000108,SELL_000005,2024-10-26,119.44,24.53
ORD_001284,1,PROD_000091,SELL_000049,2024-09-06,166.82,47.89
ORD_001285,1,PROD_000128,SELL_000041,2024-06-03,375.81,45.5
ORD_001286,1,PROD_000104,SELL_000045,2024-05-04,428.51,39.98
ORD_001286,2,PROD_000296,SELL_000010,2024-05-06,157.32,48.72
ORD_001286,3,PROD_000185,SELL_000009,2024-05-23,386.96,25.34
ORD_001286,4,PROD_000174,SELL_000005,2024-06-12,433.15,44.32
ORD_001287,1,PROD_000437,SELL_000034,2024-11-23,75.4,13.66
ORD_001287,2,PROD_000279,SELL_000001,2024-11-24,109.24,12.48
ORD_001287,3,PROD_000138,SELL_000044,2024-03-16,237.35,21.99
ORD_001287,4,PROD_000341,SELL_000034,2024-12-10,200.95,12.23
ORD_001288,1,PROD_000466,SELL_000041,2024-07-13,294.2,25.82
ORD_001288,2,PROD_000377,SELL_000017,2024-09-04,214.8,41.24
ORD_001288,3,PROD_000488,SELL_000014,2024-11-20,240.0,14.41
ORD_001288,4,PROD_000285,SELL_000023,2024-11-30,496.85,26.13
ORD_001288,5,PROD_000388,SELL_000029,2024-12-22,100.86,28.7
ORD_001289,1,PROD_000445,SELL_000013,2024-03-04,400.3,11.98
ORD_001289,2,PROD_000371,SELL_000037,2024-05-24,54.24,40.74
ORD_001289,3,PROD_000494,SELL_000012,2024-12-26,119.23,27.97
ORD_001289,4,PROD_000357,SELL_000001,2024-07-20,100.86,15.83
ORD_001289,5,PROD_000297,SELL_000017,2024-02-19,456.6,21.22
ORD_001290,1,PROD_000189,SELL_000018,2024-02-03,423.22,32.58
ORD_001290,2,PROD_000163,SELL_000035,2024-09-29,445.03,46.24
ORD_001290,3,PROD_000044,SELL_000017,2024-01-03,35.07,15.45
ORD_001291,1,PROD_000116,SELL_000002,2024-04-14,453.24,12.13
ORD_001291,2,PROD_000078,SELL_000028,2024-09-01,103.48,35.05
ORD_001291,3,PROD_000446,SELL_000040,2024-01-06,161.09,25.1
ORD_001291,4,PROD_000417,SELL_000049,2024-10-07,476.1,21.21
ORD_001292,1,PROD_000219,SELL_000033,2024-10-27,359.76,34.44
ORD_001293,1,PROD_000100,SELL_000010,2024-07-07,39.24,23.8
ORD_001294,1,PROD_000209,SELL_000035,2024-06-10,199.11,48.22
ORD_001294,2,PROD_000108,SELL_000020,2024-08-13,199.43,35.84
ORD_001294,3,PROD_000269,SELL_000035,2024-03-31,113.34,30.95
ORD_001294,4,PROD_000436,SELL_000024,2024-10-06,225.29,28.43
ORD_001294,5,PROD_000406,SELL_000042,2024-11-24,151.85,26.01
ORD_001295,1,PROD_000202,SELL_000014,2024-02-10,204.35,15.98
ORD_001295,2,PROD_000437,SELL_000036,2024-05-31,199.85,9.64
ORD_001296,1,PROD_000382,SELL_000026,2024-03-19,261.93,5.64
ORD_001296,2,PROD_000484,SELL_000014,2024-12-25,446.37,19.02
ORD_001297,1,PROD_000264,SELL_000019,2024-12-08,254.81,30.69
ORD_001298,1,PROD_000222,SELL_000016,2024-05-11,428.08,36.83
ORD_001299,1,PROD_000118,SELL_000007,2024-02-02,359.53,36.04
ORD_001300,1,PROD_000211,SELL_000016,2024-07-12,221.45,49.31
ORD_001300,2,PROD_000498,SELL_000010,2024-09-26,144.32,42.67
ORD_001300,3,PROD_000157,SELL_000005,2024-05-29,377.56,29.0
ORD_001300,4,PROD_000170,SELL_000030,2024-11-12,457.76,43.41
ORD_001301,1,PROD_000078,SELL_000011,2024-10-22,182.48,39.37
ORD_001301,2,PROD_000054,SELL_000041,2024-01-02,260.61,28.72
ORD_001301,3,PROD_000041,SELL_000003,2024-07-15,368.25,39.84
ORD_001301,4,PROD_000383,SELL_000003,2024-12-04,397.29,13.22
ORD_001302,1,PROD_000457,SELL_000001,2024-06-01,215.23,5.79
ORD_001302,2,PROD_000054,SELL_000029,2024-05-15,310.12,20.1
ORD_001302,3,PROD_000262,SELL_000041,2024-11-16,61.92,42.03
ORD_001302,4,PROD_000195,SELL_000009,2024-06-09,145.95,48.4
ORD_001303,1,PROD_000200,SELL_000041,2024-09-09,277.39,17.96
ORD_001303,2,PROD_000241,SELL_000015,2024-03-17,455.5,24.38
ORD_001303,3,PROD_000029,SELL_000012,2024-12-16,144.16,45.36
ORD_001303,4,PROD_000397,SELL_000034,2024-10-20,105.57,16.97
ORD_001304,1,PROD_000434,SELL_000001,2024-08-24,47.37,8.05
ORD_001304,2,PROD_000474,SELL_000001,2024-12-18,237.39,12.72
ORD_001304,3,PROD_000265,SELL_000024,2024-01-14,92.78,34.76
ORD_001305,1,PROD_000178,SELL_000041,2024-01-17,421.86,24.52
ORD_001306,1,PROD_000130,SELL_000035,2024-06-23,124.65,15.01
ORD_001307,1,PROD_000398,SELL_000008,2024-09-13,384.34,16.46
ORD_001307,2,PROD_000295,SELL_000049,2024-06-12,184.85,38.1
ORD_001308,1,PROD_000088,SELL_000037,2024-10-10,350.55,18.17
ORD_001309,1,PROD_000092,SELL_000011,2024-01-04,412.14,13.1
ORD_001309,2,PROD_000491,SELL_000043,2024-10-09,45.39,40.38
ORD_001309,3,PROD_000093,SELL_000004,2024-09-18,297.39,49.97
ORD_001309,4,PROD_000182,SELL_000009,2024-02-27,423.92,44.28
ORD_001309,5,PROD_000281,SELL_000001,2024-03-03,486.37,12.11
ORD_001310,1,PROD_000221,SELL_000011,2024-06-21,482.78,43.3
ORD_001310,2,PROD_000389,SELL_000004,2024-09-02,370.97,49.41
ORD_001310,3,PROD_000070,SELL_000018,2024-11-04,41.04,44.93
ORD_001310,4,PROD_000152,SELL_000016,2024-01-29,131.06,48.39
ORD_001310,5,PROD_000385,SELL_000011,2024-07-07,32.46,39.0
ORD_001311,1,PROD_000129,SELL_000039,2024-07-23,408.9,40.47
ORD_001311,2,PROD_000123,SELL_000036,2024-04-28,257.86,17.68
ORD_001311,3,PROD_000025,SELL_000049,2024-12-14,421.5,26.68
ORD_001311,4,PROD_000202,SELL_000023,2024-05-12,113.14,31.28
ORD_001312,1,PROD_000080,SELL_000047,2024-10-15,381.18,38.18
ORD_001312,2,PROD_000010,SELL_000013,2024-04-26,492.82,28.52
ORD_001312,3,PROD_000328,SELL_000017,2024-02-20,150.87,23.52
ORD_001313,1,PROD_000425,SELL_000009,2024-10-30,327.94,28.19
ORD_001313,2,PROD_000416,SELL_000002,2024-06-20,487.55,38.93
ORD_001314,1,PROD_000480,SELL_000043,2024-09-19,428.92,34.74
ORD_001314,2,PROD_000172,SELL_000038,2024-01-16,419.77,10.31
ORD_001314,3,PROD_000065,SELL_000014,2024-08-27,249.23,9.71
ORD_001315,1,PROD_000027,SELL_000031,2024-05-10,151.58,26.17
ORD_001315,2,PROD_000354,SELL_000015,2024-10-18,62.54,8.23
ORD_001315,3,PROD_000064,SELL_000032,2024-05-09,428.51,5.44
ORD_001315,4,PROD_000103,SELL_000046,2024-05-12,184.71,28.75
ORD_001315,5,PROD_000456,SELL_000033,2024-12-19,145.75,47.66
ORD_001316,1,PROD_000169,SELL_000044,2024-09-07,379.61,26.55
ORD_001316,2,PROD_000400,SELL_000018,2024-11-03,195.4,21.97
ORD_001316,3,PROD_000003,SELL_000029,2024-03-11,117.37,22.03
ORD_001316,4,PROD_000030,SELL_000050,2024-05-30,427.09,40.77
ORD_001317,1,PROD_000054,SELL_000010,2024-01-05,283.58,29.45
ORD_001317,2,PROD_000099,SELL_000028,2024-09-22,301.16,27.55
ORD_001317,3,PROD_000079,SELL_000023,2024-03-09,397.35,35.53
ORD_001318,1,PROD_000321,SELL_000019,2024-01-04,160.01,31.14
ORD_001318,2,PROD_000397,SELL_000024,2024-03-01,207.06,11.15
ORD_001318,3,PROD_000312,SELL_000050,2024-12-29,171.02,48.84
ORD_001318,4,PROD_000192,SELL_000009,2024-12-20,459.84,23.84
ORD_001318,5,PROD_000149,SELL_000036,2024-01-28,116.34,38.33
ORD_001319,1,PROD_000101,SELL_000026,2024-08-29,266.39,25.7
ORD_001319,2,PROD_000077,SELL_000017,2024-11-28,281.2,16.18
ORD_001319,3,PROD_000125,SELL_000032,2024-07-17,444.34,12.05
ORD_001319,4,PROD_000425,SELL_000033,2024-04-28,380.37,14.91
ORD_001320,1,PROD_000490,SELL_000040,2024-07-03,127.76,21.5
ORD_001320,2,PROD_000380,SELL_000045,2024-07-23,30.47,34.41
ORD_001321,1,PROD_000097,SELL_000012,2024-11-04,404.84,42.65
ORD_001321,2,PROD_000451,SELL_000016,2024-05-29,355.36,6.36
ORD_001321,3,PROD_000044,SELL_000017,2024-11-14,406.74,27.0
ORD_001322,1,PROD_000234,SELL_000022,2024-05-20,366.48,14.08
ORD_001322,2,PROD_000446,SELL_000042,2024-08-19,429.54,6.66
ORD_001322,3,PROD_000390,SELL_000038,2024-11-12,29.53,49.23
ORD_001323,1,PROD_000274,SELL_000005,2024-11-05,161.91,42.03
ORD_001323,2,PROD_000200,SELL_000022,2024-10-22,244.84,25.28
ORD_001323,3,PROD_000313,SELL_000025,2024-02-19,392.1,6.41
ORD_001323,4,PROD_000103,SELL_000050,2024-12-18,132.9,20.44
ORD_001324,1,PROD_000466,SELL_000026,2024-10-05,452.93,37.82
ORD_001324,2,PROD_000050,SELL_000004,2024-09-23,433.97,5.91
ORD_001325,1,PROD_000362,SELL_000044,2024-09-12,483.52,19.12
ORD_001326,1,PROD_000328,SELL_000018,2024-04-20,25.53,43.5
ORD_001326,2,PROD_000467,SELL_000011,2024-02-24,449.94,27.63
ORD_001326,3,PROD_000407,SELL_000033,2024-08-22,334.26,41.08
ORD_001326,4,PROD_000347,SELL_000047,2024-08-06,476.91,30.93
ORD_001326,5,PROD_000052,SELL_000025,2024-06-13,258.09,13.15
ORD_001327,1,PROD_000127,SELL_000020,2024-02-06,68.17,16.87
ORD_001327,2,PROD_000440,SELL_000022,2024-08-14,498.4,46.27
ORD_001327,3,PROD_000215,SELL_000029,2024-02-27,471.04,22.33
ORD_001327,4,PROD_000415,SELL_000031,2024-12-22,88.31,42.44
ORD_001328,1,PROD_000497,SELL_000010,2024-10-28,421.63,12.48
ORD_001328,2,PROD_000252,SELL_000049,2024-10-15,315.66,43.15
ORD_001328,3,PROD_000261,SELL_000024,2024-11-29,90.66,30.99
ORD_001328,4,PROD_000345,SELL_000038,2024-02-03,316.02,23.2
ORD_001328,5,PROD_000327,SELL_000034,2024-05-30,58.96,36.31
ORD_001329,1,PROD_000399,SELL_000022,2024-07-08,104.72,37.1
ORD_001329,2,PROD_000032,SELL_000046,2024-05-23,115.11,45.46
ORD_001329,3,PROD_000105,SELL_000008,2024-09-29,167.22,30.45
ORD_001329,4,PROD_000498,SELL_000032,2024-01-13,251.59,10.55
ORD_001329,5,PROD_000385,SELL_000040,2024-05-11,135.08,36.95
ORD_001330,1,PROD_000139,SELL_000048,2024-06-06,11.11,7.66
ORD_001331,1,PROD_000019,SELL_000029,2024-07-09,211.05,11.7
ORD_001331,2,PROD_000397,SELL_000008,2024-01-28,366.03,19.06
ORD_001331,3,PROD_000398,SELL_000003,2024-08-16,386.68,32.33
ORD_001332,1,PROD_000300,SELL_000027,2024-09-26,372.89,12.94
ORD_001332,2,PROD_000288,SELL_000033,2024-12-05,450.2,38.71
ORD_001333,1,PROD_000079,SELL_000030,2024-04-16,373.89,16.64
ORD_001333,2,PROD_000302,SELL_000046,2024-09-06,292.1,38.34
ORD_001333,3,PROD_000077,SELL_000024,2024-02-29,400.51,33.89
ORD_001334,1,PROD_000246,SELL_000045,2024-04-10,408.1,23.35
ORD_001334,2,PROD_000422,SELL_000021,2024-05-22,228.22,47.28
ORD_001334,3,PROD_000261,SELL_000030,2024-10-14,354.1,47.3
ORD_001334,4,PROD_000496,SELL_000047,2024-05-05,477.83,26.79
ORD_001334,5,PROD_000035,SELL_000004,2024-12-25,168.08,48.83
ORD_001335,1,PROD_000182,SELL_000042,2024-10-30,37.02,24.36
ORD_001335,2,PROD_000413,SELL_000032,2024-08-24,68.98,19.57
ORD_001336,1,PROD_000002,SELL_000050,2024-11-22,62.34,18.03
ORD_001336,2,PROD_000115,SELL_000045,2024-01-12,136.02,48.34
ORD_001336,3,PROD_000081,SELL_000023,2024-07-13,477.5,7.65
ORD_001336,4,PROD_000151,SELL_000008,2024-04-13,451.19,23.41
ORD_001337,1,PROD_000434,SELL_000032,2024-08-27,182.54,26.61
ORD_001337,2,PROD_000001,SELL_000029,2024-02-27,495.4,44.66
ORD_001337,3,PROD_000295,SELL_000046,2024-12-19,239.67,24.76
ORD_001337,4,PROD_000110,SELL_000048,2024-06-16,14.54,44.3
ORD_001338,1,PROD_000092,SELL_000045,2024-08-23,87.07,37.43
ORD_001338,2,PROD_000470,SELL_000002,2024-12-19,154.11,28.03
ORD_001338,3,PROD_000323,SELL_000007,2024-09-07,455.14,23.32
ORD_001339,1,PROD_000070,SELL_000011,2024-08-13,26.98,38.22
ORD_001339,2,PROD_000160,SELL_000016,2024-02-07,204.17,49.28
ORD_001339,3,PROD_000119,SELL_000037,2024-02-05,166.1,18.9
ORD_001339,4,PROD_000216,SELL_000018,2024-09-05,71.79,23.83
ORD_001340,1,PROD_000197,SELL_000030,2024-09-20,87.21,34.4
ORD_001340,2,PROD_000350,SELL_000014,2024-08-12,313.97,22.59
ORD_001340,3,PROD_000465,SELL_000007,2024-06-13,357.91,36.63
ORD_001341,1,PROD_000340,SELL_000012,2024-07-21,456.04,15.69
ORD_001342,1,PROD_000360,SELL_000040,2024-08-30,120.95,43.93
ORD_001343,1,PROD_000406,SELL_000050,2024-12-11,37.16,41.63
ORD_001343,2,PROD_000222,SELL_000025,2024-08-13,223.36,48.66
ORD_001344,1,PROD_000336,SELL_000001,2024-06-16,124.81,33.57
ORD_001344,2,PROD_000143,SELL_000011,2024-11-18,486.1,10.13
ORD_001344,3,PROD_000442,SELL_000027,2024-10-17,146.0,20.07
ORD_001345,1,PROD_000484,SELL_000033,2024-08-11,457.61,25.99
ORD_001345,2,PROD_000341,SELL_000001,2024-07-07,281.47,8.05
ORD_001346,1,PROD_000017,SELL_000022,2024-08-20,119.93,10.21
ORD_001346,2,PROD_000194,SELL_000050,2024-08-16,430.06,39.07
ORD_001346,3,PROD_000468,SELL_000042,2024-10-14,198.58,21.06
ORD_001346,4,PROD_000427,SELL_000024,2024-03-10,210.29,19.19
ORD_001346,5,PROD_000016,SELL_000029,2024-01-07,496.52,20.65
ORD_001347,1,PROD_000255,SELL_000001,2024-07-06,482.37,12.04
ORD_001347,2,PROD_000485,SELL_000024,2024-01-20,285.44,28.92
ORD_001347,3,PROD_000456,SELL_000018,2024-05-29,55.38,39.76
ORD_001348,1,PROD_000476,SELL_000044,2024-10-28,295.44,43.29
ORD_001348,2,PROD_000358,SELL_000035,2024-10-29,222.67,12.8
ORD_001348,3,PROD_000479,SELL_000021,2024-10-15,204.6,11.77
ORD_001349,1,PROD_000127,SELL_000021,2024-08-09,22.23,22.23
ORD_001349,2,PROD_000096,SELL_000022,2024-12-07,179.46,21.48
ORD_001349,3,PROD_000248,SELL_000049,2024-10-28,437.55,25.1
ORD_001349,4,PROD_000488,SELL_000024,2024-02-09,434.34,14.03
ORD_001350,1,PROD_000129,SELL_000038,2024-06-21,116.76,42.58
ORD_001350,2,PROD_000089,SELL_000030,2024-04-12,140.89,44.07
ORD_001350,3,PROD_000414,SELL_000022,2024-09-29,326.72,35.11
ORD_001350,4,PROD_000320,SELL_000032,2024-08-05,346.98,10.04
ORD_001350,5,PROD_000481,SELL_000018,2024-08-02,384.01,22.85
ORD_001351,1,PROD_000040,SELL_000021,2024-03-18,469.87,41.2
ORD_001351,2,PROD_000221,SELL_000050,2024-06-21,131.65,41.56
ORD_001351,3,PROD_000066,SELL_000044,2024-05-14,452.44,39.82
ORD_001351,4,PROD_000021,SELL_000048,2024-12-13,259.93,49.11
ORD_001352,1,PROD_000055,SELL_000018,2024-09-28,348.58,12.55
ORD_001353,1,PROD_000038,SELL_000040,2024-10-13,272.27,6.96
ORD_001353,2,PROD_000431,SELL_000036,2024-11-04,441.06,34.62
ORD_001353,3,PROD_000127,SELL_000029,2024-06-04,281.36,39.39
ORD_001353,4,PROD_000443,SELL_000042,2024-03-03,406.65,45.24
ORD_001354,1,PROD_000057,SELL_000032,2024-11-04,132.37,37.75
ORD_001354,2,PROD_000267,SELL_000002,2024-06-15,262.34,41.29
ORD_001354,3,PROD_000312,SELL_000001,2024-06-18,427.85,45.91
ORD_001354,4,PROD_000261,SELL_000003,2024-10-07,69.16,5.72
ORD_001354,5,PROD_000111,SELL_000019,2024-12-31,421.28,20.3
ORD_001355,1,PROD_000284,SELL_000048,2024-02-28,350.49,45.19
ORD_001356,1,PROD_000193,SELL_000046,2024-04-24,177.22,33.87
ORD_001356,2,PROD_000369,SELL_000043,2024-08-10,407.08,31.61
ORD_001356,3,PROD_000020,SELL_000041,2024-04-05,481.1,40.01
ORD_001357,1,PROD_000050,SELL_000027,2024-12-26,213.27,18.66
ORD_001358,1,PROD_000456,SELL_000009,2024-11-22,46.79,46.07
ORD_001359,1,PROD_000464,SELL_000028,2024-08-18,416.44,39.91
ORD_001359,2,PROD_000074,SELL_000033,2024-02-29,83.03,35.84
ORD_001359,3,PROD_000373,SELL_000023,2024-10-17,266.61,13.56
ORD_001360,1,PROD_000027,SELL_000030,2024-05-17,314.73,42.06
ORD_001360,2,PROD_000402,SELL_000017,2024-10-27,451.71,37.6
ORD_001361,1,PROD_000039,SELL_000012,2024-07-19,12.2,31.04
ORD_001361,2,PROD_000001,SELL_000016,2024-04-25,48.73,42.95
ORD_001361,3,PROD_000382,SELL_000028,2024-07-09,214.45,35.91
ORD_001361,4,PROD_000254,SELL_000046,2024-03-03,381.92,22.58
ORD_001361,5,PROD_000252,SELL_000033,2024-11-20,57.31,6.02
ORD_001362,1,PROD_000320,SELL_000023,2024-01-31,158.57,46.72
ORD_001362,2,PROD_000292,SELL_000044,2024-07-22,152.44,9.52
ORD_001362,3,PROD_000139,SELL_000023,2024-01-22,268.9,11.49
ORD_001362,4,PROD_000371,SELL_000046,2024-10-16,439.98,13.55
ORD_001362,5,PROD_000455,SELL_000009,2024-03-07,425.04,6.03
ORD_001363,1,PROD_000139,SELL_000047,2024-10-10,459.55,22.35
ORD_001363,2,PROD_000049,SELL_000012,2024-07-31,58.38,14.79
ORD_001364,1,PROD_000187,SELL_000050,2024-07-05,250.1,19.43
ORD_001364,2,PROD_000204,SELL_000008,2024-09-16,375.48,35.95
ORD_001364,3,PROD_000438,SELL_000033,2024-04-13,292.54,19.05
ORD_001364,4,PROD_000494,SELL_000003,2024-09-23,117.43,17.21
ORD_001364,5,PROD_000418,SELL_000018,2024-03-14,340.91,26.32
ORD_001365,1,PROD_000181,SELL_000037,2024-10-07,464.66,10.62
ORD_001365,2,PROD_000089,SELL_000001,2024-08-10,309.84,21.78
ORD_001365,3,PROD_000314,SELL_000013,2024-04-02,191.52,46.19
ORD_001365,4,PROD_000213,SELL_000010,2024-08-23,223.44,12.35
ORD_001365,5,PROD_000123,SELL_000027,2024-10-03,125.62,41.28
ORD_001366,1,PROD_000175,SELL_000015,2024-05-11,70.16,14.26
ORD_001366,2,PROD_000379,SELL_000039,2024-12-27,378.77,20.5
ORD_001366,3,PROD_000174,SELL_000041,2024-08-29,419.16,41.95
ORD_001366,4,PROD_000399,SELL_000003,2024-03-24,453.49,40.25
ORD_001367,1,PROD_000458,SELL_000033,2024-01-11,53.09,25.45
ORD_001367,2,PROD_000042,SELL_000044,2024-01-15,216.04,30.38
ORD_001368,1,PROD_000445,SELL_000002,2024-03-10,376.96,34.72
ORD_001368,2,PROD_000293,SELL_000019,2024-05-17,232.87,39.96
ORD_001368,3,PROD_000342,SELL_000014,2024-05-23,56.79,44.61
ORD_001369,1,PROD_000357,SELL_000016,2024-11-15,45.88,38.43
ORD_001369,2,PROD_000096,SELL_000016,2024-12-25,70.61,28.79
ORD_001369,3,PROD_000430,SELL_000043,2024-08-07,483.5,43.55
ORD_001370,1,PROD_000455,SELL_000028,2024-08-05,323.47,48.19
ORD_001371,1,PROD_000241,SELL_000031,2024-11-27,321.03,38.8
ORD_001371,2,PROD_000365,SELL_000007,2024-02-11,334.32,7.77
ORD_001371,3,PROD_000001,SELL_000036,2024-04-28,259.56,16.11
ORD_001372,1,PROD_000434,SELL_000036,2024-03-30,203.2,40.66
ORD_001372,2,PROD_000329,SELL_000035,2024-08-17,239.7,26.41
ORD_001372,3,PROD_000318,SELL_000049,2024-06-27,325.73,13.48
ORD_001372,4,PROD_000478,SELL_000048,2024-05-25,79.81,19.6
ORD_001373,1,PROD_000116,SELL_000040,2024-03-08,75.63,10.77
ORD_001373,2,PROD_000454,SELL_000049,2024-09-10,243.68,39.65
ORD_001373,3,PROD_000234,SELL_000030,2024-05-10,187.43,35.35
ORD_001373,4,PROD_000025,SELL_000011,2024-02-25,332.6,28.45
ORD_001373,5,PROD_000450,SELL_000023,2024-04-06,55.68,47.11
ORD_001374,1,PROD_000270,SELL_000020,2024-08-10,497.69,15.23
ORD_001374,2,PROD_000194,SELL_000013,2024-09-29,122.84,42.22
ORD_001374,3,PROD_000365,SELL_000050,2024-10-01,249.7,42.45
ORD_001375,1,PROD_000091,SELL_000002,2024-12-08,149.83,19.91
ORD_001375,2,PROD_000353,SELL_000041,2024-12-21,443.36,39.73
ORD_001375,3,PROD_000127,SELL_000024,2024-12-06,256.45,31.73
ORD_001376,1,PROD_000386,SELL_000031,2024-01-30,441.43,30.93
ORD_001376,2,PROD_000488,SELL_000047,2024-05-06,344.41,12.99
ORD_001376,3,PROD_000175,SELL_000016,2024-03-08,326.15,7.46
ORD_001376,4,PROD_000499,SELL_000021,2024-06-08,209.58,43.35
ORD_001377,1,PROD_000304,SELL_000019,2024-07-30,375.6,25.03
ORD_001377,2,PROD_000232,SELL_000034,2024-12-07,398.62,28.39
ORD_001377,3,PROD_000390,SELL_000037,2024-09-22,395.82,14.69
ORD_001377,4,PROD_000213,SELL_000048,2024-02-11,437.82,44.14
ORD_001378,1,PROD_000317,SELL_000046,2024-05-29,392.33,19.76
ORD_001378,2,PROD_000403,SELL_000038,2024-03-11,355.09,7.91
ORD_001378,3,PROD_000365,SELL_000036,2024-06-21,376.68,12.78
ORD_001379,1,PROD_000493,SELL_000041,2024-01-28,52.82,17.64
ORD_001379,2,PROD_000110,SELL_000032,2024-09-07,289.76,11.19
ORD_001379,3,PROD_000346,SELL_000013,2024-09-16,458.48,31.25
ORD_001380,1,PROD_000150,SELL_000050,2024-10-16,472.39,44.5
ORD_001380,2,PROD_000348,SELL_000030,2024-10-19,52.09,26.54
ORD_001380,3,PROD_000322,SELL_000041,2024-03-20,406.94,40.74
ORD_001381,1,PROD_000023,SELL_000036,2024-11-27,70.43,40.5
ORD_001382,1,PROD_000381,SELL_000017,2024-04-02,257.26,23.35
ORD_001383,1,PROD_000306,SELL_000004,2024-07-22,99.28,8.86
ORD_001383,2,PROD_000251,SELL_000021,2024-10-28,176.7,16.4
ORD_001383,3,PROD_000299,SELL_000050,2024-01-23,286.88,22.89
ORD_001383,4,PROD_000051,SELL_000041,2024-12-24,394.41,49.59
ORD_001384,1,PROD_000340,SELL_000033,2024-01-06,10.77,16.93
ORD_001385,1,PROD_000264,SELL_000045,2024-09-05,451.1,17.28
ORD_001385,2,PROD_000338,SELL_000012,2024-09-05,430.33,45.49
ORD_001385,3,PROD_000151,SELL_000047,2024-12-21,298.67,22.73
ORD_001386,1,PROD_000361,SELL_000043,2024-03-07,313.39,41.73
ORD_001386,2,PROD_000102,SELL_000003,2024-06-26,66.33,10.59
ORD_001386,3,PROD_000238,SELL_000010,2024-06-19,41.33,34.36
ORD_001387,1,PROD_000106,SELL_000049,2024-05-01,170.5,47.5
ORD_001387,2,PROD_000238,SELL_000024,2024-12-12,229.27,26.78
ORD_001387,3,PROD_000228,SELL_000014,2024-05-09,452.57,40.42
ORD_001388,1,PROD_000199,SELL_000050,2024-06-21,270.7,26.69
ORD_001388,2,PROD_000025,SELL_000014,2024-12-07,44.1,18.48
ORD_001389,1,PROD_000225,SELL_000039,2024-02-18,135.81,26.16
ORD_001389,2,PROD_000245,SELL_000005,2024-11-19,448.77,33.25
ORD_001389,3,PROD_000445,SELL_000033,2024-01-17,478.23,23.58
ORD_001389,4,PROD_000482,SELL_000043,2024-10-23,302.2,26.66
ORD_001389,5,PROD_000136,SELL_000026,2024-07-21,444.82,49.07
ORD_001390,1,PROD_000391,SELL_000032,2024-12-09,143.75,11.82
ORD_001390,2,PROD_000433,SELL_000048,2024-02-17,235.14,38.78
ORD_001390,3,PROD_000088,SELL_000019,2024-04-28,190.44,24.04
ORD_001390,4,PROD_000337,SELL_000016,2024-01-27,116.83,20.67
ORD_001390,5,PROD_000101,SELL_000025,2024-10-21,192.14,11.5
ORD_001391,1,PROD_000167,SELL_000035,2024-08-17,366.55,45.03
ORD_001391,2,PROD_000251,SELL_000014,2024-06-13,367.35,26.35
ORD_001391,3,PROD_000287,SELL_000049,2024-02-18,375.6,34.75
ORD_001392,1,PROD_000268,SELL_000045,2024-04-25,329.7,18.39
ORD_001392,2,PROD_000237,SELL_000025,2024-05-18,474.17,23.68
ORD_001393,1,PROD_000094,SELL_000044,2024-07-13,53.2,32.42
ORD_001394,1,PROD_000105,SELL_000043,2024-07-27,338.39,15.64
ORD_001394,2,PROD_000395,SELL_000037,2024-07-22,96.27,48.29
ORD_001394,3,PROD_000226,SELL_000022,2024-07-21,352.04,16.5
ORD_001394,4,PROD_000298,SELL_000049,2024-01-21,295.7,7.86
ORD_001394,5,PROD_000310,SELL_000022,2024-07-21,445.45,23.04
ORD_001395,1,PROD_000032,SELL_000042,2024-07-21,108.42,11.53
ORD_001396,1,PROD_000406,SELL_000004,2024-07-03,342.62,22.5
ORD_001397,1,PROD_000229,SELL_000033,2024-08-25,436.36,48.43
ORD_001398,1,PROD_000447,SELL_000020,2024-09-14,62.97,14.2
ORD_001399,1,PROD_000392,SELL_000049,2024-04-11,438.09,35.95
ORD_001399,2,PROD_000244,SELL_000048,2024-11-20,496.87,33.39
ORD_001399,3,PROD_000310,SELL_000027,2024-07-06,466.19,26.72
ORD_001400,1,PROD_000392,SELL_000039,2024-06-12,294.57,29.49
ORD_001400,2,PROD_000226,SELL_000030,2024-08-29,351.52,20.06
ORD_001401,1,PROD_000265,SELL_000038,2024-10-27,359.97,6.66
ORD_001401,2,PROD_000046,SELL_000012,2024-12-22,298.03,32.23
ORD_001401,3,PROD_000312,SELL_000049,2024-11-04,465.92,19.65
ORD_001402,1,PROD_000094,SELL_000031,2024-01-06,34.32,10.73
ORD_001402,2,PROD_000127,SELL_000014,2024-12-23,414.43,14.55
ORD_001402,3,PROD_000066,SELL_000026,2024-09-18,290.24,26.19
ORD_001402,4,PROD_000135,SELL_000027,2024-01-12,86.74,16.24
ORD_001402,5,PROD_000389,SELL_000035,2024-10-02,150.69,21.19
ORD_001403,1,PROD_000043,SELL_000045,2024-03-11,373.51,49.59
ORD_001403,2,PROD_000270,SELL_000018,2024-03-30,353.19,34.08
ORD_001403,3,PROD_000033,SELL_000047,2024-10-30,183.06,23.62
ORD_001403,4,PROD_000044,SELL_000031,2024-08-12,336.55,45.82
ORD_001404,1,PROD_000286,SELL_000039,2024-03-22,86.02,36.17
ORD_001404,2,PROD_000186,SELL_000009,2024-12-20,277.93,30.04
ORD_001404,3,PROD_000343,SELL_000002,2024-08-12,105.53,40.27
ORD_001405,1,PROD_000394,SELL_000010,2024-10-08,391.34,37.11
ORD_001405,2,PROD_000312,SELL_000015,2024-05-01,184.84,11.47
ORD_001406,1,PROD_000270,SELL_000040,2024-09-12,60.9,37.68
ORD_001406,2,PROD_000100,SELL_000023,2024-11-03,327.97,18.51
ORD_001406,3,PROD_000483,SELL_000011,2024-07-30,267.86,18.94
ORD_001406,4,PROD_000378,SELL_000032,2024-05-17,212.06,35.41
ORD_001407,1,PROD_000018,SELL_000030,2024-12-17,83.94,28.4
ORD_001407,2,PROD_000053,SELL_000049,2024-01-07,462.42,10.53
ORD_001407,3,PROD_000282,SELL_000023,2024-12-17,34.15,29.58
ORD_001408,1,PROD_000246,SELL_000021,2024-07-26,372.62,41.85
ORD_001408,2,PROD_000483,SELL_000023,2024-01-15,376.12,20.23
ORD_001408,3,PROD_000057,SELL_000042,2024-01-08,166.83,5.47
ORD_001408,4,PROD_000001,SELL_000036,2024-11-25,282.47,35.62
ORD_001408,5,PROD_000216,SELL_000032,2024-11-01,250.99,48.48
ORD_001409,1,PROD_000256,SELL_000028,2024-02-11,298.25,25.09
ORD_001409,2,PROD_000416,SELL_000050,2024-10-08,477.84,21.96
ORD_001409,3,PROD_000425,SELL_000025,2024-11-21,154.88,39.33
ORD_001410,1,PROD_000480,SELL_000015,2024-04-30,157.17,24.99
ORD_001410,2,PROD_000142,SELL_000048,2024-10-21,210.13,15.3
ORD_001411,1,PROD_000296,SELL_000010,2024-03-21,398.67,46.91
ORD_001411,2,PROD_000221,SELL_000011,2024-09-15,66.08,46.62
ORD_001411,3,PROD_000177,SELL_000001,2024-04-03,117.1,18.06
ORD_001411,4,PROD_000282,SELL_000041,2024-09-13,129.99,49.41
ORD_001412,1,PROD_000166,SELL_000011,2024-03-01,304.14,5.39
ORD_001413,1,PROD_000130,SELL_000031,2024-03-08,378.26,6.19
ORD_001414,1,PROD_000443,SELL_000042,2024-10-16,219.26,31.78
ORD_001414,2,PROD_000139,SELL_000023,2024-10-28,248.54,15.63
ORD_001414,3,PROD_000497,SELL_000027,2024-07-13,17.88,28.97
ORD_001414,4,PROD_000380,SELL_000021,2024-10-25,66.28,30.05
ORD_001415,1,PROD_000385,SELL_000020,2024-09-06,488.72,15.43
ORD_001415,2,PROD_000224,SELL_000024,2024-04-15,310.86,34.05
ORD_001415,3,PROD_000270,SELL_000023,2024-09-26,230.7,18.47
ORD_001415,4,PROD_000383,SELL_000039,2024-12-16,343.19,45.64
ORD_001416,1,PROD_000232,SELL_000008,2024-05-06,65.48,33.43
ORD_001416,2,PROD_000275,SELL_000017,2024-05-15,139.33,40.67
ORD_001416,3,PROD_000308,SELL_000025,2024-02-04,460.22,15.94
ORD_001417,1,PROD_000164,SELL_000012,2024-06-23,244.66,26.49
ORD_001417,2,PROD_000248,SELL_000018,2024-05-02,224.91,12.1
ORD_001417,3,PROD_000073,SELL_000015,2024-09-17,144.34,25.48
ORD_001417,4,PROD_000190,SELL_000025,2024-02-08,394.87,46.29
ORD_001417,5,PROD_000042,SELL_000036,2024-10-16,417.98,26.11
ORD_001418,1,PROD_000253,SELL_000038,2024-12-09,273.55,48.8
ORD_001418,2,PROD_000065,SELL_000047,2024-04-06,408.85,6.82
ORD_001418,3,PROD_000399,SELL_000002,2024-02-01,168.61,5.55
ORD_001419,1,PROD_000180,SELL_000048,2024-02-29,224.69,22.09
ORD_001419,2,PROD_000282,SELL_000024,2024-05-26,25.88,37.82
ORD_001419,3,PROD_000035,SELL_000037,2024-04-25,145.85,46.65
ORD_001420,1,PROD_000210,SELL_000009,2024-12-03,372.3,26.12
ORD_001420,2,PROD_000069,SELL_000013,2024-11-09,124.8,47.2
ORD_001420,3,PROD_000467,SELL_000004,2024-07-28,174.76,14.1
ORD_001421,1,PROD_000449,SELL_000046,2024-07-08,310.14,26.25
ORD_001421,2,PROD_000478,SELL_000038,2024-12-10,275.43,30.66
ORD_001422,1,PROD_000258,SELL_000012,2024-12-27,68.82,23.15
ORD_001422,2,PROD_000001,SELL_000034,2024-09-08,284.47,39.38
ORD_001423,1,PROD_000325,SELL_000031,2024-09-16,329.3,29.84
ORD_001423,2,PROD_000399,SELL_000045,2024-09-01,492.27,25.93
ORD_001423,3,PROD_000481,SELL_000028,2024-05-07,33.23,46.94
ORD_001424,1,PROD_000113,SELL_000038,2024-11-25,408.35,37.61
ORD_001424,2,PROD_000445,SELL_000028,2024-07-17,211.84,30.61
ORD_001424,3,PROD_000337,SELL_000037,2024-09-13,256.59,19.67
ORD_001424,4,PROD_000172,SELL_000001,2024-01-30,346.2,18.16
ORD_001425,1,PROD_000339,SELL_000003,2024-08-16,355.09,32.03
ORD_001425,2,PROD_000081,SELL_000040,2024-01-15,346.27,5.77
ORD_001425,3,PROD_000227,SELL_000040,2024-04-29,358.23,36.04
ORD_001426,1,PROD_000208,SELL_000023,2024-03-17,229.83,12.13
ORD_001426,2,PROD_000149,SELL_000025,2024-05-02,17.69,32.95
ORD_001427,1,PROD_000378,SELL_000023,2024-08-06,254.94,8.05
ORD_001428,1,PROD_000164,SELL_000014,2024-10-27,280.06,39.68
ORD_001428,2,PROD_000372,SELL_000029,2024-03-26,146.2,33.69
ORD_001428,3,PROD_000284,SELL_000006,2024-10-30,395.4,43.13
ORD_001428,4,PROD_000236,SELL_000043,2024-01-19,491.29,35.21
ORD_001429,1,PROD_000004,SELL_000032,2024-06-18,358.8,39.42
ORD_001429,2,PROD_000354,SELL_000036,2024-01-03,188.64,38.37
ORD_001429,3,PROD_000174,SELL_000040,2024-11-17,243.84,24.68
ORD_001430,1,PROD_000446,SELL_000040,2024-07-09,26.29,25.4
ORD_001430,2,PROD_000358,SELL_000002,2024-06-28,50.21,13.54
ORD_001431,1,PROD_000210,SELL_000039,2024-08-01,229.73,7.92
ORD_001432,1,PROD_000274,SELL_000007,2024-06-12,200.18,15.9
ORD_001432,2,PROD_000231,SELL_000002,2024-04-04,246.92,47.5
ORD_001433,1,PROD_000115,SELL_000029,2024-10-19,439.94,30.05
ORD_001433,2,PROD_000080,SELL_000008,2024-05-28,489.48,37.63
ORD_001433,3,PROD_000088,SELL_000020,2024-02-14,119.12,9.65
ORD_001434,1,PROD_000002,SELL_000028,2024-12-19,104.19,6.59
ORD_001434,2,PROD_000491,SELL_000034,2024-07-10,270.04,6.5
ORD_001435,1,PROD_000134,SELL_000044,2024-09-14,110.05,43.72
ORD_001435,2,PROD_000399,SELL_000049,2024-09-22,465.14,24.05
ORD_001435,3,PROD_000083,SELL_000013,2024-10-02,203.39,20.12
ORD_001435,4,PROD_000212,SELL_000003,2024-07-24,242.65,21.71
ORD_001435,5,PROD_000479,SELL_000023,2024-10-16,184.31,40.31
ORD_001436,1,PROD_000149,SELL_000007,2024-01-03,166.04,38.53
ORD_001436,2,PROD_000328,SELL_000043,2024-08-15,245.88,34.65
ORD_001436,3,PROD_000182,SELL_000001,2024-05-31,29.16,19.77
ORD_001437,1,PROD_000334,SELL_000040,2024-09-15,278.58,6.16
ORD_001437,2,PROD_000277,SELL_000021,2024-06-16,269.01,11.81
ORD_001437,3,PROD_000176,SELL_000032,2024-09-15,153.06,21.19
ORD_001437,4,PROD_000242,SELL_000041,2024-03-18,32.77,5.96
ORD_001437,5,PROD_000148,SELL_000008,2024-01-10,398.56,8.85
ORD_001438,1,PROD_000405,SELL_000030,2024-06-05,294.13,10.26
ORD_001439,1,PROD_000008,SELL_000034,2024-12-10,68.25,39.49
ORD_001439,2,PROD_000421,SELL_000008,2024-02-15,178.21,21.5
ORD_001439,3,PROD_000196,SELL_000028,2024-02-16,123.17,17.8
ORD_001439,4,PROD_000361,SELL_000018,2024-08-14,335.15,21.03
ORD_001440,1,PROD_000022,SELL_000020,2024-06-21,280.48,6.53
ORD_001441,1,PROD_000301,SELL_000009,2024-03-08,316.83,6.04
ORD_001441,2,PROD_000448,SELL_000037,2024-11-15,344.07,46.71
ORD_001441,3,PROD_000197,SELL_000020,2024-11-07,396.92,33.07
ORD_001441,4,PROD_000171,SELL_000028,2024-11-29,180.66,36.32
ORD_001441,5,PROD_000459,SELL_000042,2024-09-17,473.26,46.41
ORD_001442,1,PROD_000404,SELL_000042,2024-07-21,113.47,14.79
ORD_001442,2,PROD_000150,SELL_000032,2024-03-13,436.71,18.7
ORD_001443,1,PROD_000395,SELL_000033,2024-02-20,247.41,28.58
ORD_001443,2,PROD_000114,SELL_000016,2024-06-28,41.66,39.34
ORD_001443,3,PROD_000152,SELL_000042,2024-12-08,100.15,17.25
ORD_001444,1,PROD_000323,SELL_000046,2024-07-28,206.68,16.15
ORD_001444,2,PROD_000312,SELL_000003,2024-01-22,367.52,16.69
ORD_001444,3,PROD_000109,SELL_000038,2024-12-30,278.9,17.3
ORD_001444,4,PROD_000499,SELL_000047,2024-10-09,435.21,29.47
ORD_001444,5,PROD_000378,SELL_000027,2024-09-11,319.66,42.9
ORD_001445,1,PROD_000155,SELL_000001,2024-12-18,291.92,9.93
ORD_001446,1,PROD_000027,SELL_000037,2024-10-24,255.96,25.15
ORD_001446,2,PROD_000038,SELL_000032,2024-01-09,476.68,27.55
ORD_001446,3,PROD_000060,SELL_000026,2024-07-28,480.03,46.0
ORD_001446,4,PROD_000053,SELL_000015,2024-01-11,122.61,33.2
ORD_001447,1,PROD_000195,SELL_000039,2024-02-26,342.89,29.73
ORD_001447,2,PROD_000187,SELL_000004,2024-02-22,196.7,19.65
ORD_001447,3,PROD_000475,SELL_000027,2024-07-17,497.71,21.64
ORD_001448,1,PROD_000058,SELL_000010,2024-06-28,117.33,9.86
ORD_001448,2,PROD_000226,SELL_000026,2024-10-31,255.28,22.76
ORD_001449,1,PROD_000403,SELL_000049,2024-10-27,183.78,27.42
ORD_001449,2,PROD_000382,SELL_000041,2024-10-27,471.49,26.97
ORD_001450,1,PROD_000020,SELL_000036,2024-02-01,319.13,34.14
ORD_001450,2,PROD_000316,SELL_000029,2024-03-03,238.46,15.42
ORD_001450,3,PROD_000113,SELL_000006,2024-06-22,389.26,9.23
ORD_001451,1,PROD_000019,SELL_000018,2024-03-30,197.5,47.47
ORD_001451,2,PROD_000043,SELL_000017,2024-05-10,229.42,45.35
ORD_001451,3,PROD_000171,SELL_000003,2024-05-16,138.62,9.72
ORD_001451,4,PROD_000095,SELL_000028,2024-05-14,149.13,20.53
ORD_001452,1,PROD_000379,SELL_000041,2024-03-15,303.8,40.62
ORD_001452,2,PROD_000379,SELL_000039,2024-05-27,366.92,21.61
ORD_001452,3,PROD_000045,SELL_000043,2024-12-11,421.25,40.92
ORD_001452,4,PROD_000059,SELL_000015,2024-08-26,283.28,16.44
ORD_001452,5,PROD_000260,SELL_000032,2024-08-08,76.17,32.13
ORD_001453,1,PROD_000414,SELL_000013,2024-08-16,130.8,22.65
ORD_001453,2,PROD_000167,SELL_000048,2024-03-26,163.1,12.81
ORD_001453,3,PROD_000244,SELL_000043,2024-08-02,11.19,41.07
ORD_001453,4,PROD_000145,SELL_000043,2024-12-13,69.32,24.65
ORD_001453,5,PROD_000433,SELL_000049,2024-05-19,11.67,12.67
ORD_001454,1,PROD_000098,SELL_000023,2024-04-08,148.38,19.65
ORD_001455,1,PROD_000198,SELL_000006,2024-10-13,106.75,41.78
ORD_001455,2,PROD_000221,SELL_000047,2024-03-20,417.25,14.35
ORD_001455,3,PROD_000131,SELL_000008,2024-12-19,186.44,8.26
ORD_001456,1,PROD_000295,SELL_000043,2024-06-30,143.85,10.96
ORD_001457,1,PROD_000396,SELL_000010,2024-09-04,176.24,21.55
ORD_001457,2,PROD_000463,SELL_000035,2024-09-15,322.92,27.97
ORD_001457,3,PROD_000141,SELL_000042,2024-09-27,462.1,36.37
ORD_001458,1,PROD_000081,SELL_000031,2024-02-07,84.14,13.47
ORD_001458,2,PROD_000158,SELL_000003,2024-12-21,335.34,34.55
ORD_001458,3,PROD_000109,SELL_000032,2024-09-29,468.79,38.0
ORD_001458,4,PROD_000128,SELL_000010,2024-07-28,240.23,25.31
ORD_001459,1,PROD_000080,SELL_000027,2024-03-06,229.92,46.22
ORD_001459,2,PROD_000220,SELL_000029,2024-05-30,222.86,32.65
ORD_001460,1,PROD_000407,SELL_000033,2024-03-05,294.51,43.0
ORD_001460,2,PROD_000391,SELL_000025,2024-10-03,485.07,33.81
ORD_001460,3,PROD_000235,SELL_000049,2024-05-31,295.95,11.8
ORD_001460,4,PROD_000295,SELL_000019,2024-05-18,307.48,13.72
ORD_001460,5,PROD_000038,SELL_000013,2024-08-02,249.6,33.67
ORD_001461,1,PROD_000081,SELL_000047,2024-07-26,210.35,16.73
ORD_001461,2,PROD_000418,SELL_000039,2024-01-04,455.81,19.87
ORD_001461,3,PROD_000208,SELL_000042,2024-08-05,449.81,34.08
ORD_001461,4,PROD_000108,SELL_000049,2024-04-06,25.56,8.4
ORD_001462,1,PROD_000462,SELL_000046,2024-12-31,390.75,44.34
ORD_001463,1,PROD_000231,SELL_000039,2024-01-09,177.36,18.61
ORD_001463,2,PROD_000469,SELL_000014,2024-10-11,343.49,14.97
ORD_001463,3,PROD_000103,SELL_000007,2024-12-01,166.26,48.78
ORD_001463,4,PROD_000482,SELL_000047,2024-02-20,260.92,9.74
ORD_001464,1,PROD_000144,SELL_000035,2024-01-07,87.18,24.05
ORD_001464,2,PROD_000276,SELL_000004,2024-03-03,436.94,14.99
ORD_001464,3,PROD_000271,SELL_000045,2024-11-11,325.78,21.44
ORD_001464,4,PROD_000100,SELL_000005,2024-02-27,183.27,39.87
ORD_001465,1,PROD_000289,SELL_000031,2024-10-06,455.45,21.18
ORD_001465,2,PROD_000126,SELL_000017,2024-02-15,431.53,31.09
ORD_001466,1,PROD_000012,SELL_000044,2024-07-13,389.7,5.55
ORD_001467,1,PROD_000434,SELL_000012,2024-05-01,360.7,20.89
ORD_001467,2,PROD_000149,SELL_000026,2024-01-21,475.78,23.47
ORD_001467,3,PROD_000335,SELL_000012,2024-03-15,162.36,47.84
ORD_001467,4,PROD_000283,SELL_000041,2024-11-06,74.6,46.99
ORD_001468,1,PROD_000054,SELL_000041,2024-10-09,496.63,11.59
ORD_001468,2,PROD_000491,SELL_000028,2024-11-25,58.66,40.64
ORD_001468,3,PROD_000126,SELL_000022,2024-01-24,478.18,10.64
ORD_001469,1,PROD_000272,SELL_000019,2024-01-18,47.92,43.99
ORD_001470,1,PROD_000456,SELL_000038,2024-09-12,462.38,5.79
ORD_001470,2,PROD_000070,SELL_000046,2024-11-11,443.29,7.89
ORD_001470,3,PROD_000289,SELL_000040,2024-09-02,324.86,13.28
ORD_001470,4,PROD_000490,SELL_000028,2024-09-29,203.87,46.98
ORD_001470,5,PROD_000026,SELL_000035,2024-04-20,215.19,9.18
ORD_001471,1,PROD_000286,SELL_000044,2024-03-25,65.72,6.89
ORD_001471,2,PROD_000489,SELL_000015,2024-08-30,492.96,7.43
ORD_001471,3,PROD_000352,SELL_000030,2024-02-13,462.53,38.95
ORD_001471,4,PROD_000297,SELL_000002,2024-04-10,313.37,32.12
ORD_001472,1,PROD_000014,SELL_000004,2024-06-24,424.3,38.25
ORD_001472,2,PROD_000201,SELL_000012,2024-07-23,400.08,26.71
ORD_001473,1,PROD_000334,SELL_000019,2024-09-10,149.85,42.14
ORD_001473,2,PROD_000458,SELL_000042,2024-08-18,315.61,37.23
ORD_001474,1,PROD_000316,SELL_000011,2024-02-03,123.21,25.78
ORD_001474,2,PROD_000273,SELL_000008,2024-06-19,470.25,11.87
ORD_001474,3,PROD_000402,SELL_000014,2024-03-30,76.24,25.41
ORD_001474,4,PROD_000348,SELL_000012,2024-06-17,135.4,10.05
ORD_001474,5,PROD_000304,SELL_000043,2024-12-13,131.92,35.78
ORD_001475,1,PROD_000251,SELL_000050,2024-07-08,152.9,33.84
ORD_001475,2,PROD_000260,SELL_000035,2024-07-25,395.83,21.25
ORD_001475,3,PROD_000138,SELL_000030,2024-10-07,35.53,26.4
ORD_001476,1,PROD_000089,SELL_000048,2024-05-19,379.23,14.75
ORD_001476,2,PROD_000211,SELL_000039,2024-09-25,128.67,42.9
ORD_001476,3,PROD_000185,SELL_000041,2024-11-29,189.1,5.77
ORD_001476,4,PROD_000426,SELL_000022,2024-10-06,129.56,27.18
ORD_001476,5,PROD_000020,SELL_000001,2024-09-13,376.36,48.62
ORD_001477,1,PROD_000298,SELL_000004,2024-04-07,66.63,40.53
ORD_001477,2,PROD_000049,SELL_000041,2024-02-10,398.86,39.46
ORD_001477,3,PROD_000301,SELL_000046,2024-09-14,11.16,13.68
ORD_001477,4,PROD_000122,SELL_000008,2024-07-11,339.93,31.13
ORD_001477,5,PROD_000136,SELL_000002,2024-03-01,33.89,19.06
ORD_001478,1,PROD_000047,SELL_000040,2024-12-13,107.95,46.46
ORD_001479,1,PROD_000168,SELL_000012,2024-01-05,426.11,24.57
ORD_001479,2,PROD_000090,SELL_000025,2024-01-29,346.42,14.32
ORD_001480,1,PROD_000381,SELL_000018,2024-03-08,382.66,22.94
ORD_001480,2,PROD_000480,SELL_000015,2024-04-29,67.32,9.25
ORD_001480,3,PROD_000027,SELL_000036,2024-03-21,103.25,5.35
ORD_001480,4,PROD_000244,SELL_000006,2024-12-20,229.95,32.09
ORD_001481,1,PROD_000152,SELL_000021,2024-08-27,461.41,16.25
ORD_001481,2,PROD_000172,SELL_000049,2024-02-27,305.82,33.66
ORD_001481,3,PROD_000186,SELL_000002,2024-10-11,46.07,45.32
ORD_001481,4,PROD_000006,SELL_000001,2024-06-20,212.4,24.84
ORD_001481,5,PROD_000415,SELL_000015,2024-11-23,185.47,41.12
ORD_001482,1,PROD_000187,SELL_000039,2024-07-08,52.64,40.99
ORD_001482,2,PROD_000123,SELL_000024,2024-04-04,139.23,15.79
ORD_001483,1,PROD_000077,SELL_000046,2024-04-06,405.08,48.77
ORD_001484,1,PROD_000246,SELL_000007,2024-01-29,204.46,19.69
ORD_001484,2,PROD_000217,SELL_000002,2024-03-28,154.48,12.54
ORD_001484,3,PROD_000099,SELL_000024,2024-08-17,225.75,17.94
ORD_001484,4,PROD_000341,SELL_000020,2024-10-24,31.48,26.19
ORD_001485,1,PROD_000173,SELL_000013,2024-03-19,72.97,27.32
ORD_001485,2,PROD_000350,SELL_000040,2024-11-13,425.05,27.19
ORD_001485,3,PROD_000406,SELL_000044,2024-06-28,89.98,49.33
ORD_001485,4,PROD_000162,SELL_000034,2024-08-26,472.5,28.52
ORD_001486,1,PROD_000305,SELL_000046,2024-03-01,206.51,37.79
ORD_001486,2,PROD_000442,SELL_000016,2024-02-21,243.9,9.77
ORD_001486,3,PROD_000444,SELL_000008,2024-02-18,42.68,12.31
ORD_001486,4,PROD_000135,SELL_000008,2024-03-22,153.45,41.27
ORD_001486,5,PROD_000160,SELL_000024,2024-06-06,483.41,24.78
ORD_001487,1,PROD_000469,SELL_000044,2024-04-15,227.4,46.54
ORD_001488,1,PROD_000459,SELL_000046,2024-05-16,55.28,45.11
ORD_001488,2,PROD_000001,SELL_000044,2024-07-29,207.12,19.45
ORD_001488,3,PROD_000464,SELL_000021,2024-12-02,36.22,20.83
ORD_001488,4,PROD_000380,SELL_000001,2024-04-09,134.54,45.18
ORD_001489,1,PROD_000478,SELL_000032,2024-07-26,442.64,9.02
ORD_001490,1,PROD_000199,SELL_000007,2024-04-16,328.62,6.65
ORD_001491,1,PROD_000345,SELL_000009,2024-08-20,114.48,14.97
ORD_001492,1,PROD_000341,SELL_000034,2024-11-20,415.84,8.95
ORD_001493,1,PROD_000016,SELL_000016,2024-06-12,240.36,22.13
ORD_001493,2,PROD_000489,SELL_000028,2024-05-13,15.99,7.86
ORD_001494,1,PROD_000341,SELL_000050,2024-11-29,465.64,45.99
ORD_001495,1,PROD_000439,SELL_000009,2024-07-24,364.17,36.93
ORD_001495,2,PROD_000448,SELL_000029,2024-10-11,411.75,11.68
ORD_001495,3,PROD_000149,SELL_000005,2024-03-04,216.36,17.61
ORD_001496,1,PROD_000391,SELL_000045,2024-03-30,158.45,34.74
ORD_001496,2,PROD_000432,SELL_000005,2024-03-04,134.2,49.94
ORD_001496,3,PROD_000163,SELL_000019,2024-12-04,203.92,24.64
ORD_001497,1,PROD_000466,SELL_000049,2024-09-28,81.47,15.3
ORD_001497,2,PROD_000432,SELL_000004,2024-11-26,218.46,49.68
ORD_001497,3,PROD_000151,SELL_000009,2024-02-08,400.33,24.02
ORD_001498,1,PROD_000134,SELL_000026,2024-01-30,119.91,41.3
ORD_001498,2,PROD_000483,SELL_000039,2024-06-28,57.92,36.58
ORD_001498,3,PROD_000315,SELL_000010,2024-05-02,146.75,36.03
ORD_001498,4,PROD_000201,SELL_000021,2024-03-17,41.67,38.91
ORD_001498,5,PROD_000147,SELL_000028,2024-05-12,169.13,39.26
ORD_001499,1,PROD_000051,SELL_000028,2024-05-19,294.44,19.15
ORD_001499,2,PROD_000221,SELL_000003,2024-06-15,326.33,17.96
ORD_001500,1,PROD_000354,SELL_000014,2024-09-01,490.4,46.78
ORD_001501,1,PROD_000477,SELL_000015,2024-11-25,340.41,33.83
ORD_001502,1,PROD_000324,SELL_000007,2024-12-17,15.82,27.34
ORD_001502,2,PROD_000307,SELL_000044,2024-01-25,323.1,29.1
ORD_001503,1,PROD_000428,SELL_000044,2024-06-14,231.91,21.91
ORD_001503,2,PROD_000058,SELL_000036,2024-09-27,121.44,5.62
ORD_001503,3,PROD_000055,SELL_000045,2024-12-11,168.13,43.64
ORD_001503,4,PROD_000143,SELL_000041,2024-05-26,249.34,42.7
ORD_001503,5,PROD_000124,SELL_000016,2024-05-17,354.05,21.7
ORD_001504,1,PROD_000241,SELL_000016,2024-08-10,381.94,26.5
ORD_001504,2,PROD_000049,SELL_000043,2024-08-07,255.96,21.21
ORD_001504,3,PROD_000429,SELL_000024,2024-05-04,47.49,41.39
ORD_001504,4,PROD_000360,SELL_000031,2024-06-13,33.9,49.26
ORD_001504,5,PROD_000408,SELL_000037,2024-04-20,242.15,8.72
ORD_001505,1,PROD_000266,SELL_000021,2024-11-15,204.94,30.75
ORD_001506,1,PROD_000138,SELL_000042,2024-01-11,371.5,21.13
ORD_001506,2,PROD_000290,SELL_000002,2024-06-17,364.89,34.57
ORD_001506,3,PROD_000182,SELL_000003,2024-11-03,181.55,46.48
ORD_001506,4,PROD_000079,SELL_000033,2024-02-05,270.01,25.11
ORD_001507,1,PROD_000200,SELL_000026,2024-09-16,34.32,47.58
ORD_001507,2,PROD_000380,SELL_000039,2024-11-07,321.2,12.74
ORD_001508,1,PROD_000219,SELL_000041,2024-02-19,54.29,20.58
ORD_001509,1,PROD_000019,SELL_000045,2024-11-22,416.31,40.52
ORD_001509,2,PROD_000091,SELL_000048,2024-09-07,261.27,45.14
ORD_001509,3,PROD_000314,SELL_000002,2024-09-19,488.77,49.86
ORD_001510,1,PROD_000202,SELL_000033,2024-04-14,53.62,10.52
ORD_001511,1,PROD_000236,SELL_000038,2024-06-20,305.31,44.52
ORD_001512,1,PROD_000399,SELL_000011,2024-04-18,128.29,8.66
ORD_001512,2,PROD_000169,SELL_000025,2024-09-06,254.2,20.58
ORD_001513,1,PROD_000266,SELL_000023,2024-08-08,70.41,12.87
ORD_001513,2,PROD_000236,SELL_000045,2024-03-01,479.41,16.75
ORD_001514,1,PROD_000143,SELL_000012,2024-09-12,329.83,27.26
ORD_001514,2,PROD_000074,SELL_000013,2024-06-11,328.77,15.46
ORD_001515,1,PROD_000442,SELL_000017,2024-04-03,455.02,9.56
ORD_001515,2,PROD_000459,SELL_000020,2024-03-19,15.81,16.37
ORD_001515,3,PROD_000018,SELL_000029,2024-11-01,126.85,26.65
ORD_001515,4,PROD_000058,SELL_000024,2024-11-29,259.01,7.95
ORD_001516,1,PROD_000148,SELL_000010,2024-06-25,34.7,43.67
ORD_001516,2,PROD_000169,SELL_000037,2024-03-11,334.91,43.11
ORD_001516,3,PROD_000169,SELL_000015,2024-11-25,405.3,5.1
ORD_001516,4,PROD_000393,SELL_000037,2024-07-06,185.86,43.18
ORD_001516,5,PROD_000351,SELL_000036,2024-09-09,252.24,41.03
ORD_001517,1,PROD_000115,SELL_000026,2024-06-01,338.99,13.2
ORD_001517,2,PROD_000108,SELL_000030,2024-10-27,180.64,11.7
ORD_001517,3,PROD_000267,SELL_000047,2024-11-17,58.78,48.24
ORD_001517,4,PROD_000402,SELL_000005,2024-03-07,295.67,8.83
ORD_001517,5,PROD_000165,SELL_000007,2024-02-23,333.26,33.65
ORD_001518,1,PROD_000336,SELL_000014,2024-01-27,62.38,26.39
ORD_001518,2,PROD_000097,SELL_000024,2024-12-13,31.73,44.08
ORD_001519,1,PROD_000499,SELL_000037,2024-05-23,477.79,42.45
ORD_001519,2,PROD_000417,SELL_000019,2024-12-31,368.53,9.66
ORD_001519,3,PROD_000109,SELL_000009,2024-03-06,98.87,43.52
ORD_001519,4,PROD_000465,SELL_000003,2024-10-13,247.21,16.22
ORD_001520,1,PROD_000454,SELL_000046,2024-08-31,39.02,39.57
ORD_001520,2,PROD_000392,SELL_000047,2024-10-22,159.16,31.31
ORD_001520,3,PROD_000427,SELL_000007,2024-05-08,245.22,49.28
ORD_001521,1,PROD_000288,SELL_000029,2024-09-23,110.5,32.81
ORD_001521,2,PROD_000064,SELL_000015,2024-02-28,217.88,47.58
ORD_001521,3,PROD_000284,SELL_000012,2024-03-13,194.13,7.43
ORD_001522,1,PROD_000317,SELL_000039,2024-04-18,228.72,21.76
ORD_001523,1,PROD_000119,SELL_000005,2024-08-18,422.8,18.57
ORD_001523,2,PROD_000366,SELL_000039,2024-10-06,283.96,39.77
ORD_001523,3,PROD_000127,SELL_000035,2024-01-03,106.7,33.71
ORD_001523,4,PROD_000333,SELL_000029,2024-04-29,276.43,9.31
ORD_001523,5,PROD_000407,SELL_000014,2024-08-17,39.99,16.26
ORD_001524,1,PROD_000203,SELL_000011,2024-06-06,422.73,19.09
ORD_001524,2,PROD_000016,SELL_000029,2024-09-07,442.34,5.69
ORD_001524,3,PROD_000165,SELL_000015,2024-07-02,167.74,47.45
ORD_001525,1,PROD_000067,SELL_000014,2024-05-16,280.37,9.55
ORD_001525,2,PROD_000064,SELL_000050,2024-09-19,23.44,29.99
ORD_001525,3,PROD_000092,SELL_000037,2024-11-30,375.56,28.29
ORD_001525,4,PROD_000165,SELL_000004,2024-03-11,367.29,29.07
ORD_001525,5,PROD_000252,SELL_000031,2024-10-30,487.89,39.37
ORD_001526,1,PROD_000264,SELL_000032,2024-07-01,117.4,8.16
ORD_001526,2,PROD_000191,SELL_000028,2024-05-31,59.15,44.79
ORD_001526,3,PROD_000414,SELL_000016,2024-04-21,374.32,25.08
ORD_001527,1,PROD_000196,SELL_000027,2024-08-02,343.72,27.2
ORD_001528,1,PROD_000110,SELL_000049,2024-04-30,54.4,30.79
ORD_001528,2,PROD_000036,SELL_000046,2024-08-09,351.51,49.95
ORD_001528,3,PROD_000494,SELL_000038,2024-06-20,175.11,14.91
ORD_001528,4,PROD_000305,SELL_000016,2024-09-08,110.73,10.13
ORD_001529,1,PROD_000131,SELL_000044,2024-01-31,122.88,27.18
ORD_001529,2,PROD_000040,SELL_000030,2024-01-06,389.24,14.67
ORD_001530,1,PROD_000324,SELL_000042,2024-04-19,23.47,9.39
ORD_001530,2,PROD_000276,SELL_000038,2024-03-12,440.77,45.33
ORD_001530,3,PROD_000147,SELL_000024,2024-09-22,73.5,26.46
ORD_001530,4,PROD_000413,SELL_000007,2024-07-20,99.43,17.16
ORD_001530,5,PROD_000499,SELL_000045,2024-06-02,72.22,24.42
ORD_001531,1,PROD_000478,SELL_000031,2024-05-05,82.24,44.56
ORD_001531,2,PROD_000472,SELL_000021,2024-02-02,386.21,47.53
ORD_001531,3,PROD_000428,SELL_000009,2024-10-22,333.68,6.08
ORD_001532,1,PROD_000197,SELL_000029,2024-11-16,321.51,10.82
ORD_001532,2,PROD_000417,SELL_000029,2024-03-23,454.2,38.66
ORD_001533,1,PROD_000319,SELL_000023,2024-09-02,278.88,34.76
ORD_001534,1,PROD_000012,SELL_000015,2024-06-10,350.71,36.58
ORD_001534,2,PROD_000006,SELL_000035,2024-02-21,288.5,38.91
ORD_001534,3,PROD_000405,SELL_000027,2024-10-04,431.25,47.19
ORD_001534,4,PROD_000383,SELL_000017,2024-05-23,167.7,19.7
ORD_001534,5,PROD_000361,SELL_000029,2024-12-23,362.45,40.09
ORD_001535,1,PROD_000135,SELL_000019,2024-04-05,26.47,19.16
ORD_001535,2,PROD_000029,SELL_000041,2024-07-05,453.05,48.82
ORD_001535,3,PROD_000472,SELL_000024,2024-12-20,336.33,23.89
ORD_001535,4,PROD_000409,SELL_000018,2024-01-06,286.35,12.84
ORD_001536,1,PROD_000374,SELL_000026,2024-11-27,254.22,19.22
ORD_001537,1,PROD_000348,SELL_000016,2024-01-20,463.13,6.08
ORD_001537,2,PROD_000115,SELL_000017,2024-11-18,48.43,44.29
ORD_001537,3,PROD_000179,SELL_000048,2024-11-19,274.03,22.44
ORD_001537,4,PROD_000246,SELL_000002,2024-10-20,45.36,16.47
ORD_001537,5,PROD_000403,SELL_000018,2024-08-10,186.08,28.36
ORD_001538,1,PROD_000500,SELL_000004,2024-01-08,29.7,18.22
ORD_001539,1,PROD_000150,SELL_000046,2024-07-31,134.89,21.15
ORD_001540,1,PROD_000237,SELL_000025,2024-09-28,398.05,18.31
ORD_001540,2,PROD_000496,SELL_000035,2024-08-14,181.99,21.26
ORD_001540,3,PROD_000010,SELL_000019,2024-10-10,294.67,11.39
ORD_001540,4,PROD_000145,SELL_000026,2024-08-06,75.93,24.96
ORD_001540,5,PROD_000031,SELL_000006,2024-04-09,269.87,36.35
ORD_001541,1,PROD_000170,SELL_000048,2024-02-11,53.7,27.82
ORD_001541,2,PROD_000088,SELL_000043,2024-02-25,398.38,22.28
ORD_001541,3,PROD_000091,SELL_000044,2024-12-03,192.7,30.06
ORD_001541,4,PROD_000061,SELL_000024,2024-10-17,171.65,6.01
ORD_001541,5,PROD_000124,SELL_000007,2024-06-23,470.64,24.76
ORD_001542,1,PROD_000398,SELL_000032,2024-05-12,44.87,24.48
ORD_001543,1,PROD_000247,SELL_000031,2024-12-05,199.77,13.49
ORD_001543,2,PROD_000395,SELL_000007,2024-11-17,29.54,48.31
ORD_001543,3,PROD_000118,SELL_000050,2024-03-22,353.29,10.47
ORD_001544,1,PROD_000206,SELL_000031,2024-01-31,89.46,18.83
ORD_001544,2,PROD_000193,SELL_000007,2024-07-31,259.85,46.43
ORD_001544,3,PROD_000143,SELL_000025,2024-10-31,215.52,21.45
ORD_001544,4,PROD_000486,SELL_000042,2024-09-16,307.4,39.16
ORD_001545,1,PROD_000350,SELL_000020,2024-02-14,471.32,29.4
ORD_001545,2,PROD_000095,SELL_000033,2024-02-05,434.74,43.53
ORD_001545,3,PROD_000408,SELL_000016,2024-08-16,320.03,17.23
ORD_001546,1,PROD_000393,SELL_000032,2024-12-31,301.89,36.96
ORD_001546,2,PROD_000400,SELL_000038,2024-08-23,376.6,19.61
ORD_001546,3,PROD_000295,SELL_000006,2024-05-17,458.57,18.47
ORD_001547,1,PROD_000466,SELL_000037,2024-06-06,19.81,5.22
ORD_001547,2,PROD_000339,SELL_000020,2024-07-16,176.48,39.23
ORD_001547,3,PROD_000279,SELL_000017,2024-07-27,124.97,48.67
ORD_001547,4,PROD_000297,SELL_000010,2024-11-26,376.9,30.22
ORD_001547,5,PROD_000432,SELL_000033,2024-09-11,284.47,33.98
ORD_001548,1,PROD_000385,SELL_000016,2024-09-02,204.68,33.74
ORD_001548,2,PROD_000413,SELL_000031,2024-08-03,403.37,43.42
ORD_001548,3,PROD_000241,SELL_000014,2024-08-20,270.25,19.47
ORD_001548,4,PROD_000141,SELL_000010,2024-06-29,64.64,9.48
ORD_001549,1,PROD_000233,SELL_000008,2024-08-05,72.13,29.22
ORD_001549,2,PROD_000229,SELL_000020,2024-08-15,223.26,25.6
ORD_001549,3,PROD_000218,SELL_000045,2024-07-24,379.24,36.14
ORD_001549,4,PROD_000042,SELL_000038,2024-03-03,304.68,45.24
ORD_001549,5,PROD_000084,SELL_000025,2024-05-10,71.83,30.96
ORD_001550,1,PROD_000108,SELL_000008,2024-08-18,223.26,31.07
ORD_001550,2,PROD_000433,SELL_000001,2024-09-29,398.84,23.92
ORD_001550,3,PROD_000439,SELL_000029,2024-06-13,291.83,6.18
ORD_001550,4,PROD_000192,SELL_000042,2024-08-12,369.49,14.57
ORD_001550,5,PROD_000457,SELL_000047,2024-10-30,329.54,42.09
ORD_001551,1,PROD_000249,SELL_000003,2024-12-05,158.48,17.49
ORD_001551,2,PROD_000229,SELL_000031,2024-09-04,459.18,49.75
ORD_001551,3,PROD_000140,SELL_000003,2024-07-01,404.43,43.06
ORD_001551,4,PROD_000240,SELL_000004,2024-03-11,484.94,49.82
ORD_001552,1,PROD_000357,SELL_000006,2024-07-04,190.58,17.69
ORD_001553,1,PROD_000145,SELL_000003,2024-11-24,417.05,32.94
ORD_001553,2,PROD_000319,SELL_000035,2024-06-14,234.56,19.57
ORD_001553,3,PROD_000190,SELL_000025,2024-11-19,116.07,16.63
ORD_001553,4,PROD_000465,SELL_000018,2024-10-09,141.85,20.15
ORD_001553,5,PROD_000173,SELL_000046,2024-12-09,330.7,22.57
ORD_001554,1,PROD_000108,SELL_000016,2024-06-23,348.03,48.72
ORD_001554,2,PROD_000002,SELL_000046,2024-06-20,22.93,30.44
ORD_001554,3,PROD_000175,SELL_000014,2024-01-07,346.05,12.22
ORD_001554,4,PROD_000476,SELL_000047,2024-08-29,74.06,33.13
ORD_001555,1,PROD_000244,SELL_000025,2024-10-20,170.22,27.84
ORD_001555,2,PROD_000285,SELL_000032,2024-02-01,473.91,29.99
ORD_001556,1,PROD_000431,SELL_000011,2024-11-27,491.43,41.76
ORD_001556,2,PROD_000012,SELL_000016,2024-07-29,463.31,41.49
ORD_001556,3,PROD_000277,SELL_000002,2024-11-22,101.83,25.91
ORD_001557,1,PROD_000136,SELL_000035,2024-03-30,324.3,39.66
ORD_001557,2,PROD_000493,SELL_000019,2024-04-11,349.06,7.08
ORD_001557,3,PROD_000492,SELL_000031,2024-11-05,417.21,41.09
ORD_001558,1,PROD_000182,SELL_000015,2024-09-02,252.91,40.14
ORD_001558,2,PROD_000349,SELL_000034,2024-05-12,78.39,27.09
ORD_001558,3,PROD_000216,SELL_000019,2024-10-16,497.54,31.39
ORD_001558,4,PROD_000200,SELL_000013,2024-12-15,219.88,20.02
ORD_001559,1,PROD_000412,SELL_000012,2024-06-25,307.62,20.49
ORD_001559,2,PROD_000051,SELL_000025,2024-11-07,46.24,24.22
ORD_001559,3,PROD_000244,SELL_000034,2024-02-02,245.38,27.93
ORD_001559,4,PROD_000107,SELL_000004,2024-09-02,338.25,5.95
ORD_001560,1,PROD_000101,SELL_000014,2024-06-07,414.17,31.08
ORD_001561,1,PROD_000107,SELL_000050,2024-09-03,156.83,13.0
ORD_001561,2,PROD_000222,SELL_000037,2024-03-31,381.37,17.54
ORD_001562,1,PROD_000051,SELL_000036,2024-01-03,54.24,22.07
ORD_001562,2,PROD_000296,SELL_000041,2024-06-30,454.74,32.59
ORD_001562,3,PROD_000061,SELL_000042,2024-12-22,95.53,43.12
ORD_001563,1,PROD_000462,SELL_000017,2024-01-22,131.17,49.59
ORD_001563,2,PROD_000278,SELL_000010,2024-10-11,236.45,31.98
ORD_001563,3,PROD_000049,SELL_000017,2024-08-11,458.27,31.56
ORD_001563,4,PROD_000050,SELL_000006,2024-12-01,81.09,41.44
ORD_001564,1,PROD_000289,SELL_000048,2024-02-01,496.46,32.12
ORD_001564,2,PROD_000198,SELL_000028,2024-12-15,222.03,31.08
ORD_001565,1,PROD_000112,SELL_000037,2024-05-29,415.28,30.09
ORD_001565,2,PROD_000107,SELL_000047,2024-09-04,185.05,43.78
ORD_001566,1,PROD_000454,SELL_000011,2024-09-29,255.45,22.32
ORD_001566,2,PROD_000243,SELL_000047,2024-09-03,128.25,33.25
ORD_001566,3,PROD_000323,SELL_000050,2024-06-16,36.32,15.96
ORD_001567,1,PROD_000448,SELL_000029,2024-09-01,397.27,35.77
ORD_001567,2,PROD_000041,SELL_000030,2024-10-22,110.13,8.36
ORD_001568,1,PROD_000184,SELL_000003,2024-06-18,182.73,12.11
ORD_001568,2,PROD_000228,SELL_000040,2024-11-07,81.39,43.79
ORD_001569,1,PROD_000346,SELL_000050,2024-12-26,260.4,36.09
ORD_001569,2,PROD_000074,SELL_000026,2024-10-13,362.16,39.3
ORD_001569,3,PROD_000250,SELL_000038,2024-05-04,369.56,44.59
ORD_001570,1,PROD_000292,SELL_000018,2024-11-01,48.84,12.72
ORD_001570,2,PROD_000270,SELL_000028,2024-08-15,91.21,26.94
ORD_001570,3,PROD_000132,SELL_000032,2024-10-03,197.94,32.75
ORD_001570,4,PROD_000027,SELL_000019,2024-01-11,227.13,36.72
ORD_001570,5,PROD_000439,SELL_000011,2024-11-02,194.81,32.92
ORD_001571,1,PROD_000161,SELL_000012,2024-05-25,59.16,19.25
ORD_001571,2,PROD_000113,SELL_000005,2024-12-07,261.76,11.33
ORD_001571,3,PROD_000147,SELL_000002,2024-05-16,47.97,45.31
ORD_001571,4,PROD_000236,SELL_000007,2024-10-18,43.84,31.78
ORD_001572,1,PROD_000128,SELL_000045,2024-05-08,233.63,49.48
ORD_001572,2,PROD_000093,SELL_000028,2024-07-06,224.52,46.54
ORD_001572,3,PROD_000150,SELL_000040,2024-07-22,118.79,21.09
ORD_001573,1,PROD_000041,SELL_000038,2024-04-18,191.32,45.62
ORD_001574,1,PROD_000016,SELL_000008,2024-06-15,260.47,21.62
ORD_001575,1,PROD_000432,SELL_000015,2024-02-17,408.18,26.47
ORD_001575,2,PROD_000356,SELL_000003,2024-12-24,360.76,49.42
ORD_001575,3,PROD_000355,SELL_000030,2024-05-21,287.94,9.15
ORD_001575,4,PROD_000487,SELL_000029,2024-07-04,213.28,6.25
ORD_001576,1,PROD_000120,SELL_000001,2024-04-05,472.42,36.75
ORD_001576,2,PROD_000359,SELL_000029,2024-04-20,232.04,15.62
ORD_001576,3,PROD_000305,SELL_000031,2024-11-21,332.89,8.75
ORD_001576,4,PROD_000454,SELL_000001,2024-02-21,333.66,47.48
ORD_001577,1,PROD_000088,SELL_000027,2024-03-22,47.61,40.95
ORD_001577,2,PROD_000283,SELL_000040,2024-03-22,460.48,12.17
ORD_001577,3,PROD_000372,SELL_000044,2024-05-14,17.62,5.0
ORD_001577,4,PROD_000040,SELL_000014,2024-09-26,196.82,17.15
ORD_001577,5,PROD_000355,SELL_000038,2024-08-07,464.0,7.39
ORD_001578,1,PROD_000438,SELL_000006,2024-05-19,132.28,29.41
ORD_001578,2,PROD_000022,SELL_000018,2024-08-30,50.9,42.35
ORD_001578,3,PROD_000365,SELL_000002,2024-01-18,478.86,20.25
ORD_001579,1,PROD_000458,SELL_000021,2024-05-05,462.13,36.85
ORD_001580,1,PROD_000484,SELL_000021,2024-11-09,483.83,45.24
ORD_001580,2,PROD_000472,SELL_000041,2024-07-28,38.48,48.39
ORD_001580,3,PROD_000247,SELL_000026,2024-11-04,392.42,40.95
ORD_001580,4,PROD_000360,SELL_000018,2024-09-11,498.38,32.31
ORD_001580,5,PROD_000214,SELL_000004,2024-06-17,135.77,27.61
ORD_001581,1,PROD_000193,SELL_000010,2024-06-12,241.38,5.37
ORD_001581,2,PROD_000140,SELL_000011,2024-04-02,161.71,43.92
ORD_001581,3,PROD_000388,SELL_000004,2024-07-18,299.42,16.86
ORD_001582,1,PROD_000213,SELL_000049,2024-02-27,392.38,39.2
ORD_001582,2,PROD_000173,SELL_000017,2024-02-25,371.98,12.17
ORD_001582,3,PROD_000398,SELL_000032,2024-02-26,398.73,18.5
ORD_001582,4,PROD_000286,SELL_000007,2024-07-15,37.2,48.4
ORD_001582,5,PROD_000011,SELL_000005,2024-10-18,254.62,40.36
ORD_001583,1,PROD_000182,SELL_000032,2024-01-23,282.76,23.07
ORD_001583,2,PROD_000378,SELL_000036,2024-07-15,426.64,19.67
ORD_001583,3,PROD_000024,SELL_000017,2024-05-19,369.72,9.11
ORD_001584,1,PROD_000464,SELL_000018,2024-03-12,315.82,46.6
ORD_001584,2,PROD_000393,SELL_000010,2024-07-27,251.91,33.31
ORD_001584,3,PROD_000272,SELL_000035,2024-02-02,352.99,43.16
ORD_001585,1,PROD_000169,SELL_000008,2024-04-27,224.74,28.03
ORD_001586,1,PROD_000395,SELL_000012,2024-07-30,259.83,44.5
ORD_001586,2,PROD_000486,SELL_000029,2024-01-24,153.72,16.47
ORD_001586,3,PROD_000211,SELL_000047,2024-10-16,335.99,10.24
ORD_001586,4,PROD_000077,SELL_000001,2024-08-16,488.17,34.68
ORD_001587,1,PROD_000225,SELL_000042,2024-01-07,31.6,29.07
ORD_001588,1,PROD_000113,SELL_000028,2024-07-04,292.62,11.94
ORD_001588,2,PROD_000478,SELL_000015,2024-11-02,376.64,40.41
ORD_001588,3,PROD_000201,SELL_000027,2024-02-24,344.75,19.08
ORD_001589,1,PROD_000444,SELL_000030,2024-02-13,168.0,6.32
ORD_001590,1,PROD_000222,SELL_000001,2024-02-12,347.03,44.18
ORD_001590,2,PROD_000179,SELL_000049,2024-02-27,358.08,29.16
ORD_001590,3,PROD_000004,SELL_000001,2024-08-18,457.17,29.91
ORD_001590,4,PROD_000092,SELL_000033,2024-05-26,487.22,21.32
ORD_001591,1,PROD_000053,SELL_000034,2024-11-17,219.67,26.74
ORD_001591,2,PROD_000410,SELL_000003,2024-08-10,219.66,10.91
ORD_001591,3,PROD_000048,SELL_000039,2024-03-23,401.21,12.96
ORD_001591,4,PROD_000389,SELL_000015,2024-06-03,297.24,10.28
ORD_001592,1,PROD_000006,SELL_000041,2024-10-31,399.82,9.98
ORD_001592,2,PROD_000082,SELL_000029,2024-04-01,375.21,33.0
ORD_001593,1,PROD_000114,SELL_000013,2024-08-05,477.33,25.87
ORD_001593,2,PROD_000499,SELL_000018,2024-12-19,36.65,28.57
ORD_001593,3,PROD_000296,SELL_000007,2024-03-29,346.62,7.02
ORD_001593,4,PROD_000304,SELL_000038,2024-05-18,405.99,35.96
ORD_001593,5,PROD_000322,SELL_000050,2024-07-20,299.54,43.13
ORD_001594,1,PROD_000015,SELL_000006,2024-04-01,338.87,12.43
ORD_001594,2,PROD_000387,SELL_000026,2024-03-08,39.81,14.73
ORD_001594,3,PROD_000050,SELL_000048,2024-01-09,431.25,29.29
ORD_001594,4,PROD_000077,SELL_000023,2024-09-09,413.66,6.73
ORD_001594,5,PROD_000036,SELL_000026,2024-11-29,92.52,7.13
ORD_001595,1,PROD_000368,SELL_000016,2024-08-23,40.51,45.57
ORD_001595,2,PROD_000475,SELL_000022,2024-11-13,182.35,44.73
ORD_001595,3,PROD_000055,SELL_000021,2024-03-05,201.8,45.46
ORD_001595,4,PROD_000386,SELL_000005,2024-08-12,355.59,11.83
ORD_001596,1,PROD_000208,SELL_000023,2024-10-05,431.23,46.57
ORD_001596,2,PROD_000383,SELL_000013,2024-07-17,429.38,7.45
ORD_001596,3,PROD_000400,SELL_000024,2024-05-05,490.6,21.91
ORD_001596,4,PROD_000250,SELL_000013,2024-03-15,406.6,32.85
ORD_001596,5,PROD_000092,SELL_000021,2024-05-22,186.2,41.23
ORD_001597,1,PROD_000199,SELL_000040,2024-05-18,18.99,24.76
ORD_001598,1,PROD_000420,SELL_000014,2024-11-29,432.43,27.41
ORD_001598,2,PROD_000050,SELL_000035,2024-04-13,321.64,17.94
ORD_001598,3,PROD_000061,SELL_000049,2024-01-30,491.3,33.79
ORD_001598,4,PROD_000224,SELL_000025,2024-06-15,274.56,28.19
ORD_001599,1,PROD_000437,SELL_000046,2024-10-16,123.4,6.23
ORD_001599,2,PROD_000003,SELL_000018,2024-08-09,40.37,36.57
ORD_001600,1,PROD_000429,SELL_000042,2024-08-01,10.64,29.02
ORD_001600,2,PROD_000357,SELL_000041,2024-09-12,444.92,22.27
ORD_001600,3,PROD_000290,SELL_000044,2024-05-06,240.45,33.07
ORD_001601,1,PROD_000146,SELL_000019,2024-08-28,442.95,48.99
ORD_001602,1,PROD_000383,SELL_000036,2024-05-05,38.27,26.15
ORD_001602,2,PROD_000065,SELL_000032,2024-12-02,269.59,6.06
ORD_001602,3,PROD_000435,SELL_000030,2024-08-06,138.81,10.11
ORD_001603,1,PROD_000003,SELL_000044,2024-01-26,167.11,33.38
ORD_001603,2,PROD_000026,SELL_000008,2024-11-16,277.26,47.79
ORD_001604,1,PROD_000169,SELL_000020,2024-09-04,112.78,29.4
ORD_001604,2,PROD_000397,SELL_000001,2024-10-05,148.55,26.81
ORD_001604,3,PROD_000013,SELL_000025,2024-03-23,260.16,27.56
ORD_001604,4,PROD_000402,SELL_000001,2024-08-16,90.26,19.16
ORD_001605,1,PROD_000007,SELL_000024,2024-12-22,78.62,29.13
ORD_001605,2,PROD_000038,SELL_000021,2024-07-09,450.2,10.27
ORD_001606,1,PROD_000081,SELL_000017,2024-08-28,49.5,41.04
ORD_001606,2,PROD_000284,SELL_000033,2024-08-31,339.52,49.11
ORD_001606,3,PROD_000177,SELL_000001,2024-07-05,69.82,49.25
ORD_001607,1,PROD_000383,SELL_000045,2024-03-03,439.85,33.58
ORD_001607,2,PROD_000045,SELL_000033,2024-01-14,185.84,9.17
ORD_001607,3,PROD_000149,SELL_000007,2024-03-07,20.81,37.09
ORD_001607,4,PROD_000423,SELL_000001,2024-09-10,136.56,46.63
ORD_001607,5,PROD_000141,SELL_000048,2024-07-11,43.2,24.25
ORD_001608,1,PROD_000469,SELL_000014,2024-04-21,403.09,11.93
ORD_001608,2,PROD_000209,SELL_000045,2024-11-16,81.25,39.84
ORD_001608,3,PROD_000288,SELL_000037,2024-10-26,139.96,15.18
ORD_001608,4,PROD_000239,SELL_000040,2024-04-14,30.6,47.11
ORD_001608,5,PROD_000346,SELL_000024,2024-04-02,426.88,32.12
ORD_001609,1,PROD_000027,SELL_000024,2024-07-31,107.36,41.5
ORD_001609,2,PROD_000225,SELL_000006,2024-03-18,157.82,41.59
ORD_001609,3,PROD_000064,SELL_000014,2024-09-02,110.54,43.04
ORD_001609,4,PROD_000316,SELL_000006,2024-03-12,326.14,29.08
ORD_001610,1,PROD_000291,SELL_000015,2024-08-09,200.79,17.92
ORD_001611,1,PROD_000221,SELL_000020,2024-04-17,484.28,20.75
ORD_001611,2,PROD_000355,SELL_000013,2024-02-14,332.32,45.55
ORD_001612,1,PROD_000355,SELL_000039,2024-05-24,192.69,23.93
ORD_001612,2,PROD_000390,SELL_000008,2024-07-08,25.55,29.44
ORD_001612,3,PROD_000164,SELL_000007,2024-05-31,196.92,15.47
ORD_001613,1,PROD_000274,SELL_000029,2024-11-13,279.79,26.55
ORD_001614,1,PROD_000400,SELL_000015,2024-05-03,488.11,39.18
ORD_001614,2,PROD_000066,SELL_000013,2024-01-06,147.78,41.47
ORD_001614,3,PROD_000108,SELL_000016,2024-04-24,348.84,28.63
ORD_001614,4,PROD_000389,SELL_000016,2024-02-24,334.09,22.4
ORD_001615,1,PROD_000167,SELL_000002,2024-11-09,365.88,34.65
ORD_001615,2,PROD_000254,SELL_000002,2024-05-13,12.83,40.02
ORD_001616,1,PROD_000397,SELL_000035,2024-08-11,465.15,24.29
ORD_001616,2,PROD_000156,SELL_000030,2024-01-22,407.77,34.35
ORD_001617,1,PROD_000022,SELL_000048,2024-03-24,237.41,26.45
ORD_001617,2,PROD_000260,SELL_000039,2024-08-03,476.66,14.11
ORD_001617,3,PROD_000258,SELL_000002,2024-07-02,110.53,49.8
ORD_001617,4,PROD_000100,SELL_000034,2024-01-31,423.14,39.86
ORD_001618,1,PROD_000104,SELL_000013,2024-01-24,286.48,6.33
ORD_001618,2,PROD_000312,SELL_000038,2024-10-05,93.17,25.89
ORD_001619,1,PROD_000324,SELL_000044,2024-08-27,187.35,28.56
ORD_001620,1,PROD_000071,SELL_000007,2024-01-03,286.09,34.71
ORD_001620,2,PROD_000449,SELL_000042,2024-07-31,421.35,23.17
ORD_001620,3,PROD_000271,SELL_000044,2024-03-31,257.69,34.26
ORD_001620,4,PROD_000451,SELL_000028,2024-10-06,474.24,22.42
ORD_001621,1,PROD_000194,SELL_000050,2024-07-24,428.22,27.69
ORD_001622,1,PROD_000033,SELL_000011,2024-09-07,298.12,19.02
ORD_001622,2,PROD_000444,SELL_000011,2024-07-09,94.21,35.24
ORD_001622,3,PROD_000194,SELL_000021,2024-09-15,465.16,24.0
ORD_001622,4,PROD_000398,SELL_000005,2024-12-13,230.3,11.04
ORD_001622,5,PROD_000324,SELL_000019,2024-02-22,336.25,32.43
ORD_001623,1,PROD_000310,SELL_000029,2024-01-06,116.3,6.86
ORD_001623,2,PROD_000032,SELL_000034,2024-04-19,139.56,37.62
ORD_001623,3,PROD_000317,SELL_000035,2024-06-27,443.67,16.63
ORD_001623,4,PROD_000466,SELL_000034,2024-08-22,279.98,7.0
ORD_001624,1,PROD_000460,SELL_000035,2024-05-07,104.27,23.74
ORD_001624,2,PROD_000408,SELL_000021,2024-10-04,194.8,36.14
ORD_001624,3,PROD_000469,SELL_000048,2024-11-21,76.39,7.69
ORD_001625,1,PROD_000111,SELL_000005,2024-12-10,497.95,35.95
ORD_001626,1,PROD_000361,SELL_000028,2024-08-01,155.85,19.41
ORD_001626,2,PROD_000328,SELL_000039,2024-10-23,243.5,35.77
ORD_001626,3,PROD_000114,SELL_000041,2024-01-14,270.29,37.62
ORD_001626,4,PROD_000005,SELL_000045,2024-04-19,228.11,12.78
ORD_001627,1,PROD_000362,SELL_000016,2024-08-13,62.39,23.82
ORD_001627,2,PROD_000449,SELL_000034,2024-09-28,253.28,17.93
ORD_001627,3,PROD_000459,SELL_000006,2024-06-20,395.39,19.4
ORD_001628,1,PROD_000487,SELL_000041,2024-02-21,125.12,38.03
ORD_001628,2,PROD_000103,SELL_000046,2024-02-10,149.02,12.52
ORD_001628,3,PROD_000497,SELL_000008,2024-09-02,337.64,22.45
ORD_001628,4,PROD_000071,SELL_000018,2024-09-04,301.16,17.4
ORD_001628,5,PROD_000370,SELL_000017,2024-05-07,106.23,10.0
ORD_001629,1,PROD_000082,SELL_000029,2024-04-26,363.98,6.76
ORD_001629,2,PROD_000333,SELL_000040,2024-09-02,210.17,11.07
ORD_001629,3,PROD_000271,SELL_000020,2024-01-09,461.58,24.82
ORD_001629,4,PROD_000141,SELL_000046,2024-07-25,134.0,5.61
ORD_001629,5,PROD_000059,SELL_000022,2024-08-15,230.02,23.28
ORD_001630,1,PROD_000072,SELL_000008,2024-11-04,311.08,26.86
ORD_001630,2,PROD_000340,SELL_000021,2024-08-07,178.04,10.63
ORD_001630,3,PROD_000463,SELL_000022,2024-12-06,428.48,11.74
ORD_001630,4,PROD_000172,SELL_000036,2024-08-05,206.93,12.85
ORD_001631,1,PROD_000294,SELL_000039,2024-01-30,497.05,12.29
ORD_001631,2,PROD_000368,SELL_000027,2024-08-30,311.79,6.97
ORD_001632,1,PROD_000051,SELL_000021,2024-05-14,61.06,28.25
ORD_001633,1,PROD_000368,SELL_000015,2024-10-13,209.51,29.19
ORD_001633,2,PROD_000112,SELL_000016,2024-11-12,76.13,14.13
ORD_001633,3,PROD_000275,SELL_000043,2024-11-07,267.12,11.2
ORD_001633,4,PROD_000184,SELL_000042,2024-05-10,217.37,27.54
ORD_001634,1,PROD_000096,SELL_000037,2024-07-31,447.79,49.23
ORD_001634,2,PROD_000031,SELL_000015,2024-07-04,206.71,27.38
ORD_001634,3,PROD_000329,SELL_000036,2024-01-28,284.18,19.05
ORD_001634,4,PROD_000252,SELL_000042,2024-02-11,355.96,42.46
ORD_001635,1,PROD_000083,SELL_000027,2024-03-16,245.71,33.21
ORD_001635,2,PROD_000003,SELL_000042,2024-07-24,25.41,37.84
ORD_001635,3,PROD_000077,SELL_000028,2024-07-31,432.27,43.49
ORD_001635,4,PROD_000326,SELL_000003,2024-10-27,401.69,8.4
ORD_001635,5,PROD_000310,SELL_000003,2024-10-18,454.47,8.76
ORD_001636,1,PROD_000306,SELL_000007,2024-08-09,202.19,42.55
ORD_001637,1,PROD_000447,SELL_000021,2024-06-08,176.51,18.99
ORD_001637,2,PROD_000369,SELL_000016,2024-01-21,36.79,26.36
ORD_001637,3,PROD_000266,SELL_000018,2024-07-24,73.84,38.08
ORD_001637,4,PROD_000252,SELL_000047,2024-06-02,432.48,34.29
ORD_001637,5,PROD_000081,SELL_000001,2024-11-28,164.25,41.96
ORD_001638,1,PROD_000175,SELL_000043,2024-12-12,279.46,27.79
ORD_001638,2,PROD_000458,SELL_000030,2024-12-18,466.02,13.89
ORD_001639,1,PROD_000397,SELL_000013,2024-03-22,63.41,49.63
ORD_001639,2,PROD_000192,SELL_000050,2024-07-24,289.08,9.77
ORD_001639,3,PROD_000384,SELL_000029,2024-02-01,317.33,35.54
ORD_001639,4,PROD_000207,SELL_000049,2024-02-04,433.62,41.62
ORD_001640,1,PROD_000110,SELL_000043,2024-05-10,10.46,11.61
ORD_001641,1,PROD_000487,SELL_000002,2024-07-28,142.17,11.65
ORD_001642,1,PROD_000216,SELL_000017,2024-05-06,161.95,30.89
ORD_001642,2,PROD_000157,SELL_000049,2024-12-10,212.81,11.31
ORD_001642,3,PROD_000221,SELL_000044,2024-12-18,458.12,7.74
ORD_001642,4,PROD_000164,SELL_000013,2024-05-26,254.55,27.07
ORD_001643,1,PROD_000041,SELL_000006,2024-07-30,17.29,27.88
ORD_001643,2,PROD_000359,SELL_000037,2024-06-30,104.2,42.73
ORD_001643,3,PROD_000463,SELL_000036,2024-10-03,363.38,20.45
ORD_001644,1,PROD_000328,SELL_000036,2024-09-10,462.29,30.37
ORD_001644,2,PROD_000379,SELL_000012,2024-02-01,137.56,8.14
ORD_001644,3,PROD_000177,SELL_000021,2024-03-25,481.51,48.4
ORD_001644,4,PROD_000378,SELL_000011,2024-04-27,34.37,43.8
ORD_001644,5,PROD_000205,SELL_000018,2024-04-29,20.03,34.65
ORD_001645,1,PROD_000309,SELL_000032,2024-08-23,355.4,18.27
ORD_001645,2,PROD_000397,SELL_000019,2024-04-27,121.67,37.29
ORD_001646,1,PROD_000304,SELL_000045,2024-06-08,179.07,25.54
ORD_001646,2,PROD_000220,SELL_000032,2024-12-21,325.34,17.71
ORD_001647,1,PROD_000152,SELL_000031,2024-08-21,73.44,33.63
ORD_001648,1,PROD_000369,SELL_000018,2024-11-14,245.61,40.42
ORD_001648,2,PROD_000405,SELL_000048,2024-09-19,113.43,39.81
ORD_001648,3,PROD_000053,SELL_000037,2024-01-07,210.94,33.25
ORD_001648,4,PROD_000406,SELL_000043,2024-02-09,20.67,31.84
ORD_001649,1,PROD_000287,SELL_000019,2024-05-30,492.3,32.61
ORD_001649,2,PROD_000085,SELL_000038,2024-10-19,131.34,22.07
ORD_001649,3,PROD_000133,SELL_000009,2024-03-04,73.05,10.7
ORD_001649,4,PROD_000183,SELL_000033,2024-06-28,480.6,26.14
ORD_001650,1,PROD_000496,SELL_000050,2024-04-03,149.25,31.65
ORD_001651,1,PROD_000176,SELL_000042,2024-07-06,240.09,30.78
ORD_001652,1,PROD_000186,SELL_000050,2024-09-28,374.26,15.29
ORD_001653,1,PROD_000457,SELL_000025,2024-06-29,481.02,34.28
ORD_001653,2,PROD_000395,SELL_000015,2024-05-27,110.24,16.94
ORD_001653,3,PROD_000029,SELL_000046,2024-08-28,348.97,28.14
ORD_001654,1,PROD_000213,SELL_000042,2024-04-21,44.85,38.02
ORD_001655,1,PROD_000169,SELL_000040,2024-11-29,153.31,19.52
ORD_001655,2,PROD_000231,SELL_000035,2024-12-02,459.03,43.56
ORD_001655,3,PROD_000318,SELL_000002,2024-08-30,112.54,36.09
ORD_001655,4,PROD_000427,SELL_000008,2024-03-21,266.29,8.3
ORD_001655,5,PROD_000052,SELL_000005,2024-04-04,202.79,33.68
ORD_001656,1,PROD_000498,SELL_000043,2024-09-19,48.58,16.52
ORD_001657,1,PROD_000500,SELL_000036,2024-09-16,295.98,39.52
ORD_001657,2,PROD_000326,SELL_000030,2024-01-28,248.92,21.65
ORD_001657,3,PROD_000015,SELL_000029,2024-01-14,314.64,47.62
ORD_001657,4,PROD_000370,SELL_000002,2024-11-23,207.07,10.86
ORD_001658,1,PROD_000095,SELL_000029,2024-07-27,97.86,16.49
ORD_001658,2,PROD_000337,SELL_000049,2024-04-14,73.7,20.06
ORD_001659,1,PROD_000002,SELL_000050,2024-09-11,307.12,7.37
ORD_001659,2,PROD_000379,SELL_000032,2024-01-22,245.82,32.97
ORD_001660,1,PROD_000226,SELL_000039,2024-09-22,254.39,34.86
ORD_001660,2,PROD_000084,SELL_000045,2024-11-30,103.5,31.5
ORD_001661,1,PROD_000428,SELL_000013,2024-07-19,287.2,9.9
ORD_001661,2,PROD_000266,SELL_000020,2024-07-05,145.78,9.84
ORD_001661,3,PROD_000348,SELL_000038,2024-10-07,340.08,49.18
ORD_001661,4,PROD_000469,SELL_000024,2024-08-20,486.82,45.06
ORD_001662,1,PROD_000270,SELL_000011,2024-07-24,406.2,38.41
ORD_001662,2,PROD_000010,SELL_000007,2024-08-03,403.6,20.84
ORD_001663,1,PROD_000309,SELL_000047,2024-10-23,163.69,26.68
ORD_001663,2,PROD_000146,SELL_000029,2024-10-06,417.28,49.73
ORD_001663,3,PROD_000491,SELL_000007,2024-07-04,324.96,38.06
ORD_001664,1,PROD_000493,SELL_000014,2024-02-07,488.25,25.07
ORD_001664,2,PROD_000482,SELL_000050,2024-04-27,44.9,34.93
ORD_001665,1,PROD_000419,SELL_000032,2024-06-18,449.4,44.59
ORD_001665,2,PROD_000316,SELL_000028,2024-02-19,431.09,22.08
ORD_001665,3,PROD_000323,SELL_000004,2024-03-14,65.15,5.92
ORD_001666,1,PROD_000403,SELL_000003,2024-03-29,254.37,24.09
ORD_001667,1,PROD_000395,SELL_000037,2024-07-02,445.02,41.98
ORD_001667,2,PROD_000344,SELL_000049,2024-08-26,37.64,5.22
ORD_001667,3,PROD_000062,SELL_000041,2024-03-06,471.73,15.23
ORD_001667,4,PROD_000460,SELL_000042,2024-01-29,438.55,40.35
ORD_001667,5,PROD_000099,SELL_000007,2024-11-11,353.09,19.89
ORD_001668,1,PROD_000455,SELL_000032,2024-07-16,493.28,14.37
ORD_001668,2,PROD_000374,SELL_000036,2024-08-28,320.51,45.81
ORD_001669,1,PROD_000363,SELL_000032,2024-05-27,341.01,40.71
ORD_001669,2,PROD_000397,SELL_000012,2024-04-02,203.66,28.2
ORD_001670,1,PROD_000244,SELL_000021,2024-04-10,53.54,38.61
ORD_001670,2,PROD_000179,SELL_000011,2024-12-09,137.47,40.69
ORD_001670,3,PROD_000276,SELL_000032,2024-03-10,431.03,6.18
ORD_001670,4,PROD_000167,SELL_000029,2024-11-05,104.48,9.37
ORD_001670,5,PROD_000441,SELL_000042,2024-06-03,133.04,32.39
ORD_001671,1,PROD_000304,SELL_000046,2024-10-17,194.05,17.16
ORD_001672,1,PROD_000498,SELL_000049,2024-11-30,198.34,33.48
ORD_001672,2,PROD_000343,SELL_000013,2024-10-11,146.2,48.46
ORD_001672,3,PROD_000486,SELL_000046,2024-03-14,385.79,25.1
ORD_001672,4,PROD_000341,SELL_000005,2024-07-01,230.73,46.56
ORD_001672,5,PROD_000341,SELL_000041,2024-07-31,268.69,5.25
ORD_001673,1,PROD_000031,SELL_000021,2024-12-12,63.81,29.37
ORD_001673,2,PROD_000179,SELL_000006,2024-11-27,454.86,40.56
ORD_001673,3,PROD_000481,SELL_000013,2024-02-16,329.98,24.56
ORD_001673,4,PROD_000067,SELL_000002,2024-09-02,184.01,9.74
ORD_001674,1,PROD_000425,SELL_000048,2024-07-11,212.98,47.81
ORD_001674,2,PROD_000040,SELL_000040,2024-07-28,404.95,37.77
ORD_001674,3,PROD_000352,SELL_000025,2024-01-06,484.63,37.4
ORD_001675,1,PROD_000367,SELL_000018,2024-05-01,143.33,5.07
ORD_001676,1,PROD_000001,SELL_000012,2024-07-20,330.48,20.4
ORD_001677,1,PROD_000356,SELL_000020,2024-08-25,191.37,42.99
ORD_001677,2,PROD_000434,SELL_000050,2024-07-22,187.75,25.61
ORD_001677,3,PROD_000099,SELL_000047,2024-03-13,298.1,26.45
ORD_001677,4,PROD_000499,SELL_000020,2024-02-13,384.61,20.19
ORD_001678,1,PROD_000267,SELL_000021,2024-11-11,20.3,38.85
ORD_001678,2,PROD_000372,SELL_000010,2024-05-04,129.39,32.54
ORD_001678,3,PROD_000153,SELL_000028,2024-12-26,101.05,18.98
ORD_001678,4,PROD_000249,SELL_000041,2024-01-13,433.27,42.7
ORD_001679,1,PROD_000487,SELL_000022,2024-04-23,426.38,45.38
ORD_001679,2,PROD_000113,SELL_000001,2024-06-14,109.88,44.38
ORD_001679,3,PROD_000152,SELL_000011,2024-10-06,302.24,47.79
ORD_001679,4,PROD_000364,SELL_000034,2024-02-06,321.12,42.45
ORD_001680,1,PROD_000297,SELL_000013,2024-02-02,467.93,41.14
ORD_001680,2,PROD_000194,SELL_000008,2024-06-30,435.15,26.56
ORD_001681,1,PROD_000222,SELL_000026,2024-03-04,204.68,7.46
ORD_001682,1,PROD_000434,SELL_000030,2024-01-31,172.51,7.64
ORD_001682,2,PROD_000061,SELL_000008,2024-08-24,331.89,30.84
ORD_001682,3,PROD_000438,SELL_000044,2024-08-29,227.1,24.38
ORD_001682,4,PROD_000104,SELL_000007,2024-11-01,291.88,17.83
ORD_001683,1,PROD_000017,SELL_000037,2024-11-15,199.75,7.19
ORD_001683,2,PROD_000237,SELL_000018,2024-11-12,215.89,8.12
ORD_001683,3,PROD_000077,SELL_000010,2024-11-06,432.78,28.01
ORD_001683,4,PROD_000010,SELL_000033,2024-12-09,377.97,29.35
ORD_001684,1,PROD_000365,SELL_000031,2024-08-20,426.26,29.26
ORD_001684,2,PROD_000465,SELL_000033,2024-03-20,135.42,14.76
ORD_001684,3,PROD_000179,SELL_000040,2024-07-26,493.24,38.34
ORD_001685,1,PROD_000352,SELL_000028,2024-04-01,229.03,16.41
ORD_001685,2,PROD_000258,SELL_000012,2024-12-23,124.82,44.27
ORD_001685,3,PROD_000484,SELL_000003,2024-10-19,359.38,7.92
ORD_001685,4,PROD_000167,SELL_000017,2024-09-07,409.04,31.57
ORD_001685,5,PROD_000182,SELL_000002,2024-03-01,408.08,13.75
ORD_001686,1,PROD_000197,SELL_000029,2024-03-19,366.14,8.95
ORD_001686,2,PROD_000428,SELL_000021,2024-07-15,228.58,37.93
ORD_001687,1,PROD_000142,SELL_000002,2024-10-02,88.1,29.06
ORD_001688,1,PROD_000386,SELL_000026,2024-06-07,469.72,33.92
ORD_001688,2,PROD_000427,SELL_000008,2024-11-25,127.59,8.59
ORD_001688,3,PROD_000406,SELL_000021,2024-01-30,288.27,35.15
ORD_001689,1,PROD_000340,SELL_000014,2024-12-05,61.86,45.78
ORD_001689,2,PROD_000210,SELL_000041,2024-05-01,239.9,29.24
ORD_001690,1,PROD_000061,SELL_000042,2024-11-09,40.74,9.78
ORD_001690,2,PROD_000373,SELL_000005,2024-12-30,128.24,41.32
ORD_001691,1,PROD_000014,SELL_000018,2024-08-14,301.13,18.67
ORD_001692,1,PROD_000145,SELL_000039,2024-05-15,39.39,20.62
ORD_001692,2,PROD_000413,SELL_000035,2024-02-04,171.02,32.22
ORD_001692,3,PROD_000115,SELL_000040,2024-05-11,454.81,27.25
ORD_001693,1,PROD_000454,SELL_000006,2024-12-27,316.73,8.27
ORD_001693,2,PROD_000352,SELL_000011,2024-08-11,396.91,29.07
ORD_001693,3,PROD_000028,SELL_000002,2024-11-16,255.26,49.71
ORD_001693,4,PROD_000491,SELL_000044,2024-01-27,323.84,42.21
ORD_001693,5,PROD_000268,SELL_000005,2024-05-30,161.07,8.63
ORD_001694,1,PROD_000446,SELL_000047,2024-07-19,57.05,26.46
ORD_001694,2,PROD_000239,SELL_000044,2024-03-19,419.28,17.52
ORD_001694,3,PROD_000497,SELL_000001,2024-07-29,445.4,26.1
ORD_001694,4,PROD_000286,SELL_000002,2024-06-25,372.79,38.48
ORD_001695,1,PROD_000284,SELL_000010,2024-05-24,499.48,5.52
ORD_001695,2,PROD_000320,SELL_000042,2024-09-03,247.42,35.79
ORD_001695,3,PROD_000500,SELL_000045,2024-06-15,353.82,12.95
ORD_001696,1,PROD_000018,SELL_000015,2024-02-01,106.68,21.45
ORD_001697,1,PROD_000443,SELL_000027,2024-02-18,229.19,31.53
ORD_001697,2,PROD_000312,SELL_000028,2024-04-02,388.86,35.88
ORD_001697,3,PROD_000313,SELL_000020,2024-11-21,465.65,23.87
ORD_001697,4,PROD_000331,SELL_000007,2024-11-09,142.54,48.44
ORD_001697,5,PROD_000178,SELL_000033,2024-04-19,98.76,21.33
ORD_001698,1,PROD_000294,SELL_000003,2024-02-13,14.91,43.74
ORD_001698,2,PROD_000415,SELL_000026,2024-04-29,114.0,46.95
ORD_001698,3,PROD_000428,SELL_000009,2024-03-16,227.1,38.84
ORD_001698,4,PROD_000358,SELL_000049,2024-08-31,36.88,19.73
ORD_001698,5,PROD_000157,SELL_000044,2024-03-26,217.1,12.75
ORD_001699,1,PROD_000338,SELL_000048,2024-07-04,373.28,16.88
ORD_001699,2,PROD_000356,SELL_000018,2024-05-12,273.72,13.18
ORD_001699,3,PROD_000124,SELL_000034,2024-11-21,12.05,10.43
ORD_001699,4,PROD_000332,SELL_000022,2024-09-02,208.65,17.44
ORD_001699,5,PROD_000052,SELL_000044,2024-07-09,436.35,9.62
ORD_001700,1,PROD_000280,SELL_000049,2024-07-05,491.51,41.27
ORD_001700,2,PROD_000128,SELL_000011,2024-04-15,240.57,5.63
ORD_001700,3,PROD_000389,SELL_000014,2024-11-09,252.54,10.28
ORD_001700,4,PROD_000164,SELL_000011,2024-06-13,83.33,49.13
ORD_001700,5,PROD_000113,SELL_000010,2024-05-23,125.02,36.44
ORD_001701,1,PROD_000379,SELL_000014,2024-10-19,181.22,38.4
ORD_001702,1,PROD_000454,SELL_000028,2024-06-16,472.14,12.46
ORD_001702,2,PROD_000004,SELL_000032,2024-04-12,444.38,21.82
ORD_001702,3,PROD_000007,SELL_000027,2024-12-30,136.92,36.09
ORD_001702,4,PROD_000395,SELL_000021,2024-09-25,31.71,45.2
ORD_001702,5,PROD_000401,SELL_000034,2024-03-29,310.42,18.17
ORD_001703,1,PROD_000440,SELL_000044,2024-10-05,88.03,22.06
ORD_001703,2,PROD_000188,SELL_000048,2024-06-27,265.57,38.68
ORD_001703,3,PROD_000296,SELL_000013,2024-08-20,21.42,24.25
ORD_001703,4,PROD_000386,SELL_000011,2024-11-19,323.5,44.1
ORD_001704,1,PROD_000371,SELL_000014,2024-07-14,19.54,7.72
ORD_001704,2,PROD_000181,SELL_000035,2024-03-10,414.95,11.11
ORD_001704,3,PROD_000074,SELL_000049,2024-04-14,469.17,34.9
ORD_001704,4,PROD_000498,SELL_000027,2024-08-24,192.91,5.9
ORD_001705,1,PROD_000190,SELL_000013,2024-03-11,321.6,25.22
ORD_001706,1,PROD_000398,SELL_000014,2024-06-03,385.82,42.32
ORD_001707,1,PROD_000480,SELL_000029,2024-09-02,463.19,39.07
ORD_001707,2,PROD_000436,SELL_000045,2024-10-06,259.57,35.4
ORD_001707,3,PROD_000109,SELL_000048,2024-09-07,53.98,49.43
ORD_001708,1,PROD_000301,SELL_000035,2024-08-30,13.87,6.4
ORD_001708,2,PROD_000415,SELL_000045,2024-06-20,131.6,13.29
ORD_001708,3,PROD_000479,SELL_000038,2024-10-09,371.92,8.39
ORD_001708,4,PROD_000091,SELL_000046,2024-03-18,330.81,39.95
ORD_001708,5,PROD_000338,SELL_000040,2024-07-19,402.52,19.85
ORD_001709,1,PROD_000433,SELL_000013,2024-11-27,248.49,39.18
ORD_001709,2,PROD_000139,SELL_000019,2024-06-20,65.75,33.18
ORD_001709,3,PROD_000475,SELL_000025,2024-03-21,470.27,11.89
ORD_001710,1,PROD_000494,SELL_000043,2024-04-16,394.61,39.72
ORD_001710,2,PROD_000426,SELL_000017,2024-12-13,141.73,49.22
ORD_001710,3,PROD_000302,SELL_000037,2024-12-18,369.56,10.49
ORD_001710,4,PROD_000266,SELL_000004,2024-08-18,46.83,35.5
ORD_001710,5,PROD_000483,SELL_000025,2024-01-24,458.76,24.46
ORD_001711,1,PROD_000409,SELL_000042,2024-04-14,306.55,16.83
ORD_001711,2,PROD_000039,SELL_000003,2024-07-16,332.43,28.82
ORD_001711,3,PROD_000266,SELL_000047,2024-03-19,312.01,8.18
ORD_001711,4,PROD_000075,SELL_000038,2024-09-22,499.97,22.0
ORD_001711,5,PROD_000157,SELL_000045,2024-04-05,247.52,21.8
ORD_001712,1,PROD_000408,SELL_000007,2024-01-31,130.28,34.29
ORD_001712,2,PROD_000325,SELL_000001,2024-07-04,194.54,19.99
ORD_001712,3,PROD_000489,SELL_000042,2024-08-01,457.33,19.22
ORD_001712,4,PROD_000018,SELL_000044,2024-10-25,197.83,18.5
ORD_001713,1,PROD_000110,SELL_000021,2024-03-28,278.09,29.58
ORD_001713,2,PROD_000299,SELL_000044,2024-01-02,341.91,47.45
ORD_001714,1,PROD_000389,SELL_000049,2024-09-23,468.63,39.31
ORD_001714,2,PROD_000269,SELL_000005,2024-02-17,443.35,5.16
ORD_001714,3,PROD_000051,SELL_000019,2024-11-02,374.83,46.13
ORD_001714,4,PROD_000105,SELL_000046,2024-07-24,22.58,40.1
ORD_001714,5,PROD_000212,SELL_000033,2024-01-17,258.72,20.02
ORD_001715,1,PROD_000340,SELL_000033,2024-05-27,137.92,39.64
ORD_001715,2,PROD_000108,SELL_000032,2024-03-10,391.99,42.82
ORD_001715,3,PROD_000089,SELL_000028,2024-12-30,252.23,27.31
ORD_001715,4,PROD_000214,SELL_000014,2024-10-14,392.86,15.06
ORD_001715,5,PROD_000483,SELL_000005,2024-10-28,47.2,46.5
ORD_001716,1,PROD_000411,SELL_000020,2024-04-30,261.11,18.37
ORD_001717,1,PROD_000024,SELL_000050,2024-10-30,491.85,30.65
ORD_001717,2,PROD_000250,SELL_000022,2024-07-12,261.18,40.42
ORD_001718,1,PROD_000061,SELL_000036,2024-03-04,282.51,48.23
ORD_001718,2,PROD_000034,SELL_000034,2024-08-30,146.84,12.48
ORD_001719,1,PROD_000366,SELL_000045,2024-04-27,61.35,12.18
ORD_001720,1,PROD_000183,SELL_000040,2024-12-21,225.97,22.44
ORD_001720,2,PROD_000112,SELL_000004,2024-03-09,346.16,9.81
ORD_001720,3,PROD_000037,SELL_000032,2024-09-28,65.53,40.39
ORD_001720,4,PROD_000009,SELL_000020,2024-04-01,354.59,44.09
ORD_001721,1,PROD_000439,SELL_000021,2024-09-27,276.78,9.14
ORD_001721,2,PROD_000041,SELL_000035,2024-06-12,309.41,12.5
ORD_001721,3,PROD_000213,SELL_000014,2024-01-14,429.95,10.24
ORD_001721,4,PROD_000177,SELL_000009,2024-08-21,92.06,22.83
ORD_001722,1,PROD_000455,SELL_000037,2024-02-23,14.75,20.49
ORD_001722,2,PROD_000050,SELL_000003,2024-01-11,487.05,42.15
ORD_001722,3,PROD_000236,SELL_000039,2024-12-04,421.07,39.1
ORD_001722,4,PROD_000033,SELL_000015,2024-07-23,435.05,12.65
ORD_001722,5,PROD_000100,SELL_000035,2024-11-30,18.82,14.69
ORD_001723,1,PROD_000489,SELL_000003,2024-04-01,24.65,30.46
ORD_001723,2,PROD_000455,SELL_000036,2024-02-17,417.94,19.03
ORD_001723,3,PROD_000039,SELL_000049,2024-05-22,200.2,22.44
ORD_001723,4,PROD_000444,SELL_000046,2024-05-01,409.82,6.61
ORD_001724,1,PROD_000254,SELL_000010,2024-09-09,86.79,33.47
ORD_001724,2,PROD_000145,SELL_000024,2024-01-26,351.09,30.71
ORD_001724,3,PROD_000283,SELL_000001,2024-08-11,370.55,45.32
ORD_001724,4,PROD_000354,SELL_000044,2024-06-29,122.06,48.23
ORD_001725,1,PROD_000014,SELL_000008,2024-07-25,358.03,23.95
ORD_001725,2,PROD_000167,SELL_000005,2024-01-20,163.03,42.51
ORD_001725,3,PROD_000140,SELL_000025,2024-03-03,247.82,6.6
ORD_001726,1,PROD_000341,SELL_000005,2024-06-23,59.24,14.96
ORD_001726,2,PROD_000065,SELL_000002,2024-10-30,203.94,14.14
ORD_001726,3,PROD_000443,SELL_000038,2024-03-18,153.77,5.01
ORD_001727,1,PROD_000048,SELL_000041,2024-04-14,175.6,33.43
ORD_001727,2,PROD_000215,SELL_000027,2024-06-22,127.04,30.36
ORD_001727,3,PROD_000114,SELL_000025,2024-04-26,333.86,28.29
ORD_001728,1,PROD_000247,SELL_000018,2024-04-13,118.43,9.55
ORD_001728,2,PROD_000164,SELL_000033,2024-01-11,354.26,6.24
ORD_001728,3,PROD_000283,SELL_000020,2024-02-23,202.01,35.67
ORD_001729,1,PROD_000185,SELL_000003,2024-02-18,359.55,24.37
ORD_001729,2,PROD_000124,SELL_000042,2024-03-04,141.32,21.32
ORD_001729,3,PROD_000495,SELL_000002,2024-04-26,293.0,39.58
ORD_001729,4,PROD_000463,SELL_000024,2024-07-04,260.33,35.4
ORD_001730,1,PROD_000199,SELL_000048,2024-05-28,324.99,7.64
ORD_001730,2,PROD_000258,SELL_000007,2024-11-27,458.28,5.96
ORD_001730,3,PROD_000110,SELL_000011,2024-01-03,56.51,48.99
ORD_001731,1,PROD_000308,SELL_000034,2024-10-08,466.35,5.31
ORD_001732,1,PROD_000432,SELL_000039,2024-02-28,427.31,39.45
ORD_001733,1,PROD_000234,SELL_000022,2024-03-03,460.38,38.43
ORD_001734,1,PROD_000200,SELL_000030,2024-08-31,320.66,41.11
ORD_001734,2,PROD_000144,SELL_000026,2024-02-19,443.84,34.14
ORD_001735,1,PROD_000345,SELL_000041,2024-09-21,317.37,17.77
ORD_001735,2,PROD_000101,SELL_000047,2024-11-06,340.2,20.56
ORD_001736,1,PROD_000451,SELL_000048,2024-11-22,283.47,39.14
ORD_001736,2,PROD_000256,SELL_000011,2024-01-07,79.67,5.16
ORD_001736,3,PROD_000433,SELL_000036,2024-09-06,49.36,6.34
ORD_001736,4,PROD_000117,SELL_000025,2024-12-11,176.29,17.79
ORD_001736,5,PROD_000193,SELL_000049,2024-06-01,53.31,18.12
ORD_001737,1,PROD_000370,SELL_000046,2024-08-29,66.35,45.81
ORD_001737,2,PROD_000480,SELL_000029,2024-06-01,175.19,7.9
ORD_001738,1,PROD_000187,SELL_000038,2024-07-08,184.01,48.07
ORD_001738,2,PROD_000493,SELL_000004,2024-01-27,81.12,32.77
ORD_001738,3,PROD_000010,SELL_000028,2024-10-26,181.55,26.17
ORD_001739,1,PROD_000218,SELL_000017,2024-03-11,407.61,35.96
ORD_001739,2,PROD_000304,SELL_000017,2024-04-15,212.29,9.18
ORD_001739,3,PROD_000489,SELL_000040,2024-01-14,287.09,47.32
ORD_001740,1,PROD_000166,SELL_000004,2024-11-27,265.54,16.89
ORD_001740,2,PROD_000221,SELL_000043,2024-06-02,226.56,11.79
ORD_001740,3,PROD_000102,SELL_000027,2024-01-05,225.45,10.06
ORD_001741,1,PROD_000402,SELL_000028,2024-01-08,92.03,21.34
ORD_001742,1,PROD_000166,SELL_000013,2024-12-05,332.63,13.47
ORD_001742,2,PROD_000381,SELL_000006,2024-08-19,216.42,49.73
ORD_001742,3,PROD_000280,SELL_000002,2024-10-22,179.75,46.67
ORD_001743,1,PROD_000190,SELL_000018,2024-12-14,25.47,22.48
ORD_001743,2,PROD_000230,SELL_000040,2024-01-20,181.99,29.72
ORD_001743,3,PROD_000284,SELL_000011,2024-10-11,65.67,13.46
ORD_001743,4,PROD_000105,SELL_000014,2024-11-09,374.02,32.83
ORD_001744,1,PROD_000014,SELL_000049,2024-10-06,90.18,31.33
ORD_001745,1,PROD_000223,SELL_000007,2024-03-11,407.97,40.16
ORD_001745,2,PROD_000483,SELL_000025,2024-05-26,199.37,37.44
ORD_001745,3,PROD_000429,SELL_000031,2024-07-12,137.26,29.98
ORD_001746,1,PROD_000196,SELL_000011,2024-06-19,450.49,29.98
ORD_001746,2,PROD_000472,SELL_000023,2024-01-31,374.89,8.5
ORD_001746,3,PROD_000444,SELL_000020,2024-05-07,399.2,42.27
ORD_001747,1,PROD_000298,SELL_000037,2024-03-21,184.53,44.73
ORD_001747,2,PROD_000451,SELL_000038,2024-10-24,443.23,28.16
ORD_001747,3,PROD_000062,SELL_000001,2024-03-15,265.27,33.29
ORD_001747,4,PROD_000392,SELL_000007,2024-05-09,126.82,35.43
ORD_001747,5,PROD_000079,SELL_000021,2024-12-16,173.45,5.5
ORD_001748,1,PROD_000481,SELL_000044,2024-10-05,383.0,20.18
ORD_001748,2,PROD_000289,SELL_000008,2024-10-02,383.65,10.5
ORD_001749,1,PROD_000406,SELL_000034,2024-01-20,391.69,13.36
ORD_001749,2,PROD_000439,SELL_000014,2024-11-06,387.97,44.68
ORD_001749,3,PROD_000436,SELL_000022,2024-04-10,17.41,24.49
ORD_001749,4,PROD_000113,SELL_000001,2024-12-10,275.22,41.53
ORD_001749,5,PROD_000117,SELL_000036,2024-09-27,151.86,9.71
ORD_001750,1,PROD_000327,SELL_000031,2024-08-26,397.96,31.66
ORD_001750,2,PROD_000357,SELL_000045,2024-02-04,295.02,34.1
ORD_001750,3,PROD_000377,SELL_000002,2024-06-18,16.22,27.03
ORD_001750,4,PROD_000052,SELL_000038,2024-08-23,27.15,20.93
ORD_001751,1,PROD_000151,SELL_000049,2024-06-06,180.69,36.8
ORD_001751,2,PROD_000013,SELL_000028,2024-10-30,472.41,49.75
ORD_001751,3,PROD_000456,SELL_000020,2024-05-07,259.82,40.93
ORD_001751,4,PROD_000242,SELL_000014,2024-10-10,325.32,16.06
ORD_001752,1,PROD_000382,SELL_000024,2024-07-31,252.72,32.37
ORD_001752,2,PROD_000307,SELL_000030,2024-11-16,90.11,21.97
ORD_001752,3,PROD_000378,SELL_000027,2024-04-27,90.39,26.41
ORD_001753,1,PROD_000494,SELL_000017,2024-04-27,249.62,6.93
ORD_001753,2,PROD_000347,SELL_000041,2024-11-12,48.63,35.0
ORD_001754,1,PROD_000168,SELL_000027,2024-07-27,384.75,35.75
ORD_001755,1,PROD_000474,SELL_000017,2024-02-03,345.76,18.87
ORD_001756,1,PROD_000458,SELL_000029,2024-07-23,264.0,43.52
ORD_001757,1,PROD_000487,SELL_000037,2024-09-17,227.54,41.48
ORD_001757,2,PROD_000281,SELL_000006,2024-11-25,320.2,24.42
ORD_001758,1,PROD_000415,SELL_000047,2024-11-18,52.51,9.65
ORD_001758,2,PROD_000406,SELL_000001,2024-03-23,343.55,13.37
ORD_001758,3,PROD_000122,SELL_000028,2024-05-04,226.3,37.8
ORD_001759,1,PROD_000237,SELL_000016,2024-10-01,32.18,14.8
ORD_001759,2,PROD_000039,SELL_000034,2024-05-15,104.46,8.38
ORD_001760,1,PROD_000441,SELL_000044,2024-09-04,360.72,41.22
ORD_001760,2,PROD_000384,SELL_000036,2024-03-15,212.89,7.94
ORD_001760,3,PROD_000380,SELL_000019,2024-08-25,197.06,45.36
ORD_001761,1,PROD_000228,SELL_000014,2024-05-11,236.02,26.67
ORD_001762,1,PROD_000376,SELL_000023,2024-06-09,69.31,42.12
ORD_001762,2,PROD_000166,SELL_000023,2024-08-02,436.7,25.34
ORD_001763,1,PROD_000033,SELL_000042,2024-02-21,391.44,28.03
ORD_001763,2,PROD_000168,SELL_000038,2024-04-01,208.22,15.41
ORD_001764,1,PROD_000008,SELL_000035,2024-11-28,266.11,32.2
ORD_001765,1,PROD_000281,SELL_000013,2024-01-25,71.04,29.62
ORD_001765,2,PROD_000188,SELL_000031,2024-09-17,370.54,45.05
ORD_001766,1,PROD_000192,SELL_000028,2024-01-07,264.35,48.56
ORD_001766,2,PROD_000456,SELL_000044,2024-05-16,449.56,27.87
ORD_001766,3,PROD_000318,SELL_000003,2024-12-10,73.63,17.79
ORD_001766,4,PROD_000206,SELL_000046,2024-04-05,282.32,40.18
ORD_001767,1,PROD_000034,SELL_000030,2024-04-16,138.53,21.99
ORD_001767,2,PROD_000475,SELL_000035,2024-08-23,116.59,41.38
ORD_001767,3,PROD_000428,SELL_000013,2024-02-11,138.33,13.78
ORD_001767,4,PROD_000048,SELL_000034,2024-02-14,103.09,45.99
ORD_001768,1,PROD_000302,SELL_000048,2024-04-14,264.85,49.8
ORD_001768,2,PROD_000157,SELL_000022,2024-01-05,328.47,5.15
ORD_001769,1,PROD_000404,SELL_000048,2024-04-28,145.82,10.04
ORD_001769,2,PROD_000042,SELL_000026,2024-05-27,250.14,16.48
ORD_001769,3,PROD_000095,SELL_000047,2024-09-02,106.82,36.07
ORD_001769,4,PROD_000209,SELL_000036,2024-02-20,109.7,15.52
ORD_001769,5,PROD_000373,SELL_000031,2024-11-29,74.43,36.44
ORD_001770,1,PROD_000415,SELL_000045,2024-10-13,60.6,8.38
ORD_001770,2,PROD_000177,SELL_000014,2024-12-04,294.02,21.43
ORD_001770,3,PROD_000258,SELL_000035,2024-05-08,26.75,12.87
ORD_001770,4,PROD_000103,SELL_000026,2024-09-07,41.1,7.31
ORD_001771,1,PROD_000126,SELL_000033,2024-06-09,45.61,37.67
ORD_001771,2,PROD_000389,SELL_000034,2024-08-21,207.8,11.95
ORD_001772,1,PROD_000159,SELL_000039,2024-01-09,241.32,23.61
ORD_001772,2,PROD_000354,SELL_000044,2024-05-09,270.07,8.19
ORD_001772,3,PROD_000174,SELL_000045,2024-01-17,131.61,8.96
ORD_001772,4,PROD_000247,SELL_000035,2024-02-09,95.08,27.98
ORD_001773,1,PROD_000228,SELL_000040,2024-11-21,118.48,34.17
ORD_001773,2,PROD_000169,SELL_000041,2024-10-18,119.41,39.06
ORD_001774,1,PROD_000398,SELL_000036,2024-03-21,483.12,40.68
ORD_001775,1,PROD_000331,SELL_000034,2024-02-20,144.21,30.75
ORD_001775,2,PROD_000128,SELL_000038,2024-06-12,130.09,39.83
ORD_001775,3,PROD_000303,SELL_000034,2024-03-18,129.06,48.49
ORD_001775,4,PROD_000090,SELL_000003,2024-08-13,92.02,18.52
ORD_001776,1,PROD_000213,SELL_000007,2024-12-14,51.89,24.43
ORD_001776,2,PROD_000456,SELL_000044,2024-03-23,123.29,7.34
ORD_001776,3,PROD_000356,SELL_000025,2024-09-13,280.74,7.9
ORD_001776,4,PROD_000295,SELL_000018,2024-07-17,250.69,49.77
ORD_001776,5,PROD_000142,SELL_000046,2024-02-10,425.89,30.26
ORD_001777,1,PROD_000131,SELL_000019,2024-08-13,61.54,49.3
ORD_001778,1,PROD_000020,SELL_000036,2024-04-14,381.07,10.77
ORD_001778,2,PROD_000281,SELL_000029,2024-06-07,256.86,23.12
ORD_001779,1,PROD_000418,SELL_000029,2024-10-06,326.8,30.03
ORD_001779,2,PROD_000360,SELL_000005,2024-09-03,464.07,41.13
ORD_001780,1,PROD_000409,SELL_000029,2024-08-24,484.74,6.14
ORD_001780,2,PROD_000213,SELL_000049,2024-04-07,309.5,34.26
ORD_001781,1,PROD_000328,SELL_000005,2024-12-28,127.69,30.08
ORD_001781,2,PROD_000441,SELL_000038,2024-01-27,219.06,39.77
ORD_001781,3,PROD_000150,SELL_000005,2024-12-24,212.31,29.7
ORD_001782,1,PROD_000491,SELL_000027,2024-07-27,466.43,15.97
ORD_001782,2,PROD_000127,SELL_000031,2024-07-10,214.08,8.85
ORD_001783,1,PROD_000140,SELL_000023,2024-04-24,177.9,25.38
ORD_001783,2,PROD_000366,SELL_000032,2024-09-26,187.47,11.21
ORD_001783,3,PROD_000313,SELL_000018,2024-06-23,257.5,23.63
ORD_001783,4,PROD_000275,SELL_000044,2024-09-20,456.88,13.63
ORD_001783,5,PROD_000150,SELL_000020,2024-10-05,439.33,45.68
ORD_001784,1,PROD_000389,SELL_000040,2024-07-13,28.39,10.87
ORD_001784,2,PROD_000137,SELL_000021,2024-01-04,99.38,42.47
ORD_001785,1,PROD_000255,SELL_000041,2024-02-02,86.15,49.37
ORD_001785,2,PROD_000416,SELL_000034,2024-03-30,312.75,40.53
ORD_001785,3,PROD_000301,SELL_000036,2024-10-07,457.36,46.09
ORD_001785,4,PROD_000389,SELL_000007,2024-01-03,481.64,24.72
ORD_001786,1,PROD_000107,SELL_000049,2024-03-24,298.66,5.11
ORD_001786,2,PROD_000428,SELL_000033,2024-01-17,158.97,27.09
ORD_001786,3,PROD_000047,SELL_000041,2024-03-22,224.15,45.14
ORD_001786,4,PROD_000282,SELL_000001,2024-09-20,368.26,19.35
ORD_001787,1,PROD_000008,SELL_000034,2024-07-31,390.58,9.58
ORD_001788,1,PROD_000237,SELL_000001,2024-09-11,425.5,38.58
ORD_001788,2,PROD_000106,SELL_000040,2024-04-16,342.42,15.57
ORD_001788,3,PROD_000319,SELL_000020,2024-01-18,91.57,26.19
ORD_001788,4,PROD_000188,SELL_000038,2024-05-29,98.99,45.58
ORD_001788,5,PROD_000034,SELL_000026,2024-07-11,229.67,21.42
ORD_001789,1,PROD_000155,SELL_000034,2024-07-13,113.97,11.68
ORD_001789,2,PROD_000037,SELL_000001,2024-12-17,454.23,27.29
ORD_001789,3,PROD_000384,SELL_000049,2024-01-03,394.27,22.74
ORD_001789,4,PROD_000447,SELL_000022,2024-06-11,244.63,28.55
ORD_001790,1,PROD_000060,SELL_000004,2024-10-20,208.32,40.05
ORD_001790,2,PROD_000383,SELL_000028,2024-07-14,415.74,23.36
ORD_001790,3,PROD_000499,SELL_000044,2024-02-05,333.4,13.72
ORD_001791,1,PROD_000226,SELL_000025,2024-07-27,20.21,36.18
ORD_001792,1,PROD_000150,SELL_000045,2024-07-11,194.54,25.84
ORD_001792,2,PROD_000303,SELL_000006,2024-09-19,51.46,14.58
ORD_001792,3,PROD_000389,SELL_000045,2024-07-18,434.74,48.88
ORD_001793,1,PROD_000235,SELL_000022,2024-07-05,138.8,40.34
ORD_001793,2,PROD_000197,SELL_000036,2024-04-08,141.48,49.98
ORD_001793,3,PROD_000214,SELL_000002,2024-07-10,105.23,44.2
ORD_001794,1,PROD_000081,SELL_000041,2024-06-08,307.92,31.5
ORD_001794,2,PROD_000223,SELL_000038,2024-07-24,194.81,7.26
ORD_001794,3,PROD_000361,SELL_000047,2024-12-17,66.5,25.98
ORD_001794,4,PROD_000164,SELL_000034,2024-10-12,27.74,9.86
ORD_001794,5,PROD_000328,SELL_000002,2024-04-09,215.33,15.04
ORD_001795,1,PROD_000270,SELL_000029,2024-05-14,173.49,11.22
ORD_001795,2,PROD_000381,SELL_000025,2024-03-03,454.83,44.59
ORD_001795,3,PROD_000444,SELL_000029,2024-11-10,37.7,12.41
ORD_001796,1,PROD_000107,SELL_000002,2024-11-04,326.82,18.1
ORD_001796,2,PROD_000111,SELL_000005,2024-12-18,90.03,40.6
ORD_001796,3,PROD_000141,SELL_000046,2024-06-15,171.88,24.78
ORD_001796,4,PROD_000313,SELL_000039,2024-01-17,460.65,26.4
ORD_001796,5,PROD_000176,SELL_000026,2024-07-18,393.0,43.37
ORD_001797,1,PROD_000249,SELL_000009,2024-05-08,38.13,33.83
ORD_001797,2,PROD_000482,SELL_000027,2024-06-28,228.91,28.71
ORD_001797,3,PROD_000102,SELL_000029,2024-12-24,46.11,35.65
ORD_001797,4,PROD_000056,SELL_000004,2024-05-26,58.53,22.95
ORD_001797,5,PROD_000234,SELL_000031,2024-07-14,498.42,32.28
ORD_001798,1,PROD_000337,SELL_000045,2024-11-26,108.85,10.79
ORD_001798,2,PROD_000488,SELL_000009,2024-05-19,436.44,22.24
ORD_001798,3,PROD_000112,SELL_000030,2024-02-11,298.78,26.22
ORD_001798,4,PROD_000169,SELL_000050,2024-08-20,295.48,10.32
ORD_001798,5,PROD_000068,SELL_000002,2024-11-06,159.81,16.88
ORD_001799,1,PROD_000473,SELL_000011,2024-10-03,355.38,44.75
ORD_001800,1,PROD_000462,SELL_000020,2024-04-15,284.31,38.15
ORD_001800,2,PROD_000071,SELL_000025,2024-10-29,228.97,30.71
ORD_001800,3,PROD_000490,SELL_000008,2024-05-01,340.79,22.41
ORD_001801,1,PROD_000393,SELL_000035,2024-09-24,218.95,27.78
ORD_001801,2,PROD_000299,SELL_000026,2024-11-05,437.09,28.37
ORD_001801,3,PROD_000246,SELL_000034,2024-08-06,123.65,46.08
ORD_001802,1,PROD_000063,SELL_000035,2024-12-21,127.28,31.28
ORD_001802,2,PROD_000382,SELL_000047,2024-11-16,149.8,7.38
ORD_001802,3,PROD_000145,SELL_000019,2024-05-14,238.57,13.38
ORD_001803,1,PROD_000232,SELL_000009,2024-07-05,157.08,20.46
ORD_001804,1,PROD_000246,SELL_000036,2024-07-30,41.23,32.07
ORD_001804,2,PROD_000130,SELL_000030,2024-11-29,89.92,26.39
ORD_001805,1,PROD_000234,SELL_000021,2024-02-17,437.32,16.06
ORD_001806,1,PROD_000477,SELL_000017,2024-07-15,400.94,15.77
ORD_001807,1,PROD_000087,SELL_000036,2024-01-17,121.91,23.63
ORD_001807,2,PROD_000487,SELL_000039,2024-11-08,347.73,35.42
ORD_001807,3,PROD_000010,SELL_000036,2024-11-30,326.9,29.07
ORD_001807,4,PROD_000246,SELL_000030,2024-01-02,446.42,26.14
ORD_001807,5,PROD_000016,SELL_000007,2024-04-08,292.1,35.26
ORD_001808,1,PROD_000430,SELL_000039,2024-11-18,94.94,19.5
ORD_001808,2,PROD_000496,SELL_000029,2024-11-10,465.86,49.99
ORD_001809,1,PROD_000355,SELL_000050,2024-06-05,388.87,41.45
ORD_001809,2,PROD_000418,SELL_000016,2024-02-18,383.91,26.56
ORD_001809,3,PROD_000247,SELL_000005,2024-09-23,207.6,23.28
ORD_001809,4,PROD_000375,SELL_000029,2024-09-28,211.47,23.17
ORD_001810,1,PROD_000408,SELL_000015,2024-10-15,202.24,40.6
ORD_001810,2,PROD_000062,SELL_000016,2024-01-07,469.84,11.41
ORD_001811,1,PROD_000067,SELL_000020,2024-12-17,411.44,28.21
ORD_001811,2,PROD_000156,SELL_000002,2024-11-09,133.9,22.84
ORD_001811,3,PROD_000415,SELL_000018,2024-10-18,248.39,6.36
ORD_001811,4,PROD_000161,SELL_000015,2024-07-21,155.5,48.37
ORD_001812,1,PROD_000419,SELL_000017,2024-10-16,328.42,17.93
ORD_001812,2,PROD_000068,SELL_000007,2024-12-01,237.89,12.67
ORD_001813,1,PROD_000334,SELL_000003,2024-02-10,353.31,43.88
ORD_001813,2,PROD_000316,SELL_000016,2024-05-11,459.77,12.36
ORD_001813,3,PROD_000005,SELL_000002,2024-12-12,298.72,42.03
ORD_001813,4,PROD_000182,SELL_000016,2024-07-17,167.46,18.0
ORD_001813,5,PROD_000182,SELL_000026,2024-09-26,218.9,23.84
ORD_001814,1,PROD_000020,SELL_000006,2024-11-04,93.01,14.83
ORD_001815,1,PROD_000403,SELL_000021,2024-03-10,405.01,5.66
ORD_001816,1,PROD_000457,SELL_000008,2024-06-10,322.26,19.72
ORD_001816,2,PROD_000354,SELL_000018,2024-12-22,402.75,25.8
ORD_001816,3,PROD_000265,SELL_000027,2024-02-18,329.31,12.85
ORD_001817,1,PROD_000417,SELL_000047,2024-10-20,373.95,13.88
ORD_001817,2,PROD_000124,SELL_000015,2024-05-03,416.19,24.62
ORD_001817,3,PROD_000431,SELL_000040,2024-06-09,453.21,5.9
ORD_001817,4,PROD_000283,SELL_000018,2024-05-12,400.3,25.15
ORD_001818,1,PROD_000043,SELL_000027,2024-12-09,472.88,44.79
ORD_001818,2,PROD_000431,SELL_000046,2024-07-06,35.99,23.65
ORD_001818,3,PROD_000034,SELL_000001,2024-04-20,48.13,18.81
ORD_001818,4,PROD_000326,SELL_000042,2024-09-07,444.99,35.08
ORD_001819,1,PROD_000189,SELL_000009,2024-04-19,135.26,49.96
ORD_001819,2,PROD_000190,SELL_000045,2024-07-05,147.91,38.65
ORD_001819,3,PROD_000066,SELL_000043,2024-02-02,117.99,39.17
ORD_001819,4,PROD_000144,SELL_000048,2024-07-30,232.93,12.81
ORD_001820,1,PROD_000155,SELL_000044,2024-01-28,47.3,32.09
ORD_001820,2,PROD_000421,SELL_000049,2024-09-20,312.65,36.74
ORD_001820,3,PROD_000262,SELL_000039,2024-02-29,447.38,35.58
ORD_001821,1,PROD_000109,SELL_000022,2024-11-24,138.45,13.11
ORD_001821,2,PROD_000323,SELL_000046,2024-08-09,71.43,49.35
ORD_001821,3,PROD_000343,SELL_000028,2024-11-28,11.14,36.21
ORD_001822,1,PROD_000044,SELL_000049,2024-05-08,393.26,49.96
ORD_001822,2,PROD_000146,SELL_000046,2024-08-21,399.59,43.11
ORD_001822,3,PROD_000126,SELL_000048,2024-05-12,389.56,25.84
ORD_001822,4,PROD_000140,SELL_000040,2024-02-16,256.47,38.09
ORD_001822,5,PROD_000010,SELL_000024,2024-12-24,439.7,44.81
ORD_001823,1,PROD_000343,SELL_000017,2024-01-28,381.52,35.22
ORD_001823,2,PROD_000162,SELL_000050,2024-05-18,214.66,20.81
ORD_001824,1,PROD_000031,SELL_000026,2024-11-12,21.31,33.23
ORD_001824,2,PROD_000221,SELL_000007,2024-02-20,315.88,40.2
ORD_001825,1,PROD_000395,SELL_000038,2024-08-21,117.08,24.78
ORD_001825,2,PROD_000169,SELL_000016,2024-01-02,123.7,19.2
ORD_001825,3,PROD_000140,SELL_000025,2024-06-08,121.67,39.37
ORD_001826,1,PROD_000139,SELL_000049,2024-03-07,278.05,35.96
ORD_001826,2,PROD_000131,SELL_000044,2024-01-10,39.98,49.54
ORD_001826,3,PROD_000400,SELL_000047,2024-04-18,62.66,20.97
ORD_001827,1,PROD_000490,SELL_000031,2024-10-14,253.29,5.68
ORD_001828,1,PROD_000351,SELL_000013,2024-10-25,23.22,6.71
ORD_001828,2,PROD_000389,SELL_000018,2024-11-21,368.26,33.46
ORD_001828,3,PROD_000485,SELL_000012,2024-11-15,87.94,22.48
ORD_001829,1,PROD_000458,SELL_000022,2024-12-15,188.51,36.9
ORD_001830,1,PROD_000481,SELL_000047,2024-07-15,411.29,44.97
ORD_001830,2,PROD_000155,SELL_000039,2024-09-12,192.02,40.85
ORD_001830,3,PROD_000376,SELL_000029,2024-10-07,348.81,42.54
ORD_001831,1,PROD_000305,SELL_000016,2024-11-05,294.42,18.02
ORD_001831,2,PROD_000037,SELL_000002,2024-10-24,344.2,8.58
ORD_001832,1,PROD_000259,SELL_000033,2024-06-30,383.31,29.61
ORD_001832,2,PROD_000272,SELL_000012,2024-09-29,470.72,5.68
ORD_001832,3,PROD_000434,SELL_000037,2024-06-24,246.33,37.67
ORD_001832,4,PROD_000426,SELL_000033,2024-05-05,305.96,28.33
ORD_001832,5,PROD_000007,SELL_000044,2024-02-07,284.82,30.31
ORD_001833,1,PROD_000324,SELL_000042,2024-10-29,430.03,35.62
ORD_001833,2,PROD_000150,SELL_000026,2024-11-22,348.99,5.8
ORD_001833,3,PROD_000231,SELL_000049,2024-05-30,177.32,23.88
ORD_001834,1,PROD_000348,SELL_000048,2024-07-13,323.76,5.16
ORD_001834,2,PROD_000108,SELL_000011,2024-08-18,58.71,29.04
ORD_001834,3,PROD_000328,SELL_000033,2024-08-17,184.77,25.34
ORD_001835,1,PROD_000028,SELL_000038,2024-10-10,436.64,34.9
ORD_001835,2,PROD_000018,SELL_000032,2024-06-24,444.17,34.84
ORD_001835,3,PROD_000065,SELL_000003,2024-05-10,206.19,45.24
ORD_001836,1,PROD_000454,SELL_000030,2024-05-28,112.0,5.94
ORD_001837,1,PROD_000423,SELL_000017,2024-09-30,133.18,49.8
ORD_001837,2,PROD_000098,SELL_000040,2024-03-27,30.3,18.4
ORD_001837,3,PROD_000407,SELL_000017,2024-05-18,16.39,26.49
ORD_001837,4,PROD_000326,SELL_000007,2024-10-21,247.06,45.9
ORD_001838,1,PROD_000384,SELL_000044,2024-01-02,69.19,13.14
ORD_001838,2,PROD_000388,SELL_000013,2024-07-23,249.27,13.09
ORD_001838,3,PROD_000349,SELL_000042,2024-02-07,370.14,32.83
ORD_001838,4,PROD_000323,SELL_000017,2024-03-06,447.67,8.71
ORD_001838,5,PROD_000327,SELL_000050,2024-07-20,213.4,23.91
ORD_001839,1,PROD_000034,SELL_000002,2024-09-08,350.25,14.89
ORD_001839,2,PROD_000094,SELL_000029,2024-06-24,215.95,11.08
ORD_001839,3,PROD_000359,SELL_000046,2024-01-14,276.42,9.79
ORD_001839,4,PROD_000351,SELL_000049,2024-04-09,15.6,5.23
ORD_001840,1,PROD_000041,SELL_000041,2024-09-26,118.39,9.08
ORD_001840,2,PROD_000082,SELL_000037,2024-01-25,39.11,47.96
ORD_001840,3,PROD_000152,SELL_000005,2024-07-16,439.38,37.01
ORD_001840,4,PROD_000138,SELL_000014,2024-01-21,279.42,6.09
ORD_001841,1,PROD_000076,SELL_000036,2024-12-06,125.22,22.9
ORD_001841,2,PROD_000072,SELL_000014,2024-03-08,427.14,18.53
ORD_001841,3,PROD_000429,SELL_000048,2024-05-10,492.89,26.34
ORD_001842,1,PROD_000195,SELL_000004,2024-07-21,40.04,25.44
ORD_001843,1,PROD_000252,SELL_000030,2024-09-28,270.5,32.84
ORD_001843,2,PROD_000038,SELL_000017,2024-03-04,276.26,6.77
ORD_001844,1,PROD_000083,SELL_000039,2024-01-15,256.85,16.57
ORD_001844,2,PROD_000318,SELL_000035,2024-01-25,365.94,34.49
ORD_001844,3,PROD_000234,SELL_000004,2024-06-26,386.02,17.21
ORD_001844,4,PROD_000327,SELL_000044,2024-08-08,372.7,29.27
ORD_001845,1,PROD_000233,SELL_000049,2024-07-06,230.43,5.96
ORD_001845,2,PROD_000116,SELL_000047,2024-04-26,205.25,25.75
ORD_001845,3,PROD_000373,SELL_000021,2024-11-21,298.64,37.76
ORD_001846,1,PROD_000394,SELL_000032,2024-11-05,488.81,42.51
ORD_001846,2,PROD_000011,SELL_000038,2024-11-13,360.9,31.28
ORD_001846,3,PROD_000321,SELL_000014,2024-09-05,269.33,29.3
ORD_001847,1,PROD_000162,SELL_000011,2024-04-22,387.75,29.21
ORD_001847,2,PROD_000148,SELL_000021,2024-04-20,104.86,44.46
ORD_001847,3,PROD_000013,SELL_000017,2024-11-10,410.74,12.83
ORD_001847,4,PROD_000404,SELL_000030,2024-01-18,11.05,11.93
ORD_001848,1,PROD_000179,SELL_000022,2024-05-15,228.87,14.1
ORD_001848,2,PROD_000363,SELL_000050,2024-11-12,222.74,18.08
ORD_001848,3,PROD_000365,SELL_000006,2024-08-06,113.3,11.28
ORD_001848,4,PROD_000042,SELL_000007,2024-08-30,428.35,11.35
ORD_001849,1,PROD_000027,SELL_000013,2024-06-28,258.41,9.04
ORD_001849,2,PROD_000411,SELL_000012,2024-07-18,478.76,35.83
ORD_001850,1,PROD_000279,SELL_000050,2024-01-29,393.56,38.69
ORD_001851,1,PROD_000284,SELL_000041,2024-11-23,16.38,45.01
ORD_001851,2,PROD_000264,SELL_000046,2024-08-08,441.47,8.56
ORD_001851,3,PROD_000086,SELL_000050,2024-07-08,256.04,18.62
ORD_001852,1,PROD_000031,SELL_000026,2024-06-13,343.9,40.05
ORD_001852,2,PROD_000473,SELL_000031,2024-03-06,55.45,11.01
ORD_001853,1,PROD_000360,SELL_000026,2024-09-22,61.79,30.41
ORD_001854,1,PROD_000494,SELL_000043,2024-08-21,499.63,45.51
ORD_001855,1,PROD_000468,SELL_000024,2024-03-07,51.77,11.85
ORD_001855,2,PROD_000215,SELL_000031,2024-04-14,415.78,25.32
ORD_001856,1,PROD_000007,SELL_000029,2024-01-05,468.64,29.04
ORD_001857,1,PROD_000331,SELL_000028,2024-05-21,215.4,38.22
ORD_001857,2,PROD_000158,SELL_000007,2024-05-29,241.6,15.59
ORD_001857,3,PROD_000448,SELL_000039,2024-06-09,219.59,30.62
ORD_001857,4,PROD_000099,SELL_000041,2024-08-27,152.99,13.36
ORD_001857,5,PROD_000089,SELL_000021,2024-08-24,227.69,22.09
ORD_001858,1,PROD_000428,SELL_000037,2024-11-24,350.42,37.29
ORD_001858,2,PROD_000416,SELL_000049,2024-04-24,343.45,30.76
ORD_001858,3,PROD_000046,SELL_000025,2024-11-17,451.25,6.53
ORD_001858,4,PROD_000372,SELL_000011,2024-12-09,328.9,34.55
ORD_001858,5,PROD_000379,SELL_000002,2024-02-22,139.87,37.6
ORD_001859,1,PROD_000181,SELL_000046,2024-11-27,483.46,35.55
ORD_001859,2,PROD_000408,SELL_000042,2024-02-10,182.06,49.8
ORD_001859,3,PROD_000050,SELL_000040,2024-11-09,473.53,37.78
ORD_001859,4,PROD_000324,SELL_000048,2024-04-24,79.01,7.61
ORD_001859,5,PROD_000158,SELL_000032,2024-09-09,83.96,37.3
ORD_001860,1,PROD_000039,SELL_000045,2024-02-17,187.09,48.4
ORD_001860,2,PROD_000312,SELL_000046,2024-06-26,346.48,33.3
ORD_001860,3,PROD_000118,SELL_000015,2024-09-16,389.05,9.12
ORD_001860,4,PROD_000065,SELL_000049,2024-12-16,410.0,35.76
ORD_001861,1,PROD_000223,SELL_000012,2024-10-08,370.2,27.9
ORD_001862,1,PROD_000369,SELL_000045,2024-07-29,204.83,34.77
ORD_001862,2,PROD_000406,SELL_000013,2024-01-15,485.49,30.91
ORD_001862,3,PROD_000030,SELL_000023,2024-02-13,323.06,14.7
ORD_001863,1,PROD_000141,SELL_000037,2024-04-15,209.63,19.48
ORD_001863,2,PROD_000271,SELL_000004,2024-12-21,498.16,28.5
ORD_001864,1,PROD_000316,SELL_000041,2024-05-08,149.34,11.52
ORD_001864,2,PROD_000462,SELL_000045,2024-05-14,56.11,24.1
ORD_001864,3,PROD_000199,SELL_000010,2024-02-19,402.36,27.08
ORD_001864,4,PROD_000149,SELL_000016,2024-01-12,312.44,17.87
ORD_001865,1,PROD_000067,SELL_000039,2024-11-24,108.51,22.59
ORD_001865,2,PROD_000121,SELL_000047,2024-06-04,266.02,6.09
ORD_001865,3,PROD_000369,SELL_000041,2024-03-30,296.01,20.1
ORD_001866,1,PROD_000345,SELL_000011,2024-10-14,357.68,6.82
ORD_001866,2,PROD_000160,SELL_000023,2024-05-16,267.84,11.95
ORD_001866,3,PROD_000072,SELL_000029,2024-09-02,453.83,15.05
ORD_001866,4,PROD_000442,SELL_000012,2024-06-22,265.39,10.88
ORD_001867,1,PROD_000467,SELL_000030,2024-07-21,491.57,15.03
ORD_001867,2,PROD_000004,SELL_000017,2024-02-24,315.21,48.86
ORD_001867,3,PROD_000381,SELL_000017,2024-05-14,460.81,26.04
ORD_001867,4,PROD_000175,SELL_000046,2024-04-04,426.39,10.81
ORD_001867,5,PROD_000206,SELL_000040,2024-07-25,262.86,19.9
ORD_001868,1,PROD_000212,SELL_000038,2024-04-02,42.6,21.68
ORD_001869,1,PROD_000054,SELL_000016,2024-07-10,346.96,11.46
ORD_001869,2,PROD_000284,SELL_000020,2024-06-17,137.67,25.44
ORD_001869,3,PROD_000365,SELL_000041,2024-06-17,13.48,6.04
ORD_001869,4,PROD_000413,SELL_000029,2024-05-14,344.65,36.92
ORD_001870,1,PROD_000249,SELL_000027,2024-08-03,163.08,25.68
ORD_001871,1,PROD_000059,SELL_000015,2024-10-07,336.58,10.35
ORD_001871,2,PROD_000234,SELL_000028,2024-01-25,252.75,39.79
ORD_001871,3,PROD_000101,SELL_000023,2024-11-07,150.21,12.94
ORD_001872,1,PROD_000472,SELL_000017,2024-07-05,72.13,42.17
ORD_001872,2,PROD_000412,SELL_000049,2024-10-05,273.01,22.41
ORD_001873,1,PROD_000340,SELL_000013,2024-07-06,405.39,18.91
ORD_001874,1,PROD_000218,SELL_000045,2024-06-30,162.59,9.8
ORD_001874,2,PROD_000135,SELL_000007,2024-02-23,325.92,31.04
ORD_001874,3,PROD_000056,SELL_000003,2024-12-01,58.91,35.31
ORD_001874,4,PROD_000237,SELL_000015,2024-10-18,324.03,35.62
ORD_001875,1,PROD_000323,SELL_000011,2024-10-23,258.16,34.35
ORD_001876,1,PROD_000267,SELL_000017,2024-05-25,284.43,45.28
ORD_001876,2,PROD_000005,SELL_000044,2024-02-21,75.99,26.37
ORD_001876,3,PROD_000070,SELL_000029,2024-09-08,351.68,46.15
ORD_001877,1,PROD_000332,SELL_000033,2024-06-23,105.37,42.52
ORD_001877,2,PROD_000003,SELL_000038,2024-02-20,343.76,17.68
ORD_001877,3,PROD_000250,SELL_000037,2024-05-10,16.86,28.68
ORD_001877,4,PROD_000337,SELL_000013,2024-01-16,398.73,48.69
ORD_001878,1,PROD_000305,SELL_000047,2024-03-23,91.62,33.58
ORD_001878,2,PROD_000442,SELL_000026,2024-05-14,415.78,32.23
ORD_001878,3,PROD_000392,SELL_000025,2024-06-16,282.37,18.29
ORD_001878,4,PROD_000080,SELL_000045,2024-10-17,130.1,23.94
ORD_001878,5,PROD_000165,SELL_000009,2024-08-01,323.58,29.98
ORD_001879,1,PROD_000269,SELL_000001,2024-03-28,126.62,44.54
ORD_001879,2,PROD_000164,SELL_000027,2024-04-02,495.44,6.97
ORD_001880,1,PROD_000284,SELL_000001,2024-07-06,294.01,6.16
ORD_001881,1,PROD_000442,SELL_000034,2024-10-10,260.61,5.31
ORD_001882,1,PROD_000001,SELL_000001,2024-06-20,464.59,25.52
ORD_001882,2,PROD_000079,SELL_000035,2024-07-23,433.98,38.13
ORD_001883,1,PROD_000403,SELL_000047,2024-12-02,425.04,11.96
ORD_001883,2,PROD_000466,SELL_000049,2024-04-08,14.94,8.17
ORD_001884,1,PROD_000033,SELL_000049,2024-08-06,289.84,12.65
ORD_001884,2,PROD_000086,SELL_000014,2024-12-29,299.26,22.03
ORD_001884,3,PROD_000332,SELL_000026,2024-03-27,65.3,17.11
ORD_001884,4,PROD_000179,SELL_000045,2024-02-05,488.01,49.65
ORD_001884,5,PROD_000031,SELL_000029,2024-01-03,420.81,35.55
ORD_001885,1,PROD_000233,SELL_000047,2024-03-10,313.63,12.5
ORD_001885,2,PROD_000421,SELL_000045,2024-11-01,161.04,41.97
ORD_001886,1,PROD_000340,SELL_000036,2024-07-29,116.16,29.21
ORD_001886,2,PROD_000437,SELL_000016,2024-06-06,296.04,36.66
ORD_001887,1,PROD_000103,SELL_000036,2024-10-26,387.97,33.66
ORD_001887,2,PROD_000277,SELL_000032,2024-11-27,330.95,32.71
ORD_001887,3,PROD_000180,SELL_000039,2024-02-16,35.98,11.34
ORD_001887,4,PROD_000397,SELL_000048,2024-04-28,470.67,21.18
ORD_001888,1,PROD_000259,SELL_000023,2024-08-22,424.16,11.68
ORD_001888,2,PROD_000264,SELL_000042,2024-04-24,138.65,34.47
ORD_001888,3,PROD_000332,SELL_000034,2024-11-08,57.75,24.56
ORD_001888,4,PROD_000340,SELL_000039,2024-01-15,181.57,48.2
ORD_001888,5,PROD_000285,SELL_000032,2024-07-07,111.9,36.42
ORD_001889,1,PROD_000301,SELL_000027,2024-02-15,143.22,31.33
ORD_001889,2,PROD_000343,SELL_000049,2024-01-31,490.55,44.39
ORD_001890,1,PROD_000153,SELL_000005,2024-08-08,239.33,19.75
ORD_001890,2,PROD_000338,SELL_000011,2024-11-30,30.65,25.89
ORD_001890,3,PROD_000400,SELL_000033,2024-11-11,344.29,36.04
ORD_001890,4,PROD_000141,SELL_000022,2024-05-15,461.85,8.64
ORD_001890,5,PROD_000037,SELL_000036,2024-11-12,479.62,26.29
ORD_001891,1,PROD_000263,SELL_000018,2024-06-22,393.77,18.54
ORD_001891,2,PROD_000379,SELL_000031,2024-05-19,297.58,6.93
ORD_001892,1,PROD_000296,SELL_000012,2024-08-04,100.09,46.01
ORD_001893,1,PROD_000497,SELL_000026,2024-06-27,370.16,42.81
ORD_001893,2,PROD_000454,SELL_000032,2024-12-03,100.85,5.96
ORD_001893,3,PROD_000029,SELL_000036,2024-11-23,334.38,21.0
ORD_001893,4,PROD_000411,SELL_000002,2024-02-12,289.22,27.4
ORD_001893,5,PROD_000443,SELL_000014,2024-12-03,335.55,19.48
ORD_001894,1,PROD_000352,SELL_000010,2024-12-03,454.74,10.8
ORD_001894,2,PROD_000177,SELL_000045,2024-07-11,437.89,23.98
ORD_001894,3,PROD_000013,SELL_000045,2024-12-19,278.15,24.1
ORD_001895,1,PROD_000374,SELL_000001,2024-01-02,60.93,36.26
ORD_001895,2,PROD_000288,SELL_000008,2024-03-07,392.39,22.11
ORD_001895,3,PROD_000079,SELL_000018,2024-12-27,101.74,32.93
ORD_001895,4,PROD_000350,SELL_000019,2024-09-05,342.41,5.21
ORD_001895,5,PROD_000499,SELL_000023,2024-03-01,290.35,6.79
ORD_001896,1,PROD_000463,SELL_000009,2024-06-07,350.26,40.15
ORD_001896,2,PROD_000026,SELL_000040,2024-07-04,406.32,26.29
ORD_001896,3,PROD_000249,SELL_000011,2024-05-28,271.0,26.8
ORD_001896,4,PROD_000235,SELL_000025,2024-05-05,476.8,48.07
ORD_001897,1,PROD_000109,SELL_000022,2024-08-14,74.7,29.15
ORD_001897,2,PROD_000016,SELL_000040,2024-02-19,430.74,35.34
ORD_001897,3,PROD_000019,SELL_000046,2024-12-20,416.47,16.24
ORD_001897,4,PROD_000329,SELL_000030,2024-06-07,317.5,35.37
ORD_001897,5,PROD_000259,SELL_000001,2024-05-16,445.79,11.06
ORD_001898,1,PROD_000081,SELL_000013,2024-01-09,164.86,44.06
ORD_001898,2,PROD_000245,SELL_000023,2024-08-22,132.1,49.28
ORD_001899,1,PROD_000285,SELL_000050,2024-12-01,377.94,46.88
ORD_001899,2,PROD_000435,SELL_000031,2024-07-13,178.67,25.22
ORD_001899,3,PROD_000373,SELL_000023,2024-06-27,78.0,27.9
ORD_001899,4,PROD_000286,SELL_000021,2024-07-16,439.63,21.2
ORD_001900,1,PROD_000391,SELL_000025,2024-05-17,493.02,27.54
ORD_001900,2,PROD_000269,SELL_000011,2024-12-03,206.42,44.37
ORD_001900,3,PROD_000262,SELL_000031,2024-02-28,119.84,7.31
ORD_001900,4,PROD_000090,SELL_000022,2024-06-30,137.98,33.85
ORD_001901,1,PROD_000435,SELL_000016,2024-05-03,150.0,32.98
ORD_001901,2,PROD_000179,SELL_000009,2024-10-27,140.1,33.2
ORD_001901,3,PROD_000261,SELL_000019,2024-05-28,233.01,17.9
ORD_001902,1,PROD_000353,SELL_000045,2024-06-09,192.22,19.8
ORD_001903,1,PROD_000109,SELL_000049,2024-04-11,246.37,24.23
ORD_001903,2,PROD_000466,SELL_000022,2024-11-29,61.89,7.96
ORD_001903,3,PROD_000054,SELL_000038,2024-07-21,327.68,13.9
ORD_001903,4,PROD_000331,SELL_000029,2024-07-06,330.93,20.67
ORD_001904,1,PROD_000144,SELL_000011,2024-04-02,291.68,47.26
ORD_001904,2,PROD_000341,SELL_000013,2024-05-07,443.41,34.15
ORD_001904,3,PROD_000148,SELL_000005,2024-11-12,337.19,25.71
ORD_001904,4,PROD_000493,SELL_000030,2024-02-15,49.68,5.26
ORD_001904,5,PROD_000056,SELL_000046,2024-12-22,194.94,36.37
ORD_001905,1,PROD_000151,SELL_000013,2024-07-14,35.28,16.88
ORD_001905,2,PROD_000320,SELL_000001,2024-10-31,264.69,32.16
ORD_001905,3,PROD_000225,SELL_000007,2024-05-13,119.44,23.7
ORD_001905,4,PROD_000395,SELL_000018,2024-08-29,133.92,32.2
ORD_001906,1,PROD_000398,SELL_000031,2024-07-19,351.65,28.26
ORD_001906,2,PROD_000299,SELL_000014,2024-09-16,214.78,22.59
ORD_001906,3,PROD_000378,SELL_000006,2024-12-25,462.03,34.94
ORD_001907,1,PROD_000197,SELL_000020,2024-06-11,266.52,7.51
ORD_001907,2,PROD_000150,SELL_000013,2024-02-12,396.81,23.64
ORD_001907,3,PROD_000163,SELL_000011,2024-02-05,453.54,25.12
ORD_001907,4,PROD_000289,SELL_000048,2024-01-20,323.69,6.25
ORD_001908,1,PROD_000100,SELL_000043,2024-02-04,75.74,23.9
ORD_001908,2,PROD_000190,SELL_000021,2024-12-23,424.49,18.46
ORD_001908,3,PROD_000072,SELL_000041,2024-09-30,378.72,18.59
ORD_001909,1,PROD_000319,SELL_000024,2024-10-03,383.63,47.41
ORD_001909,2,PROD_000217,SELL_000037,2024-06-14,193.42,44.19
ORD_001909,3,PROD_000049,SELL_000041,2024-03-29,213.72,9.07
ORD_001910,1,PROD_000254,SELL_000034,2024-05-04,231.0,14.44
ORD_001911,1,PROD_000356,SELL_000045,2024-05-04,180.79,46.34
ORD_001911,2,PROD_000056,SELL_000011,2024-05-01,384.81,49.51
ORD_001911,3,PROD_000168,SELL_000038,2024-03-30,108.89,41.49
ORD_001911,4,PROD_000355,SELL_000034,2024-01-30,482.66,13.15
ORD_001911,5,PROD_000178,SELL_000021,2024-09-13,48.0,9.57
ORD_001912,1,PROD_000092,SELL_000045,2024-08-27,142.3,14.34
ORD_001912,2,PROD_000053,SELL_000019,2024-11-02,71.52,41.97
ORD_001912,3,PROD_000103,SELL_000009,2024-09-11,353.41,11.92
ORD_001912,4,PROD_000052,SELL_000030,2024-05-12,320.63,48.06
ORD_001913,1,PROD_000269,SELL_000048,2024-02-09,31.79,22.12
ORD_001913,2,PROD_000400,SELL_000041,2024-09-06,200.06,42.37
ORD_001914,1,PROD_000107,SELL_000014,2024-05-24,343.06,5.09
ORD_001914,2,PROD_000333,SELL_000048,2024-07-12,485.54,14.36
ORD_001914,3,PROD_000371,SELL_000024,2024-07-23,146.09,36.97
ORD_001915,1,PROD_000304,SELL_000036,2024-12-06,471.88,6.7
ORD_001915,2,PROD_000088,SELL_000022,2024-03-19,56.37,37.45
ORD_001916,1,PROD_000138,SELL_000044,2024-11-24,478.72,15.25
ORD_001917,1,PROD_000438,SELL_000007,2024-09-01,74.05,13.91
ORD_001917,2,PROD_000196,SELL_000033,2024-07-07,31.34,37.86
ORD_001917,3,PROD_000407,SELL_000043,2024-06-09,272.63,12.63
ORD_001918,1,PROD_000325,SELL_000049,2024-03-14,412.75,49.63
ORD_001919,1,PROD_000148,SELL_000042,2024-08-29,85.34,12.58
ORD_001919,2,PROD_000019,SELL_000021,2024-07-04,403.36,45.35
ORD_001919,3,PROD_000024,SELL_000049,2024-07-27,448.49,48.25
ORD_001920,1,PROD_000314,SELL_000002,2024-01-04,140.51,34.52
ORD_001920,2,PROD_000468,SELL_000039,2024-03-11,241.9,43.05
ORD_001921,1,PROD_000101,SELL_000018,2024-01-28,258.22,6.61
ORD_001921,2,PROD_000192,SELL_000027,2024-10-15,399.41,49.11
ORD_001922,1,PROD_000113,SELL_000022,2024-07-07,475.51,23.08
ORD_001922,2,PROD_000261,SELL_000024,2024-10-30,281.86,28.66
ORD_001923,1,PROD_000285,SELL_000017,2024-04-18,310.14,40.01
ORD_001923,2,PROD_000153,SELL_000034,2024-07-19,294.13,6.91
ORD_001924,1,PROD_000367,SELL_000024,2024-09-08,358.61,14.38
ORD_001924,2,PROD_000443,SELL_000013,2024-09-26,11.62,33.07
ORD_001924,3,PROD_000377,SELL_000009,2024-07-27,318.54,5.04
ORD_001925,1,PROD_000006,SELL_000020,2024-05-09,233.42,45.91
ORD_001925,2,PROD_000014,SELL_000007,2024-08-21,405.58,5.7
ORD_001925,3,PROD_000212,SELL_000044,2024-07-20,180.03,19.55
ORD_001926,1,PROD_000392,SELL_000040,2024-11-21,483.54,6.75
ORD_001926,2,PROD_000204,SELL_000021,2024-10-01,467.32,44.04
ORD_001926,3,PROD_000255,SELL_000048,2024-12-31,359.16,12.37
ORD_001926,4,PROD_000087,SELL_000019,2024-04-04,30.64,15.81
ORD_001926,5,PROD_000032,SELL_000026,2024-05-03,348.2,30.84
ORD_001927,1,PROD_000424,SELL_000028,2024-10-16,239.97,43.06
ORD_001928,1,PROD_000196,SELL_000049,2024-05-04,176.54,8.53
ORD_001928,2,PROD_000344,SELL_000006,2024-06-04,491.2,11.61
ORD_001929,1,PROD_000500,SELL_000010,2024-10-08,204.97,11.01
ORD_001930,1,PROD_000111,SELL_000011,2024-10-11,211.47,43.53
ORD_001930,2,PROD_000498,SELL_000049,2024-03-03,142.09,37.21
ORD_001931,1,PROD_000326,SELL_000019,2024-06-18,155.99,11.55
ORD_001931,2,PROD_000378,SELL_000039,2024-03-21,93.7,15.79
ORD_001932,1,PROD_000119,SELL_000045,2024-03-09,389.26,7.51
ORD_001932,2,PROD_000014,SELL_000007,2024-04-08,73.41,28.69
ORD_001933,1,PROD_000088,SELL_000035,2024-12-04,339.32,16.91
ORD_001933,2,PROD_000121,SELL_000022,2024-02-02,323.94,42.63
ORD_001933,3,PROD_000291,SELL_000007,2024-04-30,174.47,39.15
ORD_001933,4,PROD_000310,SELL_000021,2024-07-14,67.12,47.34
ORD_001933,5,PROD_000211,SELL_000012,2024-10-29,147.53,38.14
ORD_001934,1,PROD_000141,SELL_000027,2024-09-07,401.92,17.86
ORD_001934,2,PROD_000461,SELL_000050,2024-10-03,379.27,45.42
ORD_001934,3,PROD_000306,SELL_000030,2024-08-23,294.21,21.33
ORD_001934,4,PROD_000193,SELL_000005,2024-05-21,11.7,13.51
ORD_001934,5,PROD_000329,SELL_000030,2024-01-22,302.73,22.65
ORD_001935,1,PROD_000193,SELL_000004,2024-03-07,247.73,13.45
ORD_001935,2,PROD_000063,SELL_000047,2024-06-21,217.31,42.78
ORD_001936,1,PROD_000216,SELL_000005,2024-09-08,375.48,46.14
ORD_001936,2,PROD_000102,SELL_000028,2024-04-06,297.97,18.12
ORD_001937,1,PROD_000343,SELL_000035,2024-10-20,240.64,25.27
ORD_001937,2,PROD_000233,SELL_000013,2024-10-06,365.88,13.2
ORD_001937,3,PROD_000154,SELL_000013,2024-09-15,86.54,17.57
ORD_001937,4,PROD_000086,SELL_000039,2024-03-23,91.22,49.62
ORD_001937,5,PROD_000485,SELL_000034,2024-04-25,106.43,37.43
ORD_001938,1,PROD_000101,SELL_000033,2024-06-16,96.53,12.35
ORD_001939,1,PROD_000308,SELL_000002,2024-07-17,80.83,35.67
ORD_001939,2,PROD_000395,SELL_000038,2024-12-28,152.72,49.41
ORD_001939,3,PROD_000436,SELL_000003,2024-12-18,56.99,17.51
ORD_001940,1,PROD_000088,SELL_000020,2024-06-23,462.98,13.35
ORD_001941,1,PROD_000129,SELL_000024,2024-07-18,226.96,6.18
ORD_001941,2,PROD_000341,SELL_000042,2024-10-18,118.05,36.78
ORD_001942,1,PROD_000018,SELL_000018,2024-08-01,455.35,36.24
ORD_001942,2,PROD_000315,SELL_000045,2024-04-07,106.34,47.95
ORD_001942,3,PROD_000143,SELL_000008,2024-06-30,462.34,43.66
ORD_001943,1,PROD_000420,SELL_000047,2024-04-30,111.54,28.5
ORD_001943,2,PROD_000261,SELL_000042,2024-10-26,188.95,33.09
ORD_001943,3,PROD_000375,SELL_000040,2024-01-13,176.77,39.31
ORD_001943,4,PROD_000297,SELL_000041,2024-05-18,176.74,26.7
ORD_001943,5,PROD_000293,SELL_000023,2024-02-01,259.3,49.61
ORD_001944,1,PROD_000415,SELL_000031,2024-03-08,120.25,38.35
ORD_001944,2,PROD_000349,SELL_000013,2024-01-09,12.78,5.2
ORD_001944,3,PROD_000216,SELL_000005,2024-10-13,223.51,41.6
ORD_001945,1,PROD_000423,SELL_000020,2024-07-21,343.82,17.83
ORD_001945,2,PROD_000369,SELL_000041,2024-06-29,92.41,32.89
ORD_001945,3,PROD_000138,SELL_000036,2024-05-08,372.57,47.94
ORD_001945,4,PROD_000195,SELL_000024,2024-01-23,282.44,39.7
ORD_001945,5,PROD_000293,SELL_000009,2024-12-07,420.81,25.61
ORD_001946,1,PROD_000383,SELL_000012,2024-06-20,411.19,35.49
ORD_001947,1,PROD_000412,SELL_000041,2024-12-09,356.33,45.15
ORD_001947,2,PROD_000053,SELL_000008,2024-12-08,40.43,38.77
ORD_001947,3,PROD_000189,SELL_000023,2024-07-30,97.19,18.65
ORD_001948,1,PROD_000074,SELL_000028,2024-12-04,210.0,23.94
ORD_001949,1,PROD_000014,SELL_000042,2024-10-19,415.43,47.73
ORD_001949,2,PROD_000379,SELL_000021,2024-10-19,207.13,26.77
ORD_001949,3,PROD_000128,SELL_000013,2024-08-06,412.53,12.67
ORD_001949,4,PROD_000148,SELL_000050,2024-06-16,382.27,49.03
ORD_001949,5,PROD_000080,SELL_000002,2024-08-09,166.88,43.27
ORD_001950,1,PROD_000072,SELL_000027,2024-11-21,42.9,49.48
ORD_001950,2,PROD_000153,SELL_000004,2024-12-23,336.22,45.26
ORD_001951,1,PROD_000245,SELL_000005,2024-06-26,83.18,42.88
ORD_001951,2,PROD_000137,SELL_000013,2024-03-03,31.08,7.92
ORD_001952,1,PROD_000274,SELL_000016,2024-11-30,456.07,32.86
ORD_001952,2,PROD_000458,SELL_000048,2024-07-06,127.98,48.56
ORD_001952,3,PROD_000040,SELL_000048,2024-04-06,90.13,21.36
ORD_001952,4,PROD_000378,SELL_000050,2024-07-25,145.06,24.99
ORD_001953,1,PROD_000282,SELL_000030,2024-02-02,223.08,34.27
ORD_001953,2,PROD_000343,SELL_000025,2024-05-29,148.09,27.78
ORD_001953,3,PROD_000322,SELL_000015,2024-01-20,238.67,34.66
ORD_001953,4,PROD_000016,SELL_000030,2024-09-26,48.87,6.79
ORD_001954,1,PROD_000376,SELL_000003,2024-02-26,76.25,49.98
ORD_001955,1,PROD_000269,SELL_000050,2024-01-06,192.24,32.27
ORD_001955,2,PROD_000153,SELL_000009,2024-02-24,65.11,27.92
ORD_001955,3,PROD_000158,SELL_000046,2024-10-28,329.93,6.15
ORD_001956,1,PROD_000300,SELL_000005,2024-01-29,332.37,40.07
ORD_001956,2,PROD_000032,SELL_000029,2024-03-28,352.33,35.95
ORD_001956,3,PROD_000375,SELL_000019,2024-10-19,94.76,6.38
ORD_001957,1,PROD_000308,SELL_000014,2024-01-10,359.34,23.64
ORD_001957,2,PROD_000029,SELL_000017,2024-02-14,73.74,7.65
ORD_001957,3,PROD_000021,SELL_000043,2024-05-21,345.68,14.31
ORD_001957,4,PROD_000015,SELL_000023,2024-07-09,395.06,14.77
ORD_001957,5,PROD_000187,SELL_000047,2024-09-25,261.65,29.73
ORD_001958,1,PROD_000199,SELL_000027,2024-01-09,387.68,25.02
ORD_001959,1,PROD_000332,SELL_000008,2024-05-17,66.85,28.51
ORD_001959,2,PROD_000177,SELL_000005,2024-06-20,207.54,30.51
ORD_001959,3,PROD_000062,SELL_000018,2024-03-09,466.35,26.34
ORD_001960,1,PROD_000034,SELL_000022,2024-04-28,274.54,10.17
ORD_001960,2,PROD_000494,SELL_000022,2024-03-04,67.57,45.82
ORD_001961,1,PROD_000090,SELL_000047,2024-08-30,424.57,16.52
ORD_001961,2,PROD_000385,SELL_000024,2024-11-12,104.48,10.03
ORD_001961,3,PROD_000202,SELL_000007,2024-11-28,429.93,48.36
ORD_001961,4,PROD_000006,SELL_000041,2024-05-11,477.35,44.3
ORD_001962,1,PROD_000485,SELL_000021,2024-06-28,115.57,43.22
ORD_001962,2,PROD_000019,SELL_000032,2024-04-13,254.64,8.35
ORD_001963,1,PROD_000004,SELL_000029,2024-03-16,167.73,6.43
ORD_001963,2,PROD_000332,SELL_000020,2024-06-14,408.71,38.64
ORD_001964,1,PROD_000475,SELL_000002,2024-10-08,263.6,37.36
ORD_001964,2,PROD_000018,SELL_000048,2024-11-09,219.97,31.68
ORD_001964,3,PROD_000163,SELL_000050,2024-04-28,408.16,23.34
ORD_001965,1,PROD_000345,SELL_000001,2024-10-26,370.34,32.59
ORD_001966,1,PROD_000401,SELL_000005,2024-10-30,491.72,47.48
ORD_001966,2,PROD_000362,SELL_000018,2024-02-01,22.61,31.78
ORD_001967,1,PROD_000059,SELL_000011,2024-11-16,231.32,36.83
ORD_001967,2,PROD_000406,SELL_000038,2024-03-11,334.27,43.04
ORD_001967,3,PROD_000330,SELL_000012,2024-09-22,265.19,43.59
ORD_001967,4,PROD_000157,SELL_000047,2024-02-10,174.36,31.6
ORD_001967,5,PROD_000463,SELL_000017,2024-11-15,83.51,21.02
ORD_001968,1,PROD_000153,SELL_000046,2024-06-19,412.21,11.69
ORD_001968,2,PROD_000219,SELL_000017,2024-11-27,95.12,15.93
ORD_001969,1,PROD_000321,SELL_000039,2024-07-21,421.52,45.24
ORD_001969,2,PROD_000281,SELL_000005,2024-02-13,28.39,8.15
ORD_001969,3,PROD_000393,SELL_000011,2024-10-17,323.87,11.11
ORD_001969,4,PROD_000450,SELL_000030,2024-03-17,411.4,13.51
ORD_001970,1,PROD_000253,SELL_000031,2024-09-12,312.59,15.51
ORD_001970,2,PROD_000198,SELL_000030,2024-08-23,258.72,5.52
ORD_001970,3,PROD_000002,SELL_000033,2024-12-20,446.48,16.31
ORD_001970,4,PROD_000028,SELL_000033,2024-11-09,398.27,33.49
ORD_001971,1,PROD_000367,SELL_000045,2024-04-23,103.59,39.29
ORD_001972,1,PROD_000233,SELL_000037,2024-04-02,36.83,13.11
ORD_001972,2,PROD_000128,SELL_000028,2024-07-17,51.11,36.97
ORD_001972,3,PROD_000330,SELL_000011,2024-01-10,50.35,42.18
ORD_001973,1,PROD_000302,SELL_000021,2024-03-01,342.81,22.16
ORD_001973,2,PROD_000432,SELL_000026,2024-01-31,441.99,30.3
ORD_001974,1,PROD_000487,SELL_000038,2024-08-05,390.18,48.99
ORD_001974,2,PROD_000436,SELL_000002,2024-10-11,142.73,35.3
ORD_001974,3,PROD_000320,SELL_000002,2024-10-18,98.46,34.48
ORD_001974,4,PROD_000485,SELL_000031,2024-07-20,450.11,14.74
ORD_001975,1,PROD_000011,SELL_000050,2024-09-28,214.54,44.96
ORD_001975,2,PROD_000106,SELL_000014,2024-10-26,301.81,48.66
ORD_001975,3,PROD_000023,SELL_000026,2024-07-20,354.08,33.92
ORD_001975,4,PROD_000253,SELL_000028,2024-01-06,398.1,20.32
ORD_001976,1,PROD_000270,SELL_000042,2024-01-15,327.82,20.29
ORD_001977,1,PROD_000348,SELL_000039,2024-01-29,278.72,6.94
ORD_001978,1,PROD_000096,SELL_000024,2024-01-26,349.0,31.57
ORD_001978,2,PROD_000259,SELL_000003,2024-06-29,491.93,48.35
ORD_001978,3,PROD_000457,SELL_000028,2024-06-01,162.7,8.5
ORD_001978,4,PROD_000294,SELL_000048,2024-05-28,389.67,42.99
ORD_001978,5,PROD_000134,SELL_000014,2024-08-02,42.26,7.17
ORD_001979,1,PROD_000358,SELL_000012,2024-11-02,321.49,47.86
ORD_001980,1,PROD_000496,SELL_000003,2024-08-14,205.47,31.16
ORD_001980,2,PROD_000391,SELL_000041,2024-09-16,63.68,45.42
ORD_001980,3,PROD_000159,SELL_000040,2024-10-02,113.14,27.2
ORD_001980,4,PROD_000135,SELL_000040,2024-01-09,126.14,42.69
ORD_001980,5,PROD_000048,SELL_000029,2024-08-15,146.75,42.51
ORD_001981,1,PROD_000499,SELL_000008,2024-09-02,223.37,19.98
ORD_001982,1,PROD_000497,SELL_000045,2024-12-08,397.2,17.56
ORD_001983,1,PROD_000174,SELL_000042,2024-04-12,371.53,9.73
ORD_001983,2,PROD_000420,SELL_000029,2024-07-01,325.87,34.92
ORD_001983,3,PROD_000068,SELL_000012,2024-11-14,167.9,37.23
ORD_001983,4,PROD_000127,SELL_000036,2024-07-21,27.53,13.9
ORD_001984,1,PROD_000031,SELL_000014,2024-08-06,252.89,29.98
ORD_001984,2,PROD_000227,SELL_000024,2024-07-22,241.27,21.53
ORD_001984,3,PROD_000105,SELL_000050,2024-06-16,471.82,44.99
ORD_001984,4,PROD_000128,SELL_000017,2024-12-05,352.37,49.04
ORD_001984,5,PROD_000146,SELL_000013,2024-11-03,467.7,27.34
ORD_001985,1,PROD_000054,SELL_000011,2024-01-31,234.51,7.01
ORD_001985,2,PROD_000424,SELL_000046,2024-01-15,111.67,29.29
ORD_001985,3,PROD_000439,SELL_000001,2024-03-01,11.5,33.53
ORD_001985,4,PROD_000411,SELL_000001,2024-09-15,84.59,15.77
ORD_001985,5,PROD_000465,SELL_000007,2024-07-27,14.72,35.84
ORD_001986,1,PROD_000296,SELL_000030,2024-06-27,249.64,28.41
ORD_001987,1,PROD_000059,SELL_000026,2024-07-24,51.34,5.83
ORD_001987,2,PROD_000451,SELL_000026,2024-05-14,163.09,45.31
ORD_001987,3,PROD_000025,SELL_000018,2024-04-25,394.2,18.0
ORD_001988,1,PROD_000368,SELL_000005,2024-08-11,479.72,11.36
ORD_001988,2,PROD_000354,SELL_000011,2024-08-27,348.01,44.67
ORD_001988,3,PROD_000068,SELL_000028,2024-02-24,19.14,17.09
ORD_001988,4,PROD_000332,SELL_000003,2024-03-28,364.84,5.87
ORD_001989,1,PROD_000268,SELL_000042,2024-06-04,427.2,23.55
ORD_001989,2,PROD_000370,SELL_000022,2024-10-27,79.64,9.1
ORD_001990,1,PROD_000301,SELL_000021,2024-07-16,275.06,41.37
ORD_001990,2,PROD_000463,SELL_000017,2024-11-16,292.3,14.77
ORD_001990,3,PROD_000099,SELL_000043,2024-10-27,230.4,17.35
ORD_001990,4,PROD_000098,SELL_000039,2024-02-03,270.8,12.93
ORD_001990,5,PROD_000278,SELL_000019,2024-10-12,226.04,8.79
ORD_001991,1,PROD_000156,SELL_000017,2024-04-25,368.64,43.13
ORD_001991,2,PROD_000343,SELL_000044,2024-08-14,452.96,22.0
ORD_001991,3,PROD_000330,SELL_000042,2024-01-20,314.04,43.06
ORD_001992,1,PROD_000169,SELL_000029,2024-06-23,119.13,38.22
ORD_001992,2,PROD_000309,SELL_000020,2024-08-15,202.25,14.72
ORD_001992,3,PROD_000271,SELL_000046,2024-04-22,330.42,13.09
ORD_001992,4,PROD_000294,SELL_000002,2024-01-08,87.64,46.96
ORD_001992,5,PROD_000085,SELL_000042,2024-09-07,273.24,40.83
ORD_001993,1,PROD_000434,SELL_000013,2024-06-01,205.75,47.77
ORD_001993,2,PROD_000041,SELL_000021,2024-02-06,396.85,45.39
ORD_001994,1,PROD_000058,SELL_000049,2024-08-07,251.05,38.08
ORD_001994,2,PROD_000421,SELL_000034,2024-11-08,210.36,8.99
ORD_001995,1,PROD_000485,SELL_000028,2024-06-12,257.78,32.98
ORD_001995,2,PROD_000258,SELL_000044,2024-03-23,355.78,10.82
ORD_001995,3,PROD_000190,SELL_000027,2024-07-04,280.66,39.0
ORD_001995,4,PROD_000112,SELL_000036,2024-06-18,132.77,33.74
ORD_001996,1,PROD_000322,SELL_000043,2024-06-03,363.73,33.17
ORD_001997,1,PROD_000353,SELL_000015,2024-10-22,279.76,13.71
ORD_001998,1,PROD_000383,SELL_000017,2024-07-13,490.24,49.56
ORD_001998,2,PROD_000309,SELL_000049,2024-01-13,266.36,49.95
ORD_001999,1,PROD_000311,SELL_000034,2024-07-20,498.25,11.19
ORD_001999,2,PROD_000365,SELL_000026,2024-06-19,494.22,13.25
ORD_001999,3,PROD_000285,SELL_000046,2024-04-25,434.24,20.5
ORD_002000,1,PROD_000012,SELL_000031,2024-01-10,238.48,32.04
ORD_002000,2,PROD_000054,SELL_000040,2024-01-23,400.01,36.75
ORD_002001,1,PROD_000265,SELL_000028,2024-01-13,47.09,7.8
ORD_002001,2,PROD_000364,SELL_000049,2024-11-23,402.84,46.04
ORD_002001,3,PROD_000123,SELL_000018,2024-06-13,44.52,32.28
ORD_002001,4,PROD_000077,SELL_000039,2024-11-27,374.5,20.62
ORD_002002,1,PROD_000261,SELL_000014,2024-04-13,391.58,30.2
ORD_002003,1,PROD_000156,SELL_000042,2024-09-09,378.85,36.88
ORD_002004,1,PROD_000453,SELL_000023,2024-01-14,234.35,46.17
ORD_002004,2,PROD_000114,SELL_000034,2024-03-10,32.45,14.0
ORD_002005,1,PROD_000423,SELL_000044,2024-02-01,328.68,41.11
ORD_002005,2,PROD_000227,SELL_000033,2024-08-08,229.15,44.02
ORD_002005,3,PROD_000172,SELL_000001,2024-01-19,390.88,13.55
ORD_002006,1,PROD_000248,SELL_000041,2024-11-20,447.44,22.27
ORD_002006,2,PROD_000031,SELL_000042,2024-04-23,202.31,25.36
ORD_002006,3,PROD_000112,SELL_000025,2024-02-05,141.87,48.74
ORD_002007,1,PROD_000144,SELL_000006,2024-07-02,384.6,9.19
ORD_002007,2,PROD_000223,SELL_000048,2024-04-25,83.42,19.22
ORD_002007,3,PROD_000213,SELL_000046,2024-02-03,324.22,27.87
ORD_002007,4,PROD_000394,SELL_000045,2024-03-22,480.76,16.9
ORD_002008,1,PROD_000214,SELL_000020,2024-10-07,177.59,24.96
ORD_002008,2,PROD_000083,SELL_000045,2024-08-19,343.78,38.51
ORD_002009,1,PROD_000104,SELL_000004,2024-07-18,43.47,44.17
ORD_002009,2,PROD_000201,SELL_000002,2024-02-11,251.37,16.47
ORD_002009,3,PROD_000045,SELL_000039,2024-07-13,160.22,45.42
ORD_002009,4,PROD_000031,SELL_000004,2024-10-29,85.99,23.55
ORD_002010,1,PROD_000405,SELL_000013,2024-12-13,171.72,32.02
ORD_002010,2,PROD_000472,SELL_000028,2024-03-06,228.59,16.22
ORD_002010,3,PROD_000414,SELL_000036,2024-08-31,244.01,22.21
ORD_002010,4,PROD_000134,SELL_000001,2024-03-10,119.96,47.25
ORD_002010,5,PROD_000242,SELL_000049,2024-03-04,148.73,10.15
ORD_002011,1,PROD_000232,SELL_000018,2024-12-04,440.26,40.08
ORD_002011,2,PROD_000273,SELL_000042,2024-03-25,214.89,21.02
ORD_002012,1,PROD_000494,SELL_000022,2024-04-03,289.33,46.09
ORD_002012,2,PROD_000193,SELL_000031,2024-07-05,200.36,25.44
ORD_002012,3,PROD_000390,SELL_000017,2024-06-24,340.36,16.63
ORD_002012,4,PROD_000120,SELL_000050,2024-06-06,296.23,48.59
ORD_002013,1,PROD_000127,SELL_000039,2024-08-18,187.01,21.11
ORD_002013,2,PROD_000122,SELL_000026,2024-12-03,156.22,47.26
ORD_002013,3,PROD_000093,SELL_000044,2024-01-27,429.46,16.79
ORD_002013,4,PROD_000018,SELL_000022,2024-05-12,443.87,27.27
ORD_002013,5,PROD_000204,SELL_000023,2024-09-16,439.4,36.42
ORD_002014,1,PROD_000339,SELL_000050,2024-12-29,428.53,5.5
ORD_002014,2,PROD_000484,SELL_000036,2024-12-02,239.57,39.76
ORD_002014,3,PROD_000448,SELL_000039,2024-03-26,419.06,7.81
ORD_002014,4,PROD_000440,SELL_000016,2024-09-19,274.69,45.71
ORD_002014,5,PROD_000076,SELL_000034,2024-08-19,40.76,44.42
ORD_002015,1,PROD_000120,SELL_000018,2024-11-30,486.48,40.02
ORD_002015,2,PROD_000116,SELL_000002,2024-03-09,413.26,32.89
ORD_002015,3,PROD_000340,SELL_000030,2024-05-03,279.07,18.98
ORD_002015,4,PROD_000447,SELL_000012,2024-05-24,39.74,32.69
ORD_002015,5,PROD_000394,SELL_000017,2024-10-02,384.68,18.57
ORD_002016,1,PROD_000264,SELL_000034,2024-07-17,354.28,45.04
ORD_002016,2,PROD_000318,SELL_000046,2024-10-13,321.77,7.1
ORD_002016,3,PROD_000365,SELL_000029,2024-07-25,107.69,45.37
ORD_002016,4,PROD_000131,SELL_000043,2024-03-31,248.94,18.83
ORD_002017,1,PROD_000054,SELL_000008,2024-06-29,228.26,25.52
ORD_002017,2,PROD_000246,SELL_000035,2024-02-14,177.27,23.3
ORD_002017,3,PROD_000430,SELL_000026,2024-03-22,41.84,27.0
ORD_002017,4,PROD_000194,SELL_000031,2024-02-14,124.93,28.74
ORD_002018,1,PROD_000102,SELL_000005,2024-05-30,19.83,33.79
ORD_002018,2,PROD_000111,SELL_000005,2024-10-19,348.51,10.28
ORD_002018,3,PROD_000218,SELL_000027,2024-03-03,217.86,18.98
ORD_002018,4,PROD_000346,SELL_000043,2024-07-23,312.49,29.55
ORD_002019,1,PROD_000330,SELL_000047,2024-08-09,244.96,46.51
ORD_002019,2,PROD_000089,SELL_000048,2024-02-09,256.08,13.11
ORD_002019,3,PROD_000238,SELL_000037,2024-11-19,318.7,10.67
ORD_002019,4,PROD_000253,SELL_000026,2024-11-30,487.82,46.78
ORD_002019,5,PROD_000217,SELL_000029,2024-01-23,493.58,25.51
ORD_002020,1,PROD_000432,SELL_000029,2024-02-18,322.55,28.35
ORD_002020,2,PROD_000293,SELL_000023,2024-08-24,308.75,20.03
ORD_002020,3,PROD_000275,SELL_000024,2024-12-21,94.54,48.05
ORD_002020,4,PROD_000078,SELL_000039,2024-09-15,37.03,49.89
ORD_002021,1,PROD_000097,SELL_000019,2024-02-06,119.13,24.87
ORD_002021,2,PROD_000129,SELL_000022,2024-05-18,73.0,17.87
ORD_002021,3,PROD_000427,SELL_000049,2024-02-20,482.39,20.56
ORD_002021,4,PROD_000162,SELL_000034,2024-04-06,430.17,47.69
ORD_002021,5,PROD_000286,SELL_000008,2024-10-17,173.29,25.01
ORD_002022,1,PROD_000496,SELL_000001,2024-08-19,413.19,24.57
ORD_002022,2,PROD_000242,SELL_000042,2024-08-07,487.82,32.26
ORD_002022,3,PROD_000424,SELL_000008,2024-04-18,57.62,43.15
ORD_002022,4,PROD_000462,SELL_000020,2024-06-10,129.46,13.84
ORD_002022,5,PROD_000205,SELL_000019,2024-03-24,180.9,49.45
ORD_002023,1,PROD_000493,SELL_000024,2024-05-06,129.11,46.32
ORD_002023,2,PROD_000383,SELL_000047,2024-03-31,409.52,8.98
ORD_002024,1,PROD_000083,SELL_000022,2024-06-03,352.07,25.3
ORD_002025,1,PROD_000036,SELL_000019,2024-10-24,298.49,32.24
ORD_002025,2,PROD_000435,SELL_000037,2024-08-18,240.9,15.46
ORD_002025,3,PROD_000360,SELL_000031,2024-01-02,186.58,28.98
ORD_002025,4,PROD_000372,SELL_000009,2024-07-09,280.41,13.4
ORD_002025,5,PROD_000035,SELL_000018,2024-04-21,171.58,21.69
ORD_002026,1,PROD_000403,SELL_000026,2024-08-30,311.88,28.2
ORD_002026,2,PROD_000412,SELL_000015,2024-08-12,255.27,15.59
ORD_002027,1,PROD_000343,SELL_000020,2024-06-08,449.9,27.85
ORD_002027,2,PROD_000060,SELL_000002,2024-12-05,207.86,47.96
ORD_002027,3,PROD_000385,SELL_000009,2024-07-31,431.12,39.26
ORD_002028,1,PROD_000072,SELL_000041,2024-01-15,194.73,36.94
ORD_002028,2,PROD_000012,SELL_000018,2024-03-13,435.1,31.13
ORD_002028,3,PROD_000076,SELL_000040,2024-11-09,433.25,39.04
ORD_002028,4,PROD_000046,SELL_000040,2024-03-31,140.51,16.82
ORD_002028,5,PROD_000109,SELL_000042,2024-11-19,177.19,24.39
ORD_002029,1,PROD_000278,SELL_000011,2024-02-01,292.17,38.2
ORD_002029,2,PROD_000258,SELL_000031,2024-03-10,438.68,9.25
ORD_002029,3,PROD_000477,SELL_000002,2024-04-21,260.68,37.55
ORD_002029,4,PROD_000315,SELL_000033,2024-04-09,297.89,41.93
ORD_002030,1,PROD_000451,SELL_000003,2024-02-24,190.85,5.12
ORD_002030,2,PROD_000342,SELL_000050,2024-12-13,488.48,32.98
ORD_002030,3,PROD_000482,SELL_000020,2024-09-08,492.29,8.54
ORD_002030,4,PROD_000287,SELL_000049,2024-02-02,364.32,48.97
ORD_002030,5,PROD_000263,SELL_000003,2024-05-02,28.68,37.73
ORD_002031,1,PROD_000004,SELL_000021,2024-12-16,491.65,17.15
ORD_002032,1,PROD_000267,SELL_000002,2024-02-11,403.89,39.6
ORD_002032,2,PROD_000061,SELL_000018,2024-04-19,459.65,23.73
ORD_002032,3,PROD_000469,SELL_000023,2024-09-10,138.38,13.36
ORD_002032,4,PROD_000377,SELL_000007,2024-03-03,455.91,20.48
ORD_002033,1,PROD_000171,SELL_000040,2024-11-20,372.18,34.1
ORD_002033,2,PROD_000067,SELL_000037,2024-02-12,381.7,26.33
ORD_002033,3,PROD_000377,SELL_000007,2024-11-02,195.67,49.6
ORD_002033,4,PROD_000454,SELL_000040,2024-12-03,33.12,43.89
ORD_002033,5,PROD_000121,SELL_000025,2024-05-30,42.22,33.95
ORD_002034,1,PROD_000489,SELL_000045,2024-10-19,73.13,45.89
ORD_002034,2,PROD_000424,SELL_000024,2024-10-21,158.29,33.55
ORD_002034,3,PROD_000403,SELL_000026,2024-01-14,451.51,49.55
ORD_002035,1,PROD_000216,SELL_000034,2024-01-08,62.63,8.7
ORD_002036,1,PROD_000380,SELL_000027,2024-01-11,315.79,18.14
ORD_002036,2,PROD_000312,SELL_000020,2024-07-06,319.52,49.24
ORD_002037,1,PROD_000459,SELL_000039,2024-09-10,111.71,7.65
ORD_002037,2,PROD_000436,SELL_000038,2024-07-31,26.35,10.24
ORD_002037,3,PROD_000101,SELL_000022,2024-04-14,404.01,49.3
ORD_002038,1,PROD_000184,SELL_000015,2024-04-02,399.25,20.47
ORD_002039,1,PROD_000382,SELL_000012,2024-06-07,341.81,49.89
ORD_002039,2,PROD_000280,SELL_000048,2024-10-15,326.96,35.98
ORD_002039,3,PROD_000497,SELL_000035,2024-01-10,433.44,18.52
ORD_002039,4,PROD_000306,SELL_000032,2024-01-24,139.72,17.43
ORD_002040,1,PROD_000166,SELL_000023,2024-02-20,344.75,30.66
ORD_002040,2,PROD_000108,SELL_000011,2024-05-25,25.48,19.99
ORD_002040,3,PROD_000392,SELL_000041,2024-08-19,380.79,35.25
ORD_002041,1,PROD_000052,SELL_000006,2024-11-24,287.22,21.63
ORD_002041,2,PROD_000291,SELL_000007,2024-11-17,10.72,28.09
ORD_002041,3,PROD_000398,SELL_000038,2024-02-08,349.87,41.64
ORD_002042,1,PROD_000255,SELL_000029,2024-12-18,23.01,44.03
ORD_002042,2,PROD_000185,SELL_000010,2024-02-08,491.32,46.12
ORD_002042,3,PROD_000171,SELL_000044,2024-09-16,426.74,22.04
ORD_002042,4,PROD_000449,SELL_000046,2024-01-23,137.97,49.8
ORD_002043,1,PROD_000134,SELL_000010,2024-10-30,16.86,49.85
ORD_002043,2,PROD_000264,SELL_000044,2024-12-05,270.23,49.42
ORD_002043,3,PROD_000168,SELL_000050,2024-10-04,415.94,19.6
ORD_002043,4,PROD_000264,SELL_000013,2024-11-08,360.38,48.23
ORD_002043,5,PROD_000024,SELL_000013,2024-09-02,21.62,25.35
ORD_002044,1,PROD_000385,SELL_000006,2024-03-20,35.35,48.52
ORD_002044,2,PROD_000405,SELL_000036,2024-07-29,287.77,35.95
ORD_002045,1,PROD_000182,SELL_000014,2024-12-21,40.16,16.34
ORD_002045,2,PROD_000235,SELL_000036,2024-02-10,403.85,16.54
ORD_002045,3,PROD_000012,SELL_000047,2024-10-31,181.05,34.42
ORD_002045,4,PROD_000474,SELL_000018,2024-01-09,166.52,38.46
ORD_002045,5,PROD_000284,SELL_000007,2024-05-05,358.1,36.93
ORD_002046,1,PROD_000254,SELL_000003,2024-01-03,28.23,17.43
ORD_002047,1,PROD_000156,SELL_000047,2024-12-03,63.49,43.26
ORD_002047,2,PROD_000495,SELL_000048,2024-03-11,344.19,34.94
ORD_002047,3,PROD_000260,SELL_000007,2024-01-06,438.6,31.22
ORD_002048,1,PROD_000085,SELL_000021,2024-06-17,443.2,36.49
ORD_002048,2,PROD_000198,SELL_000010,2024-06-15,422.52,24.41
ORD_002048,3,PROD_000140,SELL_000018,2024-02-22,469.02,34.84
ORD_002049,1,PROD_000278,SELL_000029,2024-02-02,40.7,42.82
ORD_002049,2,PROD_000314,SELL_000013,2024-12-05,73.31,20.0
ORD_002049,3,PROD_000302,SELL_000017,2024-02-26,253.16,24.41
ORD_002049,4,PROD_000057,SELL_000007,2024-06-07,262.4,15.54
ORD_002049,5,PROD_000129,SELL_000049,2024-12-27,28.51,23.28
ORD_002050,1,PROD_000476,SELL_000049,2024-03-11,466.4,23.51
ORD_002050,2,PROD_000040,SELL_000009,2024-03-05,200.12,40.45
ORD_002050,3,PROD_000366,SELL_000037,2024-06-02,262.97,46.26
ORD_002051,1,PROD_000001,SELL_000005,2024-02-03,90.7,14.32
ORD_002052,1,PROD_000063,SELL_000027,2024-08-21,294.05,22.17
ORD_002053,1,PROD_000321,SELL_000025,2024-11-30,237.7,16.06
ORD_002053,2,PROD_000114,SELL_000036,2024-11-28,401.42,49.3
ORD_002053,3,PROD_000199,SELL_000033,2024-06-07,58.73,15.84
ORD_002054,1,PROD_000202,SELL_000011,2024-03-31,402.96,6.02
ORD_002054,2,PROD_000250,SELL_000017,2024-12-06,305.35,7.51
ORD_002054,3,PROD_000103,SELL_000033,2024-12-12,497.94,37.87
ORD_002055,1,PROD_000176,SELL_000047,2024-11-11,189.93,32.66
ORD_002056,1,PROD_000083,SELL_000034,2024-11-25,43.66,29.45
ORD_002056,2,PROD_000204,SELL_000010,2024-06-19,476.79,27.13
ORD_002056,3,PROD_000044,SELL_000002,2024-12-25,255.94,13.33
ORD_002057,1,PROD_000489,SELL_000008,2024-01-27,418.01,21.77
ORD_002057,2,PROD_000041,SELL_000023,2024-08-24,453.53,30.77
ORD_002057,3,PROD_000383,SELL_000048,2024-02-14,192.83,20.13
ORD_002058,1,PROD_000160,SELL_000038,2024-07-02,361.91,40.55
ORD_002058,2,PROD_000086,SELL_000040,2024-08-06,135.43,33.21
ORD_002058,3,PROD_000072,SELL_000009,2024-02-20,247.12,10.77
ORD_002058,4,PROD_000157,SELL_000010,2024-05-16,390.67,26.58
ORD_002058,5,PROD_000330,SELL_000043,2024-03-29,287.6,7.69
ORD_002059,1,PROD_000012,SELL_000010,2024-11-13,47.27,46.81
ORD_002059,2,PROD_000089,SELL_000025,2024-06-10,389.72,34.42
ORD_002060,1,PROD_000369,SELL_000017,2024-03-16,26.05,33.13
ORD_002060,2,PROD_000431,SELL_000032,2024-09-22,379.22,49.44
ORD_002061,1,PROD_000055,SELL_000019,2024-07-05,479.81,43.85
ORD_002061,2,PROD_000071,SELL_000047,2024-07-10,121.3,14.84
ORD_002062,1,PROD_000144,SELL_000005,2024-04-23,17.67,10.2
ORD_002062,2,PROD_000108,SELL_000005,2024-05-25,217.9,42.48
ORD_002063,1,PROD_000043,SELL_000019,2024-05-08,237.84,26.52
ORD_002063,2,PROD_000348,SELL_000044,2024-01-16,482.62,21.71
ORD_002064,1,PROD_000071,SELL_000048,2024-03-10,446.87,48.46
ORD_002064,2,PROD_000013,SELL_000043,2024-03-06,219.44,38.32
ORD_002064,3,PROD_000289,SELL_000030,2024-07-24,315.25,34.27
ORD_002064,4,PROD_000314,SELL_000038,2024-09-23,468.9,36.31
ORD_002064,5,PROD_000180,SELL_000026,2024-12-10,299.91,34.16
ORD_002065,1,PROD_000040,SELL_000005,2024-04-19,180.35,43.43
ORD_002065,2,PROD_000354,SELL_000028,2024-05-29,312.88,22.11
ORD_002065,3,PROD_000086,SELL_000045,2024-08-17,356.21,13.55
ORD_002066,1,PROD_000211,SELL_000033,2024-01-15,473.33,24.93
ORD_002066,2,PROD_000467,SELL_000007,2024-11-12,433.15,27.46
ORD_002066,3,PROD_000025,SELL_000043,2024-07-02,321.15,10.77
ORD_002066,4,PROD_000049,SELL_000005,2024-03-15,443.34,40.47
ORD_002066,5,PROD_000248,SELL_000001,2024-05-25,79.77,48.03
ORD_002067,1,PROD_000478,SELL_000037,2024-04-25,125.38,37.3
ORD_002067,2,PROD_000071,SELL_000014,2024-10-10,52.0,18.7
ORD_002067,3,PROD_000109,SELL_000008,2024-07-28,448.54,47.75
ORD_002068,1,PROD_000208,SELL_000048,2024-11-15,441.05,26.23
ORD_002068,2,PROD_000348,SELL_000020,2024-07-31,295.29,6.79
ORD_002068,3,PROD_000059,SELL_000008,2024-11-06,498.05,41.32
ORD_002068,4,PROD_000297,SELL_000022,2024-02-05,397.99,10.3
ORD_002069,1,PROD_000280,SELL_000030,2024-03-07,127.54,7.7
ORD_002069,2,PROD_000101,SELL_000032,2024-03-02,167.76,21.6
ORD_002069,3,PROD_000473,SELL_000034,2024-07-25,15.13,23.11
ORD_002069,4,PROD_000067,SELL_000014,2024-07-26,436.34,37.58
ORD_002070,1,PROD_000174,SELL_000033,2024-10-03,363.44,17.85
ORD_002070,2,PROD_000193,SELL_000048,2024-10-25,426.83,25.07
ORD_002070,3,PROD_000416,SELL_000018,2024-08-25,327.01,27.36
ORD_002071,1,PROD_000266,SELL_000043,2024-01-13,184.92,36.22
ORD_002072,1,PROD_000035,SELL_000032,2024-09-28,136.5,18.81
ORD_002073,1,PROD_000031,SELL_000010,2024-09-07,414.4,39.82
ORD_002074,1,PROD_000131,SELL_000011,2024-05-22,160.35,15.4
ORD_002074,2,PROD_000312,SELL_000014,2024-07-27,200.97,48.06
ORD_002074,3,PROD_000147,SELL_000020,2024-10-03,380.33,40.36
ORD_002074,4,PROD_000377,SELL_000030,2024-03-01,68.57,28.58
ORD_002074,5,PROD_000209,SELL_000005,2024-09-27,92.71,27.04
ORD_002075,1,PROD_000331,SELL_000015,2024-06-01,413.58,25.86
ORD_002075,2,PROD_000302,SELL_000027,2024-08-13,486.47,38.34
ORD_002075,3,PROD_000192,SELL_000045,2024-03-06,236.78,15.58
ORD_002075,4,PROD_000125,SELL_000042,2024-11-21,323.64,33.83
ORD_002076,1,PROD_000054,SELL_000021,2024-08-01,252.8,43.47
ORD_002076,2,PROD_000062,SELL_000014,2024-06-21,145.87,39.54
ORD_002076,3,PROD_000325,SELL_000023,2024-06-25,334.32,31.87
ORD_002076,4,PROD_000327,SELL_000002,2024-08-24,304.55,37.36
ORD_002076,5,PROD_000244,SELL_000029,2024-11-25,37.08,18.89
ORD_002077,1,PROD_000173,SELL_000014,2024-01-15,495.6,8.21
ORD_002077,2,PROD_000101,SELL_000007,2024-05-15,61.12,26.18
ORD_002077,3,PROD_000493,SELL_000023,2024-10-28,95.95,33.72
ORD_002078,1,PROD_000321,SELL_000036,2024-07-02,197.13,36.08
ORD_002078,2,PROD_000133,SELL_000004,2024-07-07,189.35,40.47
ORD_002078,3,PROD_000469,SELL_000041,2024-03-25,169.99,42.72
ORD_002078,4,PROD_000256,SELL_000031,2024-05-28,320.98,20.98
ORD_002078,5,PROD_000165,SELL_000010,2024-11-29,207.74,46.06
ORD_002079,1,PROD_000111,SELL_000029,2024-06-07,85.68,38.5
ORD_002079,2,PROD_000401,SELL_000010,2024-01-14,100.57,7.31
ORD_002079,3,PROD_000038,SELL_000001,2024-08-03,153.36,30.69
ORD_002080,1,PROD_000235,SELL_000011,2024-07-12,176.82,37.13
ORD_002081,1,PROD_000371,SELL_000018,2024-09-20,236.05,7.12
ORD_002082,1,PROD_000232,SELL_000015,2024-08-13,93.42,6.51
ORD_002082,2,PROD_000294,SELL_000016,2024-03-24,487.38,38.06
ORD_002082,3,PROD_000176,SELL_000025,2024-11-15,105.61,13.07
ORD_002082,4,PROD_000192,SELL_000047,2024-01-02,217.01,20.63
ORD_002083,1,PROD_000458,SELL_000037,2024-07-18,456.1,10.11
ORD_002083,2,PROD_000370,SELL_000050,2024-06-21,458.48,28.39
ORD_002083,3,PROD_000140,SELL_000043,2024-06-29,72.04,22.86
ORD_002083,4,PROD_000298,SELL_000017,2024-02-07,60.71,38.42
ORD_002084,1,PROD_000407,SELL_000044,2024-03-29,26.26,30.64
ORD_002085,1,PROD_000207,SELL_000048,2024-01-19,155.76,47.64
ORD_002085,2,PROD_000211,SELL_000010,2024-05-06,473.34,9.35
ORD_002085,3,PROD_000186,SELL_000008,2024-12-23,481.99,25.98
ORD_002085,4,PROD_000064,SELL_000039,2024-07-12,241.66,40.67
ORD_002086,1,PROD_000209,SELL_000002,2024-06-22,266.28,20.91
ORD_002086,2,PROD_000042,SELL_000018,2024-12-14,400.32,17.17
ORD_002086,3,PROD_000092,SELL_000012,2024-01-18,252.68,7.1
ORD_002086,4,PROD_000147,SELL_000014,2024-02-11,397.11,7.04
ORD_002086,5,PROD_000234,SELL_000030,2024-03-28,91.33,30.26
ORD_002087,1,PROD_000317,SELL_000039,2024-06-20,457.14,30.49
ORD_002087,2,PROD_000376,SELL_000026,2024-09-07,466.88,12.4
ORD_002087,3,PROD_000373,SELL_000026,2024-01-18,50.2,39.82
ORD_002088,1,PROD_000342,SELL_000034,2024-08-19,478.16,45.75
ORD_002088,2,PROD_000391,SELL_000034,2024-01-31,67.86,7.87
ORD_002088,3,PROD_000106,SELL_000003,2024-12-01,181.53,35.92
ORD_002088,4,PROD_000298,SELL_000010,2024-04-17,269.52,21.38
ORD_002089,1,PROD_000076,SELL_000014,2024-08-27,251.96,6.99
ORD_002089,2,PROD_000147,SELL_000034,2024-01-17,204.79,15.9
ORD_002090,1,PROD_000136,SELL_000018,2024-10-09,343.82,22.96
ORD_002090,2,PROD_000129,SELL_000027,2024-01-19,146.58,9.93
ORD_002091,1,PROD_000215,SELL_000007,2024-07-22,364.74,21.49
ORD_002091,2,PROD_000324,SELL_000020,2024-03-08,238.87,16.14
ORD_002092,1,PROD_000293,SELL_000031,2024-01-30,74.81,44.96
ORD_002092,2,PROD_000153,SELL_000043,2024-07-15,47.93,22.35
ORD_002092,3,PROD_000425,SELL_000048,2024-01-19,162.82,35.12
ORD_002092,4,PROD_000038,SELL_000004,2024-03-18,482.93,43.58
ORD_002092,5,PROD_000339,SELL_000049,2024-11-29,328.11,21.5
ORD_002093,1,PROD_000043,SELL_000038,2024-01-24,381.22,16.93
ORD_002093,2,PROD_000251,SELL_000030,2024-01-18,91.81,34.71
ORD_002093,3,PROD_000235,SELL_000003,2024-06-19,15.2,19.46
ORD_002094,1,PROD_000122,SELL_000029,2024-04-06,490.38,17.34
ORD_002094,2,PROD_000342,SELL_000018,2024-06-16,491.26,41.38
ORD_002095,1,PROD_000151,SELL_000035,2024-07-02,437.44,8.83
ORD_002096,1,PROD_000017,SELL_000026,2024-06-13,378.84,37.94
ORD_002096,2,PROD_000091,SELL_000012,2024-12-11,208.09,32.23
ORD_002096,3,PROD_000390,SELL_000008,2024-02-10,408.97,27.89
ORD_002096,4,PROD_000059,SELL_000012,2024-06-27,305.36,12.71
ORD_002096,5,PROD_000233,SELL_000012,2024-10-25,47.82,31.86
ORD_002097,1,PROD_000391,SELL_000010,2024-03-08,441.37,32.31
ORD_002097,2,PROD_000474,SELL_000023,2024-05-07,277.68,8.18
ORD_002098,1,PROD_000170,SELL_000031,2024-07-19,52.45,23.23
ORD_002098,2,PROD_000348,SELL_000032,2024-03-24,88.34,16.63
ORD_002098,3,PROD_000468,SELL_000024,2024-09-24,450.09,28.42
ORD_002098,4,PROD_000442,SELL_000016,2024-08-12,222.12,27.48
ORD_002099,1,PROD_000111,SELL_000016,2024-12-06,148.49,28.12
ORD_002099,2,PROD_000376,SELL_000013,2024-08-30,260.51,22.66
ORD_002099,3,PROD_000326,SELL_000008,2024-06-30,418.27,30.93
ORD_002099,4,PROD_000437,SELL_000025,2024-08-01,266.0,22.21
ORD_002099,5,PROD_000266,SELL_000002,2024-10-05,472.83,26.66
ORD_002100,1,PROD_000214,SELL_000022,2024-05-03,34.92,7.23
ORD_002100,2,PROD_000416,SELL_000010,2024-09-06,499.4,5.61
ORD_002100,3,PROD_000104,SELL_000045,2024-07-29,332.92,5.71
ORD_002101,1,PROD_000448,SELL_000001,2024-11-13,86.14,6.6
ORD_002101,2,PROD_000459,SELL_000015,2024-08-20,402.84,16.92
ORD_002101,3,PROD_000350,SELL_000008,2024-04-21,404.19,17.99
ORD_002101,4,PROD_000422,SELL_000012,2024-09-13,415.64,15.25
ORD_002102,1,PROD_000324,SELL_000010,2024-12-17,209.74,37.57
ORD_002102,2,PROD_000258,SELL_000040,2024-05-23,438.28,19.75
ORD_002103,1,PROD_000256,SELL_000027,2024-03-06,309.26,37.8
ORD_002103,2,PROD_000390,SELL_000016,2024-07-22,368.17,44.25
ORD_002104,1,PROD_000110,SELL_000010,2024-06-08,24.59,26.21
ORD_002104,2,PROD_000409,SELL_000033,2024-02-14,393.17,32.77
ORD_002104,3,PROD_000177,SELL_000040,2024-09-15,61.36,45.95
ORD_002104,4,PROD_000214,SELL_000005,2024-12-07,255.58,31.53
ORD_002104,5,PROD_000260,SELL_000049,2024-01-17,303.9,30.26
ORD_002105,1,PROD_000135,SELL_000002,2024-11-16,111.85,22.73
ORD_002106,1,PROD_000225,SELL_000010,2024-05-18,391.08,19.82
ORD_002106,2,PROD_000066,SELL_000012,2024-09-05,186.1,16.65
ORD_002107,1,PROD_000251,SELL_000015,2024-03-10,347.86,36.99
ORD_002107,2,PROD_000248,SELL_000012,2024-04-05,448.87,9.59
ORD_002107,3,PROD_000162,SELL_000023,2024-05-02,81.54,7.26
ORD_002107,4,PROD_000050,SELL_000026,2024-11-13,433.89,13.44
ORD_002108,1,PROD_000291,SELL_000029,2024-05-10,187.13,8.84
ORD_002108,2,PROD_000341,SELL_000026,2024-06-23,409.26,49.49
ORD_002109,1,PROD_000217,SELL_000001,2024-10-07,205.5,39.87
ORD_002110,1,PROD_000427,SELL_000038,2024-06-16,440.59,15.11
ORD_002110,2,PROD_000298,SELL_000028,2024-08-07,408.54,5.21
ORD_002110,3,PROD_000377,SELL_000022,2024-08-26,168.62,11.7
ORD_002111,1,PROD_000208,SELL_000026,2024-06-06,454.31,26.55
ORD_002111,2,PROD_000500,SELL_000044,2024-02-18,260.9,14.55
ORD_002111,3,PROD_000460,SELL_000009,2024-12-04,11.87,11.98
ORD_002111,4,PROD_000378,SELL_000037,2024-03-02,295.65,8.93
ORD_002111,5,PROD_000135,SELL_000026,2024-06-18,463.95,43.72
ORD_002112,1,PROD_000480,SELL_000014,2024-08-10,294.35,34.9
ORD_002112,2,PROD_000261,SELL_000022,2024-02-03,485.27,25.62
ORD_002112,3,PROD_000378,SELL_000027,2024-11-29,438.26,20.98
ORD_002112,4,PROD_000317,SELL_000049,2024-10-25,46.86,48.11
ORD_002113,1,PROD_000423,SELL_000027,2024-10-27,226.98,7.76
ORD_002113,2,PROD_000095,SELL_000009,2024-04-12,195.34,49.25
ORD_002113,3,PROD_000293,SELL_000046,2024-10-21,398.56,20.64
ORD_002113,4,PROD_000054,SELL_000019,2024-05-01,230.65,5.2
ORD_002114,1,PROD_000101,SELL_000044,2024-05-09,487.18,18.35
ORD_002114,2,PROD_000054,SELL_000027,2024-03-21,220.61,10.38
ORD_002114,3,PROD_000240,SELL_000031,2024-05-20,357.02,17.3
ORD_002115,1,PROD_000075,SELL_000007,2024-04-06,343.07,10.9
ORD_002115,2,PROD_000331,SELL_000007,2024-10-30,422.29,13.63
ORD_002116,1,PROD_000048,SELL_000043,2024-12-16,292.41,46.25
ORD_002116,2,PROD_000132,SELL_000029,2024-04-15,60.94,19.7
ORD_002116,3,PROD_000017,SELL_000043,2024-04-01,299.55,21.44
ORD_002116,4,PROD_000122,SELL_000047,2024-10-14,170.19,27.78
ORD_002116,5,PROD_000106,SELL_000016,2024-03-28,242.24,6.1
ORD_002117,1,PROD_000107,SELL_000048,2024-06-15,52.91,14.79
ORD_002117,2,PROD_000333,SELL_000028,2024-04-14,492.5,36.9
ORD_002117,3,PROD_000116,SELL_000005,2024-12-23,225.35,8.5
ORD_002118,1,PROD_000458,SELL_000025,2024-04-28,465.59,13.8
ORD_002119,1,PROD_000134,SELL_000029,2024-11-18,51.71,21.13
ORD_002119,2,PROD_000134,SELL_000014,2024-05-05,469.03,33.52
ORD_002119,3,PROD_000484,SELL_000011,2024-06-15,158.32,26.81
ORD_002120,1,PROD_000279,SELL_000037,2024-03-14,347.78,11.62
ORD_002120,2,PROD_000204,SELL_000035,2024-03-10,289.11,34.02
ORD_002120,3,PROD_000462,SELL_000047,2024-05-11,177.09,29.8
ORD_002120,4,PROD_000022,SELL_000012,2024-09-20,466.28,20.6
ORD_002121,1,PROD_000346,SELL_000036,2024-08-02,290.72,35.9
ORD_002122,1,PROD_000388,SELL_000037,2024-12-06,325.76,48.73
ORD_002123,1,PROD_000381,SELL_000012,2024-07-09,471.3,31.86
ORD_002123,2,PROD_000101,SELL_000007,2024-06-04,167.9,37.83
ORD_002123,3,PROD_000174,SELL_000007,2024-04-13,116.32,28.28
ORD_002123,4,PROD_000223,SELL_000008,2024-04-25,212.99,36.15
ORD_002124,1,PROD_000042,SELL_000028,2024-02-22,220.38,5.49
ORD_002124,2,PROD_000140,SELL_000016,2024-04-26,231.81,5.89
ORD_002124,3,PROD_000386,SELL_000043,2024-12-22,417.3,22.21
ORD_002124,4,PROD_000041,SELL_000009,2024-09-13,353.39,26.77
ORD_002125,1,PROD_000311,SELL_000049,2024-07-11,482.0,41.21
ORD_002125,2,PROD_000090,SELL_000007,2024-08-21,396.82,41.69
ORD_002125,3,PROD_000305,SELL_000020,2024-01-02,334.89,22.45
ORD_002125,4,PROD_000395,SELL_000029,2024-03-13,493.77,24.18
ORD_002126,1,PROD_000438,SELL_000004,2024-05-20,53.65,24.35
ORD_002126,2,PROD_000314,SELL_000013,2024-02-04,311.77,49.0
ORD_002127,1,PROD_000456,SELL_000029,2024-10-10,463.55,33.48
ORD_002127,2,PROD_000161,SELL_000048,2024-12-20,468.64,22.33
ORD_002127,3,PROD_000133,SELL_000032,2024-05-13,16.99,40.06
ORD_002127,4,PROD_000060,SELL_000039,2024-03-15,322.71,20.5
ORD_002128,1,PROD_000232,SELL_000022,2024-06-17,401.64,16.72
ORD_002129,1,PROD_000223,SELL_000008,2024-06-01,355.94,29.37
ORD_002130,1,PROD_000026,SELL_000015,2024-11-05,437.79,10.66
ORD_002130,2,PROD_000194,SELL_000031,2024-06-22,147.86,24.8
ORD_002130,3,PROD_000420,SELL_000038,2024-11-20,38.13,18.24
ORD_002131,1,PROD_000067,SELL_000023,2024-12-04,378.68,32.74
ORD_002131,2,PROD_000201,SELL_000013,2024-07-29,341.84,7.53
ORD_002131,3,PROD_000261,SELL_000022,2024-11-27,167.84,27.82
ORD_002132,1,PROD_000096,SELL_000013,2024-03-01,470.87,11.69
ORD_002132,2,PROD_000318,SELL_000028,2024-09-06,260.75,45.23
ORD_002132,3,PROD_000441,SELL_000020,2024-04-14,467.4,29.11
ORD_002132,4,PROD_000350,SELL_000043,2024-07-06,312.62,9.86
ORD_002132,5,PROD_000311,SELL_000030,2024-08-27,210.55,28.05
ORD_002133,1,PROD_000477,SELL_000026,2024-12-27,402.41,30.9
ORD_002133,2,PROD_000073,SELL_000022,2024-12-31,327.11,49.47
ORD_002133,3,PROD_000117,SELL_000032,2024-12-21,209.42,23.94
ORD_002133,4,PROD_000091,SELL_000033,2024-09-12,57.51,25.77
ORD_002133,5,PROD_000060,SELL_000028,2024-07-09,432.0,48.43
ORD_002134,1,PROD_000306,SELL_000049,2024-06-20,180.08,13.79
ORD_002134,2,PROD_000138,SELL_000024,2024-01-26,218.25,30.57
ORD_002134,3,PROD_000316,SELL_000022,2024-09-15,391.44,10.78
ORD_002135,1,PROD_000276,SELL_000027,2024-05-01,393.08,7.75
ORD_002135,2,PROD_000294,SELL_000047,2024-08-25,354.9,28.42
ORD_002135,3,PROD_000167,SELL_000045,2024-11-18,145.59,25.1
ORD_002136,1,PROD_000359,SELL_000050,2024-11-12,156.61,14.87
ORD_002136,2,PROD_000160,SELL_000037,2024-12-27,68.17,12.15
ORD_002137,1,PROD_000183,SELL_000017,2024-06-08,363.88,49.05
ORD_002138,1,PROD_000297,SELL_000026,2024-08-25,422.89,11.62
ORD_002139,1,PROD_000282,SELL_000024,2024-09-11,138.23,18.92
ORD_002139,2,PROD_000486,SELL_000050,2024-07-09,87.85,35.14
ORD_002140,1,PROD_000326,SELL_000045,2024-08-27,495.99,40.56
ORD_002140,2,PROD_000103,SELL_000024,2024-05-09,461.24,24.4
ORD_002140,3,PROD_000479,SELL_000015,2024-01-27,482.72,40.52
ORD_002140,4,PROD_000338,SELL_000029,2024-10-20,407.85,26.98
ORD_002141,1,PROD_000342,SELL_000042,2024-01-02,295.56,22.79
ORD_002142,1,PROD_000393,SELL_000007,2024-11-15,426.91,6.04
ORD_002142,2,PROD_000087,SELL_000015,2024-05-24,475.8,23.37
ORD_002142,3,PROD_000186,SELL_000047,2024-01-23,143.25,37.05
ORD_002143,1,PROD_000256,SELL_000004,2024-09-20,84.94,11.82
ORD_002144,1,PROD_000301,SELL_000010,2024-06-12,53.14,36.5
ORD_002145,1,PROD_000015,SELL_000001,2024-04-02,296.72,21.02
ORD_002145,2,PROD_000033,SELL_000048,2024-02-18,158.89,16.55
ORD_002145,3,PROD_000346,SELL_000029,2024-04-01,312.28,7.47
ORD_002145,4,PROD_000178,SELL_000024,2024-06-14,72.01,26.67
ORD_002145,5,PROD_000097,SELL_000045,2024-11-13,23.68,32.59
ORD_002146,1,PROD_000177,SELL_000031,2024-12-26,387.29,19.1
ORD_002146,2,PROD_000476,SELL_000035,2024-05-25,148.94,42.11
ORD_002146,3,PROD_000119,SELL_000013,2024-04-18,413.44,16.05
ORD_002146,4,PROD_000461,SELL_000041,2024-10-13,276.58,18.84
ORD_002147,1,PROD_000176,SELL_000005,2024-10-20,460.27,14.32
ORD_002147,2,PROD_000149,SELL_000036,2024-04-13,398.07,30.16
ORD_002147,3,PROD_000151,SELL_000006,2024-04-17,30.16,24.0
ORD_002147,4,PROD_000026,SELL_000026,2024-12-05,387.77,16.46
ORD_002148,1,PROD_000412,SELL_000038,2024-01-23,108.66,33.75
ORD_002148,2,PROD_000290,SELL_000016,2024-05-29,464.36,10.34
ORD_002148,3,PROD_000249,SELL_000044,2024-09-05,372.25,33.14
ORD_002149,1,PROD_000105,SELL_000019,2024-12-18,329.19,47.09
ORD_002149,2,PROD_000363,SELL_000041,2024-01-23,478.99,36.66
ORD_002150,1,PROD_000057,SELL_000036,2024-03-19,417.66,9.49
ORD_002150,2,PROD_000436,SELL_000035,2024-03-23,55.09,22.23
ORD_002150,3,PROD_000009,SELL_000028,2024-12-07,102.29,12.42
ORD_002150,4,PROD_000113,SELL_000005,2024-09-28,465.02,25.76
ORD_002151,1,PROD_000059,SELL_000044,2024-02-14,334.09,42.08
ORD_002151,2,PROD_000279,SELL_000004,2024-03-20,463.47,15.6
ORD_002151,3,PROD_000278,SELL_000036,2024-05-04,444.79,49.88
ORD_002151,4,PROD_000349,SELL_000031,2024-01-05,387.47,11.32
ORD_002151,5,PROD_000431,SELL_000043,2024-07-02,230.37,44.72
ORD_002152,1,PROD_000401,SELL_000023,2024-08-05,161.71,34.67
ORD_002152,2,PROD_000463,SELL_000005,2024-11-07,331.19,13.52
ORD_002153,1,PROD_000466,SELL_000050,2024-08-20,350.04,28.55
ORD_002153,2,PROD_000128,SELL_000038,2024-10-17,353.69,12.31
ORD_002153,3,PROD_000414,SELL_000002,2024-12-06,86.84,27.6
ORD_002154,1,PROD_000496,SELL_000040,2024-03-15,38.21,8.16
ORD_002154,2,PROD_000325,SELL_000023,2024-11-15,46.9,19.43
ORD_002154,3,PROD_000311,SELL_000003,2024-11-04,324.92,34.47
ORD_002155,1,PROD_000346,SELL_000024,2024-09-03,77.84,45.27
ORD_002155,2,PROD_000316,SELL_000016,2024-11-11,176.6,30.93
ORD_002155,3,PROD_000328,SELL_000006,2024-01-14,197.64,37.31
ORD_002155,4,PROD_000116,SELL_000015,2024-04-20,460.64,13.29
ORD_002155,5,PROD_000197,SELL_000021,2024-04-21,474.54,18.3
ORD_002156,1,PROD_000440,SELL_000012,2024-12-21,156.97,22.51
ORD_002157,1,PROD_000316,SELL_000037,2024-12-27,93.92,48.33
ORD_002157,2,PROD_000186,SELL_000036,2024-06-26,365.03,38.26
ORD_002157,3,PROD_000014,SELL_000005,2024-01-02,343.25,10.04
ORD_002157,4,PROD_000325,SELL_000045,2024-12-21,463.1,35.59
ORD_002157,5,PROD_000348,SELL_000020,2024-06-05,389.16,29.78
ORD_002158,1,PROD_000252,SELL_000039,2024-03-14,11.92,17.2
ORD_002158,2,PROD_000188,SELL_000007,2024-12-20,279.19,48.68
ORD_002158,3,PROD_000008,SELL_000013,2024-12-14,75.99,9.62
ORD_002159,1,PROD_000234,SELL_000022,2024-11-12,310.02,11.03
ORD_002159,2,PROD_000399,SELL_000017,2024-11-18,302.53,49.83
ORD_002159,3,PROD_000124,SELL_000037,2024-02-09,22.77,49.32
ORD_002159,4,PROD_000091,SELL_000001,2024-12-20,144.41,37.54
ORD_002160,1,PROD_000328,SELL_000032,2024-03-09,259.02,8.04
ORD_002160,2,PROD_000077,SELL_000049,2024-11-02,232.4,31.79
ORD_002161,1,PROD_000168,SELL_000023,2024-02-29,86.32,14.66
ORD_002161,2,PROD_000029,SELL_000042,2024-01-30,252.0,32.33
ORD_002161,3,PROD_000395,SELL_000042,2024-04-19,111.85,6.04
ORD_002161,4,PROD_000093,SELL_000011,2024-06-28,60.7,22.42
ORD_002162,1,PROD_000428,SELL_000035,2024-11-15,309.47,10.31
ORD_002162,2,PROD_000085,SELL_000032,2024-05-27,214.77,9.44
ORD_002162,3,PROD_000107,SELL_000014,2024-06-05,188.57,45.07
ORD_002162,4,PROD_000178,SELL_000036,2024-04-01,323.1,47.61
ORD_002163,1,PROD_000480,SELL_000023,2024-07-23,88.21,31.1
ORD_002163,2,PROD_000088,SELL_000039,2024-06-16,424.04,6.48
ORD_002163,3,PROD_000459,SELL_000047,2024-10-18,158.93,18.36
ORD_002163,4,PROD_000385,SELL_000020,2024-09-13,188.59,14.36
ORD_002164,1,PROD_000219,SELL_000013,2024-08-20,382.81,45.82
ORD_002164,2,PROD_000422,SELL_000012,2024-06-28,481.05,47.08
ORD_002164,3,PROD_000395,SELL_000033,2024-07-01,276.26,45.94
ORD_002164,4,PROD_000255,SELL_000028,2024-08-02,295.94,45.44
ORD_002165,1,PROD_000347,SELL_000032,2024-09-06,364.23,19.47
ORD_002165,2,PROD_000288,SELL_000027,2024-07-07,471.12,7.35
ORD_002165,3,PROD_000238,SELL_000039,2024-10-25,212.64,17.6
ORD_002166,1,PROD_000035,SELL_000007,2024-07-11,297.09,5.24
ORD_002166,2,PROD_000316,SELL_000009,2024-06-19,212.29,25.54
ORD_002166,3,PROD_000159,SELL_000011,2024-08-06,138.55,48.08
ORD_002167,1,PROD_000317,SELL_000023,2024-01-25,425.56,29.55
ORD_002167,2,PROD_000403,SELL_000050,2024-06-03,347.43,23.33
ORD_002167,3,PROD_000004,SELL_000045,2024-11-18,200.97,27.82
ORD_002167,4,PROD_000401,SELL_000012,2024-09-16,191.93,37.22
ORD_002168,1,PROD_000214,SELL_000010,2024-08-26,171.82,43.65
ORD_002169,1,PROD_000015,SELL_000041,2024-11-11,87.37,20.06
ORD_002169,2,PROD_000057,SELL_000012,2024-04-25,284.93,12.86
ORD_002170,1,PROD_000136,SELL_000045,2024-07-15,489.74,44.55
ORD_002170,2,PROD_000069,SELL_000032,2024-07-13,129.31,48.04
ORD_002170,3,PROD_000050,SELL_000019,2024-09-19,237.38,31.56
ORD_002171,1,PROD_000323,SELL_000006,2024-06-11,338.48,10.92
ORD_002171,2,PROD_000306,SELL_000022,2024-05-22,191.15,41.25
ORD_002171,3,PROD_000307,SELL_000016,2024-10-07,163.44,45.39
ORD_002171,4,PROD_000444,SELL_000015,2024-06-19,255.11,34.73
ORD_002172,1,PROD_000312,SELL_000041,2024-11-05,344.43,42.95
ORD_002172,2,PROD_000035,SELL_000028,2024-10-30,180.25,47.48
ORD_002172,3,PROD_000473,SELL_000049,2024-11-27,327.39,37.05
ORD_002172,4,PROD_000074,SELL_000009,2024-10-09,360.59,34.35
ORD_002172,5,PROD_000165,SELL_000006,2024-03-08,495.8,30.71
ORD_002173,1,PROD_000034,SELL_000036,2024-02-16,253.3,18.59
ORD_002174,1,PROD_000235,SELL_000016,2024-02-03,70.03,17.92
ORD_002174,2,PROD_000311,SELL_000028,2024-05-03,112.88,43.28
ORD_002174,3,PROD_000290,SELL_000035,2024-11-09,361.82,46.82
ORD_002174,4,PROD_000028,SELL_000021,2024-12-09,11.43,35.27
ORD_002174,5,PROD_000385,SELL_000021,2024-11-06,378.44,33.58
ORD_002175,1,PROD_000317,SELL_000042,2024-08-20,450.94,48.3
ORD_002176,1,PROD_000015,SELL_000046,2024-07-05,312.33,21.52
ORD_002177,1,PROD_000107,SELL_000017,2024-12-11,496.11,21.09
ORD_002177,2,PROD_000377,SELL_000018,2024-03-28,53.62,37.22
ORD_002177,3,PROD_000084,SELL_000002,2024-12-13,259.37,18.25
ORD_002177,4,PROD_000046,SELL_000033,2024-04-06,277.22,46.68
ORD_002177,5,PROD_000209,SELL_000021,2024-05-19,289.43,42.49
ORD_002178,1,PROD_000227,SELL_000012,2024-06-16,171.19,36.77
ORD_002178,2,PROD_000160,SELL_000008,2024-06-21,496.4,10.44
ORD_002178,3,PROD_000025,SELL_000037,2024-04-15,234.42,42.57
ORD_002178,4,PROD_000389,SELL_000030,2024-01-03,491.33,43.47
ORD_002178,5,PROD_000425,SELL_000038,2024-07-14,332.11,6.33
ORD_002179,1,PROD_000048,SELL_000043,2024-08-05,297.61,10.07
ORD_002179,2,PROD_000390,SELL_000024,2024-02-22,94.2,29.39
ORD_002179,3,PROD_000404,SELL_000036,2024-04-15,196.14,32.04
ORD_002179,4,PROD_000398,SELL_000024,2024-10-29,416.59,29.21
ORD_002180,1,PROD_000249,SELL_000030,2024-02-02,349.66,31.24
ORD_002180,2,PROD_000434,SELL_000009,2024-03-11,213.77,42.75
ORD_002181,1,PROD_000421,SELL_000024,2024-07-18,286.04,35.21
ORD_002182,1,PROD_000307,SELL_000002,2024-08-11,444.34,43.29
ORD_002182,2,PROD_000331,SELL_000012,2024-09-12,218.11,5.87
ORD_002182,3,PROD_000087,SELL_000046,2024-04-26,183.52,8.46
ORD_002183,1,PROD_000014,SELL_000040,2024-05-13,189.07,31.39
ORD_002183,2,PROD_000399,SELL_000025,2024-10-26,63.74,47.82
ORD_002184,1,PROD_000106,SELL_000046,2024-05-14,304.44,44.64
ORD_002184,2,PROD_000288,SELL_000023,2024-11-22,333.62,14.02
ORD_002184,3,PROD_000245,SELL_000023,2024-10-18,434.63,36.27
ORD_002184,4,PROD_000138,SELL_000038,2024-12-21,51.66,37.96
ORD_002185,1,PROD_000456,SELL_000046,2024-09-28,254.03,5.12
ORD_002185,2,PROD_000288,SELL_000034,2024-02-16,318.64,34.8
ORD_002185,3,PROD_000438,SELL_000046,2024-12-15,52.83,37.44
ORD_002185,4,PROD_000120,SELL_000031,2024-11-09,169.64,35.08
ORD_002186,1,PROD_000107,SELL_000013,2024-02-19,140.32,12.49
ORD_002186,2,PROD_000042,SELL_000041,2024-08-15,16.1,25.94
ORD_002187,1,PROD_000075,SELL_000032,2024-09-15,247.73,32.08
ORD_002188,1,PROD_000126,SELL_000048,2024-09-19,247.8,41.58
ORD_002188,2,PROD_000331,SELL_000003,2024-09-20,365.08,13.64
ORD_002189,1,PROD_000089,SELL_000048,2024-01-27,416.96,47.22
ORD_002189,2,PROD_000093,SELL_000004,2024-06-06,148.14,18.22
ORD_002190,1,PROD_000442,SELL_000021,2024-02-28,305.82,28.17
ORD_002190,2,PROD_000449,SELL_000050,2024-10-15,58.07,44.63
ORD_002191,1,PROD_000181,SELL_000031,2024-02-28,403.53,6.55
ORD_002191,2,PROD_000149,SELL_000010,2024-12-09,436.48,49.62
ORD_002191,3,PROD_000303,SELL_000002,2024-01-09,354.62,43.95
ORD_002191,4,PROD_000096,SELL_000033,2024-05-31,90.39,17.37
ORD_002191,5,PROD_000050,SELL_000032,2024-01-24,356.19,29.26
ORD_002192,1,PROD_000437,SELL_000041,2024-02-19,126.89,27.15
ORD_002192,2,PROD_000142,SELL_000014,2024-05-12,27.11,49.41
ORD_002193,1,PROD_000430,SELL_000022,2024-12-08,241.77,12.68
ORD_002194,1,PROD_000255,SELL_000015,2024-04-25,130.51,20.63
ORD_002195,1,PROD_000120,SELL_000027,2024-09-14,90.01,12.3
ORD_002196,1,PROD_000322,SELL_000022,2024-03-21,310.47,46.73
ORD_002197,1,PROD_000316,SELL_000027,2024-10-11,190.33,17.95
ORD_002197,2,PROD_000090,SELL_000006,2024-02-18,198.83,25.33
ORD_002197,3,PROD_000325,SELL_000004,2024-08-02,90.42,28.14
ORD_002197,4,PROD_000484,SELL_000007,2024-03-09,141.24,25.57
ORD_002198,1,PROD_000222,SELL_000019,2024-11-22,321.71,35.05
ORD_002198,2,PROD_000110,SELL_000025,2024-03-20,415.78,10.75
ORD_002198,3,PROD_000388,SELL_000045,2024-05-06,445.43,19.97
ORD_002198,4,PROD_000325,SELL_000007,2024-02-24,127.51,16.53
ORD_002199,1,PROD_000194,SELL_000035,2024-12-19,489.62,44.69
ORD_002199,2,PROD_000297,SELL_000021,2024-01-15,299.05,41.89
ORD_002199,3,PROD_000043,SELL_000034,2024-05-27,259.28,31.35
ORD_002199,4,PROD_000304,SELL_000017,2024-07-02,143.07,46.02
ORD_002199,5,PROD_000299,SELL_000018,2024-11-01,225.2,20.83
ORD_002200,1,PROD_000432,SELL_000010,2024-12-04,450.65,7.48
ORD_002200,2,PROD_000251,SELL_000017,2024-06-06,495.9,35.55
ORD_002200,3,PROD_000230,SELL_000024,2024-07-30,123.16,16.57
ORD_002200,4,PROD_000001,SELL_000017,2024-07-16,169.53,44.28
ORD_002201,1,PROD_000133,SELL_000020,2024-08-04,349.95,21.34
ORD_002201,2,PROD_000159,SELL_000034,2024-02-05,401.12,38.27
ORD_002201,3,PROD_000082,SELL_000021,2024-03-10,354.62,28.02
ORD_002202,1,PROD_000274,SELL_000043,2024-07-21,156.02,19.31
ORD_002202,2,PROD_000009,SELL_000036,2024-11-09,122.38,6.12
ORD_002202,3,PROD_000122,SELL_000006,2024-09-01,464.93,18.22
ORD_002202,4,PROD_000040,SELL_000016,2024-11-02,57.98,39.96
ORD_002202,5,PROD_000360,SELL_000039,2024-11-13,474.73,20.31
ORD_002203,1,PROD_000113,SELL_000040,2024-04-20,248.96,26.77
ORD_002203,2,PROD_000068,SELL_000048,2024-08-14,371.53,49.94
ORD_002203,3,PROD_000129,SELL_000010,2024-03-25,136.12,12.39
ORD_002203,4,PROD_000163,SELL_000049,2024-01-02,361.12,43.33
ORD_002203,5,PROD_000347,SELL_000014,2024-05-21,381.06,13.37
ORD_002204,1,PROD_000071,SELL_000012,2024-04-28,487.58,43.5
ORD_002204,2,PROD_000468,SELL_000010,2024-01-24,227.83,46.13
ORD_002204,3,PROD_000307,SELL_000031,2024-06-26,116.1,26.49
ORD_002204,4,PROD_000483,SELL_000044,2024-01-28,429.39,15.63
ORD_002205,1,PROD_000306,SELL_000039,2024-10-13,335.38,30.0
ORD_002205,2,PROD_000251,SELL_000030,2024-04-18,120.8,21.78
ORD_002206,1,PROD_000001,SELL_000034,2024-06-24,458.87,13.51
ORD_002207,1,PROD_000188,SELL_000023,2024-12-16,465.14,45.16
ORD_002207,2,PROD_000403,SELL_000012,2024-08-01,472.65,12.16
ORD_002207,3,PROD_000045,SELL_000034,2024-11-06,147.76,49.45
ORD_002207,4,PROD_000393,SELL_000024,2024-02-22,366.36,30.05
ORD_002208,1,PROD_000392,SELL_000033,2024-10-16,355.86,31.03
ORD_002208,2,PROD_000499,SELL_000046,2024-12-09,55.73,10.51
ORD_002208,3,PROD_000052,SELL_000039,2024-11-14,142.43,30.26
ORD_002209,1,PROD_000419,SELL_000046,2024-10-14,125.22,11.07
ORD_002209,2,PROD_000329,SELL_000001,2024-07-30,135.05,14.02
ORD_002209,3,PROD_000471,SELL_000038,2024-12-02,447.66,19.36
ORD_002209,4,PROD_000097,SELL_000020,2024-04-11,101.92,30.37
ORD_002210,1,PROD_000365,SELL_000007,2024-11-02,227.96,33.15
ORD_002210,2,PROD_000139,SELL_000004,2024-10-17,340.74,14.71
ORD_002210,3,PROD_000150,SELL_000010,2024-05-22,389.84,42.26
ORD_002210,4,PROD_000498,SELL_000050,2024-01-18,434.29,32.58
ORD_002211,1,PROD_000349,SELL_000048,2024-08-24,120.24,21.93
ORD_002212,1,PROD_000069,SELL_000019,2024-11-28,121.43,34.59
ORD_002212,2,PROD_000336,SELL_000043,2024-09-12,384.8,12.68
ORD_002213,1,PROD_000246,SELL_000033,2024-05-03,421.11,38.15
ORD_002213,2,PROD_000473,SELL_000032,2024-03-02,448.84,8.76
ORD_002213,3,PROD_000464,SELL_000011,2024-07-07,252.92,41.5
ORD_002214,1,PROD_000222,SELL_000039,2024-02-10,34.43,18.65
ORD_002214,2,PROD_000058,SELL_000037,2024-09-15,419.67,34.66
ORD_002214,3,PROD_000242,SELL_000049,2024-03-25,498.23,18.09
ORD_002214,4,PROD_000320,SELL_000024,2024-04-01,499.79,24.83
ORD_002214,5,PROD_000293,SELL_000038,2024-11-18,409.18,21.0
ORD_002215,1,PROD_000108,SELL_000006,2024-02-17,467.65,30.45
ORD_002215,2,PROD_000253,SELL_000033,2024-10-23,184.85,24.18
ORD_002215,3,PROD_000184,SELL_000004,2024-02-25,440.82,7.17
ORD_002215,4,PROD_000191,SELL_000018,2024-06-01,487.01,38.81
ORD_002215,5,PROD_000239,SELL_000029,2024-07-19,38.96,34.94
ORD_002216,1,PROD_000114,SELL_000007,2024-07-19,77.43,42.96
ORD_002216,2,PROD_000189,SELL_000006,2024-01-14,491.63,5.87
ORD_002217,1,PROD_000441,SELL_000027,2024-10-03,180.92,43.74
ORD_002217,2,PROD_000123,SELL_000038,2024-09-01,496.93,15.65
ORD_002217,3,PROD_000139,SELL_000029,2024-11-24,410.35,9.1
ORD_002217,4,PROD_000355,SELL_000035,2024-05-18,402.95,21.47
ORD_002218,1,PROD_000444,SELL_000025,2024-04-27,431.88,46.66
ORD_002219,1,PROD_000090,SELL_000038,2024-02-10,272.62,13.64
ORD_002220,1,PROD_000437,SELL_000031,2024-03-10,171.8,10.09
ORD_002220,2,PROD_000072,SELL_000039,2024-12-06,265.43,6.41
ORD_002221,1,PROD_000489,SELL_000049,2024-02-15,35.83,22.13
ORD_002221,2,PROD_000120,SELL_000029,2024-01-14,187.84,22.26
ORD_002222,1,PROD_000345,SELL_000019,2024-10-13,364.12,12.85
ORD_002222,2,PROD_000180,SELL_000011,2024-03-20,292.12,19.67
ORD_002222,3,PROD_000435,SELL_000026,2024-06-22,477.32,38.99
ORD_002222,4,PROD_000345,SELL_000018,2024-09-11,194.27,41.53
ORD_002223,1,PROD_000309,SELL_000006,2024-06-02,191.59,45.47
ORD_002223,2,PROD_000488,SELL_000004,2024-04-16,198.59,15.14
ORD_002223,3,PROD_000383,SELL_000019,2024-03-23,418.18,14.18
ORD_002223,4,PROD_000082,SELL_000017,2024-08-12,217.83,44.01
ORD_002224,1,PROD_000086,SELL_000027,2024-12-24,246.1,8.32
ORD_002224,2,PROD_000156,SELL_000042,2024-08-14,298.14,17.49
ORD_002225,1,PROD_000385,SELL_000022,2024-03-27,380.5,18.24
ORD_002225,2,PROD_000388,SELL_000011,2024-12-21,31.19,31.88
ORD_002225,3,PROD_000219,SELL_000017,2024-03-17,189.45,32.19
ORD_002226,1,PROD_000027,SELL_000025,2024-05-20,122.41,8.74
ORD_002226,2,PROD_000432,SELL_000042,2024-07-23,29.6,34.11
ORD_002226,3,PROD_000149,SELL_000049,2024-09-19,314.96,46.06
ORD_002226,4,PROD_000114,SELL_000005,2024-02-26,219.82,10.53
ORD_002226,5,PROD_000195,SELL_000022,2024-05-01,445.11,30.48
ORD_002227,1,PROD_000095,SELL_000006,2024-02-20,388.4,33.76
ORD_002227,2,PROD_000486,SELL_000044,2024-06-12,147.18,13.26
ORD_002227,3,PROD_000003,SELL_000006,2024-06-27,21.23,38.36
ORD_002228,1,PROD_000431,SELL_000041,2024-08-27,309.42,40.5
ORD_002228,2,PROD_000361,SELL_000034,2024-08-01,420.49,6.2
ORD_002229,1,PROD_000124,SELL_000022,2024-09-27,361.95,21.62
ORD_002229,2,PROD_000181,SELL_000033,2024-11-27,474.22,15.1
ORD_002229,3,PROD_000134,SELL_000021,2024-05-15,320.49,25.17
ORD_002229,4,PROD_000392,SELL_000040,2024-08-18,291.49,39.74
ORD_002229,5,PROD_000365,SELL_000031,2024-05-14,75.16,38.01
ORD_002230,1,PROD_000324,SELL_000038,2024-11-28,491.92,37.9
ORD_002230,2,PROD_000435,SELL_000020,2024-04-20,198.45,12.54
ORD_002231,1,PROD_000168,SELL_000026,2024-09-21,135.35,49.08
ORD_002231,2,PROD_000454,SELL_000044,2024-09-28,170.62,41.31
ORD_002231,3,PROD_000456,SELL_000029,2024-09-25,432.31,44.33
ORD_002231,4,PROD_000465,SELL_000031,2024-04-03,383.85,15.47
ORD_002232,1,PROD_000055,SELL_000022,2024-09-29,12.8,43.63
ORD_002232,2,PROD_000494,SELL_000029,2024-09-25,340.59,46.62
ORD_002232,3,PROD_000305,SELL_000017,2024-07-11,63.07,43.08
ORD_002232,4,PROD_000459,SELL_000039,2024-04-24,342.87,43.54
ORD_002232,5,PROD_000412,SELL_000019,2024-07-31,246.34,34.06
ORD_002233,1,PROD_000316,SELL_000038,2024-03-21,237.44,12.7
ORD_002233,2,PROD_000225,SELL_000007,2024-01-12,439.73,37.57
ORD_002233,3,PROD_000373,SELL_000040,2024-07-08,435.55,33.83
ORD_002233,4,PROD_000098,SELL_000021,2024-02-08,402.79,30.18
ORD_002233,5,PROD_000249,SELL_000023,2024-08-20,37.24,14.18
ORD_002234,1,PROD_000022,SELL_000037,2024-05-06,194.37,14.96
ORD_002234,2,PROD_000324,SELL_000002,2024-02-04,151.37,41.31
ORD_002235,1,PROD_000405,SELL_000007,2024-11-15,479.32,12.1
ORD_002235,2,PROD_000289,SELL_000043,2024-05-28,44.78,7.58
ORD_002235,3,PROD_000219,SELL_000032,2024-06-17,269.99,5.64
ORD_002236,1,PROD_000400,SELL_000047,2024-04-24,85.31,37.85
ORD_002236,2,PROD_000396,SELL_000047,2024-09-26,447.3,16.98
ORD_002236,3,PROD_000037,SELL_000006,2024-08-22,48.03,13.53
ORD_002236,4,PROD_000018,SELL_000049,2024-05-08,475.31,26.8
ORD_002236,5,PROD_000317,SELL_000030,2024-02-22,269.22,23.54
ORD_002237,1,PROD_000303,SELL_000004,2024-10-10,237.98,40.99
ORD_002237,2,PROD_000120,SELL_000031,2024-04-21,485.84,9.75
ORD_002237,3,PROD_000214,SELL_000037,2024-03-15,229.24,32.43
ORD_002237,4,PROD_000252,SELL_000020,2024-07-31,463.97,8.8
ORD_002238,1,PROD_000497,SELL_000026,2024-11-23,308.54,34.33
ORD_002239,1,PROD_000241,SELL_000019,2024-01-28,10.79,36.01
ORD_002239,2,PROD_000029,SELL_000005,2024-09-20,115.55,21.67
ORD_002239,3,PROD_000346,SELL_000045,2024-07-23,196.83,43.99
ORD_002239,4,PROD_000279,SELL_000001,2024-07-13,55.94,28.7
ORD_002240,1,PROD_000403,SELL_000016,2024-08-21,30.1,27.48
ORD_002240,2,PROD_000425,SELL_000002,2024-02-22,13.02,11.73
ORD_002240,3,PROD_000072,SELL_000009,2024-03-01,92.94,22.81
ORD_002241,1,PROD_000448,SELL_000040,2024-01-23,166.13,43.02
ORD_002241,2,PROD_000019,SELL_000008,2024-02-10,383.07,45.19
ORD_002242,1,PROD_000376,SELL_000025,2024-10-17,106.01,17.09
ORD_002243,1,PROD_000058,SELL_000001,2024-07-15,458.79,24.64
ORD_002243,2,PROD_000266,SELL_000031,2024-02-04,29.44,49.13
ORD_002243,3,PROD_000145,SELL_000040,2024-06-06,48.88,40.62
ORD_002243,4,PROD_000482,SELL_000050,2024-08-06,122.39,13.08
ORD_002243,5,PROD_000077,SELL_000048,2024-03-19,187.77,30.53
ORD_002244,1,PROD_000396,SELL_000009,2024-10-30,469.08,27.81
ORD_002244,2,PROD_000198,SELL_000008,2024-08-10,228.57,9.88
ORD_002244,3,PROD_000460,SELL_000032,2024-01-12,435.14,12.02
ORD_002245,1,PROD_000130,SELL_000020,2024-11-01,201.33,19.71
ORD_002245,2,PROD_000498,SELL_000011,2024-12-28,144.95,38.25
ORD_002245,3,PROD_000462,SELL_000046,2024-02-13,423.8,34.85
ORD_002246,1,PROD_000469,SELL_000021,2024-05-15,321.89,7.27
ORD_002246,2,PROD_000357,SELL_000030,2024-06-26,312.67,48.69
ORD_002247,1,PROD_000451,SELL_000011,2024-05-31,79.41,16.33
ORD_002248,1,PROD_000215,SELL_000014,2024-05-06,482.78,13.07
ORD_002248,2,PROD_000060,SELL_000043,2024-08-26,318.38,17.94
ORD_002249,1,PROD_000255,SELL_000008,2024-12-18,481.23,11.91
ORD_002249,2,PROD_000080,SELL_000002,2024-07-25,54.15,14.29
ORD_002249,3,PROD_000411,SELL_000041,2024-03-08,17.03,9.76
ORD_002249,4,PROD_000269,SELL_000027,2024-08-19,218.4,37.94
ORD_002250,1,PROD_000144,SELL_000020,2024-09-23,443.36,13.0
ORD_002250,2,PROD_000382,SELL_000032,2024-10-11,15.33,46.04
ORD_002250,3,PROD_000315,SELL_000004,2024-01-24,461.38,45.43
ORD_002250,4,PROD_000314,SELL_000028,2024-04-28,25.33,31.04
ORD_002251,1,PROD_000214,SELL_000026,2024-08-18,381.25,24.66
ORD_002251,2,PROD_000291,SELL_000025,2024-01-18,320.06,47.63
ORD_002251,3,PROD_000364,SELL_000039,2024-08-11,473.28,19.03
ORD_002251,4,PROD_000313,SELL_000039,2024-02-06,454.39,33.68
ORD_002252,1,PROD_000406,SELL_000046,2024-09-10,70.27,23.68
ORD_002252,2,PROD_000421,SELL_000039,2024-06-17,433.81,49.43
ORD_002252,3,PROD_000497,SELL_000021,2024-11-23,256.04,16.91
ORD_002253,1,PROD_000466,SELL_000027,2024-06-26,239.21,37.26
ORD_002253,2,PROD_000061,SELL_000016,2024-12-19,409.46,33.5
ORD_002253,3,PROD_000057,SELL_000023,2024-04-12,134.79,25.95
ORD_002254,1,PROD_000109,SELL_000041,2024-03-31,265.35,43.2
ORD_002254,2,PROD_000395,SELL_000014,2024-03-16,469.27,39.96
ORD_002254,3,PROD_000413,SELL_000030,2024-07-13,218.86,19.42
ORD_002254,4,PROD_000388,SELL_000047,2024-10-01,319.47,10.76
ORD_002254,5,PROD_000441,SELL_000020,2024-11-01,387.52,18.03
ORD_002255,1,PROD_000353,SELL_000020,2024-06-25,317.73,34.14
ORD_002255,2,PROD_000097,SELL_000047,2024-01-17,362.84,11.99
ORD_002255,3,PROD_000052,SELL_000020,2024-04-30,198.53,19.69
ORD_002255,4,PROD_000436,SELL_000037,2024-05-31,185.96,46.19
ORD_002256,1,PROD_000284,SELL_000012,2024-04-21,76.86,16.2
ORD_002256,2,PROD_000405,SELL_000022,2024-05-06,117.0,22.44
ORD_002256,3,PROD_000264,SELL_000011,2024-03-09,389.35,28.57
ORD_002256,4,PROD_000494,SELL_000047,2024-08-01,409.82,39.67
ORD_002256,5,PROD_000344,SELL_000024,2024-06-05,306.35,33.55
ORD_002257,1,PROD_000499,SELL_000015,2024-12-25,311.23,5.03
ORD_002258,1,PROD_000120,SELL_000041,2024-08-27,323.03,8.3
ORD_002258,2,PROD_000314,SELL_000005,2024-07-07,339.28,26.68
ORD_002259,1,PROD_000051,SELL_000020,2024-02-16,66.45,8.55
ORD_002260,1,PROD_000056,SELL_000041,2024-07-14,420.49,14.53
ORD_002260,2,PROD_000182,SELL_000016,2024-11-09,143.93,29.7
ORD_002260,3,PROD_000058,SELL_000023,2024-10-07,236.7,37.51
ORD_002260,4,PROD_000208,SELL_000022,2024-01-21,292.66,7.89
ORD_002260,5,PROD_000104,SELL_000039,2024-08-18,441.44,21.39
ORD_002261,1,PROD_000455,SELL_000029,2024-11-07,379.07,39.19
ORD_002261,2,PROD_000062,SELL_000024,2024-02-03,28.85,47.23
ORD_002261,3,PROD_000286,SELL_000006,2024-02-02,24.91,31.02
ORD_002262,1,PROD_000151,SELL_000015,2024-01-09,27.39,25.67
ORD_002262,2,PROD_000116,SELL_000009,2024-01-09,341.89,20.12
ORD_002262,3,PROD_000290,SELL_000019,2024-03-16,228.77,23.59
ORD_002263,1,PROD_000284,SELL_000001,2024-11-21,267.81,22.22
ORD_002263,2,PROD_000102,SELL_000011,2024-07-21,406.83,23.77
ORD_002264,1,PROD_000356,SELL_000042,2024-02-22,52.98,16.09
ORD_002264,2,PROD_000383,SELL_000004,2024-08-23,176.46,43.68
ORD_002265,1,PROD_000443,SELL_000031,2024-02-11,145.4,16.98
ORD_002265,2,PROD_000494,SELL_000012,2024-08-10,363.39,18.13
ORD_002265,3,PROD_000304,SELL_000015,2024-01-17,399.12,35.16
ORD_002265,4,PROD_000411,SELL_000017,2024-07-15,445.42,17.66
ORD_002265,5,PROD_000102,SELL_000033,2024-04-14,418.53,37.75
ORD_002266,1,PROD_000212,SELL_000032,2024-06-03,357.25,11.05
ORD_002267,1,PROD_000372,SELL_000039,2024-06-10,455.06,44.24
ORD_002267,2,PROD_000183,SELL_000035,2024-05-26,331.75,16.68
ORD_002267,3,PROD_000286,SELL_000038,2024-05-30,249.4,20.12
ORD_002267,4,PROD_000408,SELL_000033,2024-10-29,247.32,42.06
ORD_002267,5,PROD_000334,SELL_000020,2024-06-20,410.25,25.62
ORD_002268,1,PROD_000285,SELL_000038,2024-10-06,97.47,46.66
ORD_002268,2,PROD_000148,SELL_000022,2024-06-26,349.05,6.19
ORD_002268,3,PROD_000334,SELL_000018,2024-03-19,69.84,5.42
ORD_002268,4,PROD_000154,SELL_000041,2024-10-30,309.43,10.33
ORD_002268,5,PROD_000390,SELL_000031,2024-08-17,268.11,41.01
ORD_002269,1,PROD_000107,SELL_000037,2024-11-29,25.36,20.59
ORD_002269,2,PROD_000361,SELL_000040,2024-10-07,196.34,47.01
ORD_002269,3,PROD_000500,SELL_000048,2024-08-09,301.33,43.23
ORD_002270,1,PROD_000122,SELL_000037,2024-06-23,402.59,46.69
ORD_002270,2,PROD_000375,SELL_000001,2024-01-18,375.57,33.3
ORD_002271,1,PROD_000336,SELL_000023,2024-06-29,471.74,31.77
ORD_002271,2,PROD_000441,SELL_000043,2024-04-04,434.51,21.62
ORD_002272,1,PROD_000233,SELL_000032,2024-12-09,375.71,9.75
ORD_002272,2,PROD_000419,SELL_000023,2024-03-22,162.61,28.89
ORD_002273,1,PROD_000414,SELL_000003,2024-03-04,118.23,9.27
ORD_002273,2,PROD_000417,SELL_000008,2024-02-03,228.0,10.49
ORD_002273,3,PROD_000122,SELL_000043,2024-04-16,188.77,13.83
ORD_002273,4,PROD_000073,SELL_000019,2024-10-16,319.67,10.59
ORD_002274,1,PROD_000174,SELL_000028,2024-10-24,161.42,14.91
ORD_002275,1,PROD_000454,SELL_000036,2024-09-01,44.26,46.93
ORD_002275,2,PROD_000119,SELL_000021,2024-12-17,443.17,14.71
ORD_002275,3,PROD_000459,SELL_000045,2024-12-09,261.61,31.3
ORD_002275,4,PROD_000468,SELL_000004,2024-06-29,393.89,17.54
ORD_002276,1,PROD_000170,SELL_000028,2024-03-23,363.58,26.78
ORD_002276,2,PROD_000313,SELL_000028,2024-05-24,107.56,40.04
ORD_002277,1,PROD_000221,SELL_000006,2024-03-20,10.1,31.98
ORD_002278,1,PROD_000478,SELL_000036,2024-08-04,333.86,34.75
ORD_002278,2,PROD_000361,SELL_000031,2024-10-13,153.7,35.0
ORD_002279,1,PROD_000247,SELL_000022,2024-02-23,164.1,22.87
ORD_002279,2,PROD_000226,SELL_000009,2024-01-26,349.57,24.78
ORD_002279,3,PROD_000484,SELL_000048,2024-07-01,27.7,22.27
ORD_002279,4,PROD_000316,SELL_000038,2024-02-24,345.19,33.87
ORD_002280,1,PROD_000161,SELL_000048,2024-07-22,263.81,30.44
ORD_002280,2,PROD_000141,SELL_000019,2024-02-11,215.98,41.97
ORD_002280,3,PROD_000122,SELL_000014,2024-02-21,385.27,8.77
ORD_002280,4,PROD_000164,SELL_000025,2024-11-23,356.68,19.3
ORD_002280,5,PROD_000494,SELL_000002,2024-03-29,199.55,42.94
ORD_002281,1,PROD_000266,SELL_000003,2024-07-21,361.12,34.53
ORD_002282,1,PROD_000367,SELL_000016,2024-07-29,132.41,15.39
ORD_002283,1,PROD_000379,SELL_000008,2024-10-09,169.42,12.73
ORD_002283,2,PROD_000305,SELL_000043,2024-02-16,219.49,20.93
ORD_002283,3,PROD_000048,SELL_000013,2024-12-22,448.56,42.64
ORD_002284,1,PROD_000410,SELL_000040,2024-09-21,477.83,8.53
ORD_002284,2,PROD_000344,SELL_000019,2024-09-19,151.67,19.46
ORD_002285,1,PROD_000158,SELL_000013,2024-01-17,11.95,34.06
ORD_002285,2,PROD_000401,SELL_000022,2024-12-12,384.02,48.51
ORD_002285,3,PROD_000378,SELL_000032,2024-08-29,460.94,10.45
ORD_002286,1,PROD_000461,SELL_000027,2024-06-27,435.23,27.56
ORD_002286,2,PROD_000050,SELL_000026,2024-05-06,108.31,12.88
ORD_002286,3,PROD_000188,SELL_000015,2024-05-05,355.84,13.86
ORD_002287,1,PROD_000234,SELL_000048,2024-06-30,237.03,27.75
ORD_002287,2,PROD_000195,SELL_000026,2024-01-30,232.08,7.63
ORD_002287,3,PROD_000424,SELL_000022,2024-01-13,233.68,49.48
ORD_002288,1,PROD_000219,SELL_000003,2024-07-17,292.03,35.32
ORD_002288,2,PROD_000010,SELL_000033,2024-07-04,358.8,24.19
ORD_002288,3,PROD_000486,SELL_000004,2024-08-04,261.32,23.44
ORD_002288,4,PROD_000178,SELL_000048,2024-04-18,76.61,39.35
ORD_002289,1,PROD_000255,SELL_000018,2024-02-25,327.77,16.69
ORD_002289,2,PROD_000093,SELL_000044,2024-05-20,16.86,38.87
ORD_002289,3,PROD_000134,SELL_000013,2024-10-19,223.62,17.76
ORD_002290,1,PROD_000163,SELL_000038,2024-07-18,34.54,5.24
ORD_002290,2,PROD_000035,SELL_000036,2024-12-04,346.34,5.35
ORD_002291,1,PROD_000250,SELL_000007,2024-07-18,319.77,28.9
ORD_002291,2,PROD_000283,SELL_000008,2024-10-31,115.61,35.47
ORD_002291,3,PROD_000324,SELL_000042,2024-03-16,243.61,30.49
ORD_002291,4,PROD_000260,SELL_000038,2024-10-22,405.33,30.16
ORD_002291,5,PROD_000439,SELL_000007,2024-11-09,271.8,44.39
ORD_002292,1,PROD_000050,SELL_000027,2024-06-20,11.34,43.14
ORD_002292,2,PROD_000490,SELL_000005,2024-08-27,371.14,25.55
ORD_002293,1,PROD_000053,SELL_000033,2024-01-18,482.96,24.4
ORD_002294,1,PROD_000351,SELL_000021,2024-03-06,71.81,10.9
ORD_002294,2,PROD_000306,SELL_000006,2024-06-20,73.06,28.32
ORD_002294,3,PROD_000116,SELL_000011,2024-09-19,62.6,40.82
ORD_002294,4,PROD_000427,SELL_000026,2024-08-12,175.13,38.73
ORD_002295,1,PROD_000486,SELL_000032,2024-04-13,48.07,8.76
ORD_002295,2,PROD_000315,SELL_000050,2024-08-24,451.43,30.62
ORD_002295,3,PROD_000060,SELL_000016,2024-06-16,77.44,48.71
ORD_002295,4,PROD_000381,SELL_000032,2024-12-13,475.59,41.0
ORD_002296,1,PROD_000176,SELL_000040,2024-05-07,476.7,24.04
ORD_002296,2,PROD_000190,SELL_000005,2024-02-18,432.07,44.52
ORD_002296,3,PROD_000165,SELL_000028,2024-08-06,316.76,20.19
ORD_002297,1,PROD_000110,SELL_000039,2024-02-27,233.32,26.1
ORD_002297,2,PROD_000393,SELL_000022,2024-05-09,272.05,13.74
ORD_002297,3,PROD_000089,SELL_000035,2024-02-18,435.54,49.41
ORD_002297,4,PROD_000100,SELL_000019,2024-03-04,124.79,20.02
ORD_002298,1,PROD_000104,SELL_000019,2024-07-25,16.06,26.3
ORD_002298,2,PROD_000304,SELL_000027,2024-11-21,480.99,24.84
ORD_002299,1,PROD_000155,SELL_000042,2024-06-01,219.67,19.19
ORD_002299,2,PROD_000363,SELL_000017,2024-10-03,79.78,28.19
ORD_002299,3,PROD_000456,SELL_000032,2024-04-22,311.25,30.1
ORD_002299,4,PROD_000091,SELL_000007,2024-03-07,448.2,45.75
ORD_002300,1,PROD_000279,SELL_000032,2024-08-30,146.95,6.8
ORD_002300,2,PROD_000399,SELL_000023,2024-01-31,116.79,7.93
ORD_002300,3,PROD_000034,SELL_000014,2024-06-08,384.43,22.07
ORD_002300,4,PROD_000028,SELL_000035,2024-12-27,334.75,19.54
ORD_002300,5,PROD_000215,SELL_000040,2024-10-16,460.68,36.04
ORD_002301,1,PROD_000280,SELL_000032,2024-05-17,153.65,44.81
ORD_002301,2,PROD_000041,SELL_000015,2024-06-07,52.52,20.28
ORD_002302,1,PROD_000329,SELL_000034,2024-12-23,461.85,39.96
ORD_002302,2,PROD_000128,SELL_000017,2024-02-15,22.5,21.59
ORD_002303,1,PROD_000424,SELL_000009,2024-11-09,367.86,48.99
ORD_002303,2,PROD_000318,SELL_000029,2024-08-04,421.05,21.5
ORD_002303,3,PROD_000392,SELL_000011,2024-01-23,439.58,41.81
ORD_002303,4,PROD_000324,SELL_000004,2024-05-01,447.06,15.49
ORD_002304,1,PROD_000226,SELL_000044,2024-09-07,232.53,19.01
ORD_002304,2,PROD_000049,SELL_000003,2024-12-17,283.75,14.13
ORD_002304,3,PROD_000241,SELL_000008,2024-02-28,264.69,49.38
ORD_002304,4,PROD_000029,SELL_000001,2024-04-22,338.92,46.16
ORD_002305,1,PROD_000319,SELL_000048,2024-05-06,174.31,38.99
ORD_002306,1,PROD_000245,SELL_000048,2024-12-17,65.54,44.72
ORD_002306,2,PROD_000102,SELL_000044,2024-03-11,409.61,46.18
ORD_002307,1,PROD_000041,SELL_000043,2024-01-07,224.2,22.76
ORD_002307,2,PROD_000462,SELL_000028,2024-12-26,186.22,42.91
ORD_002308,1,PROD_000478,SELL_000018,2024-09-01,259.3,27.87
ORD_002308,2,PROD_000367,SELL_000042,2024-11-15,238.83,29.71
ORD_002308,3,PROD_000156,SELL_000023,2024-09-14,316.61,37.64
ORD_002308,4,PROD_000318,SELL_000047,2024-07-02,237.97,31.14
ORD_002308,5,PROD_000044,SELL_000007,2024-05-30,438.16,8.9
ORD_002309,1,PROD_000432,SELL_000019,2024-08-02,42.85,44.04
ORD_002309,2,PROD_000028,SELL_000025,2024-10-29,357.15,47.3
ORD_002309,3,PROD_000410,SELL_000015,2024-11-23,361.7,41.14
ORD_002309,4,PROD_000050,SELL_000002,2024-10-03,431.55,48.32
ORD_002309,5,PROD_000371,SELL_000050,2024-04-15,474.65,39.29
ORD_002310,1,PROD_000493,SELL_000026,2024-07-20,264.91,24.15
ORD_002310,2,PROD_000498,SELL_000043,2024-11-07,289.94,18.58
ORD_002310,3,PROD_000010,SELL_000002,2024-04-28,101.77,22.34
ORD_002310,4,PROD_000415,SELL_000022,2024-02-01,324.32,49.82
ORD_002310,5,PROD_000450,SELL_000021,2024-03-13,138.15,9.35
ORD_002311,1,PROD_000021,SELL_000047,2024-08-15,498.87,21.83
ORD_002311,2,PROD_000049,SELL_000015,2024-04-21,175.28,42.76
ORD_002312,1,PROD_000308,SELL_000024,2024-09-01,224.25,16.19
ORD_002312,2,PROD_000323,SELL_000049,2024-10-19,214.61,36.02
ORD_002312,3,PROD_000016,SELL_000035,2024-05-19,395.41,47.38
ORD_002313,1,PROD_000085,SELL_000049,2024-10-30,244.15,18.55
ORD_002313,2,PROD_000163,SELL_000014,2024-09-25,478.89,29.42
ORD_002313,3,PROD_000204,SELL_000005,2024-03-15,350.43,30.55
ORD_002313,4,PROD_000211,SELL_000032,2024-07-12,84.65,47.74
ORD_002313,5,PROD_000482,SELL_000013,2024-06-21,157.01,19.44
ORD_002314,1,PROD_000144,SELL_000047,2024-04-27,493.7,10.42
ORD_002315,1,PROD_000479,SELL_000043,2024-09-20,317.2,35.78
ORD_002315,2,PROD_000156,SELL_000036,2024-11-25,292.43,31.37
ORD_002316,1,PROD_000126,SELL_000005,2024-04-02,436.37,46.05
ORD_002316,2,PROD_000017,SELL_000034,2024-06-19,292.72,6.91
ORD_002316,3,PROD_000025,SELL_000050,2024-01-17,435.15,17.59
ORD_002317,1,PROD_000017,SELL_000014,2024-07-27,361.03,13.25
ORD_002317,2,PROD_000125,SELL_000032,2024-05-08,116.69,14.21
ORD_002317,3,PROD_000419,SELL_000041,2024-03-18,162.55,18.16
ORD_002317,4,PROD_000321,SELL_000029,2024-03-05,402.92,30.76
ORD_002318,1,PROD_000447,SELL_000026,2024-03-25,424.07,39.18
ORD_002318,2,PROD_000402,SELL_000031,2024-11-07,428.24,34.67
ORD_002318,3,PROD_000376,SELL_000047,2024-05-31,366.51,48.28
ORD_002318,4,PROD_000329,SELL_000040,2024-04-01,58.29,41.7
ORD_002319,1,PROD_000070,SELL_000032,2024-05-17,275.57,11.0
ORD_002319,2,PROD_000363,SELL_000022,2024-02-15,452.43,39.5
ORD_002319,3,PROD_000011,SELL_000047,2024-09-09,345.09,23.98
ORD_002319,4,PROD_000042,SELL_000015,2024-03-15,144.19,7.72
ORD_002320,1,PROD_000301,SELL_000025,2024-02-12,314.94,23.89
ORD_002320,2,PROD_000330,SELL_000041,2024-06-13,55.11,22.84
ORD_002320,3,PROD_000088,SELL_000031,2024-02-18,145.41,26.79
ORD_002321,1,PROD_000163,SELL_000045,2024-09-30,451.85,24.51
ORD_002321,2,PROD_000260,SELL_000028,2024-03-25,419.59,46.54
ORD_002321,3,PROD_000110,SELL_000029,2024-09-19,192.3,38.78
ORD_002321,4,PROD_000237,SELL_000007,2024-12-13,443.29,25.84
ORD_002322,1,PROD_000034,SELL_000037,2024-10-30,289.66,13.77
ORD_002322,2,PROD_000356,SELL_000042,2024-11-06,395.99,27.17
ORD_002323,1,PROD_000001,SELL_000043,2024-09-08,322.1,5.06
ORD_002323,2,PROD_000088,SELL_000042,2024-08-13,292.94,24.08
ORD_002323,3,PROD_000083,SELL_000048,2024-05-22,159.98,13.24
ORD_002323,4,PROD_000259,SELL_000019,2024-04-11,10.04,48.62
ORD_002324,1,PROD_000311,SELL_000035,2024-09-12,255.35,38.96
ORD_002324,2,PROD_000216,SELL_000019,2024-08-05,450.06,20.32
ORD_002325,1,PROD_000158,SELL_000048,2024-11-02,52.96,39.33
ORD_002325,2,PROD_000277,SELL_000027,2024-10-05,326.31,42.07
ORD_002325,3,PROD_000156,SELL_000039,2024-11-30,260.49,36.36
ORD_002325,4,PROD_000309,SELL_000046,2024-04-10,352.4,5.35
ORD_002325,5,PROD_000370,SELL_000038,2024-03-14,91.76,29.88
ORD_002326,1,PROD_000257,SELL_000031,2024-01-15,327.6,14.32
ORD_002326,2,PROD_000188,SELL_000024,2024-09-09,270.34,40.38
ORD_002326,3,PROD_000147,SELL_000021,2024-09-05,355.54,45.37
ORD_002326,4,PROD_000455,SELL_000021,2024-04-20,12.09,11.45
ORD_002327,1,PROD_000148,SELL_000014,2024-01-11,456.4,10.02
ORD_002327,2,PROD_000067,SELL_000010,2024-03-30,179.55,25.72
ORD_002327,3,PROD_000010,SELL_000017,2024-02-09,77.68,23.97
ORD_002327,4,PROD_000157,SELL_000049,2024-05-03,349.19,21.81
ORD_002328,1,PROD_000293,SELL_000018,2024-06-11,191.24,38.26
ORD_002329,1,PROD_000119,SELL_000007,2024-05-27,387.35,11.78
ORD_002329,2,PROD_000491,SELL_000028,2024-08-05,96.88,41.36
ORD_002329,3,PROD_000130,SELL_000032,2024-08-13,219.95,14.06
ORD_002329,4,PROD_000285,SELL_000010,2024-12-15,483.72,7.67
ORD_002330,1,PROD_000032,SELL_000004,2024-03-15,134.98,28.65
ORD_002331,1,PROD_000347,SELL_000049,2024-08-08,143.69,33.3
ORD_002331,2,PROD_000336,SELL_000038,2024-05-03,302.93,42.71
ORD_002331,3,PROD_000314,SELL_000031,2024-11-05,129.86,44.3
ORD_002331,4,PROD_000401,SELL_000041,2024-04-25,380.37,32.58
ORD_002331,5,PROD_000104,SELL_000016,2024-09-16,105.89,13.82
ORD_002332,1,PROD_000420,SELL_000028,2024-10-11,261.06,29.83
ORD_002332,2,PROD_000408,SELL_000026,2024-09-25,294.62,28.82
ORD_002332,3,PROD_000177,SELL_000033,2024-03-04,480.2,14.47
ORD_002332,4,PROD_000446,SELL_000047,2024-08-11,483.71,9.61
ORD_002333,1,PROD_000179,SELL_000012,2024-03-14,132.24,6.67
ORD_002333,2,PROD_000414,SELL_000041,2024-11-05,418.57,33.43
ORD_002333,3,PROD_000121,SELL_000031,2024-10-06,487.71,15.48
ORD_002333,4,PROD_000324,SELL_000024,2024-03-10,65.86,32.16
ORD_002334,1,PROD_000193,SELL_000034,2024-05-11,462.56,31.86
ORD_002335,1,PROD_000342,SELL_000013,2024-04-17,465.29,12.94
ORD_002336,1,PROD_000372,SELL_000023,2024-01-31,275.18,25.87
ORD_002336,2,PROD_000369,SELL_000010,2024-07-29,334.71,24.53
ORD_002336,3,PROD_000274,SELL_000006,2024-01-30,230.27,24.82
ORD_002336,4,PROD_000380,SELL_000029,2024-10-03,428.15,48.28
ORD_002336,5,PROD_000344,SELL_000046,2024-04-28,353.6,26.7
ORD_002337,1,PROD_000035,SELL_000039,2024-01-25,185.85,30.93
ORD_002337,2,PROD_000136,SELL_000028,2024-09-14,475.31,30.84
ORD_002337,3,PROD_000292,SELL_000015,2024-04-22,26.17,14.7
ORD_002337,4,PROD_000249,SELL_000018,2024-01-23,337.63,12.1
ORD_002337,5,PROD_000132,SELL_000009,2024-07-18,67.5,36.91
ORD_002338,1,PROD_000078,SELL_000018,2024-10-12,349.53,27.41
ORD_002338,2,PROD_000200,SELL_000023,2024-02-26,268.79,17.32
ORD_002339,1,PROD_000057,SELL_000040,2024-10-02,413.67,38.94
ORD_002339,2,PROD_000042,SELL_000014,2024-03-14,294.36,5.96
ORD_002339,3,PROD_000122,SELL_000024,2024-08-30,99.42,26.02
ORD_002339,4,PROD_000435,SELL_000014,2024-11-03,279.86,26.41
ORD_002339,5,PROD_000076,SELL_000026,2024-12-05,352.82,19.53
ORD_002340,1,PROD_000239,SELL_000009,2024-10-11,465.09,36.81
ORD_002341,1,PROD_000261,SELL_000042,2024-12-31,350.33,28.61
ORD_002341,2,PROD_000448,SELL_000001,2024-01-15,293.68,41.53
ORD_002342,1,PROD_000220,SELL_000028,2024-12-18,467.09,30.58
ORD_002342,2,PROD_000402,SELL_000045,2024-05-18,325.99,44.44
ORD_002342,3,PROD_000161,SELL_000045,2024-01-10,465.59,7.92
ORD_002342,4,PROD_000137,SELL_000040,2024-01-16,162.13,39.0
ORD_002342,5,PROD_000383,SELL_000015,2024-06-26,363.21,26.95
ORD_002343,1,PROD_000116,SELL_000019,2024-06-14,125.08,22.18
ORD_002343,2,PROD_000151,SELL_000040,2024-10-17,201.96,37.21
ORD_002343,3,PROD_000250,SELL_000032,2024-10-21,306.55,25.01
ORD_002344,1,PROD_000077,SELL_000011,2024-03-14,351.84,18.84
ORD_002344,2,PROD_000465,SELL_000025,2024-12-12,51.44,49.55
ORD_002345,1,PROD_000122,SELL_000003,2024-01-07,82.4,5.5
ORD_002345,2,PROD_000236,SELL_000050,2024-07-06,373.65,43.52
ORD_002346,1,PROD_000432,SELL_000027,2024-11-10,240.48,45.18
ORD_002346,2,PROD_000224,SELL_000045,2024-10-16,129.19,29.19
ORD_002346,3,PROD_000020,SELL_000021,2024-02-26,133.55,15.81
ORD_002346,4,PROD_000284,SELL_000025,2024-11-29,301.23,5.44
ORD_002347,1,PROD_000265,SELL_000005,2024-03-21,383.22,44.86
ORD_002347,2,PROD_000255,SELL_000022,2024-01-05,36.79,23.11
ORD_002347,3,PROD_000440,SELL_000050,2024-11-13,345.2,47.79
ORD_002347,4,PROD_000188,SELL_000034,2024-06-27,464.69,14.86
ORD_002348,1,PROD_000458,SELL_000043,2024-03-22,433.83,44.0
ORD_002348,2,PROD_000132,SELL_000021,2024-07-02,472.49,20.24
ORD_002348,3,PROD_000109,SELL_000012,2024-03-07,57.0,38.44
ORD_002348,4,PROD_000275,SELL_000040,2024-06-08,147.02,8.78
ORD_002348,5,PROD_000319,SELL_000050,2024-10-20,291.55,34.52
ORD_002349,1,PROD_000206,SELL_000037,2024-11-04,107.55,47.2
ORD_002349,2,PROD_000123,SELL_000036,2024-02-11,165.25,31.27
ORD_002349,3,PROD_000301,SELL_000003,2024-09-04,16.5,38.21
ORD_002349,4,PROD_000345,SELL_000049,2024-08-11,302.89,36.88
ORD_002350,1,PROD_000430,SELL_000028,2024-04-17,211.49,10.04
ORD_002351,1,PROD_000414,SELL_000009,2024-09-23,427.28,18.11
ORD_002352,1,PROD_000332,SELL_000008,2024-02-03,232.16,13.58
ORD_002352,2,PROD_000013,SELL_000044,2024-07-12,293.17,32.05
ORD_002352,3,PROD_000427,SELL_000034,2024-03-16,43.93,19.13
ORD_002352,4,PROD_000280,SELL_000029,2024-09-23,295.67,39.1
ORD_002352,5,PROD_000456,SELL_000037,2024-07-23,76.13,30.93
ORD_002353,1,PROD_000004,SELL_000050,2024-11-25,101.68,17.91
ORD_002353,2,PROD_000185,SELL_000010,2024-02-09,256.2,7.13
ORD_002354,1,PROD_000443,SELL_000004,2024-10-14,468.48,38.48
ORD_002354,2,PROD_000293,SELL_000007,2024-03-18,329.78,7.4
ORD_002354,3,PROD_000360,SELL_000047,2024-10-07,183.4,49.95
ORD_002354,4,PROD_000291,SELL_000027,2024-06-16,139.09,47.11
ORD_002355,1,PROD_000281,SELL_000018,2024-05-20,481.05,31.74
ORD_002356,1,PROD_000279,SELL_000028,2024-06-30,495.13,25.66
ORD_002356,2,PROD_000319,SELL_000050,2024-04-06,453.19,33.87
ORD_002357,1,PROD_000352,SELL_000024,2024-05-10,260.07,18.77
ORD_002358,1,PROD_000019,SELL_000022,2024-07-24,196.48,15.13
ORD_002358,2,PROD_000440,SELL_000047,2024-01-26,418.51,22.66
ORD_002358,3,PROD_000004,SELL_000038,2024-11-29,499.64,17.25
ORD_002358,4,PROD_000201,SELL_000007,2024-07-04,15.15,9.38
ORD_002359,1,PROD_000470,SELL_000022,2024-01-28,214.35,33.28
ORD_002359,2,PROD_000441,SELL_000025,2024-08-10,419.8,43.09
ORD_002360,1,PROD_000015,SELL_000023,2024-11-13,20.2,28.01
ORD_002360,2,PROD_000185,SELL_000042,2024-07-10,351.15,24.27
ORD_002360,3,PROD_000249,SELL_000035,2024-10-22,114.25,41.2
ORD_002361,1,PROD_000359,SELL_000016,2024-10-26,57.15,32.08
ORD_002361,2,PROD_000250,SELL_000018,2024-04-26,236.22,44.44
ORD_002361,3,PROD_000432,SELL_000038,2024-01-23,355.42,19.65
ORD_002361,4,PROD_000079,SELL_000006,2024-12-22,397.46,39.92
ORD_002361,5,PROD_000375,SELL_000025,2024-01-11,300.32,6.21
ORD_002362,1,PROD_000217,SELL_000018,2024-09-12,44.91,39.39
ORD_002362,2,PROD_000446,SELL_000020,2024-04-06,133.07,34.35
ORD_002362,3,PROD_000087,SELL_000006,2024-02-22,46.39,33.46
ORD_002362,4,PROD_000026,SELL_000009,2024-08-12,327.54,39.29
ORD_002363,1,PROD_000121,SELL_000032,2024-08-19,104.15,33.46
ORD_002363,2,PROD_000283,SELL_000007,2024-04-23,474.7,40.5
ORD_002364,1,PROD_000314,SELL_000035,2024-05-05,57.89,16.84
ORD_002365,1,PROD_000128,SELL_000032,2024-10-01,461.47,40.79
ORD_002365,2,PROD_000107,SELL_000020,2024-07-17,116.27,13.82
ORD_002366,1,PROD_000264,SELL_000029,2024-05-16,320.21,41.14
ORD_002366,2,PROD_000214,SELL_000021,2024-07-26,482.56,45.83
ORD_002367,1,PROD_000212,SELL_000049,2024-09-30,26.7,34.63
ORD_002367,2,PROD_000171,SELL_000036,2024-01-22,25.37,37.2
ORD_002367,3,PROD_000465,SELL_000036,2024-10-22,332.22,46.43
ORD_002367,4,PROD_000359,SELL_000049,2024-04-21,276.79,19.74
ORD_002368,1,PROD_000443,SELL_000004,2024-02-18,428.09,17.13
ORD_002368,2,PROD_000351,SELL_000035,2024-12-19,375.7,48.74
ORD_002368,3,PROD_000233,SELL_000035,2024-02-25,284.31,7.22
ORD_002369,1,PROD_000233,SELL_000040,2024-12-31,402.1,32.87
ORD_002369,2,PROD_000371,SELL_000007,2024-05-25,441.16,49.09
ORD_002369,3,PROD_000447,SELL_000008,2024-06-27,338.16,42.93
ORD_002369,4,PROD_000403,SELL_000008,2024-06-01,142.84,23.29
ORD_002370,1,PROD_000337,SELL_000039,2024-06-24,133.74,25.44
ORD_002370,2,PROD_000019,SELL_000001,2024-07-28,460.17,23.68
ORD_002370,3,PROD_000073,SELL_000026,2024-07-20,219.82,29.9
ORD_002370,4,PROD_000149,SELL_000021,2024-12-08,172.94,39.98
ORD_002370,5,PROD_000325,SELL_000044,2024-07-24,117.72,46.9
ORD_002371,1,PROD_000218,SELL_000028,2024-07-04,306.2,45.03
ORD_002371,2,PROD_000317,SELL_000039,2024-01-25,92.66,15.29
ORD_002371,3,PROD_000145,SELL_000050,2024-03-09,124.17,41.09
ORD_002371,4,PROD_000053,SELL_000028,2024-04-03,100.43,24.31
ORD_002372,1,PROD_000262,SELL_000020,2024-11-11,326.65,28.69
ORD_002372,2,PROD_000201,SELL_000007,2024-06-09,198.61,12.21
ORD_002372,3,PROD_000265,SELL_000015,2024-07-26,116.78,20.08
ORD_002373,1,PROD_000338,SELL_000024,2024-04-16,108.37,34.62
ORD_002374,1,PROD_000323,SELL_000013,2024-02-10,342.0,13.86
ORD_002375,1,PROD_000059,SELL_000007,2024-08-16,449.38,12.37
ORD_002375,2,PROD_000260,SELL_000019,2024-09-01,101.95,18.8
ORD_002375,3,PROD_000426,SELL_000037,2024-04-09,228.35,38.67
ORD_002375,4,PROD_000117,SELL_000050,2024-11-14,445.55,38.62
ORD_002376,1,PROD_000391,SELL_000025,2024-02-09,308.97,48.74
ORD_002376,2,PROD_000209,SELL_000036,2024-03-24,441.75,20.58
ORD_002376,3,PROD_000280,SELL_000022,2024-12-08,474.03,49.51
ORD_002376,4,PROD_000478,SELL_000018,2024-12-05,106.54,14.7
ORD_002377,1,PROD_000357,SELL_000044,2024-12-15,252.83,5.68
ORD_002377,2,PROD_000230,SELL_000020,2024-08-17,144.2,43.94
ORD_002377,3,PROD_000100,SELL_000040,2024-09-02,84.23,33.28
ORD_002378,1,PROD_000382,SELL_000032,2024-06-27,209.59,24.77
ORD_002379,1,PROD_000293,SELL_000004,2024-07-17,71.11,45.42
ORD_002379,2,PROD_000380,SELL_000019,2024-05-15,83.17,10.59
ORD_002379,3,PROD_000260,SELL_000003,2024-11-02,164.97,20.02
ORD_002379,4,PROD_000040,SELL_000038,2024-12-06,71.76,9.7
ORD_002379,5,PROD_000473,SELL_000009,2024-09-21,479.51,15.66
ORD_002380,1,PROD_000129,SELL_000001,2024-02-05,481.77,43.02
ORD_002380,2,PROD_000045,SELL_000043,2024-08-20,33.5,42.44
ORD_002380,3,PROD_000342,SELL_000025,2024-05-09,307.35,10.28
ORD_002380,4,PROD_000157,SELL_000021,2024-04-19,499.67,27.15
ORD_002380,5,PROD_000492,SELL_000023,2024-04-02,19.83,41.85
ORD_002381,1,PROD_000314,SELL_000007,2024-05-22,223.34,35.29
ORD_002381,2,PROD_000195,SELL_000044,2024-06-02,496.93,20.78
ORD_002381,3,PROD_000243,SELL_000015,2024-04-07,242.83,45.3
ORD_002381,4,PROD_000266,SELL_000018,2024-01-05,364.68,8.99
ORD_002382,1,PROD_000037,SELL_000041,2024-09-09,258.35,5.7
ORD_002382,2,PROD_000003,SELL_000032,2024-02-27,291.18,26.69
ORD_002382,3,PROD_000053,SELL_000043,2024-06-03,452.77,9.57
ORD_002383,1,PROD_000184,SELL_000007,2024-05-24,295.39,36.08
ORD_002383,2,PROD_000184,SELL_000021,2024-09-30,389.65,29.42
ORD_002383,3,PROD_000440,SELL_000014,2024-07-16,279.03,48.01
ORD_002383,4,PROD_000240,SELL_000012,2024-11-01,203.08,37.69
ORD_002383,5,PROD_000433,SELL_000034,2024-01-27,272.2,15.86
ORD_002384,1,PROD_000266,SELL_000005,2024-07-15,415.61,18.99
ORD_002384,2,PROD_000072,SELL_000030,2024-03-28,489.73,34.35
ORD_002384,3,PROD_000012,SELL_000039,2024-11-06,25.41,46.76
ORD_002384,4,PROD_000404,SELL_000020,2024-07-17,144.98,20.32
ORD_002384,5,PROD_000121,SELL_000002,2024-12-06,13.36,35.22
ORD_002385,1,PROD_000184,SELL_000046,2024-03-05,340.3,32.66
ORD_002385,2,PROD_000262,SELL_000006,2024-09-20,244.91,14.5
ORD_002385,3,PROD_000015,SELL_000012,2024-09-10,322.69,21.99
ORD_002386,1,PROD_000414,SELL_000030,2024-04-04,91.5,40.2
ORD_002386,2,PROD_000114,SELL_000028,2024-11-10,429.98,7.67
ORD_002387,1,PROD_000075,SELL_000042,2024-07-17,446.4,19.94
ORD_002387,2,PROD_000025,SELL_000017,2024-08-26,124.57,14.49
ORD_002388,1,PROD_000085,SELL_000027,2024-12-03,456.33,16.71
ORD_002388,2,PROD_000106,SELL_000004,2024-06-26,432.0,48.26
ORD_002389,1,PROD_000240,SELL_000013,2024-06-06,423.3,9.34
ORD_002389,2,PROD_000347,SELL_000043,2024-06-27,406.58,31.43
ORD_002389,3,PROD_000152,SELL_000010,2024-08-04,39.03,22.09
ORD_002389,4,PROD_000032,SELL_000046,2024-01-15,308.93,33.0
ORD_002389,5,PROD_000235,SELL_000011,2024-08-28,135.08,5.5
ORD_002390,1,PROD_000046,SELL_000017,2024-12-02,352.62,10.15
ORD_002390,2,PROD_000437,SELL_000025,2024-05-29,54.65,8.1
ORD_002390,3,PROD_000315,SELL_000006,2024-12-26,108.06,21.52
ORD_002391,1,PROD_000368,SELL_000004,2024-11-25,489.24,12.04
ORD_002391,2,PROD_000185,SELL_000019,2024-03-30,219.73,6.9
ORD_002391,3,PROD_000066,SELL_000035,2024-11-27,291.84,13.24
ORD_002392,1,PROD_000267,SELL_000017,2024-04-15,186.4,25.81
ORD_002392,2,PROD_000468,SELL_000040,2024-04-07,273.51,31.86
ORD_002393,1,PROD_000154,SELL_000024,2024-10-15,286.96,12.0
ORD_002393,2,PROD_000033,SELL_000042,2024-09-05,146.58,26.88
ORD_002393,3,PROD_000091,SELL_000039,2024-05-19,315.11,25.63
ORD_002393,4,PROD_000204,SELL_000024,2024-06-11,60.05,28.17
ORD_002393,5,PROD_000398,SELL_000033,2024-12-11,444.79,35.21
ORD_002394,1,PROD_000104,SELL_000035,2024-04-07,219.8,23.35
ORD_002394,2,PROD_000178,SELL_000050,2024-08-21,38.53,8.61
ORD_002394,3,PROD_000002,SELL_000006,2024-03-27,72.53,8.21
ORD_002394,4,PROD_000115,SELL_000042,2024-12-25,483.16,27.19
ORD_002395,1,PROD_000329,SELL_000050,2024-12-15,394.73,13.03
ORD_002395,2,PROD_000155,SELL_000019,2024-09-19,115.1,40.67
ORD_002396,1,PROD_000347,SELL_000050,2024-06-19,379.72,25.43
ORD_002396,2,PROD_000289,SELL_000033,2024-09-27,358.96,15.4
ORD_002396,3,PROD_000218,SELL_000034,2024-04-13,285.34,10.72
ORD_002397,1,PROD_000191,SELL_000019,2024-04-21,27.6,43.57
ORD_002397,2,PROD_000481,SELL_000022,2024-12-19,131.96,39.0
ORD_002398,1,PROD_000494,SELL_000005,2024-06-30,40.95,13.81
ORD_002398,2,PROD_000147,SELL_000025,2024-08-04,473.32,5.96
ORD_002399,1,PROD_000488,SELL_000035,2024-10-21,323.76,41.41
ORD_002399,2,PROD_000377,SELL_000010,2024-05-11,240.41,48.31
ORD_002399,3,PROD_000244,SELL_000050,2024-06-14,213.46,9.74
ORD_002399,4,PROD_000280,SELL_000003,2024-12-07,455.9,6.75
ORD_002400,1,PROD_000420,SELL_000002,2024-03-25,97.96,9.62
ORD_002400,2,PROD_000072,SELL_000014,2024-10-26,175.74,21.35
ORD_002401,1,PROD_000050,SELL_000027,2024-11-02,260.89,11.14
ORD_002401,2,PROD_000079,SELL_000036,2024-07-01,456.5,9.44
ORD_002402,1,PROD_000479,SELL_000011,2024-07-29,411.23,33.26
ORD_002402,2,PROD_000212,SELL_000048,2024-03-07,65.76,16.88
ORD_002403,1,PROD_000466,SELL_000031,2024-02-25,174.68,6.64
ORD_002403,2,PROD_000165,SELL_000008,2024-11-13,202.45,29.46
ORD_002404,1,PROD_000253,SELL_000036,2024-09-14,406.8,39.46
ORD_002404,2,PROD_000492,SELL_000006,2024-12-14,71.08,20.88
ORD_002404,3,PROD_000311,SELL_000007,2024-04-17,97.52,29.15
ORD_002404,4,PROD_000096,SELL_000013,2024-03-31,356.07,22.7
ORD_002405,1,PROD_000182,SELL_000018,2024-08-01,309.31,6.83
ORD_002405,2,PROD_000099,SELL_000046,2024-07-18,413.0,30.32
ORD_002405,3,PROD_000097,SELL_000006,2024-01-19,439.43,43.37
ORD_002406,1,PROD_000043,SELL_000037,2024-08-21,131.2,14.01
ORD_002406,2,PROD_000281,SELL_000007,2024-07-01,153.71,20.23
ORD_002406,3,PROD_000233,SELL_000036,2024-08-29,224.15,40.02
ORD_002406,4,PROD_000323,SELL_000025,2024-01-05,440.94,44.55
ORD_002407,1,PROD_000220,SELL_000019,2024-01-13,493.85,31.25
ORD_002407,2,PROD_000008,SELL_000040,2024-11-10,382.33,29.03
ORD_002407,3,PROD_000261,SELL_000039,2024-02-11,303.86,21.79
ORD_002408,1,PROD_000357,SELL_000036,2024-08-12,252.77,30.6
ORD_002408,2,PROD_000201,SELL_000037,2024-10-20,307.28,14.78
ORD_002408,3,PROD_000269,SELL_000007,2024-10-19,499.11,10.55
ORD_002408,4,PROD_000459,SELL_000041,2024-10-18,152.29,48.65
ORD_002409,1,PROD_000140,SELL_000025,2024-03-02,94.93,48.34
ORD_002409,2,PROD_000043,SELL_000039,2024-12-23,334.45,6.63
ORD_002409,3,PROD_000149,SELL_000006,2024-07-05,175.06,27.25
ORD_002409,4,PROD_000468,SELL_000021,2024-09-24,382.66,45.77
ORD_002410,1,PROD_000108,SELL_000022,2024-04-15,109.32,44.58
ORD_002410,2,PROD_000018,SELL_000009,2024-09-16,389.84,31.69
ORD_002410,3,PROD_000206,SELL_000027,2024-08-11,255.8,41.42
ORD_002410,4,PROD_000479,SELL_000035,2024-07-08,408.59,42.5
ORD_002411,1,PROD_000109,SELL_000005,2024-02-16,198.75,46.12
ORD_002411,2,PROD_000031,SELL_000046,2024-12-10,350.09,20.95
ORD_002411,3,PROD_000435,SELL_000049,2024-02-14,159.3,32.71
ORD_002412,1,PROD_000106,SELL_000040,2024-07-26,369.69,35.8
ORD_002412,2,PROD_000149,SELL_000048,2024-04-13,48.3,20.3
ORD_002412,3,PROD_000225,SELL_000032,2024-02-04,334.88,46.95
ORD_002412,4,PROD_000349,SELL_000004,2024-12-05,388.54,25.74
ORD_002413,1,PROD_000213,SELL_000003,2024-10-13,461.13,29.56
ORD_002413,2,PROD_000297,SELL_000049,2024-06-19,278.52,32.44
ORD_002413,3,PROD_000312,SELL_000013,2024-06-19,435.15,18.47
ORD_002413,4,PROD_000131,SELL_000011,2024-04-07,58.91,30.53
ORD_002413,5,PROD_000394,SELL_000022,2024-03-27,373.48,12.6
ORD_002414,1,PROD_000222,SELL_000003,2024-08-06,78.08,48.6
ORD_002414,2,PROD_000003,SELL_000049,2024-11-16,448.74,9.84
ORD_002414,3,PROD_000023,SELL_000044,2024-05-20,33.4,30.84
ORD_002414,4,PROD_000445,SELL_000047,2024-11-13,296.53,19.26
ORD_002414,5,PROD_000409,SELL_000020,2024-02-24,152.99,21.12
ORD_002415,1,PROD_000286,SELL_000023,2024-01-09,335.96,36.68
ORD_002416,1,PROD_000246,SELL_000041,2024-05-20,360.44,48.66
ORD_002416,2,PROD_000353,SELL_000026,2024-04-23,393.96,16.46
ORD_002416,3,PROD_000456,SELL_000012,2024-03-29,403.84,18.64
ORD_002417,1,PROD_000164,SELL_000045,2024-05-17,347.77,36.47
ORD_002417,2,PROD_000379,SELL_000012,2024-05-27,176.88,31.99
ORD_002418,1,PROD_000007,SELL_000019,2024-03-06,134.22,29.16
ORD_002418,2,PROD_000043,SELL_000030,2024-05-25,356.84,17.44
ORD_002418,3,PROD_000189,SELL_000044,2024-05-02,465.26,36.47
ORD_002418,4,PROD_000422,SELL_000047,2024-07-24,268.68,20.18
ORD_002419,1,PROD_000232,SELL_000028,2024-09-15,429.51,5.86
ORD_002419,2,PROD_000051,SELL_000036,2024-11-28,278.97,12.45
ORD_002420,1,PROD_000402,SELL_000050,2024-07-16,201.0,47.11
ORD_002420,2,PROD_000453,SELL_000011,2024-10-02,29.17,41.19
ORD_002420,3,PROD_000001,SELL_000011,2024-01-06,307.91,42.89
ORD_002421,1,PROD_000362,SELL_000001,2024-11-07,223.31,16.11
ORD_002421,2,PROD_000444,SELL_000007,2024-12-18,165.9,8.48
ORD_002421,3,PROD_000241,SELL_000022,2024-11-29,114.48,10.28
ORD_002421,4,PROD_000029,SELL_000009,2024-12-10,424.34,45.29
ORD_002421,5,PROD_000123,SELL_000032,2024-11-03,242.24,28.91
ORD_002422,1,PROD_000158,SELL_000042,2024-05-01,239.18,26.54
ORD_002423,1,PROD_000282,SELL_000030,2024-04-03,386.64,13.92
ORD_002423,2,PROD_000045,SELL_000032,2024-03-12,27.38,10.17
ORD_002423,3,PROD_000118,SELL_000016,2024-04-27,22.16,13.99
ORD_002424,1,PROD_000173,SELL_000025,2024-10-22,457.24,23.71
ORD_002424,2,PROD_000228,SELL_000049,2024-05-09,458.94,8.02
ORD_002425,1,PROD_000036,SELL_000007,2024-07-02,54.81,23.66
ORD_002425,2,PROD_000117,SELL_000040,2024-05-29,493.59,38.78
ORD_002426,1,PROD_000081,SELL_000010,2024-07-31,331.44,13.89
ORD_002426,2,PROD_000189,SELL_000020,2024-04-19,18.63,44.62
ORD_002426,3,PROD_000315,SELL_000002,2024-04-16,324.6,34.39
ORD_002427,1,PROD_000355,SELL_000037,2024-03-02,130.91,21.01
ORD_002427,2,PROD_000196,SELL_000041,2024-06-25,106.03,41.89
ORD_002427,3,PROD_000195,SELL_000028,2024-09-12,53.1,23.04
ORD_002428,1,PROD_000452,SELL_000046,2024-04-11,171.06,38.61
ORD_002428,2,PROD_000155,SELL_000021,2024-03-28,100.04,38.97
ORD_002428,3,PROD_000070,SELL_000014,2024-03-13,441.86,35.91
ORD_002428,4,PROD_000426,SELL_000020,2024-09-19,333.37,37.63
ORD_002429,1,PROD_000229,SELL_000049,2024-11-10,288.38,37.04
ORD_002429,2,PROD_000306,SELL_000027,2024-07-01,487.03,25.52
ORD_002429,3,PROD_000282,SELL_000016,2024-11-25,118.39,12.93
ORD_002429,4,PROD_000343,SELL_000039,2024-09-12,10.06,35.75
ORD_002429,5,PROD_000151,SELL_000001,2024-08-10,151.33,11.46
ORD_002430,1,PROD_000166,SELL_000018,2024-01-22,86.23,16.76
ORD_002431,1,PROD_000258,SELL_000014,2024-01-06,442.92,25.36
ORD_002431,2,PROD_000172,SELL_000001,2024-02-25,205.94,11.38
ORD_002431,3,PROD_000325,SELL_000002,2024-04-08,328.86,30.7
ORD_002431,4,PROD_000130,SELL_000007,2024-01-10,341.12,10.64
ORD_002432,1,PROD_000322,SELL_000026,2024-04-13,412.36,23.6
ORD_002432,2,PROD_000153,SELL_000011,2024-08-26,466.96,37.87
ORD_002432,3,PROD_000096,SELL_000026,2024-05-14,345.26,47.35
ORD_002432,4,PROD_000104,SELL_000025,2024-09-07,214.91,34.15
ORD_002432,5,PROD_000394,SELL_000031,2024-11-09,478.56,26.54
ORD_002433,1,PROD_000200,SELL_000031,2024-11-19,429.2,13.37
ORD_002433,2,PROD_000306,SELL_000033,2024-07-29,357.54,5.21
ORD_002433,3,PROD_000404,SELL_000006,2024-12-20,123.91,14.93
ORD_002434,1,PROD_000315,SELL_000050,2024-10-15,370.96,47.48
ORD_002434,2,PROD_000282,SELL_000009,2024-02-19,416.63,5.05
ORD_002434,3,PROD_000329,SELL_000027,2024-12-08,431.87,10.43
ORD_002434,4,PROD_000291,SELL_000025,2024-02-07,155.34,32.13
ORD_002435,1,PROD_000049,SELL_000035,2024-06-30,68.62,38.06
ORD_002435,2,PROD_000182,SELL_000028,2024-03-05,487.59,38.26
ORD_002435,3,PROD_000408,SELL_000014,2024-10-06,148.75,47.68
ORD_002435,4,PROD_000500,SELL_000045,2024-03-18,205.18,41.86
ORD_002435,5,PROD_000264,SELL_000012,2024-03-22,485.64,25.63
ORD_002436,1,PROD_000364,SELL_000026,2024-02-07,160.36,8.81
ORD_002436,2,PROD_000006,SELL_000037,2024-07-14,197.44,35.26
ORD_002436,3,PROD_000189,SELL_000040,2024-03-28,314.12,13.55
ORD_002437,1,PROD_000489,SELL_000029,2024-09-28,303.56,46.0
ORD_002437,2,PROD_000259,SELL_000022,2024-01-24,217.54,5.67
ORD_002437,3,PROD_000029,SELL_000046,2024-04-24,149.95,38.68
ORD_002438,1,PROD_000378,SELL_000047,2024-02-07,48.39,7.22
ORD_002438,2,PROD_000241,SELL_000014,2024-01-14,417.4,34.25
ORD_002438,3,PROD_000463,SELL_000015,2024-09-28,316.41,48.18
ORD_002438,4,PROD_000327,SELL_000037,2024-06-19,354.09,41.94
ORD_002439,1,PROD_000304,SELL_000041,2024-03-20,490.96,6.58
ORD_002439,2,PROD_000079,SELL_000010,2024-04-11,32.4,14.21
ORD_002440,1,PROD_000377,SELL_000036,2024-03-18,119.07,30.94
ORD_002440,2,PROD_000317,SELL_000044,2024-07-03,43.13,36.44
ORD_002440,3,PROD_000491,SELL_000016,2024-11-17,384.62,32.9
ORD_002441,1,PROD_000391,SELL_000048,2024-08-29,460.48,15.96
ORD_002441,2,PROD_000422,SELL_000043,2024-08-23,304.79,24.76
ORD_002441,3,PROD_000240,SELL_000025,2024-08-13,471.67,41.97
ORD_002441,4,PROD_000126,SELL_000026,2024-01-05,321.06,37.14
ORD_002442,1,PROD_000067,SELL_000038,2024-07-16,406.81,39.11
ORD_002442,2,PROD_000429,SELL_000027,2024-06-18,60.99,16.51
ORD_002443,1,PROD_000408,SELL_000033,2024-07-12,176.02,17.18
ORD_002443,2,PROD_000013,SELL_000026,2024-03-21,411.83,22.2
ORD_002443,3,PROD_000034,SELL_000020,2024-12-13,341.36,43.0
ORD_002444,1,PROD_000415,SELL_000037,2024-11-11,316.86,31.44
ORD_002444,2,PROD_000360,SELL_000029,2024-03-14,34.68,42.93
ORD_002444,3,PROD_000264,SELL_000006,2024-02-03,112.16,39.16
ORD_002445,1,PROD_000140,SELL_000016,2024-11-28,117.04,10.38
ORD_002445,2,PROD_000149,SELL_000006,2024-10-24,355.67,10.23
ORD_002445,3,PROD_000039,SELL_000045,2024-11-21,224.63,23.46
ORD_002445,4,PROD_000458,SELL_000013,2024-01-12,316.57,49.81
ORD_002445,5,PROD_000233,SELL_000049,2024-05-24,290.02,20.29
ORD_002446,1,PROD_000145,SELL_000016,2024-03-29,226.1,42.16
ORD_002446,2,PROD_000303,SELL_000011,2024-10-20,283.64,34.25
ORD_002446,3,PROD_000004,SELL_000010,2024-12-28,264.84,48.94
ORD_002447,1,PROD_000391,SELL_000008,2024-07-29,52.37,22.0
ORD_002447,2,PROD_000110,SELL_000044,2024-07-29,406.37,17.29
ORD_002447,3,PROD_000030,SELL_000034,2024-09-27,385.68,49.18
ORD_002448,1,PROD_000484,SELL_000042,2024-11-30,219.64,10.97
ORD_002449,1,PROD_000054,SELL_000013,2024-09-08,16.83,45.51
ORD_002449,2,PROD_000164,SELL_000031,2024-12-31,335.72,8.44
ORD_002449,3,PROD_000125,SELL_000031,2024-07-30,464.33,12.88
ORD_002449,4,PROD_000437,SELL_000047,2024-06-21,304.48,10.5
ORD_002449,5,PROD_000168,SELL_000009,2024-07-04,466.25,40.82
ORD_002450,1,PROD_000270,SELL_000023,2024-02-13,403.21,15.54
ORD_002450,2,PROD_000253,SELL_000034,2024-02-08,496.72,10.34
ORD_002451,1,PROD_000404,SELL_000050,2024-05-23,360.13,23.47
ORD_002451,2,PROD_000257,SELL_000018,2024-09-03,62.13,13.55
ORD_002451,3,PROD_000351,SELL_000040,2024-02-01,398.23,9.52
ORD_002452,1,PROD_000455,SELL_000012,2024-11-06,327.95,47.3
ORD_002453,1,PROD_000396,SELL_000044,2024-06-24,345.72,42.76
ORD_002453,2,PROD_000283,SELL_000024,2024-09-27,49.8,10.43
ORD_002453,3,PROD_000484,SELL_000004,2024-02-19,149.77,7.05
ORD_002453,4,PROD_000098,SELL_000050,2024-07-09,132.49,20.2
ORD_002453,5,PROD_000403,SELL_000038,2024-07-23,259.59,27.96
ORD_002454,1,PROD_000050,SELL_000018,2024-01-26,273.55,43.21
ORD_002455,1,PROD_000173,SELL_000028,2024-04-27,407.94,22.96
ORD_002455,2,PROD_000419,SELL_000025,2024-07-22,34.04,25.38
ORD_002456,1,PROD_000288,SELL_000038,2024-04-03,236.95,45.33
ORD_002456,2,PROD_000285,SELL_000036,2024-05-21,436.7,28.07
ORD_002456,3,PROD_000352,SELL_000030,2024-02-16,277.19,43.42
ORD_002456,4,PROD_000102,SELL_000035,2024-04-28,160.51,35.13
ORD_002457,1,PROD_000383,SELL_000003,2024-06-28,487.67,5.57
ORD_002457,2,PROD_000419,SELL_000049,2024-05-11,242.42,49.61
ORD_002457,3,PROD_000322,SELL_000036,2024-01-17,100.53,28.27
ORD_002457,4,PROD_000483,SELL_000007,2024-04-21,65.73,8.54
ORD_002458,1,PROD_000430,SELL_000033,2024-03-30,162.41,44.87
ORD_002458,2,PROD_000048,SELL_000048,2024-06-04,371.6,5.94
ORD_002458,3,PROD_000390,SELL_000019,2024-06-08,197.08,25.9
ORD_002459,1,PROD_000152,SELL_000010,2024-06-17,285.68,14.95
ORD_002459,2,PROD_000297,SELL_000049,2024-01-10,382.76,46.84
ORD_002459,3,PROD_000303,SELL_000029,2024-08-03,267.72,37.87
ORD_002459,4,PROD_000116,SELL_000016,2024-05-22,186.25,7.75
ORD_002459,5,PROD_000054,SELL_000040,2024-07-06,53.75,8.9
ORD_002460,1,PROD_000110,SELL_000002,2024-08-15,390.27,43.65
ORD_002461,1,PROD_000245,SELL_000001,2024-07-18,354.39,9.78
ORD_002462,1,PROD_000285,SELL_000047,2024-05-18,428.85,18.99
ORD_002462,2,PROD_000354,SELL_000035,2024-12-12,456.72,40.82
ORD_002462,3,PROD_000499,SELL_000002,2024-11-03,265.88,10.69
ORD_002462,4,PROD_000159,SELL_000050,2024-09-25,460.13,44.84
ORD_002463,1,PROD_000055,SELL_000035,2024-07-19,291.31,32.2
ORD_002463,2,PROD_000116,SELL_000050,2024-05-24,134.66,16.52
ORD_002463,3,PROD_000168,SELL_000024,2024-08-14,79.67,46.58
ORD_002463,4,PROD_000256,SELL_000049,2024-08-25,93.85,40.59
ORD_002463,5,PROD_000400,SELL_000037,2024-07-29,428.19,34.26
ORD_002464,1,PROD_000079,SELL_000002,2024-12-29,486.27,8.35
ORD_002464,2,PROD_000004,SELL_000043,2024-05-20,296.26,46.46
ORD_002464,3,PROD_000488,SELL_000008,2024-09-02,370.45,12.09
ORD_002464,4,PROD_000100,SELL_000005,2024-11-16,24.0,24.75
ORD_002465,1,PROD_000217,SELL_000034,2024-07-12,128.96,24.7
ORD_002465,2,PROD_000052,SELL_000045,2024-10-07,398.95,40.4
ORD_002465,3,PROD_000295,SELL_000014,2024-06-27,261.66,16.26
ORD_002465,4,PROD_000369,SELL_000049,2024-12-02,34.99,41.19
ORD_002466,1,PROD_000021,SELL_000050,2024-07-07,349.98,8.98
ORD_002466,2,PROD_000459,SELL_000011,2024-08-02,165.64,48.26
ORD_002466,3,PROD_000197,SELL_000045,2024-05-23,59.41,24.28
ORD_002466,4,PROD_000203,SELL_000025,2024-08-03,234.2,20.08
ORD_002467,1,PROD_000498,SELL_000006,2024-03-02,78.77,47.17
ORD_002468,1,PROD_000054,SELL_000034,2024-12-19,332.0,36.17
ORD_002469,1,PROD_000394,SELL_000037,2024-04-09,384.95,30.64
ORD_002469,2,PROD_000252,SELL_000041,2024-10-29,406.08,41.18
ORD_002469,3,PROD_000453,SELL_000027,2024-04-04,187.15,44.21
ORD_002469,4,PROD_000071,SELL_000023,2024-08-24,216.3,20.72
ORD_002469,5,PROD_000365,SELL_000046,2024-05-02,101.89,44.23
ORD_002470,1,PROD_000409,SELL_000041,2024-09-20,326.35,29.1
ORD_002470,2,PROD_000431,SELL_000034,2024-08-02,42.13,24.4
ORD_002470,3,PROD_000390,SELL_000043,2024-12-20,321.5,38.32
ORD_002470,4,PROD_000098,SELL_000049,2024-01-07,411.37,14.19
ORD_002470,5,PROD_000489,SELL_000010,2024-03-24,300.41,44.34
ORD_002471,1,PROD_000277,SELL_000024,2024-04-22,74.08,44.05
ORD_002471,2,PROD_000354,SELL_000045,2024-01-03,41.63,15.82
ORD_002471,3,PROD_000462,SELL_000038,2024-10-06,286.97,14.77
ORD_002471,4,PROD_000290,SELL_000001,2024-05-24,13.61,16.13
ORD_002472,1,PROD_000177,SELL_000036,2024-06-08,418.52,46.39
ORD_002472,2,PROD_000337,SELL_000037,2024-12-05,418.08,9.77
ORD_002472,3,PROD_000156,SELL_000003,2024-06-23,222.0,38.11
ORD_002472,4,PROD_000076,SELL_000023,2024-08-19,278.65,6.68
ORD_002473,1,PROD_000024,SELL_000040,2024-06-16,309.19,11.44
ORD_002473,2,PROD_000470,SELL_000030,2024-11-05,286.18,17.21
ORD_002473,3,PROD_000099,SELL_000026,2024-11-06,430.78,40.0
ORD_002473,4,PROD_000391,SELL_000037,2024-02-28,263.0,13.68
ORD_002473,5,PROD_000268,SELL_000027,2024-05-17,270.01,29.34
ORD_002474,1,PROD_000069,SELL_000027,2024-10-28,455.6,23.66
ORD_002474,2,PROD_000212,SELL_000045,2024-04-10,200.54,25.03
ORD_002474,3,PROD_000495,SELL_000031,2024-02-05,233.15,36.92
ORD_002474,4,PROD_000163,SELL_000012,2024-11-03,211.41,46.53
ORD_002475,1,PROD_000362,SELL_000020,2024-12-11,396.41,36.0
ORD_002475,2,PROD_000319,SELL_000007,2024-07-03,428.76,36.83
ORD_002475,3,PROD_000324,SELL_000040,2024-08-25,463.32,29.49
ORD_002475,4,PROD_000046,SELL_000043,2024-11-22,139.74,36.06
ORD_002475,5,PROD_000133,SELL_000021,2024-03-25,399.51,38.85
ORD_002476,1,PROD_000019,SELL_000024,2024-01-21,398.37,41.21
ORD_002476,2,PROD_000242,SELL_000022,2024-06-23,30.06,24.35
ORD_002476,3,PROD_000136,SELL_000019,2024-10-01,49.37,38.43
ORD_002476,4,PROD_000409,SELL_000048,2024-10-02,271.1,41.95
ORD_002477,1,PROD_000227,SELL_000034,2024-10-30,360.66,43.88
ORD_002477,2,PROD_000052,SELL_000015,2024-10-21,65.32,30.96
ORD_002477,3,PROD_000270,SELL_000030,2024-02-02,224.74,17.53
ORD_002477,4,PROD_000367,SELL_000006,2024-06-02,439.08,5.99
ORD_002478,1,PROD_000142,SELL_000040,2024-12-03,396.97,43.63
ORD_002478,2,PROD_000109,SELL_000036,2024-03-31,277.46,39.39
ORD_002479,1,PROD_000480,SELL_000020,2024-01-10,153.55,12.96
ORD_002480,1,PROD_000273,SELL_000028,2024-12-18,366.55,40.79
ORD_002480,2,PROD_000431,SELL_000029,2024-04-05,115.67,34.84
ORD_002480,3,PROD_000247,SELL_000015,2024-04-30,33.24,34.74
ORD_002480,4,PROD_000006,SELL_000016,2024-06-06,166.07,18.35
ORD_002481,1,PROD_000336,SELL_000033,2024-05-26,403.71,16.2
ORD_002481,2,PROD_000390,SELL_000012,2024-02-03,488.5,47.37
ORD_002481,3,PROD_000022,SELL_000039,2024-06-14,155.0,32.06
ORD_002481,4,PROD_000288,SELL_000027,2024-02-23,248.72,41.1
ORD_002482,1,PROD_000030,SELL_000031,2024-10-17,466.66,30.78
ORD_002482,2,PROD_000039,SELL_000045,2024-10-20,309.31,46.74
ORD_002483,1,PROD_000433,SELL_000018,2024-07-23,228.5,8.07
ORD_002483,2,PROD_000010,SELL_000039,2024-10-22,192.39,9.17
ORD_002483,3,PROD_000021,SELL_000014,2024-06-29,207.94,48.63
ORD_002483,4,PROD_000164,SELL_000031,2024-12-21,204.94,8.1
ORD_002483,5,PROD_000372,SELL_000041,2024-11-01,26.5,28.7
ORD_002484,1,PROD_000233,SELL_000049,2024-10-30,487.23,20.45
ORD_002484,2,PROD_000012,SELL_000002,2024-01-30,384.93,18.4
ORD_002484,3,PROD_000038,SELL_000023,2024-08-07,427.21,42.5
ORD_002485,1,PROD_000349,SELL_000016,2024-01-23,473.1,21.85
ORD_002485,2,PROD_000230,SELL_000011,2024-09-12,192.75,11.96
ORD_002485,3,PROD_000453,SELL_000012,2024-01-13,90.24,25.3
ORD_002485,4,PROD_000277,SELL_000037,2024-04-02,412.97,30.26
ORD_002486,1,PROD_000359,SELL_000002,2024-06-14,105.0,6.32
ORD_002486,2,PROD_000382,SELL_000015,2024-11-25,244.27,22.66
ORD_002486,3,PROD_000380,SELL_000002,2024-12-07,233.63,5.22
ORD_002486,4,PROD_000427,SELL_000014,2024-03-20,446.61,17.57
ORD_002486,5,PROD_000312,SELL_000013,2024-03-14,121.44,25.95
ORD_002487,1,PROD_000470,SELL_000024,2024-08-04,250.85,32.51
ORD_002487,2,PROD_000139,SELL_000025,2024-07-18,434.02,19.63
ORD_002487,3,PROD_000426,SELL_000012,2024-05-22,67.21,39.31
ORD_002487,4,PROD_000259,SELL_000019,2024-03-21,215.1,48.97
ORD_002488,1,PROD_000261,SELL_000036,2024-01-20,444.88,24.86
ORD_002488,2,PROD_000244,SELL_000041,2024-05-27,224.23,20.5
ORD_002488,3,PROD_000174,SELL_000044,2024-08-13,279.08,22.75
ORD_002488,4,PROD_000154,SELL_000024,2024-02-15,390.11,31.18
ORD_002488,5,PROD_000142,SELL_000009,2024-08-18,288.23,16.94
ORD_002489,1,PROD_000349,SELL_000009,2024-12-01,312.29,30.18
ORD_002489,2,PROD_000186,SELL_000006,2024-07-24,179.48,13.26
ORD_002489,3,PROD_000267,SELL_000032,2024-04-17,169.86,8.89
ORD_002489,4,PROD_000240,SELL_000031,2024-09-29,202.72,16.68
ORD_002489,5,PROD_000322,SELL_000005,2024-05-21,149.48,45.6
ORD_002490,1,PROD_000226,SELL_000020,2024-08-16,470.97,39.99
ORD_002490,2,PROD_000300,SELL_000029,2024-12-04,363.32,47.93
ORD_002490,3,PROD_000010,SELL_000013,2024-02-05,266.7,24.75
ORD_002490,4,PROD_000398,SELL_000012,2024-09-12,248.36,30.58
ORD_002491,1,PROD_000496,SELL_000004,2024-07-29,337.01,27.75
ORD_002491,2,PROD_000268,SELL_000043,2024-07-15,224.67,37.16
ORD_002491,3,PROD_000145,SELL_000047,2024-03-31,476.3,19.87
ORD_002491,4,PROD_000360,SELL_000002,2024-12-07,412.05,19.6
ORD_002492,1,PROD_000496,SELL_000019,2024-07-26,95.97,42.03
ORD_002492,2,PROD_000208,SELL_000014,2024-05-15,388.1,19.87
ORD_002492,3,PROD_000273,SELL_000047,2024-07-27,430.2,39.74
ORD_002492,4,PROD_000178,SELL_000015,2024-02-14,74.99,18.19
ORD_002492,5,PROD_000037,SELL_000044,2024-04-30,359.02,10.64
ORD_002493,1,PROD_000257,SELL_000042,2024-09-05,315.53,28.92
ORD_002493,2,PROD_000426,SELL_000047,2024-08-09,333.86,24.22
ORD_002493,3,PROD_000404,SELL_000007,2024-11-24,134.2,42.72
ORD_002493,4,PROD_000414,SELL_000004,2024-02-23,252.13,40.99
ORD_002493,5,PROD_000378,SELL_000023,2024-10-18,126.09,23.67
ORD_002494,1,PROD_000055,SELL_000045,2024-06-21,191.1,44.02
ORD_002495,1,PROD_000199,SELL_000020,2024-02-10,371.6,16.83
ORD_002495,2,PROD_000198,SELL_000024,2024-06-21,85.55,34.61
ORD_002496,1,PROD_000185,SELL_000046,2024-09-06,285.01,48.47
ORD_002496,2,PROD_000496,SELL_000013,2024-06-12,66.22,29.43
ORD_002496,3,PROD_000072,SELL_000001,2024-04-03,87.96,44.76
ORD_002496,4,PROD_000367,SELL_000008,2024-02-13,115.01,8.63
ORD_002496,5,PROD_000026,SELL_000004,2024-03-15,50.31,17.51
ORD_002497,1,PROD_000027,SELL_000003,2024-10-01,134.47,48.82
ORD_002497,2,PROD_000162,SELL_000022,2024-07-04,228.86,26.86
ORD_002497,3,PROD_000149,SELL_000044,2024-11-27,116.13,30.22
ORD_002497,4,PROD_000118,SELL_000039,2024-02-05,102.24,49.74
ORD_002497,5,PROD_000362,SELL_000005,2024-10-09,398.09,33.56
ORD_002498,1,PROD_000200,SELL_000038,2024-05-15,315.6,16.2
ORD_002498,2,PROD_000301,SELL_000033,2024-11-25,14.87,17.22
ORD_002498,3,PROD_000308,SELL_000034,2024-09-12,111.09,30.99
ORD_002498,4,PROD_000401,SELL_000030,2024-06-11,260.13,39.06
ORD_002499,1,PROD_000073,SELL_000031,2024-02-25,451.35,13.53
ORD_002499,2,PROD_000028,SELL_000041,2024-03-15,137.12,18.45
ORD_002499,3,PROD_000435,SELL_000040,2024-09-26,145.54,30.38
ORD_002499,4,PROD_000315,SELL_000047,2024-01-16,304.93,22.08
ORD_002500,1,PROD_000294,SELL_000020,2024-08-28,266.98,48.81
ORD_002501,1,PROD_000076,SELL_000028,2024-05-29,208.69,49.31
ORD_002501,2,PROD_000258,SELL_000035,2024-10-17,299.22,27.49
ORD_002501,3,PROD_000138,SELL_000018,2024-06-03,200.53,48.15
ORD_002501,4,PROD_000125,SELL_000006,2024-03-14,366.66,35.79
ORD_002502,1,PROD_000352,SELL_000003,2024-10-24,473.96,25.63
ORD_002502,2,PROD_000300,SELL_000016,2024-12-17,287.89,6.99
ORD_002503,1,PROD_000048,SELL_000044,2024-02-11,80.19,6.71
ORD_002503,2,PROD_000491,SELL_000049,2024-02-08,177.2,9.34
ORD_002503,3,PROD_000071,SELL_000042,2024-12-17,258.83,8.52
ORD_002503,4,PROD_000197,SELL_000033,2024-05-23,25.7,18.08
ORD_002503,5,PROD_000056,SELL_000046,2024-07-18,337.92,12.43
ORD_002504,1,PROD_000251,SELL_000001,2024-01-02,385.54,43.68
ORD_002504,2,PROD_000232,SELL_000032,2024-09-01,192.18,32.65
ORD_002505,1,PROD_000106,SELL_000012,2024-03-23,482.35,24.39
ORD_002506,1,PROD_000124,SELL_000019,2024-08-26,259.64,17.91
ORD_002506,2,PROD_000083,SELL_000028,2024-08-28,478.01,44.63
ORD_002506,3,PROD_000159,SELL_000028,2024-05-20,498.3,14.87
ORD_002506,4,PROD_000398,SELL_000004,2024-04-17,78.76,49.3
ORD_002507,1,PROD_000478,SELL_000043,2024-07-01,407.39,15.92
ORD_002507,2,PROD_000367,SELL_000028,2024-09-04,125.7,38.61
ORD_002507,3,PROD_000281,SELL_000022,2024-10-03,95.27,32.94
ORD_002507,4,PROD_000454,SELL_000048,2024-05-23,383.41,32.11
ORD_002507,5,PROD_000314,SELL_000027,2024-10-07,82.77,17.21
ORD_002508,1,PROD_000467,SELL_000009,2024-12-15,336.0,8.6
ORD_002509,1,PROD_000488,SELL_000024,2024-09-14,255.89,28.39
ORD_002509,2,PROD_000377,SELL_000040,2024-03-28,347.77,5.94
ORD_002509,3,PROD_000279,SELL_000008,2024-05-17,64.42,46.54
ORD_002510,1,PROD_000240,SELL_000002,2024-12-06,212.16,45.64
ORD_002510,2,PROD_000235,SELL_000032,2024-11-14,354.7,37.87
ORD_002510,3,PROD_000369,SELL_000042,2024-11-28,101.37,42.88
ORD_002511,1,PROD_000460,SELL_000046,2024-06-25,157.22,42.16
ORD_002511,2,PROD_000241,SELL_000021,2024-12-01,305.22,24.71
ORD_002511,3,PROD_000053,SELL_000015,2024-02-27,193.19,38.96
ORD_002512,1,PROD_000410,SELL_000034,2024-09-07,113.34,35.32
ORD_002512,2,PROD_000067,SELL_000020,2024-03-22,199.73,18.31
ORD_002512,3,PROD_000308,SELL_000047,2024-08-08,444.16,30.74
ORD_002512,4,PROD_000144,SELL_000028,2024-09-28,150.49,28.11
ORD_002513,1,PROD_000414,SELL_000001,2024-10-21,17.14,43.56
ORD_002514,1,PROD_000348,SELL_000023,2024-09-15,358.89,11.09
ORD_002514,2,PROD_000098,SELL_000044,2024-04-06,350.58,26.31
ORD_002514,3,PROD_000018,SELL_000012,2024-09-09,320.58,32.27
ORD_002514,4,PROD_000200,SELL_000020,2024-04-05,64.12,5.3
ORD_002514,5,PROD_000121,SELL_000036,2024-08-13,408.91,46.82
ORD_002515,1,PROD_000489,SELL_000036,2024-01-17,249.42,24.56
ORD_002515,2,PROD_000213,SELL_000048,2024-11-23,160.71,48.39
ORD_002515,3,PROD_000022,SELL_000025,2024-11-29,316.24,19.08
ORD_002515,4,PROD_000364,SELL_000040,2024-01-03,366.79,35.75
ORD_002515,5,PROD_000060,SELL_000037,2024-07-27,334.88,41.78
ORD_002516,1,PROD_000382,SELL_000043,2024-12-31,127.44,23.63
ORD_002516,2,PROD_000097,SELL_000038,2024-06-20,396.22,12.75
ORD_002517,1,PROD_000442,SELL_000008,2024-09-18,241.08,35.89
ORD_002518,1,PROD_000021,SELL_000035,2024-03-13,97.6,49.47
ORD_002519,1,PROD_000121,SELL_000009,2024-03-27,30.83,31.39
ORD_002519,2,PROD_000295,SELL_000046,2024-07-03,197.91,39.49
ORD_002519,3,PROD_000271,SELL_000037,2024-09-28,24.86,24.11
ORD_002520,1,PROD_000435,SELL_000029,2024-03-01,419.54,5.7
ORD_002521,1,PROD_000147,SELL_000031,2024-10-02,98.86,41.4
ORD_002522,1,PROD_000460,SELL_000037,2024-11-11,363.29,39.6
ORD_002522,2,PROD_000464,SELL_000032,2024-04-09,288.19,40.57
ORD_002522,3,PROD_000215,SELL_000021,2024-01-31,370.75,28.17
ORD_002523,1,PROD_000187,SELL_000030,2024-08-08,391.63,13.23
ORD_002523,2,PROD_000486,SELL_000013,2024-03-04,218.11,15.74
ORD_002523,3,PROD_000179,SELL_000004,2024-03-20,347.47,45.49
ORD_002523,4,PROD_000175,SELL_000001,2024-07-21,412.93,47.84
ORD_002523,5,PROD_000065,SELL_000048,2024-08-26,394.45,47.8
ORD_002524,1,PROD_000080,SELL_000018,2024-02-16,333.91,47.47
ORD_002524,2,PROD_000312,SELL_000017,2024-11-22,374.16,24.41
ORD_002524,3,PROD_000154,SELL_000025,2024-10-02,213.68,26.01
ORD_002525,1,PROD_000211,SELL_000040,2024-03-03,146.25,37.14
ORD_002525,2,PROD_000157,SELL_000001,2024-01-10,12.47,45.68
ORD_002525,3,PROD_000007,SELL_000045,2024-02-27,113.75,47.34
ORD_002526,1,PROD_000135,SELL_000013,2024-08-18,260.18,27.01
ORD_002526,2,PROD_000050,SELL_000002,2024-09-01,127.72,41.53
ORD_002526,3,PROD_000098,SELL_000012,2024-03-17,169.31,37.56
ORD_002526,4,PROD_000340,SELL_000044,2024-10-05,348.0,15.04
ORD_002527,1,PROD_000400,SELL_000050,2024-03-26,324.68,11.36
ORD_002527,2,PROD_000108,SELL_000047,2024-05-01,141.6,7.0
ORD_002527,3,PROD_000176,SELL_000018,2024-03-02,240.65,23.22
ORD_002527,4,PROD_000237,SELL_000035,2024-08-04,499.36,24.67
ORD_002528,1,PROD_000358,SELL_000042,2024-01-27,27.51,44.92
ORD_002529,1,PROD_000045,SELL_000008,2024-09-29,449.64,12.32
ORD_002529,2,PROD_000375,SELL_000018,2024-09-13,308.11,15.74
ORD_002529,3,PROD_000111,SELL_000041,2024-04-16,478.96,27.87
ORD_002529,4,PROD_000296,SELL_000006,2024-05-27,37.49,22.76
ORD_002529,5,PROD_000302,SELL_000042,2024-12-12,200.57,46.35
ORD_002530,1,PROD_000045,SELL_000021,2024-12-25,180.34,20.79
ORD_002530,2,PROD_000270,SELL_000004,2024-11-29,19.24,26.64
ORD_002531,1,PROD_000396,SELL_000022,2024-08-24,170.96,47.61
ORD_002531,2,PROD_000109,SELL_000008,2024-09-18,465.2,15.05
ORD_002531,3,PROD_000371,SELL_000036,2024-03-11,469.48,27.1
ORD_002531,4,PROD_000341,SELL_000048,2024-10-03,147.63,16.53
ORD_002532,1,PROD_000478,SELL_000041,2024-06-13,18.1,35.04
ORD_002532,2,PROD_000324,SELL_000035,2024-02-15,129.83,21.51
ORD_002532,3,PROD_000464,SELL_000044,2024-06-02,427.78,29.71
ORD_002532,4,PROD_000159,SELL_000012,2024-11-12,120.63,47.8
ORD_002532,5,PROD_000379,SELL_000018,2024-06-15,232.25,7.96
ORD_002533,1,PROD_000128,SELL_000015,2024-09-07,333.94,8.0
ORD_002533,2,PROD_000217,SELL_000024,2024-04-09,206.8,20.57
ORD_002533,3,PROD_000405,SELL_000047,2024-10-17,248.33,13.27
ORD_002533,4,PROD_000296,SELL_000015,2024-02-11,317.24,29.03
ORD_002534,1,PROD_000085,SELL_000042,2024-11-28,245.44,19.11
ORD_002534,2,PROD_000435,SELL_000050,2024-11-03,306.68,32.64
ORD_002534,3,PROD_000001,SELL_000028,2024-12-22,20.8,10.21
ORD_002534,4,PROD_000223,SELL_000040,2024-07-18,15.24,48.63
ORD_002535,1,PROD_000207,SELL_000007,2024-02-14,411.73,43.69
ORD_002535,2,PROD_000096,SELL_000036,2024-10-23,73.53,8.91
ORD_002535,3,PROD_000009,SELL_000031,2024-06-10,256.3,18.69
ORD_002535,4,PROD_000185,SELL_000036,2024-05-02,20.96,27.19
ORD_002536,1,PROD_000102,SELL_000045,2024-07-13,107.13,48.1
ORD_002536,2,PROD_000297,SELL_000009,2024-09-14,318.44,23.36
ORD_002537,1,PROD_000049,SELL_000034,2024-12-18,208.1,34.67
ORD_002537,2,PROD_000164,SELL_000042,2024-07-22,277.28,14.81
ORD_002537,3,PROD_000462,SELL_000021,2024-12-04,144.68,31.62
ORD_002537,4,PROD_000196,SELL_000018,2024-12-08,345.2,12.76
ORD_002537,5,PROD_000214,SELL_000050,2024-10-18,446.52,30.8
ORD_002538,1,PROD_000174,SELL_000050,2024-06-25,269.07,15.83
ORD_002538,2,PROD_000006,SELL_000013,2024-06-29,272.0,34.87
ORD_002539,1,PROD_000398,SELL_000030,2024-07-08,208.8,49.36
ORD_002539,2,PROD_000126,SELL_000017,2024-05-29,312.38,37.36
ORD_002539,3,PROD_000442,SELL_000003,2024-09-17,263.69,42.93
ORD_002539,4,PROD_000149,SELL_000036,2024-10-07,127.6,8.84
ORD_002539,5,PROD_000312,SELL_000049,2024-04-06,225.92,49.48
ORD_002540,1,PROD_000433,SELL_000029,2024-09-17,393.87,17.99
ORD_002540,2,PROD_000255,SELL_000038,2024-12-18,316.89,13.46
ORD_002540,3,PROD_000482,SELL_000033,2024-02-11,470.04,9.0
ORD_002540,4,PROD_000340,SELL_000031,2024-02-15,450.32,27.1
ORD_002541,1,PROD_000062,SELL_000001,2024-04-26,149.4,12.85
ORD_002542,1,PROD_000447,SELL_000015,2024-08-12,42.36,18.99
ORD_002542,2,PROD_000233,SELL_000049,2024-05-14,61.69,33.2
ORD_002542,3,PROD_000034,SELL_000033,2024-05-20,323.03,5.26
ORD_002542,4,PROD_000406,SELL_000004,2024-01-16,378.32,44.44
ORD_002543,1,PROD_000117,SELL_000016,2024-02-01,418.42,35.93
ORD_002544,1,PROD_000370,SELL_000008,2024-05-22,414.03,31.49
ORD_002544,2,PROD_000131,SELL_000001,2024-02-11,55.89,41.94
ORD_002545,1,PROD_000428,SELL_000050,2024-11-25,289.65,9.9
ORD_002545,2,PROD_000339,SELL_000041,2024-10-13,433.56,44.59
ORD_002546,1,PROD_000077,SELL_000030,2024-09-09,470.13,17.0
ORD_002546,2,PROD_000128,SELL_000042,2024-08-18,358.23,47.78
ORD_002546,3,PROD_000166,SELL_000025,2024-02-09,263.68,46.39
ORD_002546,4,PROD_000452,SELL_000020,2024-08-07,284.83,45.03
ORD_002546,5,PROD_000192,SELL_000045,2024-11-22,277.22,42.29
ORD_002547,1,PROD_000467,SELL_000026,2024-06-18,314.31,24.94
ORD_002547,2,PROD_000250,SELL_000003,2024-11-19,481.72,9.69
ORD_002548,1,PROD_000237,SELL_000048,2024-12-19,68.16,13.33
ORD_002548,2,PROD_000345,SELL_000039,2024-01-09,434.2,40.48
ORD_002548,3,PROD_000115,SELL_000034,2024-03-09,422.98,21.91
ORD_002548,4,PROD_000217,SELL_000008,2024-10-18,240.35,33.58
ORD_002548,5,PROD_000399,SELL_000038,2024-07-13,276.29,8.17
ORD_002549,1,PROD_000207,SELL_000027,2024-12-16,312.32,10.32
ORD_002549,2,PROD_000374,SELL_000037,2024-10-18,437.43,37.79
ORD_002549,3,PROD_000235,SELL_000029,2024-12-12,23.14,42.74
ORD_002549,4,PROD_000416,SELL_000041,2024-08-06,351.06,21.96
ORD_002550,1,PROD_000472,SELL_000019,2024-10-03,369.33,21.7
ORD_002550,2,PROD_000306,SELL_000029,2024-08-15,335.17,19.39
ORD_002550,3,PROD_000466,SELL_000030,2024-09-09,222.51,14.63
ORD_002550,4,PROD_000341,SELL_000041,2024-09-17,17.68,45.61
ORD_002551,1,PROD_000018,SELL_000047,2024-07-30,266.99,13.65
ORD_002551,2,PROD_000375,SELL_000016,2024-09-01,125.15,45.54
ORD_002551,3,PROD_000290,SELL_000016,2024-05-23,239.14,17.71
ORD_002552,1,PROD_000475,SELL_000043,2024-03-31,222.66,30.31
ORD_002553,1,PROD_000418,SELL_000022,2024-08-18,35.58,16.06
ORD_002553,2,PROD_000420,SELL_000035,2024-07-08,138.14,23.12
ORD_002553,3,PROD_000381,SELL_000048,2024-07-04,86.15,48.79
ORD_002553,4,PROD_000450,SELL_000014,2024-03-11,42.69,14.8
ORD_002554,1,PROD_000264,SELL_000029,2024-12-15,284.62,12.54
ORD_002554,2,PROD_000322,SELL_000033,2024-09-26,444.76,49.24
ORD_002554,3,PROD_000366,SELL_000050,2024-12-13,471.79,31.48
ORD_002555,1,PROD_000171,SELL_000050,2024-09-13,205.19,39.05
ORD_002555,2,PROD_000029,SELL_000033,2024-09-25,273.37,27.42
ORD_002555,3,PROD_000351,SELL_000003,2024-08-13,303.24,31.2
ORD_002556,1,PROD_000427,SELL_000045,2024-12-11,304.6,37.68
ORD_002557,1,PROD_000066,SELL_000013,2024-12-17,334.5,8.74
ORD_002557,2,PROD_000380,SELL_000019,2024-04-26,388.74,18.21
ORD_002557,3,PROD_000041,SELL_000037,2024-09-09,162.04,43.25
ORD_002557,4,PROD_000002,SELL_000041,2024-10-07,486.07,17.84
ORD_002558,1,PROD_000250,SELL_000008,2024-02-28,354.6,38.95
ORD_002558,2,PROD_000082,SELL_000019,2024-11-09,268.93,19.23
ORD_002558,3,PROD_000300,SELL_000025,2024-05-03,135.49,24.01
ORD_002558,4,PROD_000426,SELL_000047,2024-01-26,485.26,16.28
ORD_002559,1,PROD_000478,SELL_000010,2024-11-20,351.01,36.23
ORD_002559,2,PROD_000201,SELL_000030,2024-04-02,140.34,27.75
ORD_002559,3,PROD_000195,SELL_000011,2024-10-14,335.72,7.56
ORD_002559,4,PROD_000456,SELL_000046,2024-05-07,79.91,9.55
ORD_002560,1,PROD_000218,SELL_000029,2024-02-02,40.88,43.96
ORD_002560,2,PROD_000040,SELL_000033,2024-08-27,68.2,10.0
ORD_002560,3,PROD_000138,SELL_000022,2024-11-09,290.41,31.94
ORD_002560,4,PROD_000367,SELL_000003,2024-09-01,406.89,45.95
ORD_002561,1,PROD_000282,SELL_000043,2024-01-13,83.43,8.54
ORD_002561,2,PROD_000054,SELL_000036,2024-10-26,327.45,6.46
ORD_002561,3,PROD_000018,SELL_000013,2024-06-09,198.55,44.06
ORD_002561,4,PROD_000325,SELL_000006,2024-08-31,126.58,9.05
ORD_002561,5,PROD_000500,SELL_000031,2024-12-28,135.81,8.96
ORD_002562,1,PROD_000428,SELL_000023,2024-07-06,157.02,8.87
ORD_002562,2,PROD_000094,SELL_000016,2024-04-16,467.47,20.31
ORD_002562,3,PROD_000301,SELL_000005,2024-08-01,398.97,38.98
ORD_002562,4,PROD_000382,SELL_000040,2024-02-15,180.98,23.48
ORD_002563,1,PROD_000013,SELL_000045,2024-04-11,197.1,15.47
ORD_002563,2,PROD_000211,SELL_000046,2024-06-07,259.4,19.97
ORD_002564,1,PROD_000229,SELL_000019,2024-05-15,112.31,13.07
ORD_002565,1,PROD_000434,SELL_000042,2024-01-02,41.51,30.5
ORD_002565,2,PROD_000212,SELL_000024,2024-04-29,204.83,25.75
ORD_002565,3,PROD_000414,SELL_000026,2024-11-30,223.23,24.22
ORD_002566,1,PROD_000249,SELL_000033,2024-11-17,58.55,43.07
ORD_002566,2,PROD_000136,SELL_000005,2024-06-08,400.41,11.74
ORD_002566,3,PROD_000486,SELL_000018,2024-10-08,468.89,17.36
ORD_002566,4,PROD_000299,SELL_000005,2024-12-17,412.06,14.72
ORD_002567,1,PROD_000293,SELL_000002,2024-12-09,140.09,48.36
ORD_002568,1,PROD_000427,SELL_000034,2024-05-22,29.25,44.93
ORD_002569,1,PROD_000307,SELL_000010,2024-11-04,358.45,33.66
ORD_002569,2,PROD_000207,SELL_000024,2024-02-21,392.03,14.2
ORD_002570,1,PROD_000044,SELL_000004,2024-01-19,156.62,34.5
ORD_002570,2,PROD_000054,SELL_000012,2024-08-08,385.3,49.69
ORD_002570,3,PROD_000399,SELL_000018,2024-05-01,483.33,16.94
ORD_002570,4,PROD_000242,SELL_000046,2024-01-15,369.11,30.24
ORD_002571,1,PROD_000411,SELL_000011,2024-11-28,18.42,7.19
ORD_002571,2,PROD_000311,SELL_000007,2024-07-16,430.82,15.76
ORD_002571,3,PROD_000347,SELL_000048,2024-03-19,332.82,41.82
ORD_002571,4,PROD_000410,SELL_000026,2024-03-07,165.74,49.85
ORD_002571,5,PROD_000069,SELL_000036,2024-08-08,187.04,38.61
ORD_002572,1,PROD_000057,SELL_000045,2024-11-08,92.73,18.19
ORD_002573,1,PROD_000381,SELL_000007,2024-03-13,260.32,38.48
ORD_002573,2,PROD_000396,SELL_000014,2024-01-03,443.06,24.24
ORD_002573,3,PROD_000446,SELL_000016,2024-09-30,65.21,14.53
ORD_002573,4,PROD_000473,SELL_000042,2024-11-15,93.28,21.38
ORD_002573,5,PROD_000213,SELL_000032,2024-10-20,53.75,25.26
ORD_002574,1,PROD_000350,SELL_000046,2024-10-21,223.99,27.12
ORD_002575,1,PROD_000049,SELL_000031,2024-03-14,310.34,46.2
ORD_002576,1,PROD_000122,SELL_000015,2024-12-27,169.87,10.53
ORD_002576,2,PROD_000375,SELL_000014,2024-07-05,111.07,45.76
ORD_002577,1,PROD_000181,SELL_000028,2024-03-27,358.81,29.45
ORD_002577,2,PROD_000236,SELL_000047,2024-03-12,362.0,49.17
ORD_002578,1,PROD_000395,SELL_000018,2024-12-21,23.74,16.42
ORD_002579,1,PROD_000407,SELL_000029,2024-12-07,253.25,39.02
ORD_002579,2,PROD_000220,SELL_000036,2024-03-26,270.61,32.45
ORD_002579,3,PROD_000089,SELL_000005,2024-10-02,328.76,18.06
ORD_002580,1,PROD_000281,SELL_000011,2024-02-20,206.09,21.89
ORD_002580,2,PROD_000307,SELL_000032,2024-01-04,113.85,24.41
ORD_002580,3,PROD_000329,SELL_000019,2024-11-26,434.63,48.23
ORD_002580,4,PROD_000457,SELL_000043,2024-11-24,324.41,44.52
ORD_002581,1,PROD_000498,SELL_000046,2024-03-25,116.67,11.26
ORD_002581,2,PROD_000071,SELL_000017,2024-03-23,429.48,14.0
ORD_002582,1,PROD_000372,SELL_000014,2024-07-21,261.1,8.54
ORD_002582,2,PROD_000175,SELL_000017,2024-02-24,153.87,49.96
ORD_002582,3,PROD_000479,SELL_000034,2024-09-06,471.29,29.37
ORD_002582,4,PROD_000245,SELL_000023,2024-11-09,13.64,16.62
ORD_002582,5,PROD_000145,SELL_000045,2024-02-17,226.96,19.05
ORD_002583,1,PROD_000138,SELL_000005,2024-01-03,178.65,31.38
ORD_002583,2,PROD_000342,SELL_000047,2024-01-19,199.49,19.48
ORD_002583,3,PROD_000387,SELL_000023,2024-04-22,96.53,16.1
ORD_002584,1,PROD_000138,SELL_000020,2024-05-18,334.75,38.97
ORD_002584,2,PROD_000143,SELL_000047,2024-07-11,68.16,47.77
ORD_002585,1,PROD_000164,SELL_000001,2024-10-09,329.53,32.17
ORD_002585,2,PROD_000248,SELL_000021,2024-05-16,252.11,37.26
ORD_002585,3,PROD_000402,SELL_000008,2024-06-14,337.71,6.24
ORD_002586,1,PROD_000217,SELL_000012,2024-06-27,397.93,5.02
ORD_002586,2,PROD_000362,SELL_000028,2024-03-30,101.73,18.53
ORD_002586,3,PROD_000338,SELL_000029,2024-08-16,494.55,16.66
ORD_002586,4,PROD_000444,SELL_000019,2024-10-08,463.75,12.43
ORD_002587,1,PROD_000129,SELL_000038,2024-03-08,220.53,20.68
ORD_002587,2,PROD_000474,SELL_000034,2024-12-17,489.25,15.7
ORD_002587,3,PROD_000166,SELL_000049,2024-08-06,279.28,37.77
ORD_002587,4,PROD_000441,SELL_000036,2024-01-26,259.27,5.96
ORD_002587,5,PROD_000243,SELL_000042,2024-09-15,428.31,31.73
ORD_002588,1,PROD_000460,SELL_000012,2024-03-29,499.11,31.11
ORD_002588,2,PROD_000067,SELL_000023,2024-04-01,316.8,5.18
ORD_002588,3,PROD_000361,SELL_000038,2024-05-21,385.98,13.8
ORD_002588,4,PROD_000177,SELL_000044,2024-05-13,250.65,8.69
ORD_002588,5,PROD_000026,SELL_000047,2024-03-22,250.05,40.03
ORD_002589,1,PROD_000301,SELL_000038,2024-01-07,92.09,8.91
ORD_002589,2,PROD_000008,SELL_000044,2024-03-27,92.99,31.9
ORD_002590,1,PROD_000433,SELL_000024,2024-08-26,290.37,40.53
ORD_002590,2,PROD_000425,SELL_000033,2024-09-27,131.34,40.5
ORD_002591,1,PROD_000476,SELL_000014,2024-03-28,221.29,6.53
ORD_002591,2,PROD_000092,SELL_000011,2024-06-03,34.09,5.2
ORD_002591,3,PROD_000333,SELL_000030,2024-08-31,324.5,5.56
ORD_002592,1,PROD_000396,SELL_000035,2024-02-24,250.45,40.41
ORD_002592,2,PROD_000026,SELL_000025,2024-10-05,170.6,18.22
ORD_002592,3,PROD_000007,SELL_000033,2024-09-19,446.49,30.29
ORD_002592,4,PROD_000300,SELL_000024,2024-10-22,89.21,35.36
ORD_002593,1,PROD_000168,SELL_000008,2024-07-03,51.29,13.41
ORD_002593,2,PROD_000331,SELL_000033,2024-08-02,459.03,48.31
ORD_002593,3,PROD_000012,SELL_000037,2024-10-26,315.36,25.55
ORD_002593,4,PROD_000354,SELL_000019,2024-10-23,147.52,9.93
ORD_002593,5,PROD_000399,SELL_000029,2024-02-27,192.91,31.22
ORD_002594,1,PROD_000121,SELL_000026,2024-06-01,418.08,27.54
ORD_002595,1,PROD_000128,SELL_000031,2024-03-06,351.48,32.62
ORD_002595,2,PROD_000411,SELL_000043,2024-01-12,379.87,11.57
ORD_002595,3,PROD_000309,SELL_000037,2024-08-07,258.01,28.45
ORD_002595,4,PROD_000105,SELL_000018,2024-04-28,352.34,49.36
ORD_002596,1,PROD_000277,SELL_000043,2024-08-07,318.07,8.35
ORD_002596,2,PROD_000160,SELL_000043,2024-04-05,406.63,37.95
ORD_002596,3,PROD_000291,SELL_000045,2024-06-23,339.85,46.54
ORD_002596,4,PROD_000305,SELL_000049,2024-06-15,403.57,8.68
ORD_002597,1,PROD_000155,SELL_000029,2024-12-10,436.07,27.35
ORD_002597,2,PROD_000023,SELL_000030,2024-02-16,304.09,8.76
ORD_002597,3,PROD_000330,SELL_000046,2024-01-26,123.77,13.49
ORD_002597,4,PROD_000206,SELL_000015,2024-06-28,315.8,10.15
ORD_002597,5,PROD_000478,SELL_000031,2024-04-02,108.98,5.5
ORD_002598,1,PROD_000386,SELL_000041,2024-02-15,192.7,28.99
ORD_002598,2,PROD_000370,SELL_000035,2024-11-27,493.24,23.92
ORD_002598,3,PROD_000419,SELL_000008,2024-12-04,328.04,35.0
ORD_002599,1,PROD_000239,SELL_000004,2024-07-12,63.86,20.43
ORD_002599,2,PROD_000075,SELL_000008,2024-02-28,423.6,36.36
ORD_002599,3,PROD_000390,SELL_000033,2024-11-14,404.88,32.53
ORD_002599,4,PROD_000306,SELL_000046,2024-02-29,315.74,37.63
ORD_002599,5,PROD_000198,SELL_000021,2024-12-10,294.52,10.29
ORD_002600,1,PROD_000120,SELL_000026,2024-12-01,201.09,18.75
ORD_002600,2,PROD_000062,SELL_000018,2024-04-25,53.21,40.51
ORD_002601,1,PROD_000012,SELL_000049,2024-01-02,352.97,30.51
ORD_002601,2,PROD_000030,SELL_000008,2024-02-26,12.35,23.44
ORD_002601,3,PROD_000285,SELL_000011,2024-04-03,144.11,17.21
ORD_002602,1,PROD_000197,SELL_000023,2024-05-16,483.01,30.59
ORD_002602,2,PROD_000376,SELL_000021,2024-02-12,336.35,32.35
ORD_002603,1,PROD_000062,SELL_000042,2024-10-24,248.69,34.43
ORD_002603,2,PROD_000170,SELL_000021,2024-02-04,495.52,31.92
ORD_002603,3,PROD_000178,SELL_000019,2024-05-03,206.35,30.11
ORD_002603,4,PROD_000405,SELL_000003,2024-11-25,450.13,17.14
ORD_002603,5,PROD_000309,SELL_000046,2024-05-12,271.58,31.75
ORD_002604,1,PROD_000500,SELL_000019,2024-11-12,143.67,28.6
ORD_002605,1,PROD_000450,SELL_000005,2024-01-19,478.42,23.74
ORD_002605,2,PROD_000167,SELL_000026,2024-11-10,275.06,32.13
ORD_002605,3,PROD_000360,SELL_000014,2024-04-07,467.87,49.63
ORD_002605,4,PROD_000098,SELL_000006,2024-07-23,240.61,48.18
ORD_002605,5,PROD_000087,SELL_000025,2024-07-17,151.15,39.3
ORD_002606,1,PROD_000363,SELL_000004,2024-08-17,180.02,20.15
ORD_002606,2,PROD_000420,SELL_000037,2024-10-18,23.27,47.59
ORD_002607,1,PROD_000011,SELL_000034,2024-03-01,39.49,25.13
ORD_002607,2,PROD_000030,SELL_000037,2024-02-24,226.39,21.91
ORD_002607,3,PROD_000051,SELL_000002,2024-06-16,306.6,42.33
ORD_002608,1,PROD_000277,SELL_000025,2024-06-18,115.42,27.45
ORD_002609,1,PROD_000140,SELL_000023,2024-12-20,185.11,28.98
ORD_002609,2,PROD_000305,SELL_000013,2024-02-14,267.36,44.05
ORD_002609,3,PROD_000375,SELL_000028,2024-07-17,369.13,19.95
ORD_002609,4,PROD_000453,SELL_000037,2024-05-06,135.32,25.8
ORD_002609,5,PROD_000262,SELL_000007,2024-03-17,386.79,23.46
ORD_002610,1,PROD_000264,SELL_000047,2024-03-05,13.54,33.25
ORD_002610,2,PROD_000409,SELL_000041,2024-10-13,437.86,49.7
ORD_002610,3,PROD_000361,SELL_000041,2024-12-10,126.76,7.65
ORD_002610,4,PROD_000307,SELL_000030,2024-01-22,317.81,14.81
ORD_002610,5,PROD_000252,SELL_000041,2024-09-26,69.13,38.24
ORD_002611,1,PROD_000128,SELL_000046,2024-03-30,170.26,46.3
ORD_002611,2,PROD_000279,SELL_000008,2024-02-14,326.94,37.25
ORD_002612,1,PROD_000333,SELL_000008,2024-03-26,371.49,25.85
ORD_002612,2,PROD_000051,SELL_000024,2024-02-19,277.3,25.24
ORD_002612,3,PROD_000258,SELL_000018,2024-06-09,72.14,22.51
ORD_002612,4,PROD_000223,SELL_000045,2024-01-11,39.94,44.14
ORD_002612,5,PROD_000483,SELL_000009,2024-06-26,308.05,44.68
ORD_002613,1,PROD_000255,SELL_000006,2024-04-05,175.92,18.42
ORD_002613,2,PROD_000180,SELL_000035,2024-06-04,400.74,24.82
ORD_002613,3,PROD_000341,SELL_000023,2024-02-15,301.59,7.87
ORD_002614,1,PROD_000438,SELL_000040,2024-01-11,485.45,8.0
ORD_002614,2,PROD_000425,SELL_000043,2024-12-27,139.67,36.17
ORD_002614,3,PROD_000301,SELL_000002,2024-06-21,158.73,34.02
ORD_002614,4,PROD_000160,SELL_000037,2024-08-05,93.28,38.46
ORD_002614,5,PROD_000192,SELL_000010,2024-02-27,216.29,16.08
ORD_002615,1,PROD_000234,SELL_000050,2024-04-22,399.14,48.93
ORD_002615,2,PROD_000407,SELL_000044,2024-01-26,234.17,23.17
ORD_002615,3,PROD_000381,SELL_000026,2024-09-06,184.75,11.83
ORD_002615,4,PROD_000132,SELL_000042,2024-06-02,99.05,48.53
ORD_002615,5,PROD_000124,SELL_000007,2024-06-14,245.6,31.72
ORD_002616,1,PROD_000208,SELL_000023,2024-10-13,42.19,49.91
ORD_002617,1,PROD_000189,SELL_000049,2024-01-31,399.89,24.69
ORD_002617,2,PROD_000120,SELL_000028,2024-04-25,170.38,35.4
ORD_002617,3,PROD_000320,SELL_000027,2024-09-19,33.92,9.63
ORD_002618,1,PROD_000075,SELL_000030,2024-03-03,384.37,23.83
ORD_002618,2,PROD_000088,SELL_000014,2024-11-07,326.61,21.12
ORD_002619,1,PROD_000001,SELL_000006,2024-08-25,498.72,48.12
ORD_002619,2,PROD_000089,SELL_000027,2024-06-25,174.53,8.03
ORD_002619,3,PROD_000460,SELL_000014,2024-03-07,398.55,24.56
ORD_002619,4,PROD_000098,SELL_000022,2024-12-02,399.15,47.2
ORD_002620,1,PROD_000472,SELL_000001,2024-02-13,339.04,49.44
ORD_002620,2,PROD_000431,SELL_000036,2024-03-07,114.78,34.08
ORD_002620,3,PROD_000435,SELL_000009,2024-11-26,317.6,7.59
ORD_002620,4,PROD_000086,SELL_000021,2024-12-17,119.15,17.39
ORD_002621,1,PROD_000242,SELL_000047,2024-06-08,18.37,25.39
ORD_002621,2,PROD_000279,SELL_000050,2024-07-10,117.84,10.09
ORD_002621,3,PROD_000040,SELL_000022,2024-07-26,154.56,27.82
ORD_002621,4,PROD_000166,SELL_000027,2024-04-01,475.95,47.23
ORD_002622,1,PROD_000452,SELL_000030,2024-06-23,104.73,9.79
ORD_002622,2,PROD_000261,SELL_000017,2024-10-05,467.48,43.18
ORD_002622,3,PROD_000122,SELL_000025,2024-05-28,285.73,9.98
ORD_002622,4,PROD_000077,SELL_000046,2024-10-28,213.33,21.37
ORD_002622,5,PROD_000267,SELL_000030,2024-02-03,195.32,13.73
ORD_002623,1,PROD_000108,SELL_000046,2024-01-26,111.67,10.97
ORD_002623,2,PROD_000050,SELL_000028,2024-10-10,359.33,28.11
ORD_002623,3,PROD_000239,SELL_000001,2024-02-19,260.83,44.12
ORD_002623,4,PROD_000043,SELL_000045,2024-06-21,174.75,16.83
ORD_002623,5,PROD_000416,SELL_000044,2024-02-15,449.87,47.66
ORD_002624,1,PROD_000052,SELL_000012,2024-02-24,276.92,13.57
ORD_002624,2,PROD_000455,SELL_000045,2024-04-10,152.28,43.47
ORD_002624,3,PROD_000040,SELL_000031,2024-10-22,359.54,31.68
ORD_002625,1,PROD_000137,SELL_000045,2024-12-30,177.51,21.46
ORD_002625,2,PROD_000243,SELL_000028,2024-07-18,464.69,38.98
ORD_002625,3,PROD_000193,SELL_000010,2024-06-26,108.8,25.31
ORD_002626,1,PROD_000053,SELL_000032,2024-03-04,377.4,6.94
ORD_002627,1,PROD_000500,SELL_000024,2024-12-20,486.05,36.14
ORD_002627,2,PROD_000063,SELL_000041,2024-08-16,176.98,20.5
ORD_002627,3,PROD_000442,SELL_000040,2024-03-30,112.01,5.26
ORD_002628,1,PROD_000095,SELL_000019,2024-04-02,73.24,48.56
ORD_002628,2,PROD_000231,SELL_000006,2024-07-26,495.75,19.0
ORD_002629,1,PROD_000339,SELL_000047,2024-04-09,370.62,43.36
ORD_002629,2,PROD_000356,SELL_000023,2024-02-14,407.43,33.02
ORD_002630,1,PROD_000321,SELL_000048,2024-03-23,459.74,7.97
ORD_002630,2,PROD_000163,SELL_000009,2024-11-11,89.23,38.84
ORD_002630,3,PROD_000005,SELL_000040,2024-12-15,293.42,37.64
ORD_002630,4,PROD_000216,SELL_000031,2024-08-08,318.97,10.66
ORD_002631,1,PROD_000373,SELL_000050,2024-02-18,254.35,39.18
ORD_002632,1,PROD_000039,SELL_000003,2024-02-10,29.66,44.08
ORD_002632,2,PROD_000016,SELL_000044,2024-05-15,202.26,7.16
ORD_002633,1,PROD_000096,SELL_000042,2024-01-25,162.56,20.32
ORD_002633,2,PROD_000199,SELL_000027,2024-10-01,407.27,36.95
ORD_002633,3,PROD_000046,SELL_000002,2024-04-13,278.67,31.87
ORD_002634,1,PROD_000242,SELL_000044,2024-11-21,98.97,25.67
ORD_002634,2,PROD_000362,SELL_000050,2024-09-29,122.75,30.82
ORD_002635,1,PROD_000378,SELL_000039,2024-01-06,91.6,40.52
ORD_002635,2,PROD_000093,SELL_000020,2024-05-18,269.11,29.5
ORD_002636,1,PROD_000252,SELL_000050,2024-07-29,303.3,37.63
ORD_002637,1,PROD_000183,SELL_000030,2024-08-31,399.23,19.15
ORD_002637,2,PROD_000110,SELL_000037,2024-06-30,481.67,47.97
ORD_002637,3,PROD_000284,SELL_000037,2024-02-22,135.59,15.62
ORD_002637,4,PROD_000038,SELL_000011,2024-12-02,387.89,20.41
ORD_002638,1,PROD_000133,SELL_000030,2024-05-14,295.16,35.62
ORD_002638,2,PROD_000447,SELL_000005,2024-02-10,209.04,37.72
ORD_002639,1,PROD_000348,SELL_000030,2024-10-06,343.54,10.42
ORD_002639,2,PROD_000081,SELL_000010,2024-03-25,114.61,37.12
ORD_002639,3,PROD_000348,SELL_000018,2024-11-21,290.76,18.03
ORD_002640,1,PROD_000404,SELL_000043,2024-06-04,272.58,28.64
ORD_002640,2,PROD_000403,SELL_000043,2024-07-22,391.37,40.6
ORD_002640,3,PROD_000377,SELL_000020,2024-06-04,485.61,8.62
ORD_002640,4,PROD_000135,SELL_000012,2024-03-02,318.37,25.86
ORD_002641,1,PROD_000381,SELL_000038,2024-02-18,135.79,22.07
ORD_002641,2,PROD_000029,SELL_000031,2024-02-03,117.51,40.52
ORD_002641,3,PROD_000044,SELL_000018,2024-04-30,452.73,10.83
ORD_002641,4,PROD_000207,SELL_000019,2024-12-06,204.31,47.38
ORD_002641,5,PROD_000068,SELL_000014,2024-11-04,182.28,16.88
ORD_002642,1,PROD_000459,SELL_000022,2024-10-20,391.36,42.62
ORD_002642,2,PROD_000227,SELL_000012,2024-01-07,413.81,40.73
ORD_002643,1,PROD_000327,SELL_000043,2024-04-22,39.53,32.91
ORD_002643,2,PROD_000347,SELL_000030,2024-10-15,22.93,43.38
ORD_002643,3,PROD_000314,SELL_000047,2024-04-20,135.11,30.17
ORD_002643,4,PROD_000083,SELL_000004,2024-09-03,178.39,47.62
ORD_002644,1,PROD_000289,SELL_000008,2024-11-03,52.73,34.67
ORD_002644,2,PROD_000328,SELL_000038,2024-04-08,279.01,12.12
ORD_002645,1,PROD_000422,SELL_000006,2024-09-19,421.87,14.48
ORD_002645,2,PROD_000471,SELL_000047,2024-06-14,16.45,15.63
ORD_002645,3,PROD_000257,SELL_000020,2024-09-30,322.9,19.48
ORD_002645,4,PROD_000006,SELL_000024,2024-01-20,201.69,10.35
ORD_002645,5,PROD_000049,SELL_000044,2024-02-15,139.91,10.99
ORD_002646,1,PROD_000171,SELL_000026,2024-11-21,209.42,8.21
ORD_002646,2,PROD_000479,SELL_000046,2024-07-21,463.72,35.37
ORD_002646,3,PROD_000449,SELL_000046,2024-04-01,161.78,41.81
ORD_002646,4,PROD_000425,SELL_000008,2024-06-06,141.87,21.32
ORD_002646,5,PROD_000445,SELL_000023,2024-02-13,357.64,43.66
ORD_002647,1,PROD_000309,SELL_000029,2024-06-25,109.76,6.57
ORD_002647,2,PROD_000152,SELL_000017,2024-07-17,377.3,15.99
ORD_002647,3,PROD_000134,SELL_000021,2024-06-16,149.12,40.99
ORD_002647,4,PROD_000046,SELL_000009,2024-12-02,79.72,8.3
ORD_002647,5,PROD_000316,SELL_000044,2024-09-24,327.05,27.63
ORD_002648,1,PROD_000052,SELL_000014,2024-02-11,72.79,7.42
ORD_002648,2,PROD_000184,SELL_000039,2024-05-06,37.4,30.83
ORD_002648,3,PROD_000317,SELL_000046,2024-04-30,21.66,30.46
ORD_002648,4,PROD_000078,SELL_000042,2024-04-05,84.25,6.78
ORD_002648,5,PROD_000368,SELL_000020,2024-02-06,406.61,24.2
ORD_002649,1,PROD_000225,SELL_000003,2024-12-15,207.89,28.87
ORD_002649,2,PROD_000357,SELL_000036,2024-03-23,280.82,22.02
ORD_002649,3,PROD_000210,SELL_000029,2024-05-29,39.58,46.86
ORD_002649,4,PROD_000342,SELL_000001,2024-11-03,473.07,34.84
ORD_002649,5,PROD_000250,SELL_000015,2024-06-17,348.49,18.21
ORD_002650,1,PROD_000095,SELL_000024,2024-12-07,416.28,20.75
ORD_002650,2,PROD_000010,SELL_000047,2024-03-01,79.15,14.78
ORD_002650,3,PROD_000171,SELL_000013,2024-01-28,67.9,20.21
ORD_002650,4,PROD_000130,SELL_000044,2024-04-12,221.51,16.63
ORD_002651,1,PROD_000298,SELL_000015,2024-08-27,40.15,26.4
ORD_002651,2,PROD_000169,SELL_000028,2024-06-02,152.33,14.47
ORD_002651,3,PROD_000045,SELL_000018,2024-09-21,95.99,10.38
ORD_002651,4,PROD_000318,SELL_000047,2024-05-14,455.77,19.87
ORD_002652,1,PROD_000093,SELL_000002,2024-06-27,193.74,49.13
ORD_002652,2,PROD_000084,SELL_000007,2024-07-23,407.13,47.17
ORD_002652,3,PROD_000378,SELL_000042,2024-10-10,421.51,44.57
ORD_002652,4,PROD_000181,SELL_000021,2024-01-02,85.52,42.07
ORD_002653,1,PROD_000146,SELL_000024,2024-01-09,182.79,28.53
ORD_002653,2,PROD_000107,SELL_000047,2024-07-20,36.35,12.15
ORD_002653,3,PROD_000287,SELL_000033,2024-05-25,393.04,30.95
ORD_002653,4,PROD_000492,SELL_000038,2024-03-18,398.73,42.19
ORD_002653,5,PROD_000325,SELL_000036,2024-12-31,358.78,44.44
ORD_002654,1,PROD_000297,SELL_000034,2024-01-09,58.0,23.0
ORD_002654,2,PROD_000348,SELL_000022,2024-04-03,269.82,17.83
ORD_002654,3,PROD_000160,SELL_000047,2024-04-11,25.67,12.86
ORD_002654,4,PROD_000109,SELL_000048,2024-08-06,60.58,16.46
ORD_002654,5,PROD_000485,SELL_000049,2024-02-19,221.76,40.43
ORD_002655,1,PROD_000335,SELL_000029,2024-01-11,235.65,12.28
ORD_002655,2,PROD_000468,SELL_000017,2024-12-28,78.26,6.32
ORD_002656,1,PROD_000028,SELL_000012,2024-11-29,314.06,41.18
ORD_002656,2,PROD_000003,SELL_000029,2024-10-19,310.74,15.21
ORD_002656,3,PROD_000466,SELL_000029,2024-08-31,369.75,28.07
ORD_002657,1,PROD_000025,SELL_000017,2024-09-18,191.03,9.51
ORD_002658,1,PROD_000396,SELL_000039,2024-01-14,373.17,43.89
ORD_002658,2,PROD_000088,SELL_000019,2024-10-12,380.99,28.52
ORD_002658,3,PROD_000325,SELL_000003,2024-06-07,61.33,18.83
ORD_002659,1,PROD_000134,SELL_000001,2024-12-15,260.99,39.07
ORD_002660,1,PROD_000238,SELL_000032,2024-10-23,382.11,43.12
ORD_002660,2,PROD_000040,SELL_000021,2024-12-24,471.19,32.44
ORD_002660,3,PROD_000426,SELL_000011,2024-03-10,299.85,47.08
ORD_002660,4,PROD_000103,SELL_000030,2024-11-20,386.27,6.52
ORD_002660,5,PROD_000033,SELL_000026,2024-10-11,266.51,35.34
ORD_002661,1,PROD_000358,SELL_000031,2024-07-26,347.92,15.34
ORD_002661,2,PROD_000400,SELL_000040,2024-12-21,489.09,31.18
ORD_002661,3,PROD_000242,SELL_000050,2024-11-25,302.22,18.71
ORD_002662,1,PROD_000336,SELL_000037,2024-04-06,385.91,45.05
ORD_002662,2,PROD_000155,SELL_000009,2024-08-28,440.91,50.0
ORD_002662,3,PROD_000252,SELL_000030,2024-05-23,60.21,20.13
ORD_002663,1,PROD_000144,SELL_000027,2024-07-12,384.03,24.83
ORD_002663,2,PROD_000176,SELL_000027,2024-04-16,345.1,9.56
ORD_002663,3,PROD_000152,SELL_000016,2024-07-23,43.35,49.25
ORD_002663,4,PROD_000059,SELL_000007,2024-07-27,404.51,21.61
ORD_002664,1,PROD_000450,SELL_000009,2024-06-09,44.72,27.24
ORD_002664,2,PROD_000221,SELL_000034,2024-09-10,157.39,29.64
ORD_002664,3,PROD_000162,SELL_000027,2024-11-23,131.53,37.94
ORD_002665,1,PROD_000089,SELL_000021,2024-02-15,14.93,43.34
ORD_002665,2,PROD_000014,SELL_000011,2024-12-03,462.72,47.06
ORD_002666,1,PROD_000104,SELL_000045,2024-03-02,394.62,30.72
ORD_002666,2,PROD_000396,SELL_000005,2024-05-19,47.52,8.82
ORD_002666,3,PROD_000380,SELL_000009,2024-01-25,405.24,34.11
ORD_002666,4,PROD_000416,SELL_000020,2024-08-28,136.52,30.2
ORD_002666,5,PROD_000161,SELL_000044,2024-09-01,288.65,9.34
ORD_002667,1,PROD_000446,SELL_000018,2024-03-08,102.52,27.53
ORD_002667,2,PROD_000096,SELL_000048,2024-02-05,94.68,19.5
ORD_002667,3,PROD_000356,SELL_000035,2024-03-20,138.7,40.08
ORD_002667,4,PROD_000384,SELL_000001,2024-09-18,484.56,38.72
ORD_002667,5,PROD_000023,SELL_000038,2024-04-03,236.06,33.97
ORD_002668,1,PROD_000230,SELL_000018,2024-04-09,210.76,17.96
ORD_002668,2,PROD_000169,SELL_000018,2024-04-02,341.66,35.55
ORD_002668,3,PROD_000032,SELL_000012,2024-07-17,316.02,9.86
ORD_002669,1,PROD_000422,SELL_000043,2024-05-30,205.26,24.64
ORD_002669,2,PROD_000321,SELL_000009,2024-01-02,247.06,36.46
ORD_002669,3,PROD_000293,SELL_000030,2024-03-18,74.46,38.92
ORD_002670,1,PROD_000359,SELL_000008,2024-09-25,327.5,48.94
ORD_002670,2,PROD_000261,SELL_000027,2024-12-21,128.01,42.25
ORD_002671,1,PROD_000387,SELL_000047,2024-05-22,181.7,31.2
ORD_002671,2,PROD_000485,SELL_000024,2024-01-25,278.98,30.63
ORD_002671,3,PROD_000335,SELL_000002,2024-12-19,108.55,28.11
ORD_002672,1,PROD_000200,SELL_000045,2024-11-01,255.79,48.04
ORD_002672,2,PROD_000286,SELL_000020,2024-05-23,10.94,46.54
ORD_002672,3,PROD_000231,SELL_000034,2024-04-13,215.75,10.93
ORD_002673,1,PROD_000283,SELL_000046,2024-05-22,312.79,18.32
ORD_002673,2,PROD_000351,SELL_000044,2024-05-31,405.74,25.6
ORD_002673,3,PROD_000029,SELL_000017,2024-05-27,233.29,8.69
ORD_002673,4,PROD_000121,SELL_000032,2024-11-21,306.74,23.04
ORD_002674,1,PROD_000429,SELL_000049,2024-08-09,20.32,29.29
ORD_002675,1,PROD_000128,SELL_000044,2024-09-22,81.81,48.11
ORD_002675,2,PROD_000009,SELL_000001,2024-12-16,321.88,31.73
ORD_002676,1,PROD_000005,SELL_000027,2024-11-23,246.04,40.65
ORD_002676,2,PROD_000072,SELL_000041,2024-05-18,216.75,33.42
ORD_002676,3,PROD_000104,SELL_000001,2024-11-09,82.25,13.14
ORD_002676,4,PROD_000088,SELL_000008,2024-03-07,261.87,9.66
ORD_002676,5,PROD_000320,SELL_000002,2024-04-15,399.48,19.41
ORD_002677,1,PROD_000420,SELL_000014,2024-03-31,361.28,11.73
ORD_002677,2,PROD_000086,SELL_000032,2024-03-15,120.5,16.66
ORD_002677,3,PROD_000138,SELL_000005,2024-07-20,426.33,28.21
ORD_002677,4,PROD_000285,SELL_000034,2024-11-26,337.07,16.44
ORD_002677,5,PROD_000279,SELL_000038,2024-11-28,301.49,29.39
ORD_002678,1,PROD_000344,SELL_000011,2024-04-20,346.02,13.62
ORD_002678,2,PROD_000091,SELL_000033,2024-06-04,218.24,43.6
ORD_002679,1,PROD_000062,SELL_000039,2024-10-26,287.87,8.65
ORD_002679,2,PROD_000261,SELL_000046,2024-02-19,385.38,23.0
ORD_002679,3,PROD_000076,SELL_000008,2024-05-03,325.15,25.07
ORD_002679,4,PROD_000386,SELL_000045,2024-06-12,360.68,35.64
ORD_002680,1,PROD_000042,SELL_000050,2024-05-14,178.92,21.07
ORD_002680,2,PROD_000155,SELL_000017,2024-08-17,74.3,26.51
ORD_002681,1,PROD_000448,SELL_000017,2024-09-22,454.99,46.33
ORD_002682,1,PROD_000253,SELL_000017,2024-05-11,91.0,12.88
ORD_002682,2,PROD_000176,SELL_000040,2024-12-16,431.55,14.03
ORD_002682,3,PROD_000112,SELL_000032,2024-05-10,262.4,41.26
ORD_002682,4,PROD_000332,SELL_000004,2024-09-26,113.89,49.02
ORD_002682,5,PROD_000430,SELL_000018,2024-04-24,81.08,7.27
ORD_002683,1,PROD_000205,SELL_000043,2024-01-04,417.06,40.18
ORD_002684,1,PROD_000002,SELL_000041,2024-08-21,248.88,47.97
ORD_002684,2,PROD_000383,SELL_000043,2024-07-15,246.66,21.35
ORD_002685,1,PROD_000183,SELL_000038,2024-09-23,226.47,26.89
ORD_002685,2,PROD_000048,SELL_000047,2024-06-12,239.23,15.55
ORD_002685,3,PROD_000120,SELL_000022,2024-04-24,255.75,27.45
ORD_002685,4,PROD_000497,SELL_000038,2024-01-21,100.33,29.04
ORD_002685,5,PROD_000477,SELL_000048,2024-10-31,458.12,18.1
ORD_002686,1,PROD_000168,SELL_000028,2024-11-01,368.39,35.56
ORD_002687,1,PROD_000195,SELL_000049,2024-02-24,476.45,12.59
ORD_002687,2,PROD_000481,SELL_000048,2024-09-26,68.7,38.44
ORD_002687,3,PROD_000462,SELL_000003,2024-08-25,306.74,23.04
ORD_002687,4,PROD_000144,SELL_000035,2024-01-20,440.86,40.89
ORD_002688,1,PROD_000082,SELL_000011,2024-05-15,331.94,38.95
ORD_002688,2,PROD_000168,SELL_000028,2024-03-01,436.34,37.25
ORD_002688,3,PROD_000460,SELL_000029,2024-03-19,36.64,26.42
ORD_002689,1,PROD_000033,SELL_000008,2024-08-17,167.38,19.85
ORD_002690,1,PROD_000233,SELL_000030,2024-05-31,245.16,21.58
ORD_002690,2,PROD_000023,SELL_000027,2024-08-21,360.58,43.99
ORD_002690,3,PROD_000134,SELL_000045,2024-11-06,396.86,40.56
ORD_002690,4,PROD_000289,SELL_000003,2024-12-30,250.57,10.6
ORD_002691,1,PROD_000250,SELL_000041,2024-09-09,264.49,42.95
ORD_002691,2,PROD_000365,SELL_000033,2024-01-28,125.17,41.45
ORD_002691,3,PROD_000147,SELL_000049,2024-10-22,425.88,14.86
ORD_002691,4,PROD_000347,SELL_000047,2024-01-02,489.36,5.44
ORD_002692,1,PROD_000115,SELL_000020,2024-03-03,450.17,26.59
ORD_002692,2,PROD_000499,SELL_000008,2024-06-13,356.36,40.55
ORD_002693,1,PROD_000415,SELL_000013,2024-11-12,316.44,7.46
ORD_002694,1,PROD_000261,SELL_000001,2024-04-08,378.24,17.13
ORD_002694,2,PROD_000054,SELL_000016,2024-08-14,370.47,9.92
ORD_002695,1,PROD_000190,SELL_000045,2024-01-16,399.43,17.18
ORD_002695,2,PROD_000461,SELL_000033,2024-11-17,430.5,45.89
ORD_002695,3,PROD_000280,SELL_000007,2024-11-12,275.15,36.58
ORD_002695,4,PROD_000290,SELL_000037,2024-08-25,121.85,36.24
ORD_002695,5,PROD_000329,SELL_000038,2024-03-10,438.63,26.64
ORD_002696,1,PROD_000319,SELL_000038,2024-03-15,454.53,15.59
ORD_002697,1,PROD_000433,SELL_000035,2024-07-22,113.23,31.01
ORD_002697,2,PROD_000323,SELL_000003,2024-08-03,97.47,17.44
ORD_002697,3,PROD_000220,SELL_000030,2024-10-15,213.22,13.84
ORD_002697,4,PROD_000021,SELL_000050,2024-04-24,275.99,43.32
ORD_002697,5,PROD_000297,SELL_000005,2024-10-20,379.73,29.54
ORD_002698,1,PROD_000021,SELL_000030,2024-11-29,196.11,32.55
ORD_002698,2,PROD_000276,SELL_000048,2024-07-28,424.9,41.87
ORD_002698,3,PROD_000140,SELL_000018,2024-10-28,41.49,29.56
ORD_002698,4,PROD_000042,SELL_000003,2024-02-25,178.09,35.1
ORD_002699,1,PROD_000399,SELL_000012,2024-06-15,173.78,25.67
ORD_002699,2,PROD_000008,SELL_000048,2024-02-23,496.03,38.61
ORD_002699,3,PROD_000270,SELL_000032,2024-03-11,175.36,18.56
ORD_002699,4,PROD_000438,SELL_000015,2024-01-10,74.3,33.83
ORD_002700,1,PROD_000475,SELL_000012,2024-09-06,348.74,42.41
ORD_002700,2,PROD_000082,SELL_000008,2024-12-18,178.48,47.87
ORD_002700,3,PROD_000250,SELL_000050,2024-12-08,82.12,8.11
ORD_002700,4,PROD_000062,SELL_000045,2024-05-17,118.59,8.05
ORD_002701,1,PROD_000197,SELL_000015,2024-10-05,87.76,25.79
ORD_002701,2,PROD_000388,SELL_000024,2024-10-26,225.19,25.93
ORD_002701,3,PROD_000239,SELL_000008,2024-12-01,290.2,36.52
ORD_002701,4,PROD_000209,SELL_000002,2024-06-30,102.46,46.62
ORD_002702,1,PROD_000471,SELL_000047,2024-06-19,322.82,24.82
ORD_002702,2,PROD_000460,SELL_000049,2024-02-02,310.74,40.66
ORD_002702,3,PROD_000119,SELL_000017,2024-12-20,326.9,47.95
ORD_002702,4,PROD_000401,SELL_000041,2024-11-01,256.94,9.22
ORD_002703,1,PROD_000388,SELL_000026,2024-03-23,310.98,30.42
ORD_002703,2,PROD_000391,SELL_000032,2024-09-03,378.42,22.53
ORD_002703,3,PROD_000010,SELL_000021,2024-05-04,380.51,31.87
ORD_002704,1,PROD_000466,SELL_000005,2024-02-14,393.23,6.05
ORD_002704,2,PROD_000247,SELL_000045,2024-08-30,274.81,48.77
ORD_002704,3,PROD_000060,SELL_000034,2024-03-22,368.9,14.15
ORD_002704,4,PROD_000328,SELL_000017,2024-02-07,297.55,26.81
ORD_002704,5,PROD_000382,SELL_000004,2024-04-17,456.66,13.37
ORD_002705,1,PROD_000376,SELL_000033,2024-02-16,316.0,15.39
ORD_002706,1,PROD_000083,SELL_000031,2024-05-13,327.75,44.31
ORD_002706,2,PROD_000136,SELL_000043,2024-12-22,181.51,48.56
ORD_002707,1,PROD_000468,SELL_000031,2024-03-24,227.41,46.11
ORD_002707,2,PROD_000364,SELL_000039,2024-03-31,152.18,40.87
ORD_002707,3,PROD_000419,SELL_000044,2024-12-18,235.26,41.7
ORD_002708,1,PROD_000160,SELL_000002,2024-07-28,463.45,30.11
ORD_002708,2,PROD_000231,SELL_000037,2024-10-23,375.39,10.66
ORD_002708,3,PROD_000003,SELL_000044,2024-07-12,69.1,26.26
ORD_002708,4,PROD_000312,SELL_000035,2024-03-26,103.63,21.91
ORD_002709,1,PROD_000068,SELL_000021,2024-11-06,429.83,42.78
ORD_002709,2,PROD_000105,SELL_000002,2024-10-06,251.25,43.68
ORD_002709,3,PROD_000253,SELL_000037,2024-01-16,304.05,12.96
ORD_002709,4,PROD_000040,SELL_000012,2024-02-13,471.86,45.42
ORD_002709,5,PROD_000112,SELL_000021,2024-10-12,64.71,24.54
ORD_002710,1,PROD_000018,SELL_000012,2024-07-19,93.97,36.92
ORD_002711,1,PROD_000312,SELL_000013,2024-04-09,165.29,10.87
ORD_002712,1,PROD_000443,SELL_000019,2024-05-29,122.61,35.26
ORD_002712,2,PROD_000409,SELL_000035,2024-04-05,442.84,27.5
ORD_002712,3,PROD_000015,SELL_000047,2024-02-21,434.81,20.97
ORD_002712,4,PROD_000357,SELL_000009,2024-01-31,31.13,16.05
ORD_002712,5,PROD_000024,SELL_000037,2024-02-06,275.02,27.51
ORD_002713,1,PROD_000079,SELL_000019,2024-09-04,457.99,22.88
ORD_002714,1,PROD_000221,SELL_000043,2024-08-27,261.41,6.17
ORD_002714,2,PROD_000498,SELL_000007,2024-09-08,93.05,38.56
ORD_002714,3,PROD_000026,SELL_000040,2024-11-09,115.86,49.64
ORD_002714,4,PROD_000180,SELL_000006,2024-04-20,248.56,44.89
ORD_002715,1,PROD_000485,SELL_000017,2024-09-29,65.04,38.15
ORD_002715,2,PROD_000053,SELL_000046,2024-11-01,370.78,27.26
ORD_002715,3,PROD_000315,SELL_000007,2024-10-12,152.38,19.69
ORD_002715,4,PROD_000320,SELL_000010,2024-01-03,259.29,49.14
ORD_002715,5,PROD_000319,SELL_000048,2024-08-07,181.63,40.52
ORD_002716,1,PROD_000047,SELL_000037,2024-05-15,29.21,47.13
ORD_002716,2,PROD_000277,SELL_000019,2024-12-16,180.02,41.29
ORD_002716,3,PROD_000298,SELL_000014,2024-12-22,133.57,47.11
ORD_002717,1,PROD_000025,SELL_000030,2024-07-06,433.63,29.7
ORD_002718,1,PROD_000317,SELL_000031,2024-03-26,78.2,48.45
ORD_002718,2,PROD_000174,SELL_000031,2024-12-04,356.35,7.13
ORD_002718,3,PROD_000466,SELL_000012,2024-06-22,312.33,45.25
ORD_002718,4,PROD_000416,SELL_000008,2024-12-05,86.69,39.44
ORD_002718,5,PROD_000491,SELL_000031,2024-03-28,192.68,44.61
ORD_002719,1,PROD_000415,SELL_000024,2024-06-11,316.35,16.13
ORD_002719,2,PROD_000007,SELL_000029,2024-10-23,165.43,10.96
ORD_002719,3,PROD_000129,SELL_000028,2024-08-29,483.72,11.68
ORD_002719,4,PROD_000317,SELL_000025,2024-08-15,336.81,28.41
ORD_002719,5,PROD_000289,SELL_000001,2024-08-16,166.48,8.62
ORD_002720,1,PROD_000279,SELL_000001,2024-07-25,218.84,23.2
ORD_002720,2,PROD_000248,SELL_000040,2024-06-03,16.38,36.25
ORD_002721,1,PROD_000236,SELL_000014,2024-08-27,362.92,12.64
ORD_002722,1,PROD_000256,SELL_000025,2024-05-21,271.08,14.79
ORD_002723,1,PROD_000147,SELL_000041,2024-12-08,387.08,18.67
ORD_002724,1,PROD_000348,SELL_000046,2024-04-04,301.6,46.08
ORD_002725,1,PROD_000186,SELL_000025,2024-06-20,19.47,42.29
ORD_002725,2,PROD_000383,SELL_000034,2024-05-24,284.6,8.19
ORD_002725,3,PROD_000328,SELL_000018,2024-10-20,98.01,10.71
ORD_002725,4,PROD_000115,SELL_000021,2024-07-25,26.63,11.02
ORD_002725,5,PROD_000429,SELL_000038,2024-04-30,488.02,45.62
ORD_002726,1,PROD_000340,SELL_000032,2024-06-03,440.29,49.64
ORD_002727,1,PROD_000097,SELL_000027,2024-11-15,128.9,29.31
ORD_002727,2,PROD_000024,SELL_000023,2024-10-03,134.06,48.36
ORD_002727,3,PROD_000243,SELL_000001,2024-12-05,473.37,43.1
ORD_002727,4,PROD_000118,SELL_000022,2024-12-10,352.02,26.91
ORD_002728,1,PROD_000099,SELL_000006,2024-08-13,88.64,46.82
ORD_002728,2,PROD_000034,SELL_000003,2024-10-05,339.94,16.82
ORD_002728,3,PROD_000204,SELL_000013,2024-11-27,47.44,44.8
ORD_002728,4,PROD_000229,SELL_000044,2024-10-30,487.0,9.68
ORD_002728,5,PROD_000092,SELL_000027,2024-06-21,34.57,29.09
ORD_002729,1,PROD_000310,SELL_000032,2024-07-04,498.53,27.75
ORD_002729,2,PROD_000164,SELL_000013,2024-08-31,299.32,35.0
ORD_002729,3,PROD_000276,SELL_000033,2024-02-12,218.67,23.87
ORD_002729,4,PROD_000326,SELL_000003,2024-11-16,208.28,8.51
ORD_002729,5,PROD_000295,SELL_000036,2024-09-17,281.31,17.86
ORD_002730,1,PROD_000362,SELL_000031,2024-04-10,397.7,8.76
ORD_002730,2,PROD_000328,SELL_000029,2024-09-18,384.71,18.2
ORD_002730,3,PROD_000237,SELL_000019,2024-09-02,462.6,25.8
ORD_002731,1,PROD_000021,SELL_000034,2024-11-23,399.47,38.19
ORD_002731,2,PROD_000283,SELL_000047,2024-09-17,338.22,19.04
ORD_002731,3,PROD_000406,SELL_000024,2024-08-01,148.95,47.48
ORD_002731,4,PROD_000119,SELL_000011,2024-08-27,355.95,18.87
ORD_002732,1,PROD_000372,SELL_000021,2024-08-07,188.3,26.28
ORD_002733,1,PROD_000468,SELL_000006,2024-11-25,178.7,47.48
ORD_002734,1,PROD_000083,SELL_000025,2024-07-25,445.0,33.08
ORD_002734,2,PROD_000276,SELL_000006,2024-10-04,37.85,21.54
ORD_002734,3,PROD_000231,SELL_000038,2024-03-18,22.99,30.12
ORD_002734,4,PROD_000131,SELL_000026,2024-05-02,410.05,24.01
ORD_002735,1,PROD_000478,SELL_000046,2024-07-29,29.14,48.9
ORD_002735,2,PROD_000206,SELL_000041,2024-06-08,286.42,14.04
ORD_002735,3,PROD_000083,SELL_000016,2024-09-06,174.02,36.25
ORD_002736,1,PROD_000108,SELL_000033,2024-09-24,108.81,41.09
ORD_002736,2,PROD_000117,SELL_000042,2024-02-16,139.08,16.2
ORD_002736,3,PROD_000080,SELL_000023,2024-05-27,260.5,46.9
ORD_002736,4,PROD_000352,SELL_000011,2024-09-14,402.57,48.27
ORD_002736,5,PROD_000090,SELL_000048,2024-01-06,471.0,41.31
ORD_002737,1,PROD_000223,SELL_000021,2024-04-17,136.76,32.47
ORD_002737,2,PROD_000470,SELL_000045,2024-02-15,27.13,5.96
ORD_002737,3,PROD_000078,SELL_000035,2024-02-13,10.06,5.88
ORD_002737,4,PROD_000459,SELL_000011,2024-08-03,205.6,43.21
ORD_002738,1,PROD_000288,SELL_000001,2024-09-18,361.59,42.12
ORD_002738,2,PROD_000408,SELL_000017,2024-06-07,350.1,46.35
ORD_002738,3,PROD_000298,SELL_000005,2024-07-20,486.71,11.46
ORD_002738,4,PROD_000254,SELL_000045,2024-09-06,391.3,20.56
ORD_002739,1,PROD_000443,SELL_000047,2024-11-08,383.95,47.02
ORD_002739,2,PROD_000083,SELL_000023,2024-02-02,381.41,11.94
ORD_002740,1,PROD_000060,SELL_000024,2024-04-14,190.53,25.54
ORD_002740,2,PROD_000300,SELL_000011,2024-09-04,45.79,31.66
ORD_002740,3,PROD_000443,SELL_000026,2024-07-21,454.94,21.92
ORD_002740,4,PROD_000148,SELL_000009,2024-11-07,378.64,13.55
ORD_002740,5,PROD_000272,SELL_000002,2024-02-27,411.88,7.18
ORD_002741,1,PROD_000452,SELL_000044,2024-01-24,66.63,25.74
ORD_002741,2,PROD_000470,SELL_000019,2024-06-07,204.16,29.27
ORD_002741,3,PROD_000152,SELL_000036,2024-07-12,140.01,10.27
ORD_002741,4,PROD_000381,SELL_000021,2024-01-06,233.33,39.16
ORD_002742,1,PROD_000049,SELL_000009,2024-04-15,119.09,43.56
ORD_002742,2,PROD_000438,SELL_000044,2024-04-26,143.63,27.44
ORD_002743,1,PROD_000053,SELL_000032,2024-05-27,45.04,6.34
ORD_002743,2,PROD_000386,SELL_000041,2024-04-24,231.74,9.71
ORD_002744,1,PROD_000195,SELL_000018,2024-10-15,369.09,23.38
ORD_002745,1,PROD_000271,SELL_000044,2024-10-23,284.26,46.35
ORD_002745,2,PROD_000098,SELL_000040,2024-08-21,340.24,44.51
ORD_002745,3,PROD_000489,SELL_000042,2024-03-08,228.17,22.69
ORD_002745,4,PROD_000082,SELL_000034,2024-05-29,350.94,47.25
ORD_002746,1,PROD_000111,SELL_000024,2024-07-07,461.52,34.5
ORD_002746,2,PROD_000009,SELL_000005,2024-03-14,42.53,32.01
ORD_002746,3,PROD_000411,SELL_000037,2024-02-12,138.65,35.45
ORD_002746,4,PROD_000367,SELL_000038,2024-06-28,73.3,13.61
ORD_002747,1,PROD_000296,SELL_000024,2024-05-02,472.44,8.78
ORD_002747,2,PROD_000294,SELL_000025,2024-07-06,143.07,37.87
ORD_002747,3,PROD_000030,SELL_000022,2024-11-16,431.33,48.68
ORD_002748,1,PROD_000348,SELL_000043,2024-10-28,288.12,16.69
ORD_002748,2,PROD_000076,SELL_000050,2024-02-07,12.22,6.69
ORD_002748,3,PROD_000390,SELL_000014,2024-09-16,277.19,26.43
ORD_002749,1,PROD_000038,SELL_000016,2024-11-22,220.47,43.14
ORD_002749,2,PROD_000483,SELL_000009,2024-02-05,79.18,46.3
ORD_002749,3,PROD_000412,SELL_000001,2024-01-19,150.29,29.36
ORD_002749,4,PROD_000312,SELL_000031,2024-07-01,80.69,6.82
ORD_002750,1,PROD_000270,SELL_000019,2024-10-10,221.49,18.48
ORD_002751,1,PROD_000347,SELL_000022,2024-12-29,222.39,36.7
ORD_002751,2,PROD_000197,SELL_000010,2024-04-04,91.04,7.48
ORD_002751,3,PROD_000383,SELL_000042,2024-06-14,405.34,17.74
ORD_002752,1,PROD_000236,SELL_000006,2024-01-11,180.12,43.8
ORD_002753,1,PROD_000110,SELL_000039,2024-03-15,313.83,36.41
ORD_002753,2,PROD_000414,SELL_000042,2024-07-30,379.49,42.59
ORD_002753,3,PROD_000239,SELL_000001,2024-07-14,133.08,28.24
ORD_002753,4,PROD_000253,SELL_000010,2024-05-04,173.87,28.6
ORD_002754,1,PROD_000485,SELL_000036,2024-11-20,453.64,35.01
ORD_002754,2,PROD_000338,SELL_000022,2024-02-13,236.44,21.4
ORD_002755,1,PROD_000028,SELL_000020,2024-08-26,246.73,6.79
ORD_002755,2,PROD_000267,SELL_000013,2024-12-24,13.57,47.71
ORD_002756,1,PROD_000067,SELL_000030,2024-05-08,440.05,21.29
ORD_002756,2,PROD_000110,SELL_000035,2024-03-22,235.42,37.84
ORD_002756,3,PROD_000111,SELL_000036,2024-04-30,86.43,41.86
ORD_002756,4,PROD_000391,SELL_000011,2024-03-07,175.28,24.15
ORD_002757,1,PROD_000156,SELL_000034,2024-04-18,233.18,45.56
ORD_002757,2,PROD_000349,SELL_000048,2024-03-12,448.74,15.43
ORD_002758,1,PROD_000037,SELL_000017,2024-07-30,135.74,26.72
ORD_002759,1,PROD_000128,SELL_000034,2024-01-30,399.04,49.0
ORD_002760,1,PROD_000461,SELL_000006,2024-10-05,164.53,12.45
ORD_002760,2,PROD_000109,SELL_000038,2024-09-11,61.51,6.96
ORD_002760,3,PROD_000462,SELL_000008,2024-12-21,466.28,17.43
ORD_002761,1,PROD_000111,SELL_000014,2024-01-20,188.15,6.95
ORD_002761,2,PROD_000277,SELL_000004,2024-10-25,297.85,41.12
ORD_002761,3,PROD_000420,SELL_000017,2024-01-23,335.17,42.75
ORD_002762,1,PROD_000029,SELL_000047,2024-09-28,462.31,44.47
ORD_002763,1,PROD_000258,SELL_000019,2024-12-08,268.1,21.81
ORD_002763,2,PROD_000267,SELL_000043,2024-06-05,86.19,20.82
ORD_002763,3,PROD_000435,SELL_000030,2024-08-14,201.17,20.83
ORD_002763,4,PROD_000172,SELL_000024,2024-12-21,223.02,39.57
ORD_002764,1,PROD_000160,SELL_000010,2024-10-25,95.95,27.22
ORD_002764,2,PROD_000012,SELL_000006,2024-11-05,112.99,41.17
ORD_002764,3,PROD_000067,SELL_000046,2024-07-28,414.12,19.05
ORD_002765,1,PROD_000071,SELL_000012,2024-03-30,54.18,22.34
ORD_002765,2,PROD_000314,SELL_000023,2024-03-31,103.54,40.64
ORD_002765,3,PROD_000500,SELL_000018,2024-11-08,278.28,8.41
ORD_002766,1,PROD_000093,SELL_000048,2024-01-13,368.27,36.52
ORD_002766,2,PROD_000341,SELL_000021,2024-08-22,441.78,25.22
ORD_002766,3,PROD_000113,SELL_000008,2024-04-01,134.19,18.05
ORD_002767,1,PROD_000265,SELL_000025,2024-12-31,483.0,21.88
ORD_002767,2,PROD_000387,SELL_000015,2024-02-05,460.74,20.21
ORD_002768,1,PROD_000105,SELL_000014,2024-08-28,108.05,18.39
ORD_002768,2,PROD_000248,SELL_000030,2024-11-29,221.56,7.81
ORD_002768,3,PROD_000397,SELL_000046,2024-08-11,166.94,29.13
ORD_002769,1,PROD_000074,SELL_000030,2024-08-09,495.72,18.5
ORD_002769,2,PROD_000416,SELL_000041,2024-07-18,429.66,45.88
ORD_002769,3,PROD_000301,SELL_000005,2024-06-26,341.17,44.62
ORD_002769,4,PROD_000292,SELL_000032,2024-04-23,321.33,33.81
ORD_002769,5,PROD_000365,SELL_000032,2024-09-19,464.14,49.98
ORD_002770,1,PROD_000471,SELL_000018,2024-12-09,389.12,36.22
ORD_002771,1,PROD_000327,SELL_000009,2024-10-18,266.77,36.98
ORD_002771,2,PROD_000210,SELL_000035,2024-08-28,210.8,33.08
ORD_002771,3,PROD_000236,SELL_000021,2024-01-14,165.25,8.54
ORD_002772,1,PROD_000486,SELL_000050,2024-06-30,188.27,9.36
ORD_002772,2,PROD_000253,SELL_000020,2024-11-01,316.54,10.52
ORD_002772,3,PROD_000267,SELL_000026,2024-11-07,437.75,44.85
ORD_002773,1,PROD_000191,SELL_000036,2024-09-28,308.01,7.89
ORD_002774,1,PROD_000376,SELL_000033,2024-08-13,418.6,31.67
ORD_002775,1,PROD_000422,SELL_000006,2024-04-06,442.28,27.82
ORD_002776,1,PROD_000183,SELL_000049,2024-07-27,92.65,44.29
ORD_002777,1,PROD_000031,SELL_000025,2024-01-26,193.4,44.44
ORD_002777,2,PROD_000036,SELL_000050,2024-02-20,207.85,39.57
ORD_002778,1,PROD_000214,SELL_000040,2024-01-07,178.22,16.1
ORD_002778,2,PROD_000392,SELL_000010,2024-07-27,439.4,40.43
ORD_002778,3,PROD_000377,SELL_000050,2024-02-05,306.27,44.84
ORD_002778,4,PROD_000364,SELL_000029,2024-02-13,295.17,5.06
ORD_002779,1,PROD_000342,SELL_000016,2024-03-30,253.33,9.74
ORD_002779,2,PROD_000482,SELL_000045,2024-08-31,393.02,10.67
ORD_002780,1,PROD_000188,SELL_000040,2024-03-13,69.01,13.14
ORD_002780,2,PROD_000416,SELL_000003,2024-04-14,431.69,27.89
ORD_002780,3,PROD_000289,SELL_000049,2024-11-22,40.1,23.44
ORD_002780,4,PROD_000129,SELL_000014,2024-02-12,227.0,39.88
ORD_002781,1,PROD_000378,SELL_000004,2024-11-27,330.48,42.82
ORD_002782,1,PROD_000108,SELL_000050,2024-02-05,397.32,28.63
ORD_002782,2,PROD_000198,SELL_000049,2024-08-21,437.06,34.34
ORD_002782,3,PROD_000290,SELL_000035,2024-09-11,271.92,43.29
ORD_002782,4,PROD_000180,SELL_000002,2024-12-16,166.54,46.49
ORD_002783,1,PROD_000318,SELL_000013,2024-02-26,278.14,15.01
ORD_002783,2,PROD_000049,SELL_000010,2024-07-03,153.23,24.95
ORD_002783,3,PROD_000491,SELL_000037,2024-10-25,254.82,16.52
ORD_002784,1,PROD_000121,SELL_000023,2024-11-30,424.8,5.96
ORD_002785,1,PROD_000143,SELL_000045,2024-01-05,230.29,43.44
ORD_002785,2,PROD_000131,SELL_000049,2024-09-05,63.69,30.05
ORD_002785,3,PROD_000350,SELL_000025,2024-12-21,73.65,31.43
ORD_002786,1,PROD_000210,SELL_000036,2024-12-20,64.22,8.97
ORD_002786,2,PROD_000450,SELL_000022,2024-04-30,379.31,17.67
ORD_002787,1,PROD_000399,SELL_000030,2024-03-10,392.71,41.83
ORD_002788,1,PROD_000392,SELL_000035,2024-05-09,367.41,20.6
ORD_002788,2,PROD_000266,SELL_000018,2024-06-18,272.49,7.44
ORD_002788,3,PROD_000068,SELL_000011,2024-08-16,362.69,49.07
ORD_002788,4,PROD_000352,SELL_000001,2024-03-08,56.94,49.26
ORD_002789,1,PROD_000388,SELL_000028,2024-09-06,71.98,12.96
ORD_002789,2,PROD_000303,SELL_000013,2024-05-26,134.67,17.2
ORD_002789,3,PROD_000456,SELL_000008,2024-12-31,404.21,6.72
ORD_002789,4,PROD_000226,SELL_000032,2024-06-02,323.93,7.94
ORD_002790,1,PROD_000436,SELL_000049,2024-10-13,104.21,23.71
ORD_002791,1,PROD_000152,SELL_000013,2024-09-08,60.39,35.73
ORD_002791,2,PROD_000266,SELL_000017,2024-03-27,172.52,44.39
ORD_002791,3,PROD_000178,SELL_000018,2024-04-05,407.52,25.71
ORD_002792,1,PROD_000173,SELL_000014,2024-12-19,136.47,43.4
ORD_002792,2,PROD_000065,SELL_000020,2024-09-25,215.51,32.84
ORD_002793,1,PROD_000430,SELL_000042,2024-11-29,376.86,45.56
ORD_002793,2,PROD_000085,SELL_000011,2024-06-20,425.87,44.07
ORD_002793,3,PROD_000114,SELL_000022,2024-01-15,100.28,48.8
ORD_002793,4,PROD_000230,SELL_000029,2024-05-14,329.01,33.79
ORD_002793,5,PROD_000004,SELL_000013,2024-04-28,263.73,27.15
ORD_002794,1,PROD_000113,SELL_000031,2024-01-06,176.35,44.68
ORD_002795,1,PROD_000373,SELL_000022,2024-03-13,89.7,40.49
ORD_002795,2,PROD_000435,SELL_000044,2024-11-17,337.2,49.05
ORD_002795,3,PROD_000465,SELL_000003,2024-01-19,369.63,5.55
ORD_002795,4,PROD_000077,SELL_000014,2024-12-05,485.63,10.98
ORD_002796,1,PROD_000097,SELL_000015,2024-12-14,415.49,26.54
ORD_002797,1,PROD_000284,SELL_000020,2024-07-10,460.47,42.95
ORD_002797,2,PROD_000184,SELL_000003,2024-01-29,71.38,19.12
ORD_002798,1,PROD_000123,SELL_000035,2024-04-12,207.43,23.7
ORD_002798,2,PROD_000144,SELL_000041,2024-04-07,209.48,20.25
ORD_002798,3,PROD_000193,SELL_000047,2024-11-15,460.93,32.73
ORD_002798,4,PROD_000311,SELL_000037,2024-09-03,275.58,44.38
ORD_002799,1,PROD_000430,SELL_000015,2024-12-30,325.2,18.93
ORD_002800,1,PROD_000372,SELL_000021,2024-05-07,351.17,31.84
ORD_002800,2,PROD_000255,SELL_000032,2024-04-08,250.88,19.19
ORD_002800,3,PROD_000160,SELL_000010,2024-10-05,112.41,27.66
ORD_002801,1,PROD_000269,SELL_000043,2024-07-21,63.31,47.76
ORD_002801,2,PROD_000205,SELL_000015,2024-05-05,408.63,13.31
ORD_002801,3,PROD_000263,SELL_000003,2024-11-05,50.04,20.26
ORD_002801,4,PROD_000375,SELL_000008,2024-07-14,260.22,18.29
ORD_002801,5,PROD_000407,SELL_000030,2024-08-22,12.79,21.03
ORD_002802,1,PROD_000342,SELL_000037,2024-02-29,44.62,35.36
ORD_002802,2,PROD_000346,SELL_000017,2024-01-18,472.36,24.29
ORD_002802,3,PROD_000330,SELL_000018,2024-09-10,204.4,9.3
ORD_002803,1,PROD_000476,SELL_000028,2024-09-05,345.3,41.13
ORD_002803,2,PROD_000369,SELL_000018,2024-11-02,446.71,25.61
ORD_002804,1,PROD_000179,SELL_000007,2024-04-13,261.62,16.73
ORD_002804,2,PROD_000188,SELL_000027,2024-03-26,412.55,14.73
ORD_002805,1,PROD_000342,SELL_000039,2024-06-16,216.76,19.88
ORD_002805,2,PROD_000172,SELL_000045,2024-09-30,85.23,36.72
ORD_002805,3,PROD_000454,SELL_000014,2024-01-28,301.02,49.45
ORD_002806,1,PROD_000206,SELL_000003,2024-06-25,288.11,25.14
ORD_002806,2,PROD_000379,SELL_000024,2024-12-10,383.76,8.77
ORD_002806,3,PROD_000140,SELL_000037,2024-10-08,344.87,15.36
ORD_002806,4,PROD_000472,SELL_000020,2024-05-13,57.83,22.19
ORD_002807,1,PROD_000432,SELL_000025,2024-10-25,368.67,39.9
ORD_002807,2,PROD_000261,SELL_000038,2024-03-18,192.1,12.43
ORD_002807,3,PROD_000315,SELL_000007,2024-05-27,324.88,15.07
ORD_002807,4,PROD_000243,SELL_000014,2024-06-23,323.2,34.6
ORD_002807,5,PROD_000314,SELL_000004,2024-09-23,467.84,8.78
ORD_002808,1,PROD_000360,SELL_000026,2024-12-19,333.06,23.98
ORD_002809,1,PROD_000454,SELL_000017,2024-08-18,266.84,24.66
ORD_002809,2,PROD_000270,SELL_000029,2024-04-13,74.27,25.59
ORD_002809,3,PROD_000273,SELL_000006,2024-02-20,207.92,16.4
ORD_002810,1,PROD_000340,SELL_000036,2024-03-15,203.01,32.13
ORD_002811,1,PROD_000259,SELL_000046,2024-08-28,346.4,37.11
ORD_002812,1,PROD_000117,SELL_000047,2024-10-20,282.49,25.8
ORD_002812,2,PROD_000488,SELL_000002,2024-06-29,378.25,8.48
ORD_002812,3,PROD_000034,SELL_000038,2024-10-27,295.7,37.3
ORD_002813,1,PROD_000274,SELL_000041,2024-06-13,331.75,10.46
ORD_002813,2,PROD_000063,SELL_000031,2024-05-28,92.65,8.6
ORD_002813,3,PROD_000068,SELL_000010,2024-08-16,162.04,18.35
ORD_002813,4,PROD_000042,SELL_000011,2024-03-27,266.69,19.81
ORD_002813,5,PROD_000432,SELL_000033,2024-10-17,325.33,45.9
ORD_002814,1,PROD_000016,SELL_000036,2024-03-01,34.23,15.62
ORD_002814,2,PROD_000232,SELL_000044,2024-05-22,119.65,8.93
ORD_002814,3,PROD_000291,SELL_000008,2024-01-20,24.5,34.07
ORD_002814,4,PROD_000299,SELL_000012,2024-05-11,206.99,42.54
ORD_002815,1,PROD_000456,SELL_000010,2024-10-05,317.08,16.68
ORD_002816,1,PROD_000295,SELL_000047,2024-11-24,234.21,13.04
ORD_002816,2,PROD_000397,SELL_000015,2024-02-22,329.65,7.37
ORD_002816,3,PROD_000037,SELL_000001,2024-10-11,223.06,24.91
ORD_002816,4,PROD_000028,SELL_000018,2024-12-13,389.28,38.18
ORD_002816,5,PROD_000184,SELL_000044,2024-08-18,303.4,48.77
ORD_002817,1,PROD_000143,SELL_000043,2024-01-25,416.81,22.43
ORD_002817,2,PROD_000077,SELL_000048,2024-12-01,268.84,15.0
ORD_002817,3,PROD_000185,SELL_000037,2024-09-14,147.15,28.98
ORD_002818,1,PROD_000204,SELL_000040,2024-12-06,48.56,37.31
ORD_002818,2,PROD_000215,SELL_000019,2024-09-23,350.04,17.71
ORD_002818,3,PROD_000090,SELL_000006,2024-03-18,126.55,30.63
ORD_002818,4,PROD_000018,SELL_000023,2024-11-05,448.55,14.19
ORD_002819,1,PROD_000022,SELL_000046,2024-07-20,81.65,11.44
ORD_002819,2,PROD_000172,SELL_000009,2024-07-20,142.48,48.37
ORD_002819,3,PROD_000108,SELL_000025,2024-02-16,64.33,43.07
ORD_002819,4,PROD_000266,SELL_000035,2024-08-31,38.31,19.41
ORD_002820,1,PROD_000459,SELL_000028,2024-03-24,420.34,27.81
ORD_002821,1,PROD_000376,SELL_000024,2024-06-04,256.85,48.38
ORD_002821,2,PROD_000379,SELL_000004,2024-10-19,221.01,23.53
ORD_002821,3,PROD_000137,SELL_000025,2024-10-21,308.84,28.15
ORD_002821,4,PROD_000413,SELL_000033,2024-11-19,182.71,37.51
ORD_002822,1,PROD_000223,SELL_000028,2024-09-15,175.9,46.31
ORD_002823,1,PROD_000233,SELL_000029,2024-09-27,305.64,15.39
ORD_002823,2,PROD_000071,SELL_000020,2024-11-13,230.75,20.12
ORD_002823,3,PROD_000111,SELL_000040,2024-04-18,30.19,33.86
ORD_002823,4,PROD_000478,SELL_000005,2024-11-10,289.62,14.38
ORD_002824,1,PROD_000375,SELL_000002,2024-05-07,394.47,46.65
ORD_002824,2,PROD_000353,SELL_000048,2024-07-23,492.32,33.46
ORD_002824,3,PROD_000370,SELL_000029,2024-11-25,398.97,17.84
ORD_002824,4,PROD_000068,SELL_000048,2024-04-07,433.86,29.08
ORD_002825,1,PROD_000378,SELL_000034,2024-01-06,340.52,25.35
ORD_002825,2,PROD_000240,SELL_000005,2024-10-09,222.32,29.22
ORD_002825,3,PROD_000279,SELL_000002,2024-08-22,149.6,23.15
ORD_002825,4,PROD_000060,SELL_000045,2024-03-17,29.26,42.65
ORD_002826,1,PROD_000155,SELL_000021,2024-07-13,165.58,22.54
ORD_002826,2,PROD_000354,SELL_000025,2024-04-18,201.47,48.89
ORD_002826,3,PROD_000283,SELL_000043,2024-02-29,112.34,32.86
ORD_002827,1,PROD_000453,SELL_000012,2024-04-18,431.91,45.74
ORD_002827,2,PROD_000496,SELL_000049,2024-04-04,57.45,15.39
ORD_002828,1,PROD_000384,SELL_000037,2024-10-09,409.38,45.67
ORD_002828,2,PROD_000155,SELL_000042,2024-10-03,228.53,47.22
ORD_002828,3,PROD_000378,SELL_000014,2024-09-13,364.29,46.2
ORD_002828,4,PROD_000048,SELL_000012,2024-04-29,108.43,39.74
ORD_002828,5,PROD_000427,SELL_000045,2024-10-19,407.81,38.51
ORD_002829,1,PROD_000323,SELL_000031,2024-12-29,370.96,31.87
ORD_002829,2,PROD_000042,SELL_000012,2024-11-04,73.62,42.48
ORD_002829,3,PROD_000318,SELL_000009,2024-11-13,85.84,6.08
ORD_002829,4,PROD_000120,SELL_000014,2024-08-16,17.1,17.86
ORD_002830,1,PROD_000452,SELL_000018,2024-01-05,334.41,45.0
ORD_002830,2,PROD_000026,SELL_000047,2024-08-30,355.89,32.09
ORD_002830,3,PROD_000041,SELL_000006,2024-04-26,305.95,29.24
ORD_002830,4,PROD_000101,SELL_000027,2024-10-24,217.04,19.05
ORD_002831,1,PROD_000280,SELL_000010,2024-08-10,284.87,8.94
ORD_002831,2,PROD_000281,SELL_000001,2024-12-19,19.44,35.83
ORD_002832,1,PROD_000288,SELL_000013,2024-05-01,459.74,38.73
ORD_002832,2,PROD_000383,SELL_000050,2024-04-12,472.71,23.21
ORD_002833,1,PROD_000369,SELL_000004,2024-05-26,254.48,23.63
ORD_002833,2,PROD_000311,SELL_000019,2024-07-06,445.49,23.93
ORD_002833,3,PROD_000464,SELL_000043,2024-06-13,272.61,27.73
ORD_002834,1,PROD_000006,SELL_000026,2024-12-25,478.28,32.11
ORD_002835,1,PROD_000409,SELL_000038,2024-04-05,90.42,15.62
ORD_002835,2,PROD_000381,SELL_000040,2024-09-09,374.2,31.07
ORD_002836,1,PROD_000366,SELL_000044,2024-09-25,495.08,14.47
ORD_002836,2,PROD_000333,SELL_000010,2024-01-23,41.48,40.75
ORD_002836,3,PROD_000349,SELL_000036,2024-11-03,398.78,35.98
ORD_002837,1,PROD_000247,SELL_000011,2024-04-28,82.48,40.89
ORD_002838,1,PROD_000154,SELL_000048,2024-08-14,264.23,41.04
ORD_002838,2,PROD_000047,SELL_000040,2024-06-08,141.06,5.26
ORD_002838,3,PROD_000485,SELL_000035,2024-04-15,160.45,47.31
ORD_002838,4,PROD_000129,SELL_000010,2024-06-23,131.6,18.12
ORD_002839,1,PROD_000307,SELL_000049,2024-06-03,55.13,27.32
ORD_002839,2,PROD_000170,SELL_000036,2024-05-15,243.02,27.47
ORD_002839,3,PROD_000080,SELL_000014,2024-10-26,73.99,35.17
ORD_002840,1,PROD_000042,SELL_000004,2024-11-05,42.22,24.76
ORD_002840,2,PROD_000036,SELL_000039,2024-02-18,15.19,33.86
ORD_002841,1,PROD_000228,SELL_000050,2024-10-23,354.96,12.87
ORD_002841,2,PROD_000490,SELL_000016,2024-06-08,451.13,6.27
ORD_002841,3,PROD_000383,SELL_000010,2024-06-04,80.73,7.07
ORD_002841,4,PROD_000311,SELL_000044,2024-07-19,109.64,7.52
ORD_002841,5,PROD_000193,SELL_000049,2024-03-22,217.66,30.22
ORD_002842,1,PROD_000459,SELL_000005,2024-10-08,239.59,40.28
ORD_002842,2,PROD_000404,SELL_000028,2024-12-11,461.29,32.49
ORD_002842,3,PROD_000045,SELL_000045,2024-08-29,463.87,33.52
ORD_002843,1,PROD_000360,SELL_000012,2024-10-16,478.98,10.64
ORD_002843,2,PROD_000445,SELL_000002,2024-06-04,93.37,31.4
ORD_002843,3,PROD_000188,SELL_000046,2024-10-07,317.91,7.61
ORD_002843,4,PROD_000048,SELL_000045,2024-06-08,41.05,37.51
ORD_002844,1,PROD_000373,SELL_000010,2024-06-26,461.23,33.6
ORD_002844,2,PROD_000109,SELL_000004,2024-07-18,178.82,10.21
ORD_002844,3,PROD_000212,SELL_000036,2024-03-24,424.03,19.63
ORD_002844,4,PROD_000061,SELL_000021,2024-03-19,447.2,42.4
ORD_002844,5,PROD_000264,SELL_000002,2024-01-23,161.9,45.92
ORD_002845,1,PROD_000422,SELL_000024,2024-05-21,215.27,6.08
ORD_002846,1,PROD_000260,SELL_000020,2024-11-26,325.35,38.32
ORD_002847,1,PROD_000244,SELL_000048,2024-01-09,458.04,10.66
ORD_002848,1,PROD_000389,SELL_000019,2024-09-03,113.24,5.98
ORD_002849,1,PROD_000425,SELL_000029,2024-10-14,276.09,24.86
ORD_002849,2,PROD_000476,SELL_000009,2024-07-17,119.93,12.44
ORD_002849,3,PROD_000384,SELL_000034,2024-05-11,154.82,15.48
ORD_002849,4,PROD_000348,SELL_000013,2024-06-14,280.48,7.45
ORD_002849,5,PROD_000090,SELL_000044,2024-02-08,39.21,26.61
ORD_002850,1,PROD_000008,SELL_000002,2024-03-14,126.97,14.65
ORD_002850,2,PROD_000278,SELL_000009,2024-04-12,172.01,43.64
ORD_002850,3,PROD_000013,SELL_000028,2024-03-31,239.54,35.12
ORD_002850,4,PROD_000380,SELL_000024,2024-08-31,449.71,45.22
ORD_002851,1,PROD_000104,SELL_000011,2024-09-17,497.69,43.38
ORD_002851,2,PROD_000136,SELL_000007,2024-07-14,58.96,15.11
ORD_002851,3,PROD_000430,SELL_000018,2024-04-23,406.23,18.7
ORD_002851,4,PROD_000466,SELL_000008,2024-11-28,355.57,30.75
ORD_002851,5,PROD_000431,SELL_000020,2024-06-27,335.52,25.37
ORD_002852,1,PROD_000334,SELL_000027,2024-11-17,154.6,15.47
ORD_002852,2,PROD_000119,SELL_000004,2024-05-20,410.16,14.76
ORD_002852,3,PROD_000451,SELL_000003,2024-12-08,335.88,46.32
ORD_002853,1,PROD_000281,SELL_000050,2024-02-12,255.43,21.21
ORD_002853,2,PROD_000263,SELL_000023,2024-05-01,178.16,43.46
ORD_002853,3,PROD_000221,SELL_000009,2024-11-05,84.48,47.8
ORD_002854,1,PROD_000340,SELL_000003,2024-11-02,403.87,17.42
ORD_002854,2,PROD_000033,SELL_000037,2024-12-02,427.72,16.32
ORD_002854,3,PROD_000123,SELL_000029,2024-04-11,126.72,8.02
ORD_002854,4,PROD_000417,SELL_000040,2024-04-15,351.62,22.15
ORD_002854,5,PROD_000441,SELL_000023,2024-06-22,207.46,29.81
ORD_002855,1,PROD_000439,SELL_000011,2024-03-12,14.78,28.91
ORD_002856,1,PROD_000098,SELL_000035,2024-12-28,155.58,27.32
ORD_002856,2,PROD_000419,SELL_000044,2024-12-12,292.51,36.32
ORD_002856,3,PROD_000231,SELL_000039,2024-07-09,42.01,43.63
ORD_002857,1,PROD_000203,SELL_000021,2024-02-09,277.61,35.75
ORD_002857,2,PROD_000450,SELL_000039,2024-02-21,134.96,10.1
ORD_002857,3,PROD_000086,SELL_000003,2024-02-29,367.78,6.83
ORD_002858,1,PROD_000302,SELL_000033,2024-04-26,144.53,5.25
ORD_002858,2,PROD_000421,SELL_000029,2024-02-09,402.77,34.34
ORD_002858,3,PROD_000324,SELL_000004,2024-02-22,370.63,30.27
ORD_002858,4,PROD_000412,SELL_000047,2024-04-23,389.96,43.45
ORD_002859,1,PROD_000413,SELL_000016,2024-06-08,417.86,37.68
ORD_002859,2,PROD_000221,SELL_000013,2024-03-31,56.71,21.17
ORD_002859,3,PROD_000334,SELL_000049,2024-05-04,426.4,40.38
ORD_002859,4,PROD_000443,SELL_000021,2024-04-14,59.85,49.19
ORD_002860,1,PROD_000419,SELL_000035,2024-07-12,59.02,13.32
ORD_002860,2,PROD_000339,SELL_000011,2024-05-11,499.59,45.39
ORD_002861,1,PROD_000017,SELL_000009,2024-06-10,291.2,27.23
ORD_002862,1,PROD_000439,SELL_000035,2024-02-13,271.19,20.46
ORD_002862,2,PROD_000328,SELL_000003,2024-04-05,81.24,26.28
ORD_002862,3,PROD_000383,SELL_000018,2024-01-08,488.33,28.87
ORD_002863,1,PROD_000191,SELL_000042,2024-09-07,491.52,28.26
ORD_002863,2,PROD_000134,SELL_000009,2024-04-28,179.74,33.27
ORD_002863,3,PROD_000480,SELL_000044,2024-01-21,356.71,12.2
ORD_002863,4,PROD_000223,SELL_000020,2024-04-03,64.17,18.57
ORD_002864,1,PROD_000447,SELL_000035,2024-12-30,260.16,8.27
ORD_002864,2,PROD_000370,SELL_000015,2024-12-30,146.43,17.85
ORD_002865,1,PROD_000333,SELL_000038,2024-04-06,247.61,32.97
ORD_002865,2,PROD_000314,SELL_000048,2024-04-12,312.65,43.63
ORD_002865,3,PROD_000078,SELL_000001,2024-06-27,190.66,8.62
ORD_002865,4,PROD_000500,SELL_000024,2024-11-29,238.0,40.56
ORD_002866,1,PROD_000445,SELL_000046,2024-04-07,371.03,15.4
ORD_002866,2,PROD_000149,SELL_000015,2024-05-09,315.52,29.99
ORD_002866,3,PROD_000186,SELL_000037,2024-10-15,459.72,42.34
ORD_002867,1,PROD_000265,SELL_000031,2024-05-30,152.65,15.76
ORD_002867,2,PROD_000253,SELL_000014,2024-02-28,487.58,33.38
ORD_002867,3,PROD_000006,SELL_000010,2024-11-08,20.34,49.11
ORD_002867,4,PROD_000026,SELL_000035,2024-02-25,397.57,40.83
ORD_002868,1,PROD_000311,SELL_000006,2024-02-06,66.92,18.48
ORD_002868,2,PROD_000252,SELL_000023,2024-07-11,487.43,26.07
ORD_002869,1,PROD_000087,SELL_000005,2024-08-02,454.08,16.36
ORD_002869,2,PROD_000157,SELL_000048,2024-05-28,124.8,7.67
ORD_002869,3,PROD_000110,SELL_000020,2024-05-14,466.32,33.54
ORD_002869,4,PROD_000246,SELL_000022,2024-07-01,20.32,28.17
ORD_002870,1,PROD_000284,SELL_000010,2024-09-28,321.25,30.12
ORD_002870,2,PROD_000474,SELL_000026,2024-02-12,124.17,25.57
ORD_002871,1,PROD_000298,SELL_000021,2024-12-17,262.55,43.54
ORD_002872,1,PROD_000252,SELL_000015,2024-03-15,455.66,10.49
ORD_002873,1,PROD_000115,SELL_000023,2024-06-25,154.17,29.03
ORD_002873,2,PROD_000223,SELL_000034,2024-08-01,115.21,46.04
ORD_002873,3,PROD_000366,SELL_000050,2024-10-06,227.51,7.37
ORD_002873,4,PROD_000491,SELL_000011,2024-04-13,267.38,39.39
ORD_002874,1,PROD_000247,SELL_000004,2024-06-09,308.7,15.76
ORD_002874,2,PROD_000452,SELL_000009,2024-09-02,483.83,18.16
ORD_002875,1,PROD_000195,SELL_000023,2024-06-25,279.32,32.77
ORD_002875,2,PROD_000135,SELL_000024,2024-10-14,464.2,12.45
ORD_002876,1,PROD_000062,SELL_000002,2024-09-17,58.72,20.94
ORD_002876,2,PROD_000144,SELL_000047,2024-10-02,367.59,41.8
ORD_002877,1,PROD_000130,SELL_000016,2024-12-04,262.94,36.97
ORD_002878,1,PROD_000116,SELL_000032,2024-11-22,389.34,17.0
ORD_002878,2,PROD_000297,SELL_000003,2024-10-28,290.87,34.55
ORD_002878,3,PROD_000255,SELL_000006,2024-10-01,435.07,45.95
ORD_002878,4,PROD_000398,SELL_000005,2024-04-14,415.12,11.49
ORD_002879,1,PROD_000209,SELL_000010,2024-02-07,363.91,48.63
ORD_002880,1,PROD_000119,SELL_000014,2024-06-29,137.71,13.51
ORD_002881,1,PROD_000242,SELL_000004,2024-03-28,432.6,19.47
ORD_002881,2,PROD_000178,SELL_000049,2024-12-20,201.46,18.09
ORD_002882,1,PROD_000062,SELL_000017,2024-02-29,428.82,34.1
ORD_002882,2,PROD_000238,SELL_000030,2024-12-07,64.27,30.12
ORD_002882,3,PROD_000383,SELL_000029,2024-05-09,286.63,11.48
ORD_002882,4,PROD_000339,SELL_000042,2024-04-07,313.32,24.3
ORD_002882,5,PROD_000185,SELL_000009,2024-09-30,320.78,36.62
ORD_002883,1,PROD_000055,SELL_000038,2024-01-02,261.12,42.97
ORD_002883,2,PROD_000093,SELL_000050,2024-08-18,146.27,34.6
ORD_002883,3,PROD_000141,SELL_000024,2024-07-30,181.0,45.04
ORD_002884,1,PROD_000077,SELL_000024,2024-01-11,249.04,44.18
ORD_002884,2,PROD_000117,SELL_000031,2024-12-20,401.01,23.7
ORD_002884,3,PROD_000434,SELL_000050,2024-04-14,193.15,47.66
ORD_002884,4,PROD_000254,SELL_000008,2024-04-03,58.07,22.74
ORD_002884,5,PROD_000028,SELL_000032,2024-02-01,327.94,7.61
ORD_002885,1,PROD_000272,SELL_000014,2024-01-12,136.09,39.72
ORD_002885,2,PROD_000454,SELL_000035,2024-07-20,116.31,15.79
ORD_002885,3,PROD_000026,SELL_000012,2024-07-26,185.9,19.39
ORD_002886,1,PROD_000145,SELL_000031,2024-05-16,344.66,32.14
ORD_002886,2,PROD_000203,SELL_000026,2024-09-09,121.65,47.55
ORD_002886,3,PROD_000051,SELL_000026,2024-01-10,264.95,18.4
ORD_002886,4,PROD_000086,SELL_000033,2024-10-31,233.49,17.57
ORD_002887,1,PROD_000317,SELL_000014,2024-12-18,296.72,16.99
ORD_002888,1,PROD_000354,SELL_000045,2024-07-20,147.02,41.23
ORD_002888,2,PROD_000307,SELL_000013,2024-07-06,117.3,36.98
ORD_002888,3,PROD_000444,SELL_000022,2024-07-19,90.28,9.73
ORD_002888,4,PROD_000167,SELL_000019,2024-03-18,355.43,23.75
ORD_002888,5,PROD_000426,SELL_000027,2024-08-21,424.16,47.97
ORD_002889,1,PROD_000309,SELL_000042,2024-03-22,465.6,38.06
ORD_002889,2,PROD_000032,SELL_000006,2024-04-17,221.25,31.25
ORD_002889,3,PROD_000212,SELL_000025,2024-08-13,117.2,40.64
ORD_002889,4,PROD_000062,SELL_000045,2024-11-26,234.22,39.63
ORD_002889,5,PROD_000230,SELL_000023,2024-10-29,145.71,8.02
ORD_002890,1,PROD_000250,SELL_000031,2024-04-02,21.82,17.6
ORD_002890,2,PROD_000116,SELL_000015,2024-08-15,368.36,22.43
ORD_002890,3,PROD_000402,SELL_000030,2024-11-03,59.6,24.58
ORD_002891,1,PROD_000205,SELL_000010,2024-05-20,129.9,23.42
ORD_002891,2,PROD_000464,SELL_000004,2024-07-25,118.18,6.74
ORD_002891,3,PROD_000239,SELL_000038,2024-09-29,474.53,12.78
ORD_002891,4,PROD_000363,SELL_000014,2024-11-24,387.97,37.73
ORD_002892,1,PROD_000449,SELL_000005,2024-08-31,255.06,38.97
ORD_002892,2,PROD_000341,SELL_000041,2024-07-06,433.24,14.95
ORD_002892,3,PROD_000095,SELL_000005,2024-02-26,256.77,25.42
ORD_002892,4,PROD_000460,SELL_000049,2024-02-23,373.48,11.39
ORD_002892,5,PROD_000330,SELL_000037,2024-09-27,243.9,14.89
ORD_002893,1,PROD_000476,SELL_000004,2024-06-30,423.98,40.85
ORD_002894,1,PROD_000237,SELL_000014,2024-06-03,157.05,45.49
ORD_002894,2,PROD_000268,SELL_000022,2024-01-03,28.05,18.24
ORD_002894,3,PROD_000316,SELL_000044,2024-05-14,233.75,34.96
ORD_002894,4,PROD_000446,SELL_000038,2024-03-25,296.85,43.38
ORD_002894,5,PROD_000205,SELL_000050,2024-11-30,58.6,43.48
ORD_002895,1,PROD_000465,SELL_000047,2024-12-26,485.31,47.53
ORD_002895,2,PROD_000279,SELL_000029,2024-10-21,444.82,10.97
ORD_002896,1,PROD_000277,SELL_000025,2024-04-29,327.23,44.7
ORD_002896,2,PROD_000375,SELL_000048,2024-09-08,231.94,24.25
ORD_002896,3,PROD_000320,SELL_000025,2024-07-17,122.85,21.75
ORD_002896,4,PROD_000244,SELL_000016,2024-07-26,15.62,40.57
ORD_002897,1,PROD_000185,SELL_000024,2024-01-07,135.85,34.3
ORD_002897,2,PROD_000142,SELL_000008,2024-12-30,105.92,27.97
ORD_002897,3,PROD_000400,SELL_000033,2024-10-21,34.93,7.98
ORD_002897,4,PROD_000163,SELL_000010,2024-10-06,326.38,5.2
ORD_002898,1,PROD_000306,SELL_000001,2024-09-12,246.85,33.86
ORD_002898,2,PROD_000298,SELL_000043,2024-09-15,365.9,29.17
ORD_002898,3,PROD_000206,SELL_000008,2024-09-22,95.35,23.64
ORD_002898,4,PROD_000036,SELL_000027,2024-08-07,137.88,44.94
ORD_002899,1,PROD_000329,SELL_000001,2024-03-09,446.23,30.24
ORD_002899,2,PROD_000075,SELL_000011,2024-04-02,342.92,18.24
ORD_002899,3,PROD_000199,SELL_000028,2024-02-13,486.49,23.6
ORD_002899,4,PROD_000048,SELL_000031,2024-12-24,415.52,30.27
ORD_002899,5,PROD_000204,SELL_000027,2024-04-04,426.16,20.97
ORD_002900,1,PROD_000417,SELL_000004,2024-06-02,454.4,29.5
ORD_002900,2,PROD_000272,SELL_000013,2024-04-11,379.53,12.9
ORD_002900,3,PROD_000497,SELL_000044,2024-09-25,139.88,33.02
ORD_002900,4,PROD_000365,SELL_000008,2024-04-06,389.46,45.05
ORD_002901,1,PROD_000234,SELL_000026,2024-05-11,292.24,21.44
ORD_002902,1,PROD_000500,SELL_000019,2024-03-27,227.68,42.72
ORD_002902,2,PROD_000291,SELL_000036,2024-05-15,476.08,35.56
ORD_002902,3,PROD_000349,SELL_000030,2024-01-15,364.1,46.78
ORD_002902,4,PROD_000154,SELL_000030,2024-03-21,33.56,32.91
ORD_002903,1,PROD_000138,SELL_000025,2024-12-19,170.42,11.38
ORD_002903,2,PROD_000487,SELL_000027,2024-08-24,361.25,42.01
ORD_002903,3,PROD_000462,SELL_000031,2024-02-27,255.5,42.84
ORD_002903,4,PROD_000040,SELL_000045,2024-08-08,210.8,6.96
ORD_002904,1,PROD_000451,SELL_000046,2024-02-29,365.81,7.07
ORD_002904,2,PROD_000474,SELL_000006,2024-08-18,288.85,26.14
ORD_002905,1,PROD_000483,SELL_000043,2024-01-25,35.67,12.21
ORD_002905,2,PROD_000013,SELL_000042,2024-05-08,347.58,24.35
ORD_002905,3,PROD_000396,SELL_000009,2024-04-22,260.7,11.14
ORD_002905,4,PROD_000176,SELL_000021,2024-04-03,79.09,32.11
ORD_002906,1,PROD_000085,SELL_000017,2024-06-22,330.76,23.06
ORD_002907,1,PROD_000076,SELL_000048,2024-01-13,92.98,16.6
ORD_002908,1,PROD_000296,SELL_000017,2024-02-25,49.06,13.51
ORD_002909,1,PROD_000171,SELL_000017,2024-06-28,88.05,36.25
ORD_002909,2,PROD_000050,SELL_000029,2024-07-19,166.55,37.24
ORD_002909,3,PROD_000287,SELL_000015,2024-08-04,158.56,32.09
ORD_002909,4,PROD_000166,SELL_000002,2024-11-03,330.79,12.95
ORD_002910,1,PROD_000262,SELL_000040,2024-09-04,191.66,48.77
ORD_002910,2,PROD_000079,SELL_000004,2024-12-06,365.88,37.02
ORD_002911,1,PROD_000147,SELL_000045,2024-04-11,429.04,23.24
ORD_002912,1,PROD_000122,SELL_000012,2024-09-19,255.2,21.48
ORD_002912,2,PROD_000271,SELL_000037,2024-11-15,152.12,6.76
ORD_002912,3,PROD_000338,SELL_000038,2024-01-12,213.13,30.89
ORD_002913,1,PROD_000059,SELL_000036,2024-10-17,73.01,40.47
ORD_002913,2,PROD_000242,SELL_000005,2024-02-01,136.35,31.03
ORD_002913,3,PROD_000254,SELL_000007,2024-12-03,61.23,34.68
ORD_002913,4,PROD_000130,SELL_000028,2024-10-04,478.6,7.43
ORD_002913,5,PROD_000492,SELL_000025,2024-12-30,270.94,28.75
ORD_002914,1,PROD_000161,SELL_000035,2024-01-15,102.8,9.52
ORD_002914,2,PROD_000330,SELL_000030,2024-09-05,312.77,6.67
ORD_002914,3,PROD_000098,SELL_000043,2024-10-05,374.12,19.98
ORD_002914,4,PROD_000369,SELL_000045,2024-09-17,350.26,33.06
ORD_002914,5,PROD_000109,SELL_000047,2024-05-09,480.8,49.54
ORD_002915,1,PROD_000232,SELL_000042,2024-01-29,122.64,38.48
ORD_002915,2,PROD_000237,SELL_000047,2024-09-10,109.5,47.44
ORD_002915,3,PROD_000002,SELL_000002,2024-05-10,453.34,16.53
ORD_002915,4,PROD_000489,SELL_000013,2024-03-26,329.94,45.54
ORD_002915,5,PROD_000356,SELL_000027,2024-12-18,326.06,32.47
ORD_002916,1,PROD_000326,SELL_000020,2024-03-05,394.72,42.01
ORD_002916,2,PROD_000393,SELL_000009,2024-04-16,408.89,46.93
ORD_002916,3,PROD_000018,SELL_000045,2024-12-16,280.28,22.4
ORD_002917,1,PROD_000193,SELL_000012,2024-12-23,454.94,13.55
ORD_002917,2,PROD_000115,SELL_000017,2024-10-15,248.06,8.01
ORD_002917,3,PROD_000118,SELL_000020,2024-03-27,449.65,7.86
ORD_002917,4,PROD_000146,SELL_000029,2024-11-27,148.5,26.09
ORD_002917,5,PROD_000440,SELL_000032,2024-04-23,92.79,19.25
ORD_002918,1,PROD_000056,SELL_000022,2024-08-03,44.29,46.81
ORD_002918,2,PROD_000443,SELL_000006,2024-04-01,147.12,11.73
ORD_002918,3,PROD_000374,SELL_000038,2024-08-23,290.49,11.92
ORD_002919,1,PROD_000415,SELL_000045,2024-12-25,205.27,10.14
ORD_002919,2,PROD_000141,SELL_000004,2024-04-27,170.48,37.04
ORD_002919,3,PROD_000363,SELL_000003,2024-01-22,386.79,45.94
ORD_002919,4,PROD_000267,SELL_000018,2024-03-05,429.36,12.02
ORD_002920,1,PROD_000139,SELL_000004,2024-07-20,286.83,45.73
ORD_002920,2,PROD_000415,SELL_000022,2024-05-15,67.3,49.51
ORD_002921,1,PROD_000197,SELL_000013,2024-12-30,12.74,43.42
ORD_002921,2,PROD_000343,SELL_000007,2024-06-13,464.87,45.99
ORD_002922,1,PROD_000485,SELL_000042,2024-10-24,74.6,32.6
ORD_002922,2,PROD_000104,SELL_000003,2024-10-30,84.31,8.4
ORD_002922,3,PROD_000115,SELL_000014,2024-08-26,24.96,35.04
ORD_002922,4,PROD_000404,SELL_000045,2024-01-23,116.12,49.91
ORD_002922,5,PROD_000210,SELL_000002,2024-09-12,90.54,18.44
ORD_002923,1,PROD_000211,SELL_000009,2024-09-15,234.16,39.72
ORD_002924,1,PROD_000064,SELL_000009,2024-10-21,190.88,10.26
ORD_002924,2,PROD_000227,SELL_000044,2024-12-17,497.97,29.16
ORD_002924,3,PROD_000172,SELL_000022,2024-10-05,197.98,33.1
ORD_002925,1,PROD_000062,SELL_000025,2024-01-22,326.23,11.95
ORD_002925,2,PROD_000263,SELL_000028,2024-04-11,485.1,37.26
ORD_002926,1,PROD_000475,SELL_000029,2024-08-03,391.3,21.27
ORD_002926,2,PROD_000201,SELL_000048,2024-02-19,75.32,42.81
ORD_002926,3,PROD_000479,SELL_000027,2024-11-07,421.36,20.69
ORD_002926,4,PROD_000163,SELL_000050,2024-03-22,442.59,9.74
ORD_002926,5,PROD_000357,SELL_000039,2024-06-19,113.9,22.9
ORD_002927,1,PROD_000172,SELL_000025,2024-07-20,241.25,29.91
ORD_002928,1,PROD_000315,SELL_000029,2024-02-24,113.37,8.27
ORD_002928,2,PROD_000485,SELL_000009,2024-11-08,82.23,29.14
ORD_002928,3,PROD_000432,SELL_000034,2024-02-05,14.21,12.58
ORD_002929,1,PROD_000283,SELL_000041,2024-12-10,169.01,13.14
ORD_002929,2,PROD_000231,SELL_000040,2024-07-24,166.57,42.53
ORD_002930,1,PROD_000495,SELL_000023,2024-01-24,404.96,19.56
ORD_002930,2,PROD_000134,SELL_000035,2024-09-23,443.96,32.03
ORD_002930,3,PROD_000439,SELL_000041,2024-12-22,431.08,22.41
ORD_002931,1,PROD_000157,SELL_000016,2024-10-24,394.28,26.38
ORD_002932,1,PROD_000277,SELL_000039,2024-10-24,293.22,32.97
ORD_002932,2,PROD_000427,SELL_000035,2024-06-05,386.04,43.02
ORD_002932,3,PROD_000203,SELL_000003,2024-03-16,396.31,31.09
ORD_002932,4,PROD_000477,SELL_000003,2024-10-20,321.51,31.83
ORD_002932,5,PROD_000025,SELL_000023,2024-12-14,325.44,9.74
ORD_002933,1,PROD_000270,SELL_000037,2024-11-13,19.05,46.16
ORD_002933,2,PROD_000408,SELL_000050,2024-09-12,237.82,13.73
ORD_002933,3,PROD_000273,SELL_000033,2024-02-17,171.56,5.9
ORD_002933,4,PROD_000497,SELL_000038,2024-04-23,111.32,47.91
ORD_002933,5,PROD_000409,SELL_000030,2024-08-18,39.7,11.35
ORD_002934,1,PROD_000297,SELL_000009,2024-06-30,124.69,18.84
ORD_002934,2,PROD_000362,SELL_000050,2024-03-15,468.94,36.33
ORD_002934,3,PROD_000302,SELL_000041,2024-02-24,395.83,11.46
ORD_002934,4,PROD_000113,SELL_000016,2024-03-13,354.35,28.4
ORD_002935,1,PROD_000261,SELL_000017,2024-11-27,392.4,36.05
ORD_002935,2,PROD_000156,SELL_000049,2024-02-11,216.99,26.88
ORD_002935,3,PROD_000091,SELL_000009,2024-02-20,73.06,42.21
ORD_002935,4,PROD_000046,SELL_000048,2024-06-16,157.53,17.22
ORD_002935,5,PROD_000332,SELL_000033,2024-06-29,17.54,35.48
ORD_002936,1,PROD_000358,SELL_000005,2024-01-11,342.56,8.17
ORD_002936,2,PROD_000426,SELL_000035,2024-02-18,441.25,27.26
ORD_002936,3,PROD_000127,SELL_000031,2024-09-06,342.39,43.07
ORD_002936,4,PROD_000251,SELL_000015,2024-01-09,470.79,33.54
ORD_002937,1,PROD_000482,SELL_000007,2024-12-28,158.73,47.74
ORD_002937,2,PROD_000202,SELL_000001,2024-08-17,103.25,27.2
ORD_002937,3,PROD_000030,SELL_000020,2024-01-22,129.23,13.01
ORD_002938,1,PROD_000005,SELL_000019,2024-06-05,462.92,9.62
ORD_002938,2,PROD_000039,SELL_000029,2024-10-12,177.79,24.11
ORD_002938,3,PROD_000363,SELL_000041,2024-04-16,451.01,39.04
ORD_002939,1,PROD_000205,SELL_000005,2024-05-21,175.19,42.09
ORD_002939,2,PROD_000044,SELL_000011,2024-11-04,17.76,15.75
ORD_002940,1,PROD_000271,SELL_000028,2024-10-02,437.15,24.25
ORD_002940,2,PROD_000225,SELL_000023,2024-07-16,153.8,45.29
ORD_002941,1,PROD_000396,SELL_000043,2024-04-14,197.57,14.28
ORD_002941,2,PROD_000078,SELL_000003,2024-10-19,148.29,38.48
ORD_002941,3,PROD_000209,SELL_000033,2024-07-01,103.39,44.78
ORD_002941,4,PROD_000461,SELL_000038,2024-12-04,302.29,35.95
ORD_002941,5,PROD_000242,SELL_000003,2024-02-05,380.53,22.12
ORD_002942,1,PROD_000241,SELL_000004,2024-11-18,355.68,26.44
ORD_002942,2,PROD_000421,SELL_000015,2024-11-15,73.41,40.96
ORD_002942,3,PROD_000237,SELL_000035,2024-04-29,53.69,48.61
ORD_002942,4,PROD_000401,SELL_000025,2024-05-24,87.27,39.72
ORD_002942,5,PROD_000261,SELL_000034,2024-03-31,126.5,39.82
ORD_002943,1,PROD_000320,SELL_000027,2024-10-20,221.61,33.2
ORD_002943,2,PROD_000157,SELL_000046,2024-12-10,229.42,41.96
ORD_002944,1,PROD_000486,SELL_000010,2024-05-08,251.12,16.51
ORD_002944,2,PROD_000453,SELL_000038,2024-03-26,306.18,34.22
ORD_002945,1,PROD_000119,SELL_000009,2024-06-06,474.61,46.7
ORD_002945,2,PROD_000037,SELL_000034,2024-07-26,345.74,34.06
ORD_002946,1,PROD_000011,SELL_000023,2024-07-22,298.36,46.0
ORD_002946,2,PROD_000467,SELL_000029,2024-05-10,462.2,6.21
ORD_002946,3,PROD_000188,SELL_000047,2024-12-26,209.27,21.13
ORD_002946,4,PROD_000269,SELL_000011,2024-07-15,50.9,43.52
ORD_002947,1,PROD_000378,SELL_000038,2024-02-19,107.85,48.5
ORD_002947,2,PROD_000322,SELL_000049,2024-09-25,340.85,8.18
ORD_002947,3,PROD_000392,SELL_000022,2024-10-14,466.08,13.34
ORD_002947,4,PROD_000443,SELL_000026,2024-03-28,50.85,24.91
ORD_002948,1,PROD_000224,SELL_000004,2024-06-03,368.99,7.62
ORD_002948,2,PROD_000076,SELL_000018,2024-02-26,151.42,36.18
ORD_002948,3,PROD_000214,SELL_000021,2024-07-12,85.94,8.17
ORD_002948,4,PROD_000203,SELL_000004,2024-05-12,207.9,16.08
ORD_002949,1,PROD_000225,SELL_000011,2024-06-06,236.89,22.7
ORD_002950,1,PROD_000498,SELL_000045,2024-01-07,481.25,21.06
ORD_002950,2,PROD_000368,SELL_000014,2024-02-07,421.79,32.75
ORD_002950,3,PROD_000247,SELL_000049,2024-09-28,112.79,17.78
ORD_002950,4,PROD_000193,SELL_000025,2024-11-05,393.27,27.18
ORD_002951,1,PROD_000467,SELL_000012,2024-06-06,388.21,12.93
ORD_002951,2,PROD_000132,SELL_000011,2024-09-05,259.88,40.22
ORD_002951,3,PROD_000037,SELL_000012,2024-10-03,336.88,33.82
ORD_002951,4,PROD_000395,SELL_000007,2024-03-10,379.49,27.71
ORD_002952,1,PROD_000500,SELL_000007,2024-03-23,147.0,37.13
ORD_002952,2,PROD_000314,SELL_000036,2024-08-25,229.66,30.53
ORD_002952,3,PROD_000433,SELL_000019,2024-12-04,495.41,42.86
ORD_002952,4,PROD_000038,SELL_000038,2024-06-09,349.58,6.67
ORD_002953,1,PROD_000063,SELL_000012,2024-08-23,180.02,48.37
ORD_002953,2,PROD_000371,SELL_000001,2024-05-31,457.35,30.16
ORD_002953,3,PROD_000242,SELL_000013,2024-03-15,168.58,28.45
ORD_002953,4,PROD_000202,SELL_000033,2024-05-17,265.11,6.36
ORD_002953,5,PROD_000436,SELL_000011,2024-05-22,235.47,47.4
ORD_002954,1,PROD_000178,SELL_000026,2024-11-12,105.17,43.49
ORD_002954,2,PROD_000358,SELL_000035,2024-08-03,447.36,8.13
ORD_002954,3,PROD_000094,SELL_000002,2024-06-22,138.79,20.97
ORD_002954,4,PROD_000066,SELL_000033,2024-01-15,367.33,27.55
ORD_002955,1,PROD_000238,SELL_000050,2024-09-05,13.8,23.91
ORD_002955,2,PROD_000298,SELL_000025,2024-03-12,460.49,44.82
ORD_002955,3,PROD_000078,SELL_000043,2024-05-03,104.62,10.65
ORD_002956,1,PROD_000205,SELL_000024,2024-05-05,340.07,8.25
ORD_002957,1,PROD_000277,SELL_000038,2024-06-19,473.17,36.03
ORD_002957,2,PROD_000480,SELL_000013,2024-06-17,154.37,15.16
ORD_002957,3,PROD_000333,SELL_000005,2024-03-25,298.31,5.86
ORD_002957,4,PROD_000185,SELL_000035,2024-10-17,408.05,14.86
ORD_002958,1,PROD_000182,SELL_000039,2024-07-06,77.59,41.76
ORD_002958,2,PROD_000025,SELL_000022,2024-01-22,38.01,42.24
ORD_002958,3,PROD_000404,SELL_000006,2024-01-13,369.01,33.92
ORD_002958,4,PROD_000392,SELL_000027,2024-01-08,192.97,28.11
ORD_002958,5,PROD_000297,SELL_000021,2024-10-19,86.63,16.75
ORD_002959,1,PROD_000328,SELL_000042,2024-09-15,51.76,49.75
ORD_002959,2,PROD_000321,SELL_000033,2024-05-07,89.91,47.61
ORD_002959,3,PROD_000424,SELL_000032,2024-01-30,92.59,9.83
ORD_002959,4,PROD_000278,SELL_000048,2024-07-19,207.16,34.9
ORD_002959,5,PROD_000023,SELL_000011,2024-10-03,308.54,47.32
ORD_002960,1,PROD_000269,SELL_000006,2024-05-12,311.13,32.27
ORD_002960,2,PROD_000467,SELL_000023,2024-08-11,431.53,31.53
ORD_002961,1,PROD_000424,SELL_000046,2024-09-04,280.45,47.96
ORD_002962,1,PROD_000133,SELL_000044,2024-10-10,352.36,48.48
ORD_002962,2,PROD_000412,SELL_000006,2024-02-06,164.81,30.1
ORD_002962,3,PROD_000114,SELL_000025,2024-07-18,383.3,43.18
ORD_002963,1,PROD_000146,SELL_000038,2024-04-11,148.54,36.54
ORD_002963,2,PROD_000118,SELL_000004,2024-04-30,154.28,11.38
ORD_002963,3,PROD_000483,SELL_000030,2024-10-08,376.11,17.07
ORD_002964,1,PROD_000411,SELL_000026,2024-08-11,368.61,44.0
ORD_002964,2,PROD_000056,SELL_000050,2024-06-18,467.4,22.95
ORD_002964,3,PROD_000331,SELL_000005,2024-07-29,460.81,31.83
ORD_002965,1,PROD_000158,SELL_000043,2024-01-31,191.33,28.01
ORD_002965,2,PROD_000435,SELL_000028,2024-08-02,23.46,39.78
ORD_002965,3,PROD_000498,SELL_000005,2024-08-30,466.97,12.09
ORD_002965,4,PROD_000487,SELL_000040,2024-07-15,428.08,43.97
ORD_002966,1,PROD_000384,SELL_000041,2024-08-30,121.49,25.36
ORD_002966,2,PROD_000472,SELL_000035,2024-01-16,83.22,31.94
ORD_002966,3,PROD_000375,SELL_000046,2024-12-25,75.59,48.28
ORD_002967,1,PROD_000104,SELL_000001,2024-02-28,413.65,45.4
ORD_002967,2,PROD_000219,SELL_000040,2024-10-27,159.34,42.8
ORD_002967,3,PROD_000408,SELL_000010,2024-02-25,242.86,44.36
ORD_002967,4,PROD_000335,SELL_000026,2024-06-10,282.39,45.98
ORD_002968,1,PROD_000275,SELL_000018,2024-04-11,403.49,24.07
ORD_002968,2,PROD_000152,SELL_000020,2024-04-26,347.42,6.01
ORD_002968,3,PROD_000201,SELL_000034,2024-05-21,62.11,18.66
ORD_002968,4,PROD_000239,SELL_000037,2024-07-01,499.29,47.63
ORD_002968,5,PROD_000416,SELL_000047,2024-08-21,106.53,43.91
ORD_002969,1,PROD_000325,SELL_000028,2024-08-20,293.28,31.8
ORD_002969,2,PROD_000241,SELL_000042,2024-03-09,269.41,20.47
ORD_002969,3,PROD_000218,SELL_000006,2024-04-07,327.97,10.63
ORD_002970,1,PROD_000439,SELL_000011,2024-09-04,437.61,23.12
ORD_002970,2,PROD_000305,SELL_000006,2024-07-21,358.5,39.96
ORD_002971,1,PROD_000399,SELL_000039,2024-09-13,111.01,39.7
ORD_002971,2,PROD_000296,SELL_000029,2024-07-21,266.48,35.59
ORD_002971,3,PROD_000197,SELL_000024,2024-10-26,454.66,18.3
ORD_002972,1,PROD_000056,SELL_000035,2024-02-12,340.38,26.71
ORD_002972,2,PROD_000497,SELL_000015,2024-05-17,29.09,24.45
ORD_002972,3,PROD_000325,SELL_000037,2024-11-24,312.64,39.75
ORD_002972,4,PROD_000430,SELL_000023,2024-02-29,52.65,26.84
ORD_002973,1,PROD_000487,SELL_000014,2024-05-25,412.31,7.63
ORD_002973,2,PROD_000026,SELL_000010,2024-03-02,27.07,9.56
ORD_002973,3,PROD_000197,SELL_000012,2024-08-10,311.31,32.93
ORD_002973,4,PROD_000215,SELL_000031,2024-03-25,388.21,25.47
ORD_002974,1,PROD_000357,SELL_000016,2024-04-20,95.8,41.48
ORD_002974,2,PROD_000195,SELL_000014,2024-09-09,107.73,30.4
ORD_002974,3,PROD_000408,SELL_000034,2024-03-31,159.25,23.92
ORD_002974,4,PROD_000257,SELL_000005,2024-03-06,444.91,7.01
ORD_002974,5,PROD_000243,SELL_000036,2024-12-19,311.43,12.11
ORD_002975,1,PROD_000062,SELL_000024,2024-08-05,296.59,33.73
ORD_002975,2,PROD_000371,SELL_000046,2024-08-28,404.82,5.67
ORD_002975,3,PROD_000081,SELL_000040,2024-10-06,113.58,35.4
ORD_002975,4,PROD_000301,SELL_000048,2024-05-11,346.02,18.17
ORD_002976,1,PROD_000142,SELL_000025,2024-01-15,248.86,9.84
ORD_002976,2,PROD_000022,SELL_000001,2024-08-09,323.55,35.5
ORD_002976,3,PROD_000178,SELL_000011,2024-10-08,172.5,14.01
ORD_002976,4,PROD_000017,SELL_000017,2024-06-17,193.5,36.27
ORD_002977,1,PROD_000453,SELL_000026,2024-10-01,432.7,20.1
ORD_002977,2,PROD_000094,SELL_000010,2024-03-19,432.53,43.96
ORD_002977,3,PROD_000500,SELL_000004,2024-01-11,386.94,46.71
ORD_002977,4,PROD_000178,SELL_000047,2024-12-14,315.74,26.52
ORD_002977,5,PROD_000232,SELL_000020,2024-11-25,66.52,17.25
ORD_002978,1,PROD_000043,SELL_000033,2024-12-04,470.84,14.49
ORD_002979,1,PROD_000485,SELL_000010,2024-01-02,361.53,49.98
ORD_002979,2,PROD_000477,SELL_000036,2024-08-28,425.51,12.78
ORD_002979,3,PROD_000474,SELL_000032,2024-01-16,147.48,37.6
ORD_002980,1,PROD_000269,SELL_000031,2024-11-25,397.69,48.16
ORD_002980,2,PROD_000412,SELL_000046,2024-12-10,283.44,40.97
ORD_002980,3,PROD_000313,SELL_000025,2024-03-14,70.95,48.0
ORD_002980,4,PROD_000248,SELL_000007,2024-03-17,125.25,16.94
ORD_002981,1,PROD_000260,SELL_000015,2024-07-23,405.21,32.17
ORD_002981,2,PROD_000277,SELL_000001,2024-12-12,319.79,9.32
ORD_002981,3,PROD_000344,SELL_000027,2024-07-03,277.45,35.77
ORD_002982,1,PROD_000217,SELL_000027,2024-12-26,90.21,39.27
ORD_002982,2,PROD_000079,SELL_000003,2024-10-06,194.32,7.83
ORD_002983,1,PROD_000072,SELL_000007,2024-05-02,430.31,36.91
ORD_002984,1,PROD_000013,SELL_000037,2024-07-15,416.87,32.1
ORD_002984,2,PROD_000134,SELL_000032,2024-10-09,105.15,18.26
ORD_002984,3,PROD_000281,SELL_000005,2024-12-22,140.39,5.28
ORD_002985,1,PROD_000075,SELL_000017,2024-12-23,227.52,5.7
ORD_002985,2,PROD_000380,SELL_000030,2024-10-18,348.34,18.61
ORD_002985,3,PROD_000107,SELL_000020,2024-06-09,149.71,10.08
ORD_002985,4,PROD_000498,SELL_000030,2024-07-08,194.54,43.15
ORD_002985,5,PROD_000046,SELL_000039,2024-07-23,101.06,15.01
ORD_002986,1,PROD_000299,SELL_000012,2024-11-14,193.02,10.15
ORD_002986,2,PROD_000346,SELL_000038,2024-09-05,406.88,8.69
ORD_002987,1,PROD_000069,SELL_000007,2024-07-20,176.44,41.23
ORD_002987,2,PROD_000362,SELL_000001,2024-10-12,235.17,22.03
ORD_002988,1,PROD_000348,SELL_000003,2024-12-22,172.67,8.41
ORD_002988,2,PROD_000059,SELL_000040,2024-04-25,424.05,29.08
ORD_002988,3,PROD_000477,SELL_000044,2024-02-02,305.32,17.18
ORD_002988,4,PROD_000321,SELL_000033,2024-02-15,203.38,45.25
ORD_002989,1,PROD_000308,SELL_000006,2024-11-04,471.56,5.44
ORD_002989,2,PROD_000067,SELL_000050,2024-01-18,52.89,30.26
ORD_002990,1,PROD_000032,SELL_000050,2024-06-29,88.44,15.23
ORD_002990,2,PROD_000041,SELL_000049,2024-10-09,224.87,22.71
ORD_002990,3,PROD_000445,SELL_000027,2024-09-09,462.11,13.36
ORD_002990,4,PROD_000056,SELL_000011,2024-09-19,200.89,20.09
ORD_002990,5,PROD_000013,SELL_000045,2024-05-08,480.74,28.23
ORD_002991,1,PROD_000028,SELL_000007,2024-12-13,287.82,41.23
ORD_002992,1,PROD_000310,SELL_000041,2024-12-31,101.51,13.16
ORD_002992,2,PROD_000300,SELL_000012,2024-12-20,438.95,16.47
ORD_002992,3,PROD_000439,SELL_000017,2024-01-16,361.35,23.0
ORD_002992,4,PROD_000475,SELL_000006,2024-06-26,291.09,12.95
ORD_002992,5,PROD_000066,SELL_000009,2024-01-28,439.09,27.08
ORD_002993,1,PROD_000359,SELL_000044,2024-05-23,411.4,22.4
ORD_002993,2,PROD_000283,SELL_000013,2024-10-15,92.33,41.16
ORD_002993,3,PROD_000173,SELL_000045,2024-10-29,68.22,14.87
ORD_002993,4,PROD_000413,SELL_000005,2024-02-29,357.09,12.67
ORD_002994,1,PROD_000194,SELL_000048,2024-02-02,392.15,8.47
ORD_002994,2,PROD_000090,SELL_000004,2024-09-27,322.85,29.86
ORD_002994,3,PROD_000059,SELL_000029,2024-09-20,11.03,27.25
ORD_002995,1,PROD_000103,SELL_000022,2024-04-25,481.07,37.33
ORD_002996,1,PROD_000442,SELL_000013,2024-03-18,491.51,11.97
ORD_002996,2,PROD_000031,SELL_000045,2024-07-03,237.49,38.61
ORD_002996,3,PROD_000221,SELL_000024,2024-10-19,385.55,31.12
ORD_002996,4,PROD_000162,SELL_000031,2024-01-15,251.32,13.41
ORD_002997,1,PROD_000432,SELL_000042,2024-10-22,86.99,5.08
ORD_002997,2,PROD_000135,SELL_000046,2024-08-09,375.49,47.89
ORD_002997,3,PROD_000316,SELL_000035,2024-02-07,449.39,44.99
ORD_002997,4,PROD_000036,SELL_000047,2024-08-13,80.26,8.87
ORD_002998,1,PROD_000246,SELL_000004,2024-04-03,354.12,37.58
ORD_002998,2,PROD_000197,SELL_000032,2024-02-18,199.26,36.06
ORD_002999,1,PROD_000419,SELL_000032,2024-01-29,84.02,37.88
ORD_002999,2,PROD_000041,SELL_000003,2024-03-26,214.73,9.39
ORD_003000,1,PROD_000106,SELL_000001,2024-10-09,111.19,13.4
ORD_003000,2,PROD_000392,SELL_000038,2024-02-15,158.88,15.19
ORD_003000,3,PROD_000063,SELL_000037,2024-05-02,272.6,42.43
ORD_003000,4,PROD_000131,SELL_000005,2024-06-18,402.57,16.16
ORD_003000,5,PROD_000047,SELL_000044,2024-02-06,356.33,28.23
